mondo_id,smiles,drug_idx,drugbank_id,moe_score,te_score,kg_score,te_weight,input_status
7254,C[C@H](CC1=CC(=C(C=C1)O)O)[C@@H](C)CC2=CC(=C(C=C2)O)O,4858,DB00179,0.4882615804672241,0.0634625256061554,4.544712543487549,0.9344815015792847,Transcriptome_and_KG
7254,CCC(=O)O[C@H]1CC[C@@H]2[C@@]1(CC[C@H]3[C@H]2CC[C@@H]4[C@@]3(C[C@H](C(=O)C4)C)C)C,3096,DB14655,0.45795392990112305,0.031343232840299606,3.252960205078125,0.9028591513633728,Transcriptome_and_KG
7254,COC1=CC=C(C=C1)C2=C(C3=C(S2)C=C(C=C3)O)OC4=CC=C(C=C4)OCCN5CCCCC5,4656,DB06249,0.4318434000015259,0.07942304015159607,1.6141598224639893,0.8343592882156372,Transcriptome_and_KG
7254,C=O,1226,DB03843,0.42959848046302795,0.061479683965444565,3.344240427017212,0.9296709895133972,Transcriptome_and_KG
7254,C1CC2=CN=CN2C1C3=C(C=C(C=C3)C#N)F,857,DB11837,0.4263477921485901,0.09040915966033936,3.6792750358581543,0.9492895603179932,Transcriptome_and_KG
7254,C1=C(C(=O)NC(=O)N1)N(CCCl)CCCl,163,DB00791,0.4185883700847626,0.13659940659999847,2.3477282524108887,0.9476134777069092,Transcriptome_and_KG
7254,C1CC(=O)N(C1C(=O)N(C2=CC(=CN=C2)F)C(C3=CC=CC=C3Cl)C(=O)NC4CC(C4)(F)F)C5=NC=CC(=C5)C#N,737,DB14568,0.416347861289978,0.17461325228214264,2.316946029663086,0.9756989479064941,Transcriptome_and_KG
7254,C1CN(CCN1CCN2C3=CC=CC=C3NC2=O)C4=CC=CC(=C4)C(F)(F)F,1059,DB04908,0.40258750319480896,0.10711623728275299,2.70609450340271,0.9483920335769653,Transcriptome_and_KG
7254,CCN(C1CCOCC1)C2=CC(=CC(=C2C)C(=O)NCC3=C(C=C(NC3=O)C)C)C4=CC=C(C=C4)CN5CCOCC5,3713,DB12887,0.3993871808052063,0.1255170851945877,3.6476447582244873,0.9727457165718079,Transcriptome_and_KG
7254,CCOC(=O)C1(CCC2C1(CC(C3C2CCC4=CC(=O)C=CC34C)O)C)OC(=O)C(Cl)Cl,3874,DB05442,0.39287155866622925,0.00016639754176139832,1.4814870357513428,0.7760289311408997,Transcriptome_and_KG
7254,CC1CC(C(C(O1)OC2C(CC3(CO3)C(=O)C(C(C(C(OC(=O)C(C(C2C)OC4CC(C(C(O4)C)OC(=O)C)OC)C)C)C)OC(=O)C)C)C)OC(=O)C)N(C)C,2931,DB13179,0.3911110460758209,0.060372911393642426,3.4580719470977783,0.9469284415245056,Transcriptome_and_KG
7254,C(CCl)NC(=O)N(CCCl)N=O,104,DB00262,0.38702404499053955,0.20754460990428925,-0.43292760848999023,0.9689084887504578,Transcriptome_and_KG
7254,COC1=CC2=C(C=CN=C2C=C1OC)OC3=CC=C(C=C3)NC(=O)C4(CC4)C(=O)NC5=CC=C(C=C5)F,4648,DB08875,0.38163042068481445,0.10846839845180511,3.7787764072418213,0.9736504554748535,Transcriptome_and_KG
7254,CCCCC1=NC2(CCCC2)C(=O)N1CC3=CC(=C(C=C3)C4=CC=CC=C4S(=O)(=O)NC5=NOC(=C5C)C)COCC,3456,DB12548,0.37878212332725525,0.19133564829826355,-0.1643546223640442,0.971447765827179,Transcriptome_and_KG
7254,CN1C=NC=C1C(C2=CC=C(C=C2)Cl)(C3=CC4=C(C=C3)N(C(=O)C=C4C5=CC(=CC=C5)Cl)C)N,4326,DB04960,0.373923122882843,0.1561158448457718,1.3043549060821533,0.9774695038795471,Transcriptome_and_KG
7254,C1CC2=NC1=C(C3=CC=C(N3)C(=C4C=CC(=N4)C(=C5C=CC(=C2C6=CC(=CC=C6)O)N5)C7=CC(=CC=C7)O)C8=CC(=CC=C8)O)C9=CC(=CC=C9)O,860,DB11630,0.3726309835910797,0.1402043104171753,1.9045361280441284,0.9738019108772278,Transcriptome_and_KG
7254,C1CN(CCC1N2C3=CC=CC=C3NC2=O)CCCC(=O)C4=CC=C(C=C4)F,1015,DB12867,0.3674827516078949,0.0637025386095047,3.1328320503234863,0.9522261023521423,Transcriptome_and_KG
7254,CC1=C(C(=O)N(C(=O)N1CC2=C(C=CC=C2F)C(F)(F)F)C[C@@H](C3=CC=CC=C3)NCCCC(=O)O)C4=C(C(=CC=C4)OC)F,2272,DB11979,0.3664962351322174,0.17741231620311737,-0.5066695213317871,0.9824820756912231,Transcriptome_and_KG
7254,CC12CCC3C(C1CCC2(C#C)O)CCC4=C3C=CC(=C4)OC5CCCC5,2195,DB04575,0.3662681579589844,0.07326437532901764,2.9837629795074463,0.9546002745628357,Transcriptome_and_KG
7254,C1CC1NC(=O)C2=CN(C3=C(C2=O)C=CC=N3)C4=CC=CC(=C4)C#CC5=C[N+](=CC=C5)[O-],833,DB13029,0.3661399781703949,0.1585187166929245,0.7847976684570312,0.9788944721221924,Transcriptome_and_KG
7254,C[C@]12CC[C@H]3[C@H]([C@@H]1CC[C@@H]2OC(=O)CCC4CCCC4)CCC5=C3C=CC(=C5)O,4936,DB13954,0.3661254048347473,0.03906999155879021,2.8751180171966553,0.9352871179580688,Transcriptome_and_KG
7254,CNC(=O)C1=NC=CC(=C1)OC2=CC(=C(C=C2)NC(=O)NC3=CC(=C(C=C3)Cl)C(F)(F)F)F,4461,DB08896,0.3659907877445221,0.09216922521591187,3.9517853260040283,0.9743451476097107,Transcriptome_and_KG
7254,C1C(=CC2=C(O1)C=C(C=C2)O)C3=CC=C(C=C3)O,614,DB04915,0.362705796957016,0.12001834064722061,1.5925281047821045,0.9522359371185303,Transcriptome_and_KG
7254,C1=CC=C(C=C1)C2(C(=O)N(C(=O)N2)CCCC(C(=O)O)N)C3=CC=CC=C3,429,DB13396,0.3608112037181854,0.12416958063840866,2.268702507019043,0.9757570624351501,Transcriptome_and_KG
7254,COC(=O)OCOC1=C2C(=O)N3CCOC[C@H]3N(N2C=CC1=O)[C@H]4C5=C(CSC6=CC=CC=C46)C(=C(C=C5)F)F,4544,DB13997,0.35984981060028076,0.05632695183157921,2.51755690574646,0.9375552535057068,Transcriptome_and_KG
7254,CC1(C(N2C(S1)C(C2=O)N3C(=O)C(NC3(C)C)C4=CC=CC=C4)C(=O)O)C,2060,DB00739,0.3596974015235901,0.1599516123533249,0.48681893944740295,0.9593917727470398,Transcriptome_and_KG
7254,CCCCCCCC(=O)OC[C@H]([C@H]([C@H]1[C@@H]([C@H](C=C(O1)C(=O)O)N=C(N)N)NC(=O)C)OC)O,3498,DB11888,0.35822251439094543,-0.01477932371199131,3.2192459106445312,0.9236612915992737,Transcriptome_and_KG
7254,CN1CC(C2=C(C1)C(=CC(=C2)Cl)Cl)C3=CC(=CC=C3)S(=O)(=O)NCCOCCOCCNC(=O)NCCCCNC(=O)NCCOCCOCCNS(=O)(=O)C4=CC=CC(=C4)C5CN(CC6=C5C=C(C=C6Cl)Cl)C,4331,DB11761,0.35680270195007324,0.1613510400056839,0.03189051151275635,0.9816145300865173,Transcriptome_and_KG
7254,CCCCOCCOC1=CC=C(C=C1)C2=CC3=C(C=C2)N(CCCC(=C3)C(=O)NC4=CC=C(C=C4)S(=O)CC5=CN=CN5CCC)CC(C)C,3625,DB11758,0.3539660573005676,0.15682703256607056,0.3420812487602234,0.9701263904571533,Transcriptome_and_KG
7254,CC1=C(C(=O)C=CN1C)O,2270,DB08826,0.35161951184272766,0.1075628474354744,1.7038837671279907,0.9548667073249817,Transcriptome_and_KG
7254,C1=C(N=C(C(=O)N1)C(=O)N)F,177,DB12466,0.35087162256240845,0.03075721301138401,2.6402111053466797,0.9318029284477234,Transcriptome_and_KG
7254,CC1=CN(C(=O)C=C1)C2=CC=CC=C2,2709,DB04951,0.35021546483039856,0.03962055593729019,2.7427456378936768,0.9398700594902039,Transcriptome_and_KG
7254,CCC1=C(N=C(C(=N1)C(=O)N)NC2=CC(=C(C=C2)N3CCC(CC3)N4CCN(CC4)C)OC)NC5CCOCC5,3266,DB12141,0.3458740711212158,0.12663842737674713,1.423142433166504,0.9754145741462708,Transcriptome_and_KG
7254,CC1C=CC=C(C(=O)NC2=C(C(=C3C(=C2O)C(=C(C4=C3C(=O)C(O4)(OC=CC(C(C(C(C(C(C1O)C)O)C)OC(=O)C)C)OC)C)C)O)O)C=NN5CCN(CC5)C6CCCC6)C,2909,DB01201,0.34504395723342896,0.154546856880188,-1.432649850845337,0.9922434687614441,Transcriptome_and_KG
7254,C=CC(=O)N1CCC(CC1)C2CCNC3=C(C(=NN23)C4=CC=C(C=C4)OC5=CC=CC=C5)C(=O)N,1204,DB15035,0.34414541721343994,0.10528071224689484,2.491389274597168,0.9763434529304504,Transcriptome_and_KG
7254,C1COCCN1C(=N)N=C(N)N,1127,DB13597,0.3438587784767151,0.00229595135897398,3.2192459106445312,0.9367801547050476,Transcriptome_and_KG
7254,CCC(=C(C1=CC=C(C=C1)O)C2=CC=C(C=C2)OCCN(C)C)C3=CC=CC=C3,3058,DB04468,0.341915100812912,0.10554515570402145,2.786445140838623,0.9807882308959961,Transcriptome_and_KG
7254,CCC(CC)[C@@H]([C@H]1[C@@H](C[C@@H]([C@H]1O)C(=O)O)N=C(N)N)NC(=O)C,3214,DB06614,0.34041765332221985,-0.0014538108371198177,3.2192459106445312,0.9365975856781006,Transcriptome_and_KG
7254,CC1=CC2=C(C=C1C(=C)C3=CC=C(C=C3)C(=O)O)C(CCC2(C)C)(C)C,2625,DB00307,0.33911651372909546,0.1276305466890335,0.8503532409667969,0.955547034740448,Transcriptome_and_KG
7254,CC1=C(C=C(C=C1)C(=O)NC2=C3C(=CC(=CC3=C(C=C2)S(=O)(=O)O)S(=O)(=O)O)S(=O)(=O)O)NC(=O)C4=CC(=CC=C4)NC(=O)NC5=CC=CC(=C5)C(=O)NC6=C(C=CC(=C6)C(=O)NC7=C8C(=CC(=CC8=C(C=C7)S(=O)(=O)O)S(=O)(=O)O)S(=O)(=O)O)C,2347,DB04786,0.3381718695163727,0.12753252685070038,0.8872876763343811,0.9644361734390259,Transcriptome_and_KG
7254,CCCCC1C(=O)N(N(C1=O)C2=CC=C(C=C2)O)C3=CC=CC=C3,3467,DB03585,0.33748555183410645,0.14771056175231934,0.1689988076686859,0.9645251035690308,Transcriptome_and_KG
7254,CC1=CNC2=C(C=C3C(=C12)C(CN3C(=O)C4=CC5=C(N4)C=CC(=C5)NC(=O)NC6=CC7=C(C=C6)NC(=C7)C(=O)N8CC(C9=C1C(=CNC1=C(C=C98)O)C)CCl)CCl)O,2749,DB12352,0.3373287618160248,0.1154949814081192,1.6526291370391846,0.9769514203071594,Transcriptome_and_KG
7254,CC1C2CC(C(C=CC=C(CC3=CC(=C(C(=C3)OC)Cl)N(C(=O)CC(C4(C1O4)C)OC(=O)C(C)N(C)C(=O)CCC(C)(C)SSCCC(C(=O)N)S(=O)(=O)O)C)C)OC)(NC(=O)O2)O,2900,DB12489,0.3349092900753021,0.12486207485198975,0.9956022500991821,0.9751198291778564,Transcriptome_and_KG
7254,CCCC1=NC(=C(N1CC2=CC=C(C=C2)C3=CC=CC=C3C4=NNN=N4)C(=O)OCC5=C(OC(=O)O5)C)C(C)(C)O,3398,DB00275,0.3342357873916626,0.14387080073356628,-0.0017845630645751953,0.9759294986724854,Transcriptome_and_KG
7254,C1CN(CCN1CCCN2CCN(CC2)C3=C4C=CC(=CC4=NC=C3)Cl)C5=C6C=CC(=CC6=NC=C5)Cl,1058,DB13941,0.333482027053833,0.13989326357841492,0.14473837614059448,0.9770862460136414,Transcriptome_and_KG
7254,C1CN(C(=O)CN1CC2=CN=CN2CC3=CC=C(C=C3)C#N)C4=CC(=CC=C4)Cl,973,DB07227,0.33328428864479065,0.14223548769950867,0.24601304531097412,0.9622067809104919,Transcriptome_and_KG
7254,CC12C(C(CC(O1)N3C4=CC=CC=C4C5=C6C(=C7C8=CC=CC=C8N2C7=C53)CNC6=O)N(C)C(=O)C9=CC=CC=C9)OC,2159,DB06595,0.33155810832977295,0.07945587486028671,2.2869513034820557,0.963570773601532,Transcriptome_and_KG
7254,COC1=CC2=NC=CC(=C2C=C1C(=O)N)OC3=CC(=C(C=C3)NC(=O)NC4CC4)Cl,4652,DB09078,0.33061864972114563,0.04962758719921112,3.852576732635498,0.9700063467025757,Transcriptome_and_KG
7254,CCOC(=O)C1=C(N(C2=CC(=C(C(=C21)CN(C)C)O)Br)C)CSC3=CC=CC=C3,3881,DB13609,0.32969868183135986,0.032507650554180145,2.482255458831787,0.939575731754303,Transcriptome_and_KG
7254,CC1=C(C(CCC1)(C)C)C=CC(=CC=CC(=CC(=O)NC2=CC=C(C=C2)O)C)C,2310,DB05076,0.3295840919017792,0.11802151799201965,1.0637929439544678,0.9737511277198792,Transcriptome_and_KG
7254,CN1CCC(CC1)COC2=C(C=C3C(=C2)N=CN=C3NC4=C(C=C(C=C4)Br)F)OC,4353,DB05294,0.32917752861976624,0.087748222053051,2.5061752796173096,0.9742028117179871,Transcriptome_and_KG
7254,CCCCC1=NN(C(=N1)CCCC)CC2=CN=C(C=C2)C3=CC=CC=C3C4=NNN=N4,3465,DB01342,0.32897454500198364,0.1401006132364273,-0.04371440410614014,0.9753790497779846,Transcriptome_and_KG
7254,CCCCCCCCCC(=O)NC1C(C(C(OC1OC2=C3C=C4C=C2OC5=C(C=C(C=C5)C(C6C(=O)NC(C7=C(C(=CC(=C7)O)OC8C(C(C(C(O8)CO)O)O)O)C9=C(C=CC(=C9)C(C(=O)N6)NC(=O)C4NC(=O)C1C2=CC(=CC(=C2)OC2=C(C=CC(=C2)C(C(=O)NC(CC2=CC(=C(O3)C=C2)Cl)C(=O)N1)N)O)O)O)C(=O)O)OC1C(C(C(C(O1)CO)O)O)NC(=O)C)Cl)CO)O)O,3510,DB06149,0.3289153277873993,0.11552656441926956,0.9339745044708252,0.9576379656791687,Transcriptome_and_KG
7254,CNC(=O)C1=NC=CC(=C1)OC2=CC=C(C=C2)NC(=O)NC3=CC(=C(C=C3)Cl)C(F)(F)F,4463,DB00398,0.3260924220085144,0.0966101586818695,2.2536115646362305,0.9789074063301086,Transcriptome_and_KG
7254,CCC1=C(C2=CC3=C(C(=C(N3)C=C4C(C(C(=N4)C(=C5C(=C(C(=N5)C=C1N2)C)C(=O)O)CC(=O)NC(CC(=O)O)C(=O)O)CCC(=O)O)C)C)C=C)C,3254,DB11812,0.32589006423950195,0.06815413385629654,2.6872527599334717,0.9669186472892761,Transcriptome_and_KG
7254,CC1=C2C(C(=O)C3(C(CC4C(C3C(C(C2(C)C)(CC1OC(=O)C(C(C5=CC=CC=C5)NC(=O)OC(C)(C)C)O)O)OC(=O)C6=CC=CC=C6)(CO4)OC(=O)C)OC)C)OC,2494,DB06772,0.3246506452560425,0.13030603528022766,-0.4146554470062256,0.9914852976799011,Transcriptome_and_KG
7254,CC1=C2C(=C(N(C1=O)C)NC3=C(C=C(C=C3)I)F)C(=O)N(C(=O)N2C4=CC=CC(=C4)NC(=O)C)C5CC5,2480,DB08911,0.3232627809047699,0.12242716550827026,0.5809258222579956,0.9685445427894592,Transcriptome_and_KG
7254,CC1=C(N=C(N=C1N)C(CC(=O)N)NCC(C(=O)N)N)C(=O)NC(C(C2=CN=CN2)OC3C(C(C(C(O3)CO)O)O)OC4C(C(C(C(O4)CO)O)OC(=O)N)O)C(=O)NC(C)C(C(C)C(=O)NC(C(C)O)C(=O)NCCC5=NC(=CS5)C6=NC(=CS6)C(=O)NCCC[S+](C)C)O,2441,DB00290,0.3229961395263672,0.06218034029006958,3.0413269996643066,0.9699617028236389,Transcriptome_and_KG
7254,CCCN(CCC)C(=O)C(CCC(=O)OCCCN1CCN(CC1)CCOC(=O)CC2=C(N(C3=C2C=C(C=C3)OC)C(=O)C4=CC=C(C=C4)Cl)C)NC(=O)C5=CC=CC=C5,3637,DB13527,0.321602463722229,0.13890600204467773,-0.2740730047225952,0.9738888144493103,Transcriptome_and_KG
7254,CCC1(CC(C2=C(C3=C(C=C2C1C(=O)OC)C(=O)C4=C(C3=O)C(=CC=C4)O)O)OC5CC(C(C(O5)C)OC6CC(C(C(O6)C)OC7CCC(=O)C(O7)C)O)N(C)C)O,3236,DB11617,0.3213021457195282,0.09662546217441559,1.7461458444595337,0.9745571613311768,Transcriptome_and_KG
7254,C1CC(N(C1)C(=O)C2CSSCC(C(=O)NC(C(=O)NC(C(=O)NC(C(=O)NC(C(=O)N2)CC(=O)N)CCC(=O)N)CC3=CC=CC=C3)CC4=CC=C(C=C4)O)NC(=O)CNC(=O)CNC(=O)CN)C(=O)NC(CCCCN)C(=O)NCC(=O)N,789,DB02638,0.32095950841903687,0.13769260048866272,-0.8184977769851685,0.9843974709510803,Transcriptome_and_KG
7254,CN1C(=O)CC(=O)N(C2=C1C=CC(=C2)Cl)C3=CC=CC=C3,4258,DB00349,0.32093673944473267,0.12076770514249802,0.5601130723953247,0.96952223777771,Transcriptome_and_KG
7254,CC(C1=CC=CC2=CC=CC=C21)NCCCC3=CC(=CC=C3)C(F)(F)F,1933,DB01012,0.31963661313056946,0.13574323058128357,-2.6797070503234863,0.9935196042060852,Transcriptome_and_KG
7254,CC1=C(N(C2=C1C=C(C=C2)O)CC3=CC=C(C=C3)OCCN4CCCCCC4)C5=CC=C(C=C5)O,2424,DB06401,0.3193153142929077,0.1335388869047165,-1.1268057823181152,0.9890929460525513,Transcriptome_and_KG
7254,CCCCC(=O)OCC(=O)C1(CC(C2=C(C1)C(=C3C(=C2O)C(=O)C4=C(C3=O)C=CC=C4OC)O)OC5CC(C(C(O5)C)O)NC(=O)C(F)(F)F)O,3425,DB00385,0.31930193305015564,0.14872980117797852,-1.6858315467834473,0.9834563136100769,Transcriptome_and_KG
7254,CN1C2=CC=CC=C2C(=C(C1=O)C(=O)N(C)C3=CC=CC=C3)O,4284,DB11366,0.3171008825302124,0.11226165294647217,0.8258652687072754,0.9776005148887634,Transcriptome_and_KG
7254,CCN1C2=C3C=C(NC3=NC=C2CN(C1=O)C4=C(C(=CC(=C4F)OC)OC)F)CN5CCOCC5,3802,DB15102,0.3167126774787903,0.11346351355314255,0.7641639709472656,0.9805564880371094,Transcriptome_and_KG
7254,CC1=CC(=NN2C1=NC(=C2)C)C3=CC(=O)N4C=C(C=CC4=N3)N5CCNC6(C5)CC6,2596,DB15305,0.31642311811447144,0.12343887239694595,0.18729853630065918,0.9767207503318787,Transcriptome_and_KG
7254,CCC1=C(C=CC(=C1)C(=NOCC2=CC(=C(C=C2)C3CCCCC3)C(F)(F)F)C)CN4CC(C4)C(=O)O,3261,DB12371,0.31584489345550537,0.11258222907781601,0.7715471386909485,0.9807733297348022,Transcriptome_and_KG
7254,CC1=C2C(C(=O)C3(C(CC4C(C3C(C(C2(C)C)(CC1OC(=O)C(C(C5=CC=CC=C5)NC(=O)C6=CC=CC=C6)O)O)OC(=O)C7=CC=CC=C7)(CO4)OC(=O)C)O)C)OC(=O)C,2491,DB01229,0.31559643149375916,0.1372176557779312,-0.3137493133544922,0.9697872400283813,Transcriptome_and_KG
7254,CC1CCC2CC(C(=CC=CC=CC(CC(C(=O)C(C(C(=CC(C(=O)CC(OC(=O)C3CCCCN3C(=O)C(=O)C1(O2)O)C(C)CC4CCC(C(C4)OC)OCCO)C)C)O)OC)C)C)C)OC,2995,DB01590,0.31478583812713623,0.0637412816286087,2.4901411533355713,0.9673296213150024,Transcriptome_and_KG
7254,CCC1(CC2CC(C3=C(CCN(C2)C1)C4=CC=CC=C4N3)(C5=C(C=C6C(=C5)C78CCN9C7C(C=CC9)(C(C(C8N6C)(C(=O)N)O)O)CC)OC)C(=O)OC)O,3239,DB00309,0.31365418434143066,0.07956351339817047,2.0201239585876465,0.970949649810791,Transcriptome_and_KG
7254,CC1=NC=C(N1CC(CCl)O)[N+](=O)[O-],2792,DB13026,0.31347939372062683,0.11759628355503082,0.4454815983772278,0.9609404802322388,Transcriptome_and_KG
7254,C1=CC=C(C=C1)OC(=O)C2=CC=CC=C2O,495,DB11071,0.3131704330444336,0.13060760498046875,-1.312654733657837,0.9883875250816345,Transcriptome_and_KG
7254,CC1=CC(=NO1)NC(=O)C2=C(C3=CC=CC=C3S(=O)(=O)N2C)O,2602,DB08942,0.31215161085128784,0.12301867455244064,0.2543102502822876,0.9589160084724426,Transcriptome_and_KG
7254,C1=CC=C(C=C1)C(=O)C2=CC=CC(=C2N)CC(=O)N,409,DB06802,0.3112465441226959,0.12173843383789062,-1.6522024869918823,0.9941351413726807,Transcriptome_and_KG
7254,CN1C2=CC=CC=C2C(C3=C(S1(=O)=O)C=C(C=C3)Cl)NCCCCCCC(=O)O,4288,DB09289,0.31124114990234375,0.14172373712062836,-0.7604137659072876,0.971931517124176,Transcriptome_and_KG
7254,CC1=CN=C(C=N1)C(=O)NCCC2=CC=C(C=C2)S(=O)(=O)NC(=O)NC3CCCCC3,2742,DB01067,0.3111153244972229,0.12059815227985382,-0.4208504557609558,0.9882376790046692,Transcriptome_and_KG
7254,CCC1(CC2CC(C3=C(CCN(C2)C1)C4=CC=CC=C4N3)(C5=C(C=C6C(=C5)C78CCN9C7C(C=CC9)(C(C(C8N6C=O)(C(=O)OC)O)OC(=O)C)CC)OC)C(=O)OC)O,3241,DB00541,0.3109889626502991,0.09214556217193604,1.418041467666626,0.9721998572349548,Transcriptome_and_KG
7254,CC1C=CC=C(C(=O)NC2=C3C(=C4C(=C(C(=C5C4=C(C(O5)(OC=CC(C(C(C(C(C(C1O)C)O)C)OC(=O)C)C)OC)C)O)C)O)C2=O)N=C6C(=CC(=CC6=O)N7CCN(CC7)CC(C)C)O3)C,2911,DB04934,0.3107912838459015,0.10188739001750946,1.016535758972168,0.974604070186615,Transcriptome_and_KG
7254,CCC1=C(C2=CC3=C(C(=C4N3[Sn](N5C(=CC1=N2)C(C6(C5=C(C=C6C(=O)OCC)C7=NC(=C4)C(=C7C)CC)CC)C)(Cl)Cl)C)CC)C,3255,DB06659,0.3104381859302521,0.11046376079320908,0.5891963243484497,0.984571099281311,Transcriptome_and_KG
7254,C1=CSC(=C1)C(=O)C2=C(C(=C(C=C2)OCC(=O)O)Cl)Cl,574,DB04831,0.30911850929260254,0.11672255396842957,0.2667267918586731,0.9706394672393799,Transcriptome_and_KG
7254,CC1=CC(=NC2=C1C=CC=C2OCC3=C(C=CC(=C3Cl)S(=O)(=O)N4CCCC4C(=O)NCCCNC(=O)C5=CC=C(C=C5)C(=N)N)Cl)C,2586,DB05038,0.3090370297431946,0.1537081003189087,-1.5212044715881348,0.9738067388534546,Transcriptome_and_KG
7254,C1CC1C(=O)N2CCN(CC2)C(=O)C3=C(C=CC(=C3)CC4=NNC(=O)C5=CC=CC=C54)F,806,DB09074,0.30879104137420654,0.08885762840509415,1.5683274269104004,0.9747813940048218,Transcriptome_and_KG
7254,C1CCCN(CC1)CCOC(=O)C(C2CCCCC2)C3=CSC=C3,930,DB13753,0.3087407052516937,0.11286596953868866,0.45614853501319885,0.9602226614952087,Transcriptome_and_KG
7254,CN(C)CC1=C(SC2=C1C(=O)N(C(=O)N2CC3=C(C=CC=C3F)F)C4=NN=C(C=C4)OC)C5=CC=C(C=C5)NC(=O)NOC,4122,DB11853,0.30811941623687744,0.11090284585952759,0.4292990565299988,0.9793785214424133,Transcriptome_and_KG
7254,CC1=C(C=C(C=C1)NC(=O)C2=CC=C(C=C2)CN3CCN(CC3)C)NC4=NC(=CS4)C5=CN=CC=C5,2359,DB11526,0.3080257475376129,0.09065820276737213,1.6526291370391846,0.9795157313346863,Transcriptome_and_KG
7254,CC1CCC2CC(C(=CC=CC=CC(CC(C(=O)C(C(C(=CC(C(=O)CC(OC(=O)C3CCCCN3C(=O)C(=O)C1(O2)O)C(C)CC4CCC(C(C4)OC)O)C)C)O)OC)C)C)C)OC,2993,DB00877,0.3077392876148224,0.07209774851799011,2.0974013805389404,0.9708423614501953,Transcriptome_and_KG
7254,CCCCC1=NC2(CCCC2)C(=O)N1CC3=CC=C(C=C3)C4=CC=CC=C4C5=NNN=N5,3457,DB01029,0.30744653940200806,0.17912401258945465,-3.451493263244629,0.9780147075653076,Transcriptome_and_KG
7254,CC12CC(C3=C4CCC(=O)C=C4CCC3C1CCC2(CCCO)O)C5=CC=C(C=C5)N(C)C,2168,DB12637,0.30730384588241577,0.052744098007678986,1.9940822124481201,0.9532007575035095,Transcriptome_and_KG
7254,COC1=CC=CC(=C1C2=CC=C(C=C2)C(F)(F)F)C(=O)NC3=CC4=C(CN(CC4)C(=O)OC5=CC=CC=C5)C=C3,4671,DB05678,0.3067227900028229,0.10554657131433487,0.6489743590354919,0.9730067253112793,Transcriptome_and_KG
7254,C1=CC(=NC=C1CC2=CNC3=C2C=C(C=N3)Cl)NCC4=CN=C(C=C4)C(F)(F)F,353,DB12978,0.3063940107822418,0.09073266386985779,1.2376190423965454,0.970051646232605,Transcriptome_and_KG
7254,C[C@@H]1C[C@@H]([C@H]([C@@H](O1)O[C@H]2[C@H](C[C@@]3(CO3)C(=O)[C@@H]([C@H]([C@H]([C@H](OC(=O)[C@@H]([C@H]([C@@H]2C)O[C@H]4C[C@@H]([C@H]([C@@H](O4)C)O)OC)C)C)C)O)C)C)O)N(C)C,4823,DB11442,0.3063068389892578,-0.043267495930194855,2.9059805870056152,0.9245661497116089,Transcriptome_and_KG
7254,CC1=C(C=CC(=C1)F)C2CC(CCN2C(=O)N(C)C(C)C3=CC(=CC(=C3)C(F)(F)F)C(F)(F)F)N4CCN5C(C4)CCC5=O,2375,DB12427,0.30583152174949646,0.11048297584056854,0.40825462341308594,0.9691876769065857,Transcriptome_and_KG
7254,C1C(=C(N2C(S1)C(C2=O)NC(=O)C(C3=CC=C(C=C3)O)N)C(=O)O)CSC4=NNN=C4,605,DB13266,0.30536070466041565,0.11388935148715973,0.2058430314064026,0.9732415080070496,Transcriptome_and_KG
7254,CC1CN(CCN1)C2=C(C=C3C(=C2)N(C=C(C3=O)C(=O)O)C4=C(C=C(C=C4)F)F)F,3022,DB01405,0.30485278367996216,0.10321319848299026,0.7170908451080322,0.9801638722419739,Transcriptome_and_KG
7254,CCC1=NC(=C(N1CC2=CC3=C(C=C2)OC(=C3Br)C4=CC=CC=C4NS(=O)(=O)C(F)(F)F)C(=O)N)C5CC5,3295,DB01347,0.3043833374977112,0.11319039762020111,-0.038632750511169434,0.9834694862365723,Transcriptome_and_KG
7254,CN1CC[C@H](C[C@@H]1C2=NC3=CC=CC=C3N2)NC(=O)NC4=CC=C(C=C4)C#N,4439,DB11978,0.30344894528388977,0.05600783973932266,2.4120500087738037,0.967836320400238,Transcriptome_and_KG
7254,C1CN(CCC1(C2=CC(=C(C=C2)Cl)C(F)(F)F)O)CCCC(C3=CC=C(C=C3)F)C4=CC=C(C=C4)F,992,DB13791,0.3032083511352539,0.10388466715812683,0.5784617066383362,0.9784247875213623,Transcriptome_and_KG
7254,CC#CC(=O)N1CCCC1C2=NC(=C3N2C=CN=C3N)C4=CC=C(C=C4)C(=O)NC5=CC=CC=N5,1228,DB11703,0.3018646538257599,0.05994682013988495,2.532195806503296,0.973036527633667,Transcriptome_and_KG
7254,CC1=C(C2=C(C=CC(=C2)F)N=C1C3=CC=C(C=C3)C4=CC=CC=C4F)C(=O)O,2323,DB03523,0.3018007278442383,0.08237183094024658,1.642430067062378,0.9764695763587952,Transcriptome_and_KG
7254,C1CCNC(C1)C2(CN(C2)C(=O)C3=C(C(=C(C=C3)F)F)NC4=C(C=C(C=C4)I)F)O,963,DB05239,0.30164769291877747,0.09871529042720795,0.7415618896484375,0.9723852276802063,Transcriptome_and_KG
7254,CCNC(=O)/C=C(\C)/C=C/C=C(\C)/C=C/C1=C(C(=C(C=C1C)OC)C)C,3834,DB13368,0.30135026574134827,0.09387631714344025,0.7636299133300781,0.9487332105636597,Transcriptome_and_KG
7254,CC1(C2=C(C=C(C=C2)OC)C(=O)N(C1=O)CCC3=CC=C(C=C3)S(=O)(=O)NC(=O)NC4CCCCC4)C,2079,DB01251,0.3010750412940979,0.11042596399784088,0.016661733388900757,0.981200635433197,Transcriptome_and_KG
7254,CCC1C(=O)N(CC(=O)N(C(C(=O)NC(C(=O)N(C(C(=O)NC(C(=O)NC(C(=O)N(C(C(=O)N(C(C(=O)N(C(C(=O)N(C(C(=O)N1)C(C(C)CC=CC=C)O)C)C(C)C)C)CC(C)C)C)CC(C)C)C)C)C)CC(C)C)C)C(C)C)CC(C)C)C)C,3315,DB11693,0.30057793855667114,0.09088792651891708,1.2355566024780273,0.979945719242096,Transcriptome_and_KG
7254,CCCCC1=NC(=C(N1CC2=CC=C(C=C2)C3=CC=CC=C3C4=NN=N[N-]4)CO)Cl.[K+],3451,DB00016,0.3003038167953491,0.09177115559577942,0.9541998505592346,0.9695237874984741,Transcriptome_and_KG
7254,CC(=O)OC1=CC=C(C=C1)C(=C2CCCCC2)C3=CC=C(C=C3)OC(=O)C,1358,DB13472,0.3001081943511963,0.09258933365345001,0.9013531804084778,0.9684484004974365,Transcriptome_and_KG
7254,CC1=C(C2=CC3=NC(=CC4=C(C(=C(N4)C=C5C6(C(C(=CC=C6C(=N5)C=C1N2)C(=O)OC)C(=O)OC)C)C)CCC(=O)OC)C(=C3C)CCC(=O)O)C=C.CC1=C(C2=CC3=NC(=CC4=C(C(=C(N4)C=C5C6(C(C(=CC=C6C(=N5)C=C1N2)C(=O)OC)C(=O)OC)C)C)CCC(=O)O)C(=C3C)CCC(=O)OC)C=C,2335,DB00460,0.3000330626964569,0.14188170433044434,-1.4679700136184692,0.9751971960067749,Transcriptome_and_KG
7254,CCC(C)C1C(CC(=O)OC(C(=O)C(C(=O)NC(C(=O)N2CCCC2C(=O)N(C(C(=O)OC(C(C(=O)N1)NC(=O)C(CC(C)C)N(C)C(=O)C3CCCN3C(=O)C(=O)C)C)CC4=CC=C(C=C4)OC)C)CC(C)C)C)C(C)C)O,3176,DB04977,0.29970782995224,0.10587524622678757,0.20271074771881104,0.9828599095344543,Transcriptome_and_KG
7254,COC1=C(C=C(C=C1)Cl)C(=O)NCCC2=CC=C(C=C2)S(=O)(=O)NC(=O)NC3CCCCC3,4582,DB01016,0.29918473958969116,0.10892193019390106,-0.4793440103530884,0.9898019433021545,Transcriptome_and_KG
7254,CN1C=C(C2=CC=CC=C21)C3=NC(=NC=C3)NC4=C(C=C(C(=C4)NC(=O)C=C)N(C)CCN(C)C)OC,4307,DB09330,0.2991093397140503,0.09835904836654663,0.7066032886505127,0.98246830701828,Transcriptome_and_KG
7254,O[Fe]=O.O[Fe]=O.[Fe],4996,DB06215,0.29880833625793457,0.1195397824048996,-0.1253189593553543,0.9652755856513977,Transcriptome_and_KG
7254,CC1=CN=C(N=C1NC2=CC(=CC=C2)S(=O)(=O)NC(C)(C)C)NC3=CC=C(C=C3)OCCN4CCCC4,2747,DB12500,0.2987825274467468,0.07402844727039337,1.613397240638733,0.9695132970809937,Transcriptome_and_KG
7254,C1CN(CCC1N2C3=C(C=C(C=C3)Cl)NC2=O)CCCN4C5=CC=CC=C5NC4=O,1014,DB01184,0.2987765371799469,0.11886558681726456,-2.276287078857422,0.991675078868866,Transcriptome_and_KG
7254,CCCN1CC(=C(C1=O)C2=CC=C(C=C2)C)C3=CC=C(C=C3)S(=O)(=O)C,3660,DB12354,0.2987498939037323,0.13306598365306854,-1.2489030361175537,0.9773660898208618,Transcriptome_and_KG
7254,C1=CC(=CC2=C(C=C(C=C21)C3=CC(=C(C=C3)O)F)C#N)O,272,DB06875,0.2986757457256317,0.07866771519184113,1.0299246311187744,0.9455156326293945,Transcriptome_and_KG
7254,CCN(C1=CC=CC(=C1)C2=CC=NC3=C(C=NN23)C#N)C(=O)C,3708,DB00962,0.29815343022346497,0.12138630449771881,-2.445645332336426,0.9908568263053894,Transcriptome_and_KG
7254,CN1CCN(CC1)CCCCN2C(=O)CN(C2=O)N=CC3=CC=C(O3)C4=CC=C(C=C4)Cl,4426,DB04957,0.2980598509311676,0.10804707556962967,0.07550191879272461,0.9779506921768188,Transcriptome_and_KG
7254,C1CC(CCC1NCC2=C(C(=CC(=C2)Br)Br)NC(=O)C3=CC=CS3)O,778,DB13239,0.2978384792804718,0.10707820951938629,0.0,0.9825533032417297,Transcriptome_and_KG
7254,CC1(CCC(=C(C1)C2=CC=C(C=C2)Cl)CN3CCN(CC3)C4=CC(=C(C=C4)C(=O)NS(=O)(=O)C5=CC(=C(C=C5)NCC6CCOCC6)[N+](=O)[O-])OC7=CN=C8C(=C7)C=CN8)C,2110,DB11581,0.29774728417396545,0.06795632839202881,2.151280403137207,0.9757041931152344,Transcriptome_and_KG
7254,CC1=C(C(=O)N(C2=NC(=NC=C12)NC3=NC=C(C=C3)N4CCNCC4)C5CCCC5)C(=O)C,2273,DB09073,0.297334223985672,0.09475670009851456,0.8352749347686768,0.9817590713500977,Transcriptome_and_KG
7254,CC1=CC2=C(C3C4C5C6=C(C(=C7C(=C6C(N4C(C(C2)N3C)O)COC(=O)C8(CS5)C9=C(CCN8)C2=C(N9)C=CC(=C2)OC)OCO7)C)OC(=O)C)C(=C1OC)O,2615,DB12674,0.2973223924636841,0.0956321507692337,0.7119415998458862,0.974540650844574,Transcriptome_and_KG
7254,CN1CCC2=CC(=C3C=C2C1CC4=CC=C(C=C4)OC5=C6C(CC7=CC(=C(C=C7)O)O3)[N+](CCC6=CC(=C5O)OC)(C)C)OC,4376,DB01199,0.2971048057079315,0.11838982999324799,-0.37914201617240906,0.9738744497299194,Transcriptome_and_KG
7254,C1=CC=C2C(=C1)C(=CN2CC(=O)O)CC3=NC4=C(C(=CC(=C4S3)F)F)F,510,DB07063,0.296979159116745,0.09462019056081772,0.7067694664001465,0.9681392312049866,Transcriptome_and_KG
7254,C1=CC(=CC(=C1)Cl)C(C2=CC3=C(C=C2)N=CN3)N4C=CN=C4,257,DB13066,0.296832412481308,0.07874172925949097,1.6526291370391846,0.9777578711509705,Transcriptome_and_KG
7254,CC(C1=CC2=C(C(=CC=C2)Cl)C(=O)N1C3=CC=CC=C3)NC4=NC=NC5=C4NC=N5,1920,DB11952,0.29666903614997864,0.050709694623947144,2.887983798980713,0.9747694134712219,Transcriptome_and_KG
7254,CN1CCN(CC1)CC(=O)N(C)C2=CC=C(C=C2)N=C(C3=CC=CC=C3)C4=C(NC5=C4C=CC(=C5)C(=O)OC)O,4422,DB09079,0.29648807644844055,0.06097622960805893,2.2579123973846436,0.9730658531188965,Transcriptome_and_KG
7254,C1CN(CCC12C(=O)NCN2C3=CC=CC=C3)CCCC(C4=CC=C(C=C4)F)C5=CC=C(C=C5)F,996,DB04842,0.2963591516017914,0.1130276620388031,-0.37500515580177307,0.9798378944396973,Transcriptome_and_KG
7254,C1=CC(=C(C=C1I)F)NC2=C(C=CC(=C2F)F)C(=O)NOCC(CO)O,237,DB07101,0.2951911687850952,0.10672062635421753,0.27392780780792236,0.9574355483055115,Transcriptome_and_KG
7254,CN1CCN(CC1)CCCOC2=C(C=C3C(=C2)N=CC(=C3NC4=CC(=C(C=C4Cl)Cl)OC)C#N)OC,4430,DB06616,0.294955313205719,0.033639196306467056,4.737800598144531,0.9812213778495789,Transcriptome_and_KG
7254,C1C(C(OC1N2C=NC3=C(N=C(N=C32)Cl)N)CO)O,650,DB00242,0.2947259843349457,0.0023775575682520866,2.3845508098602295,0.9387062788009644,Transcriptome_and_KG
7254,CC1=NN=C(N1C2CC3CCC(C2)N3CCC(C4=CC=CC=C4)NC(=O)C5CCC(CC5)(F)F)C(C)C,2817,DB04835,0.29395291209220886,0.1041312962770462,-0.7971956729888916,0.9921932816505432,Transcriptome_and_KG
7254,CC1CCCC2(C(O2)CC(NC(=O)CC(C(C(=O)C(C1O)C)(C)C)O)C(=CC3=CSC(=N3)C)C)C,3002,DB04845,0.2938792109489441,0.07485548406839371,1.365926742553711,0.9684466123580933,Transcriptome_and_KG
7254,C1C2=NN=CN2C3=C(C=C(C=C3)Cl)C(=N1)C4=CC=CC=C4,700,DB01215,0.29345518350601196,0.12672963738441467,-2.461369514465332,0.986935555934906,Transcriptome_and_KG
7254,CC(C)(C)C1=CC(=C(C=C1NC(=O)C2=CNC3=CC=CC=C3C2=O)O)C(C)(C)C,1497,DB08820,0.2932439148426056,0.09241709858179092,0.6499783396720886,0.9658682346343994,Transcriptome_and_KG
7254,CC1C(C(CC(O1)OC2CC(CC3=C2C(=C4C(=C3O)C(=O)C5=C(C4=O)C(=CC=C5)OC)O)(C(=O)CO)O)N)OC6CCCCO6,2870,DB11616,0.2932308316230774,0.0900525227189064,0.7544354200363159,0.9691333770751953,Transcriptome_and_KG
7254,C1CN(CCC1CC(=O)N2CCC(CC2)C3C4=C(CCC5=C3N=CC(=C5)Br)C=C(C=C4Br)Cl)C(=O)N,1005,DB06448,0.29307979345321655,0.09528839588165283,0.5236825942993164,0.9863595366477966,Transcriptome_and_KG
7254,C1CC(CCC1NCC2=C(C(=CC(=C2)Br)Br)N)O,777,DB06742,0.2928503155708313,0.0760636255145073,1.411460518836975,0.9730952978134155,Transcriptome_and_KG
7254,CCON=C(C1=NSC(=N1)NP(=O)(O)O)C(=O)NC2C3N(C2=O)C(=C(CS3)SC4=NC(=CS4)C5=CC=[N+](C=C5)C)C(=O)[O-].CC(=O)O,4003,DB06590,0.29237625002861023,0.10084685683250427,0.20629578828811646,0.9766279458999634,Transcriptome_and_KG
7254,CCCCC1=C(C2=C(O1)C=CC(=C2)NS(=O)(=O)C)C(=O)C3=CC=C(C=C3)OCCCN(CCCC)CCCC,3446,DB04855,0.2923758029937744,0.10933491587638855,-1.8588292598724365,0.992159903049469,Transcriptome_and_KG
7254,CC1=NC=C(C=C1)C2=C(C=C(C=N2)Cl)C3=CC=C(C=C3)S(=O)(=O)C,2785,DB01628,0.29212486743927,0.10681619495153427,-0.4229835271835327,0.9837089776992798,Transcriptome_and_KG
7254,C1C(C(C(C(N1)CO)O)O)O,636,DB05018,0.2920709252357483,-0.014748872257769108,2.6481475830078125,0.9381635189056396,Transcriptome_and_KG
7254,C1=CC(=C(C=C1Cl)Cl)C(CN2C=CN=C2)OCC3=C(SC=C3)Cl,229,DB01007,0.2919784188270569,0.08128156512975693,1.0826789140701294,0.9705468416213989,Transcriptome_and_KG
7254,C[C@@H]1CCC2C[C@@H](/C(=C/C=C/C=C/[C@H](C[C@H](C(=O)[C@@H]([C@@H](/C(=C/[C@H](C(=O)C[C@H](OC(=O)[C@@H]3CCCCN3C(=O)C(=O)[C@@]1(O2)O)[C@H](C)C[C@@H]4CC[C@H]([C@@H](C4)OC)OC(=O)C(C)(CO)CO)C)/C)O)OC)C)C)/C)OC,4811,DB06287,0.2916538417339325,0.06085360422730446,1.7544946670532227,0.9665142297744751,Transcriptome_and_KG
7254,CC1C=CC=CC=CC=CC=CC=CC=CCC(C2C(C(CC(O2)(CC(CC(CC(CC(CC(=O)CC(CC(=O)OC1C(C)CCC(CC(=O)C3=CC=C(C=C3)NC)O)O)O)O)O)O)O)O)C(=O)OC)OC4C(C(C(C(O4)C)O)N)O,2916,DB13633,0.29158908128738403,0.08905282616615295,0.8997282385826111,0.9836236238479614,Transcriptome_and_KG
7254,CC1=NC2=C(N1CC3CCN(CC3)C(=O)C=C(C4=CC=CC=C4)C5=CC=C(C=C5)N=NC6=CC(=C(C=C6)O)C(=O)O)C=CN=C2,2775,DB06251,0.29057300090789795,0.09742610901594162,0.2762191891670227,0.978553056716919,Transcriptome_and_KG
7254,CC1C(C(CC(O1)OC2CC(CC3=C2C(=C4C(=C3O)C(=O)C5=C(C4=O)C(=CC=C5)OC)O)(C(=NNC(=O)CCCCCN6C(=O)C=CC6=O)CO)O)N)O,2866,DB06013,0.2905421257019043,0.08169911056756973,1.0831820964813232,0.9745269417762756,Transcriptome_and_KG
7254,CCN(CC)CCOC1=CC=C(C=C1)C(=C(C2=CC=CC=C2)Cl)C3=CC=CC=C3,3766,DB00882,0.2905234098434448,0.020001763477921486,3.5826261043548584,0.9704709053039551,Transcriptome_and_KG
7254,C1=CC=C2C(=C1)C(=O)OC23C4=C(C=C(C=C4)O)OC5=C3C=CC(=C5)O,520,DB00693,0.2902999520301819,0.09911368787288666,0.025761127471923828,0.9841173887252808,Transcriptome_and_KG
7254,CC1CC2(C(CCC3C2CCC4(C3CCC4O)C)CC1=O)C,2940,DB00858,0.2902091145515442,0.03322620317339897,1.7346441745758057,0.9403976202011108,Transcriptome_and_KG
7254,CCC1CC(C2(C(C(C(C(O2)CC(C(C)CCC=CC=C(C)C3CC=CC=CC(C(C(C(C(=O)NC(C(=O)NC(C(=O)N4CCCC(N4)C(=O)O3)CC5=CC(=CC=C5)O)C(C)C)CCC(=O)C)O)C)O)O)C)O)C)NC1=O)C,3340,DB03393,0.28982728719711304,0.1012740284204483,-0.08603179454803467,0.9818476438522339,Transcriptome_and_KG
7254,COC1=C(C(=C(C=C1)Br)F)[N+](=O)[O-],4554,DB12296,0.28966620564460754,0.07884608954191208,0.8254042863845825,0.9435322284698486,Transcriptome_and_KG
7254,C1=CC(=CN=C1)C(=O)OC2C(C(C(C(C2OC(=O)C3=CN=CC=C3)OC(=O)C4=CN=CC=C4)OC(=O)C5=CN=CC=C5)OC(=O)C6=CN=CC=C6)OC(=O)C7=CN=CC=C7,347,DB08949,0.2894750237464905,0.11307241022586823,-0.8672332763671875,0.9811981320381165,Transcriptome_and_KG
7254,COC1=C(C=C(C=C1)C(=O)NC2=C(C=NC=C2Cl)Cl)OC3CCCC3,4562,DB01791,0.28930285573005676,0.09282319992780685,0.4616917073726654,0.9817785024642944,Transcriptome_and_KG
7254,[N]=O,5023,DB00435,0.28841015696525574,0.14092914760112762,-1.052438497543335,0.9616854190826416,Transcriptome_and_KG
7254,CC(C1C(=O)NC(CSSCC(C(=O)NC(C(=O)NC(C(=O)NC(C(=O)N1)CCCCN)CC2=CNC3=CC=CC=C32)CC4=CC=CC=C4)NC(=O)C(CC5=CC=CC=C5)N)C(=O)NC(CO)C(C)O)O,1949,DB00104,0.2883380353450775,0.11994314193725586,-0.9260437488555908,0.9753962755203247,Transcriptome_and_KG
7254,C[C@H]1CC(N(C1)C2=C(C=CC(=N2)N3C=CC(=N3)OCC(C)(C)C(F)(F)F)C(=O)NS(=O)(=O)C4=CN(N=C4C)C)(C)C,4886,DB15444,0.28812453150749207,0.09036510437726974,0.5538558959960938,0.9772253632545471,Transcriptome_and_KG
7254,C1=CC(=C(C(=C1)F)N(C2=NC(=C(C=C2)C(=O)N)C3=C(C=C(C=C3)F)F)C(=O)N)F,208,DB05470,0.28812435269355774,0.07683052867650986,1.0642309188842773,0.9675472974777222,Transcriptome_and_KG
7254,C1=CC(=CC=C1O)O,338,DB09526,0.28806331753730774,0.10557249188423157,-1.7074081897735596,0.9915447235107422,Transcriptome_and_KG
7254,CCCC[C@@H](C(=O)N[C@H]1CC(=O)NCCCC[C@H](NC(=O)[C@@H](NC(=O)[C@@H](NC(=O)[C@H](NC(=O)[C@@H](NC1=O)CC2=CN=CN2)CC3=CC=CC=C3)CCCN=C(N)N)CC4=CNC5=CC=CC=C54)C(=O)O)NC(=O)C,3633,DB11653,0.2876770794391632,0.06222444400191307,1.6299586296081543,0.9683728218078613,Transcriptome_and_KG
7254,CC1C(C(CC(O1)OC2CC(OC(C2O)C)OC3=CC4=CC5=C(C(=O)C(C(C5)C(C(=O)C(C(C)O)O)OC)OC6CC(C(C(O6)C)O)OC7CC(C(C(O7)C)O)OC8CC(C(C(O8)C)O)(C)O)C(=C4C(=C3C)O)O)O)O,2873,DB06810,0.2860896587371826,0.01985294371843338,2.446194887161255,0.9560673832893372,Transcriptome_and_KG
7254,[Mg],5018,DB01378,0.28590473532676697,0.09393724799156189,0.25835171341896057,0.9763612747192383,Transcriptome_and_KG
7254,CC1=CC2=C(C(=C1)O)C(=O)C3=C(C2=O)C=C(C=C3O)O,2613,DB07715,0.2858673930168152,0.07814230769872665,0.9785311222076416,0.9707279801368713,Transcriptome_and_KG
7254,C1C2C(C2N)CN1C3=C(C=C4C(=O)C(=CN(C4=N3)C5=C(C=C(C=C5)F)F)C(=O)O)F,703,DB00685,0.2854776680469513,0.13333161175251007,-0.7674907445907593,0.9580284357070923,Transcriptome_and_KG
7254,CC1(C2CC3C(C(=O)C(=C(C3(C(=O)C2=C(C4=C1C=CC=C4O)O)O)O)C(=O)NCN5CCCC5)N(C)C)O,2087,DB01301,0.28526392579078674,0.09494005143642426,0.339513897895813,0.9580603837966919,Transcriptome_and_KG
7254,COC1=C(C=C(C=C1)C2=CC3=C(C=C2)C=C(C=C3)C(=O)O)C45CC6CC(C4)CC(C6)C5,4569,DB00210,0.284866064786911,0.10461019724607468,-1.1497373580932617,0.9873597025871277,Transcriptome_and_KG
7254,CC1=CC=C(C=C1)N2C(=CC(=N2)C(C)(C)C)NC(=O)NC3=CC=C(C4=CC=CC=C43)OCCN5CCOCC5,2673,DB03044,0.28472504019737244,0.09390798956155777,0.2340208888053894,0.9740173816680908,Transcriptome_and_KG
7254,[Sb],5042,DB08521,0.284496009349823,0.09244213253259659,0.3574349880218506,0.9653870463371277,Transcriptome_and_KG
7254,CC(C1=CC2=C(C=C1)OC(=N2)C3=CC=C(C=C3)Cl)C(=O)O,1925,DB04812,0.28424152731895447,0.09251557290554047,0.2543109655380249,0.9761863946914673,Transcriptome_and_KG
7254,CC1=C2C(=CC(=CN2N=C1)OCC3CNCCO3)C4=CN=C(C=N4)N5CC6CC(C5)N6CC7=CN=C(C=C7)OC,2482,DB15685,0.2836376130580902,0.09110637754201889,0.25891369581222534,0.9794559478759766,Transcriptome_and_KG
7254,CC[C@@]1(C2=C(COC1=O)C(=O)N3CC4=C(C5=CC=CC=C5N=C4C3=C2)CCNC(C)C)O,4034,DB12459,0.2829764783382416,0.022011687979102135,1.6934759616851807,0.9342837929725647,Transcriptome_and_KG
7254,CCC1(CC2CC(C3=C(CCN(C2)C1)C4=CC=CC=C4N3)(C5=C(C=C6C(=C5)C78CCN9C7C(C=CC9)(C(C(C8N6C)(C(=O)OC)O)OC(=O)C)CC)OC)C(=O)OC)O,3240,DB00570,0.2828928828239441,0.0972909927368164,0.10000991821289062,0.9678540825843811,Transcriptome_and_KG
7254,CC1=C(N=C(C=C1)NC(=O)C2(CC2)C3=CC4=C(C=C3)OC(O4)(F)F)C5=CC(=CC=C5)C(=O)O,2436,DB09280,0.2827646732330322,0.08703954517841339,0.40682411193847656,0.9869604110717773,Transcriptome_and_KG
7254,CCOC1=C(C=C2C(=C1)N=CC(=C2NC3=CC(=C(C=C3)F)Cl)C#N)NC(=O)C=CCN(C)C,3951,DB05524,0.2819640338420868,0.0673343762755394,1.5893018245697021,0.9791581034660339,Transcriptome_and_KG
7254,C[C@@H]1CCN(CCN1C(=O)C2=C(C=CC(=C2)C)N3N=CC=N3)C4=NC5=C(O4)C=CC(=C5)Cl,4812,DB09034,0.2817588746547699,0.10960404574871063,-6.993532180786133,0.995824933052063,Transcriptome_and_KG
7254,C1CC1COC2=C(C=CC(=C2)C(=O)NC3=C(C=NC=C3Cl)Cl)OC(F)F,822,DB01656,0.28135544061660767,0.10321928560733795,-2.727480888366699,0.9927252531051636,Transcriptome_and_KG
7254,CCCCC(C(=O)NC(CCC(=O)O)C(=O)NC(CC1=CN=CN1)C(=O)NC(CC2=CC=CC=C2)C(=O)NC(CCCNC(=N)N)C(=O)NC(CC3=CNC4=CC=CC=C43)C(=O)NCC(=O)NC(CCCCN)C(=O)N5CCCC5C(=O)NC(C(C)C)C(=O)N)NC(=O)C(CO)NC(=O)C(CC6=CC=C(C=C6)O)NC(=O)C(CO)NC(=O)C,3430,DB04931,0.2812202572822571,0.10713856667280197,-2.7322068214416504,0.9911913275718689,Transcriptome_and_KG
7254,CC1=CC(=O)N(N1C)C2=CC=CC=C2,2609,DB01435,0.28119421005249023,0.12664683163166046,-3.101745128631592,0.985416829586029,Transcriptome_and_KG
7254,CC(=O)N(C)C1(CCN(CC1)CCCC2(CCCN(C2)C(=O)C3=CC=CC=C3)C4=CC(=C(C=C4)Cl)Cl)C5=CC=CC=C5,1292,DB04872,0.28098034858703613,0.10614518076181412,-0.7215313911437988,0.9782000184059143,Transcriptome_and_KG
7254,C1=CC(=CC=C1C(=O)OC2=CC3=C(C=C2)C=C(C=C3)C(=N)N)N=C(N)N,289,DB12598,0.28006312251091003,0.08545584976673126,0.40352264046669006,0.9791152477264404,Transcriptome_and_KG
7254,CC1=NN=C2N1C3=C(C=C(C=C3)Cl)C(=NC2)C4=CC=CC=C4Cl,2827,DB00897,0.2800114154815674,0.13260501623153687,-7.067754745483398,0.9918096661567688,Transcriptome_and_KG
7254,CN1C=NC2=C1C=C(C(=C2F)NC3=C(C=C(C=C3)Br)Cl)C(=O)NOCCO,4324,DB11689,0.27995947003364563,0.06536276638507843,1.72602379322052,0.9813873767852783,Transcriptome_and_KG
7254,CCC1CN(CC1C2=CN=C3N2C4=C(NC=C4)N=C3)C(=O)NCC(F)(F)F,3343,DB15091,0.27986738085746765,0.07968500256538391,0.7682585120201111,0.9819465279579163,Transcriptome_and_KG
7254,CCC(C1=NC2=C(C(=CC=C2)F)C(=O)N1C3=CC=CC=C3)NC4=NC=NC5=C4NC=N5,3198,DB09054,0.2798275649547577,0.02802782878279686,2.909127950668335,0.9714083075523376,Transcriptome_and_KG
7254,CC1=CC(=CC(=C1CC(C(=O)N(CC2=CC(=C(C=C2)OC)C(=O)O)C(C)C3=NC=C(N3)C4=CC=CC=C4)N)C)C(=O)N,2548,DB09272,0.2794998586177826,0.09522822499275208,-0.4401632249355316,0.9839695692062378,Transcriptome_and_KG
7254,CC1CC2=CC=CC=C2N1NC(=O)C3=CC(=C(C=C3)Cl)S(=O)(=O)N,2947,DB00808,0.27923619747161865,0.133802130818367,-2.349121570587158,0.9779006838798523,Transcriptome_and_KG
7254,CC1C=CC=C(C(=O)N=C2C(=C3C(=C4C2=NC5(N4)CCN(CC5)CC(C)C)C6=C(C(=C3O)C)OC(C6=O)(OC=CC(C(C(C(C(C(C1O)C)O)C)OC(=O)C)C)OC)C)O)C,2906,DB00615,0.27898406982421875,0.1156819760799408,-3.1287574768066406,0.9885398745536804,Transcriptome_and_KG
7254,[O-2].[O-2].[O-2].[O-2].[Fe+2].[Fe+3].[Fe+3],5028,DB09508,0.2784169018268585,0.08603431284427643,0.37010282278060913,0.9679402709007263,Transcriptome_and_KG
7254,CC1(CCC2(CCC3(C(C2C1)C(=O)C=C4C3(CCC5C4(C=C(C(=O)C5(C)C)C#N)C)C)C)C(=O)OC)C,2116,DB05983,0.2782374918460846,0.0823131650686264,0.5179473161697388,0.9479084610939026,Transcriptome_and_KG
7254,CC1=C(C=C(C=C1)NC(=O)C2=CC=C(C=C2)CN3CCN(CC3)C)NC4=NC=CC(=N4)C5=CN=CC=C5,2360,DB00619,0.2778945565223694,0.07128012180328369,0.9609479904174805,0.9711412191390991,Transcriptome_and_KG
7254,CC1=CC(=O)N(C(=C1)C2CCCCC2)O,2607,DB01188,0.27760419249534607,0.12028303742408752,-3.3069815635681152,0.9871730804443359,Transcriptome_and_KG
7254,CC1=CC(=O)C(=CN1)C(=O)NC(C2=CC=C(C=C2)O)C(=O)NC3C4N(C3=O)C(=C(CS4)CSC5=NN=NN5C)C(=O)O,2605,DB00430,0.2772328555583954,0.07909737527370453,0.6224713921546936,0.9781810641288757,Transcriptome_and_KG
7254,CC1CCC2CC(CC(O2)(C3CSC(=O)N3)O)OC(=O)C=C(CCC=C1)C,2997,DB08080,0.27683669328689575,0.1309870481491089,-0.32728874683380127,0.930427610874176,Transcriptome_and_KG
7254,C#CCC(CC1=CN=C2C(=N1)C(=NC(=N2)N)N)C3=CC=C(C=C3)C(=O)NC(CCC(=O)O)C(=O)O,20,DB06813,0.2767230272293091,-0.00865184050053358,2.2844390869140625,0.9394519329071045,Transcriptome_and_KG
7254,C1C(=O)NC(=O)N1/N=C/C2=CC=C(O2)[N+](=O)[O-],617,DB00698,0.2763451039791107,0.09272351861000061,-1.2458751201629639,0.990888237953186,Transcriptome_and_KG
7254,CCOC(=O)C(CC1=CC=C(C=C1)NC2=NC=CC3=C2C=NC=C3)NC4=C(C(=O)C45CCCCC5)Br,3863,DB05092,0.27612966299057007,0.09609963744878769,-0.116413414478302,0.9688300490379333,Transcriptome_and_KG
7254,CN1CCC2=CC(=C3C=C2C1CC4=CC=C(C=C4)OC5=C(C=CC(=C5)CC6C7=C(O3)C(=C(C=C7CCN6C)OC)OC)OC)OC,4375,DB14066,0.2758910357952118,0.08999201655387878,-0.03920799493789673,0.9770888686180115,Transcriptome_and_KG
7254,C1=NC(=NC(=O)N1C2C(C(C(O2)CO)O)O)N,585,DB00928,0.2757759094238281,0.07551522552967072,0.6367077827453613,0.9555243849754333,Transcriptome_and_KG
7254,CC(C)OC(=O)CNC1=CC=CC(=N1)CN(CC2=CC=C(C=C2)N3C=CC=N3)S(=O)(=O)C4=CN=CC=C4,1882,DB15071,0.2753600776195526,0.08741802722215652,0.0,0.9801945686340332,Transcriptome_and_KG
7254,CCN1CCN(CC1)C2=CC=C(C=C2)NC3=CC(=NC=N3)N(C)C(=O)NC4=C(C(=CC(=C4Cl)OC)OC)Cl,3828,DB11886,0.275080144405365,0.057583458721637726,1.6526291370391846,0.9766302108764648,Transcriptome_and_KG
7254,CCC1(C(=O)N(C(=O)N1)C)C2=CC=CC=C2,3220,DB00532,0.27455031871795654,0.10047830641269684,-0.006608247756958008,0.9500640630722046,Transcriptome_and_KG
7254,CN1C2=C(C=C(C=C2)Cl)C(=NC(C1=O)O)C3=CC=CC=C3,4275,DB00231,0.27410370111465454,0.13032151758670807,-7.023423671722412,0.9912492036819458,Transcriptome_and_KG
7254,C=CC(=O)N1CCCC(C1)N2C3=NC=NC(=C3C(=N2)C4=CC=C(C=C4)OC5=CC=CC=C5)N,1206,DB09053,0.2736143469810486,0.03275689482688904,2.8290510177612305,0.9759426712989807,Transcriptome_and_KG
7254,COC1=CC=C(C=C1)C(=C(C2=CC=C(C=C2)OC)Cl)C3=CC=C(C=C3)OC,4653,DB00269,0.27328401803970337,0.07429826259613037,1.1965744495391846,0.994739830493927,Transcriptome_and_KG
7254,C1=CC(=CC(=C1)C(F)(F)F)C(=NOCCCCC(=O)O)C2=CN=CC=C2,254,DB01207,0.27327102422714233,0.08076471090316772,0.4018056094646454,0.9645652770996094,Transcriptome_and_KG
7254,CC1=CN(C(=O)NC1=O)C2CC(C(O2)COP(=S)([O-])OC3CC(OC3COP(=S)([O-])OC4CC(OC4COP(=S)([O-])OC5CC(OC5COP(=S)([O-])OC6CC(OC6COP(=S)([O-])OC7CC(OC7COP(=S)([O-])OC8CC(OC8COP(=S)([O-])OC9CC(OC9COP(=S)([O-])OC1CC(OC1COP(=S)([O-])OC1CC(OC1COP(=S)([O-])OC1CC(OC1COP(=S)([O-])OC1CC(OC1COP(=S)([O-])OC1CC(OC1COP(=S)([O-])OC1CC(OC1COP(=S)([O-])OC1CC(OC1COP(=S)([O-])OC1CC(OC1COP(=S)([O-])OC1CC(OC1COP(=S)([O-])OC1CC(OC1CO)N1C=C(C(=O)NC1=O)C)N1C=CC(=NC1=O)N)N1C=C(C(=O)NC1=O)C)N1C=CC(=NC1=O)N)N1C=CC(=NC1=O)N)N1C=CC(=NC1=O)N)N1C=NC2=C(N=CN=C21)N)N1C=NC2=C1N=C(NC2=O)N)N1C=CC(=NC1=O)N)N1C=NC2=C1N=C(NC2=O)N)N1C=C(C(=O)NC1=O)C)N1C=NC2=C1N=C(NC2=O)N)N1C=CC(=NC1=O)N)N1C=NC2=C1N=C(NC2=O)N)N1C=CC(=NC1=O)N)N1C=CC(=NC1=O)N)N1C=NC2=C(N=CN=C21)N)O.[Na+].[Na+].[Na+].[Na+].[Na+].[Na+].[Na+].[Na+].[Na+].[Na+].[Na+].[Na+].[Na+].[Na+].[Na+].[Na+].[Na+],2723,DB13811,0.27301356196403503,0.04539376124739647,1.6526291370391846,0.9656702876091003,Transcriptome_and_KG
7254,C1=CC(=C(C=C1N)O)C(=O)O,239,DB00233,0.27289843559265137,0.09943707287311554,-1.2157822847366333,0.9837395548820496,Transcriptome_and_KG
7254,C1=CC=C(C=C1)CC(=O)O,449,DB09269,0.27267682552337646,0.0942670926451683,-0.8723474740982056,0.9841755032539368,Transcriptome_and_KG
7254,CCNCCC1=CC=C(C=C1)CN(CC)C2=C(C=CC(=C2)OC)C3CCC4=C(C3)C=CC(=C4)O,3852,DB06374,0.27228599786758423,0.04452240467071533,1.4913387298583984,0.9599165320396423,Transcriptome_and_KG
7254,CC(C)CC(C(=O)NC(CC1=CN=CN1)C(=O)N2CCCC2C(=O)NC(CO)C(=O)NC(CCCCN)C(=O)NC(C(C)C)C(=O)NC(CC(=O)O)C(=O)NC(CC(C)C)C(=O)N3CCCC3C(=O)NC(CCCN=C(N)N)C(=O)O)NC(=O)C(CC4=CC=CC=C4)NC(=O)C(CCC(=O)O)NC(=O)C(CCCCN)N,1726,DB15366,0.27206549048423767,0.07747845351696014,0.4556640386581421,0.9743822813034058,Transcriptome_and_KG
7254,CCCCN(C)C(=O)CCCCCCCCCCC1CC2=C(C=CC(=C2)O)C3C1C4CCC(C4(CC3)C)O,3593,DB03860,0.27199700474739075,0.007535158656537533,1.7369818687438965,0.9329638481140137,Transcriptome_and_KG
7254,COC1CN(CCC1NC(=O)C2=CC(=C(C=C2OC)N)Cl)CCCCCC(=O)OC3CN4CCC3CC4,4703,DB05542,0.27195799350738525,0.11548097431659698,-1.5361665487289429,0.9762130975723267,Transcriptome_and_KG
7254,C1CCC(CC1)N2CCN(CC2)C3=C(N=C(S3)NC(=O)C4=CC(=C(N=C4)N5CCC(CC5)C(=O)O)Cl)C6=CC(=CS6)Cl,909,DB11995,0.2718198597431183,0.07907018065452576,0.1995774507522583,0.9873288869857788,Transcriptome_and_KG
7254,C1=CC(=CC=C1CCCC(=O)O)N(CCCl)CCCl,313,DB00291,0.2714344263076782,0.0613458976149559,1.0528855323791504,0.9671249985694885,Transcriptome_and_KG
7254,C1=CC(=CC=C1C(=NCCCC(=O)N)C2=C(C=CC(=C2)F)O)Cl,278,DB00837,0.27090588212013245,0.09152092039585114,-0.3391338586807251,0.9762425422668457,Transcriptome_and_KG
7254,CCCCCCOC(C)C1=CC=CC(=C1OC)C2=CSC(=N2)NC(=O)C3=CC(=C(C(=C3)Cl)C=C(C)C(=O)O)Cl,3569,DB13125,0.2708751857280731,0.07607370615005493,0.382593035697937,0.9897527694702148,Transcriptome_and_KG
7254,CC1(CCC(C2=C1C=C(C(=C2)C=CC3=CC=C(C=C3)C(=O)O)CN4C=CC=N4)(C)C)C,2112,DB05467,0.2708039879798889,0.08457295596599579,0.266376256942749,0.9546743631362915,Transcriptome_and_KG
7254,C1=CC=C2C(=C1)C(=NN(C2=O)CC3=NC4=C(S3)C=CC(=C4)C(F)(F)F)CC(=O)O,513,DB08772,0.2706436216831207,0.07809045165777206,0.43615925312042236,0.9544705748558044,Transcriptome_and_KG
7254,C1CN(CCC1(C2=CC=C(C=C2)Br)O)CCCC(=O)C3=CC=C(C=C3)F,993,DB12401,0.2704799473285675,0.07809402793645859,0.3911435604095459,0.9677388668060303,Transcriptome_and_KG
7254,CC(=O)N(C)C1=CC=CC(=C1)C2=CC=NC3=C(C=NN23)C(=O)C4=CC=CS4,1293,DB12590,0.27037233114242554,0.07725130021572113,0.3991849422454834,0.9727274775505066,Transcriptome_and_KG
7254,C1C(=C(N2C(S1)C(C2=O)NC(=O)C(C3=CC=CC=C3)O)C(=O)O)CSC4=NN=NN4CS(=O)(=O)O,607,DB01328,0.270321249961853,0.04156481847167015,1.2403597831726074,0.9448173642158508,Transcriptome_and_KG
7254,CC1=C(C(C(=C(N1)N)C(=O)OC2CN(C2)C(C3=CC=CC=C3)C4=CC=CC=C4)C5=CC(=CC=C5)[N+](=O)[O-])C(=O)OC(C)C,2302,DB09230,0.27020490169525146,0.07777490466833115,0.2641652822494507,0.9833941459655762,Transcriptome_and_KG
7254,CC1CC2=CC3=C(C=C2C(=NN1C(=O)C)C4=CC=C(C=C4)N)OCO3,2946,DB04982,0.2696395516395569,0.12098121643066406,-1.270672082901001,0.9677026867866516,Transcriptome_and_KG
7254,[C-]#[O+],5003,DB11588,0.2695929706096649,0.08535802364349365,0.4662848711013794,0.800689697265625,Transcriptome_and_KG
7254,C(=C/C(=O)[O-])\C(=O)[O-].[Fe+2],29,DB14491,0.26872870326042175,0.09617586433887482,-0.22128570079803467,0.9619628190994263,Transcriptome_and_KG
7254,C1=CC=C(C=C1)N2C(=CC=N2)NS(=O)(=O)C3=CC=C(C=C3)N,483,DB06729,0.2684709429740906,0.07935592532157898,-0.05067849159240723,0.9855576157569885,Transcriptome_and_KG
7254,C1=CC=C(C=C1)CCCCCCC(=O)NC(CCC(=O)O)CC2=CC=C(C=C2)OCC3=CC=CC=C3,459,DB04287,0.2681514620780945,0.08682854473590851,-0.04534745216369629,0.9688819646835327,Transcriptome_and_KG
7254,C1CN(CC=C1C2=CC(=CC=C2)C(F)(F)F)CCC3=CC4=CC=CC=C4C=C3,983,DB06393,0.267900675535202,0.13245974481105804,-2.1478476524353027,0.9721513986587524,Transcriptome_and_KG
7254,C[C@H](C1=CC(=CC(=C1)C(F)(F)F)C(F)(F)F)O[C@@H]2[C@@H](N(CCO2)CC3=NN(C(=O)N3)P(=O)(O)O)C4=CC=C(C=C4)F,4855,DB06717,0.26765212416648865,0.06911861151456833,0.8711215853691101,0.9896517395973206,Transcriptome_and_KG
7254,CCOC1=CC=C(C=C1)CC2=C(C=CC(=C2)C3C(C(C(C(O3)CO)O)O)O)Cl,3970,DB06292,0.2674778401851654,0.07729782909154892,0.22197824716567993,0.9774371385574341,Transcriptome_and_KG
7254,CCCOC1=CC2=C(C=C1)C3CCC4(C(C3CC2)CCC4OC)C,3690,DB12487,0.2672852873802185,0.06067679449915886,0.7965704798698425,0.9515357613563538,Transcriptome_and_KG
7254,C1=C(C=C(C(=C1[O-])[O-])S(=O)(=O)[O-])S(=O)(=O)[O-].C1=C(C=C(C(=C1[O-])[O-])S(=O)(=O)[O-])S(=O)(=O)[O-].O.O.O.O.O.O.O.[Na+].[Na+].[Na+].[Na+].[Na+].[Sb+3],175,DB13236,0.2671945095062256,-0.00023573823273181915,2.572096824645996,0.9573931694030762,Transcriptome_and_KG
7254,[Li],5016,DB01356,0.2671136260032654,0.08506608009338379,-0.13365015387535095,0.9744114875793457,Transcriptome_and_KG
7254,CC1C(=O)NC(C(=O)NC(=CNC(=O)N)C(=O)NC(C(=O)NCC(C(=O)N1)N)C2CCN=C(N2)N)CNC(=O)CC(CCCN)N.C1CN=C(NC1C2C(=O)NCC(C(=O)NC(C(=O)NC(C(=O)NC(=CNC(=O)N)C(=O)N2)CNC(=O)CC(CCCN)N)CO)N)N,2840,DB00314,0.2670201361179352,0.08615417778491974,-1.9262791872024536,0.9924112558364868,Transcriptome_and_KG
7254,C1=CC=C(C=C1)O,493,DB03255,0.2670026421546936,0.07896502315998077,-0.4391702711582184,0.9901013374328613,Transcriptome_and_KG
7254,C[C@@H](C1=CC2=C(C=C1)OC(=N2)C3=CC=C(C=C3)F)C(=O)O,4796,DB13317,0.26688918471336365,0.07608582079410553,0.0,0.9884804487228394,Transcriptome_and_KG
7254,CC1(CCC(C2=C1C=CC(=C2)NC(=O)C3=CC=C(C=C3)C(=O)O)(C)C)C,2113,DB04942,0.2660335600376129,0.060892000794410706,1.6084165573120117,0.9888766407966614,Transcriptome_and_KG
7254,CC=CCC(C)C(=O)C1C(=O)NC(C(=O)N(CC(=O)N(C(C(=O)NC(C(=O)N(C(C(=O)NC(C(=O)NC(C(=O)N(C(C(=O)N(C(C(=O)N(C(C(=O)N1C)C(C)C)C)CC(C)C)C)CC(C)C)C)C)C)CC(C)C)C)C(C)C)CC(C)C)C)C)C(C)C,3055,DB11869,0.2652697265148163,0.06747548282146454,0.737440824508667,0.9864094853401184,Transcriptome_and_KG
7254,CCC1C2(C(C(C(=O)C(CC(C(C(C(=O)C(C(=O)O1)C)C)OC3C(C(CC(O3)C)N(C)C)O)(C)OCC=CC4=CC5=CC=CC=C5N=C4)C)C)NC(=O)O2)C,3335,DB06419,0.265037477016449,0.06739349663257599,0.6538213491439819,0.9792748093605042,Transcriptome_and_KG
7254,CN1C(=NC=N1)C2C(NC3=CC(=CC4=C3C2=NNC4=O)F)C5=CC=C(C=C5)F,4239,DB11760,0.26493340730667114,0.06069093942642212,1.0890405178070068,0.9806592464447021,Transcriptome_and_KG
7254,CC1C2C(=O)NC(C(=O)NC(C(=O)NC3CSCC4C(=O)NC(CS1)C(=O)NC(CNCCCCC(NC(=O)C(C(SCC(C(=O)NC(C(=O)NC(C(=O)N4)CCC(=O)N)CCCCN)N)C)NC(=O)C(NC(=O)CNC(=O)C(NC3=O)C(C(=O)O)O)CC(=O)N)C(=O)O)C(=O)NC(C(=O)NCC(=O)N5CCCC5C(=O)NC(C(=O)N2)CC6=CC=CC=C6)CC7=CC=CC=C7)C(C)C)CC8=CC=CC=C8,2886,DB05029,0.2647292912006378,0.07562194019556046,0.287375807762146,0.9668319225311279,Transcriptome_and_KG
7254,C1=CC=C(C(=C1)C2=NC(=NO2)C3=CC(=CC=C3)C(=O)O)F,393,DB05016,0.2645774781703949,0.08474654704332352,-0.09428104758262634,0.9688507318496704,Transcriptome_and_KG
7254,C1CN(CCN1CC2=CC(=CC=C2)C3=CC=CC=C3)C4=CC=CC5=C4OC(=O)N5,1036,DB04888,0.2644175887107849,0.11264336854219437,-1.733473777770996,0.9760189652442932,Transcriptome_and_KG
7254,CC(=O)C1CCC2C1(CCC3C2CC=C4C3(CCC(C4)O)C)C,1284,DB02789,0.2642301023006439,0.04646711051464081,1.6754224300384521,0.9759587049484253,Transcriptome_and_KG
7254,CCC1C(=O)N(C2=CN=C(N=C2N1C(C)C)NC3=C(C=C(C=C3)C(=O)NC4CCC(CC4)N5CCN(CC5)CC6CC6)OC)C,3312,DB12062,0.2642068862915039,0.05139414221048355,1.6526291370391846,0.9807933568954468,Transcriptome_and_KG
7254,CC12CCC3C(=CCC4=C3C=CC(=C4)O)C1CCC2=O,2191,DB02187,0.2641807496547699,0.038477495312690735,2.1647696495056152,0.9770973920822144,Transcriptome_and_KG
7254,CC1(C2CC3C(C(=O)C(=C(C3(C(=O)C2=C(C4=C(C=CC(=C41)Cl)O)O)O)O)C(=O)NCO)N(C)C)O,2085,DB00453,0.2637310028076172,0.076962910592556,0.29768139123916626,0.95331871509552,Transcriptome_and_KG
7254,CC1=C2C(C(=O)C3(C(CC4C(C3C(C(C2(C)C)(CC1OC(=O)C(C(C5=CC=CC=C5)NC(=O)OC(C)(C)C)O)O)OC(=O)C6=CC=CC=C6)(CO4)OC(=O)C)O)C)O,2493,DB01248,0.263219952583313,0.0956730768084526,-0.3248000144958496,0.9599418044090271,Transcriptome_and_KG
7254,CN1C(=C(C=N1)Br)C2=C(C=CC(=C2)NC(=O)NC3=C(C=C(C=C3)F)F)OC,4228,DB12555,0.2628876864910126,0.1007048636674881,-1.0335237979888916,0.9736698865890503,Transcriptome_and_KG
7254,CC1(C(=O)N(C2=C(O1)C=CC(=N2)NC3=NC(=NC=C3F)NC4=CC(=C(C(=C4)OC)OC)OC)COP(=O)(O)O)C,2038,DB07159,0.2628365159034729,0.08008085191249847,-0.19229966402053833,0.9782111644744873,Transcriptome_and_KG
7254,C1=CC=C(C=C1)CCCCOC2=CC=C(C=C2)C(=O)NC3=CC=CC4=C3OC(=CC4=O)C5=NNN=N5,461,DB01411,0.26273873448371887,0.12306489050388336,-2.8028697967529297,0.9792031049728394,Transcriptome_and_KG
7254,CC[C@@H]1[C@H](C2=CC\3=NC(=C(/C3=C(\C)/[O-])C)C=C4[C@H]([C@@H](C(=N4)C(=C5C(=C(C(=N5)C=C1N2)C)C(=NCCS(=O)(=O)O)[O-])CC(=O)OC)CCC(=O)O)C)C.[Pd+2],4033,DB15575,0.26262325048446655,0.08561478555202484,0.0,0.9572917819023132,Transcriptome_and_KG
7254,CCC12CCC3C(C1CCC2(C#C)OC(=O)C)CCC4=CC(=NO)CCC34,3246,DB00957,0.2623973786830902,0.049987539649009705,1.2656586170196533,0.9715671539306641,Transcriptome_and_KG
7254,C1CNCCC1N2C=NC(=C2C3=NC(=NC=C3)N)C4=CC=C(C=C4)F,1109,DB04338,0.26173627376556396,0.07054048776626587,0.3574349880218506,0.9697501063346863,Transcriptome_and_KG
7254,CC1=C(C(C(=C(N1)C)P2(=O)OCC(CO2)(C)C)C3=CC(=CC=C3)[N+](=O)[O-])C(=O)OCCN(CC4=CC=CC=C4)C5=CC=CC=C5,2299,DB09235,0.26171860098838806,0.08290007710456848,-0.30009353160858154,0.9752996563911438,Transcriptome_and_KG
7254,COC1=CC(=CC(=C1OC)OC)C(=O)C(=O)N2CCCCC2C(=O)OC(CCCC3=CN=CC=C3)CCCC4=CN=CC=C4,4633,DB04851,0.26163554191589355,0.06191667914390564,0.8449204564094543,0.9824320673942566,Transcriptome_and_KG
7254,CCCCC1=NC(=C(C(=O)N1CC2=CC=C(C=C2)C3=CC=CC=C3C4=NNN=N4)CC(=S)N(C)C)C,3448,DB09279,0.2610955238342285,0.061239831149578094,0.7864930629730225,0.9779127836227417,Transcriptome_and_KG
7254,CC(C)NCCN(C1=CC2=NC(=CN=C2C=C1)C3=CN(N=C3)C)C4=CC(=CC(=C4)OC)OC,1866,DB12147,0.2610190510749817,0.06045777350664139,0.8656801581382751,0.980337381362915,Transcriptome_and_KG
7254,C1=CC=C(C=C1)C2=C(OC(=N2)CCC(=O)O)C3=CC=CC=C3,433,DB00991,0.26084423065185547,0.15128912031650543,-4.509153842926025,0.9788539409637451,Transcriptome_and_KG
7254,C1C(=C(N2C(S1)C(C2=O)NC(=O)CC3=CC=CC=C3CN)C(=O)O)CSC4=NN=NN4CC(=O)O,609,DB00923,0.26058775186538696,0.07359486818313599,0.20584425330162048,0.9681996703147888,Transcriptome_and_KG
7254,COC1=C(C=CC2=C3NCCN3C(=NC(=O)C4=CN=C(N=C4)N)N=C21)OCCCN5CCOCC5,4605,DB12483,0.26026374101638794,0.02164510264992714,2.592912197113037,0.9740108251571655,Transcriptome_and_KG
7254,CC/C=C/CC(=O)N[C@@H](CC1=CC=C(C=C1)O)C(=O)N[C@@H](C)C(=O)N[C@@H](CC(=O)O)C(=O)N[C@@H](C)C(=O)N[C@@H](C(C)CC)C(=O)N[C@@H](CC2=CC=CC=C2)C(=O)N[C@@H](C(C)O)C(=O)N[C@@H](CC(=O)N)C(=O)N[C@@H](CO)C(=O)N[C@@H](CC3=CC=C(C=C3)O)C(=O)N[C@@H](CCCNC(=N)N)C(=O)N[C@@H](CCCCN)C(=O)N[C@@H](C(C)C)C(=O)N[C@@H](CC(C)C)C(=O)NCC(=O)N[C@@H](CCC(=O)N)C(=O)N[C@@H](CC(C)C)C(=O)N[C@@H](CO)C(=O)N[C@@H](C)C(=O)N[C@@H](CCCNC(=N)N)C(=O)N[C@@H](CCCCN)C(=O)N[C@@H](CC(C)C)C(=O)N[C@@H](CC(C)C)C(=O)N[C@@H](CCC(=O)N)C(=O)N[C@@H](CC(=O)O)C(=O)N[C@@H](C(C)CC)C(=O)N[C@@H](CCSC)C(=O)N[C@@H](CO)C(=O)N[C@@H](CCCNC(=N)N)C(=O)N[C@@H](CCC(=O)N)C(=O)N[C@@H](CCC(=O)N)C(=O)NCC(=O)N[C@@H](CCC(=O)N)C(=O)N[C@@H](CO)C(=O)N[C@@H](CC(=O)N)C(=O)N[C@@H](CCC(=O)N)C(=O)N[C@@H](CCCNC(=N)N)C(=O)NCC(=O)N[C@@H](C)C(=O)N[C@@H](CCCNC(=N)N)C(=O)N[C@@H](C)C(=O)N[C@@H](CCCNC(=N)N)C(=O)N[C@@H](CC(C)C)C(=O)N,2030,DB08869,0.25985950231552124,0.06676077097654343,0.28040313720703125,0.9901897311210632,Transcriptome_and_KG
7254,CCC1(C2=C(COC1=O)C(=O)N3CC4=C(C5=CC=CC=C5N=C4C3=C2)C=NOC(C)(C)C)O,3229,DB06721,0.25980859994888306,0.03279605135321617,1.8793237209320068,0.9710030555725098,Transcriptome_and_KG
7254,C1CC2C(=O)NC(CSSCCC(=O)NC(C(=O)NCC(=O)NC(C(=O)NC(C(=O)N2C1)CC3=CNC4=CC=CC=C43)CC(=O)O)CCCCN=C(N)N)C(=O)N,863,DB00063,0.2592904269695282,0.07821542024612427,-1.9124752283096313,0.9928304553031921,Transcriptome_and_KG
7254,CC1=C(C(CCC1)(C)C)/C=C/C(=C/C=C/C(=C/C=C/C=C(/C=C/C=C(/C=C/C2=C(CCCC2(C)C)C)\C)\C)/C)/C,2306,DB06755,0.2590928375720978,0.07031543552875519,-0.21371179819107056,0.9895044565200806,Transcriptome_and_KG
7254,C1=CC(=CC=C1C=CC2=CC(=CC(=C2)O)O)O,306,DB02709,0.2585718631744385,0.061472054570913315,0.6031590700149536,0.9686532616615295,Transcriptome_and_KG
7254,C1=CC=C(C=C1)C2=CC=C(C=C2)C(=O)CCC(=O)O,435,DB08981,0.258514940738678,0.07087645679712296,0.2543109059333801,0.9660364985466003,Transcriptome_and_KG
7254,CCC1C(=O)N2CCCC2C(=O)N(C(C(=O)N3CC(C(=O)CC3C(=O)NC(C(=O)OC(C(C(=O)N1)NC(=O)C4=C(C=CC=N4)O)C)C5=CC=CC=C5)CSC6CN7CCC6CC7)CC8=CC=C(C=C8)N(C)C)C,3316,DB01369,0.2584764063358307,0.09656479954719543,-0.7920265197753906,0.9689877033233643,Transcriptome_and_KG
7254,C1COCC(=O)N1C2=CC=C(C=C2)N3CC(OC3=O)CNC(=O)C4=CC=C(S4)Cl,1121,DB06228,0.2584509253501892,0.07860473543405533,-1.0894831418991089,0.9882934093475342,Transcriptome_and_KG
7254,CCCCC1=NC=C(N1CC2=CC=C(C=C2)C(=O)O)C=C(CC3=CC=CS3)C(=O)O,3464,DB00876,0.25821489095687866,0.13302329182624817,-4.054577350616455,0.9810184240341187,Transcriptome_and_KG
7254,C1C(=O)NC(=O)N1N=CC2=CC=C(O2)C3=CC=C(C=C3)[N+](=O)[O-],618,DB01219,0.25812292098999023,0.15834125876426697,-2.08416748046875,0.9556050896644592,Transcriptome_and_KG
7254,CC1=C(C=C(C=C1)C(=O)NC2=CC(=CC(=C2)C(F)(F)F)N3C=C(N=C3)C)NC4=NC=CC(=N4)C5=CN=CC=C5,2348,DB04868,0.25758302211761475,0.08646079152822495,-1.352041482925415,0.9841830134391785,Transcriptome_and_KG
7254,C1CN(CCC1C(=O)C2=CC=C(C=C2)F)CCN3C(=O)C4=CC=CC=C4NC3=O,1000,DB12465,0.25757837295532227,0.0852278620004654,-0.6953206062316895,0.9770186543464661,Transcriptome_and_KG
7254,CC1(CC2=C(C(=C(N2C1)CC(=O)O)C3=CC=C(C=C3)Cl)C4=CC=CC=C4)C,2105,DB04725,0.2571917176246643,0.06701340526342392,0.2752302289009094,0.9764153361320496,Transcriptome_and_KG
7254,CC12CCC3C(C1CCC2(C#C)O)CCC4=CC(=O)CCC34,2196,DB00717,0.25707292556762695,0.04925531521439552,1.005197525024414,0.9672704935073853,Transcriptome_and_KG
7254,S=[Sb]S[Sb]=S,4997,DB04962,0.25702840089797974,0.04947122931480408,0.8254101276397705,0.9504311680793762,Transcriptome_and_KG
7254,C1C2=C(C(=CC=C2)O)C(=O)C3=C1C=CC=C3O,689,DB11157,0.2562618851661682,0.08929820358753204,-0.009473919868469238,0.936781108379364,Transcriptome_and_KG
7254,CC1=C(N=C(O1)C2=CC=CC=C2)CCC(=O)C3=CC=C(C=C3)CC4C(=O)NC(=O)S4,2443,DB14034,0.2562601864337921,0.08064542710781097,-0.13058656454086304,0.9637757539749146,Transcriptome_and_KG
7254,CCOC1C(CC(=O)O1)NC(=O)C2CCCN2C(=O)C(C(C)(C)C)NC(=O)C3=CC(=C(C=C3)N)Cl,3991,DB05507,0.25600922107696533,0.05687960237264633,0.6977088451385498,0.9699802994728088,Transcriptome_and_KG
7254,CCNC(=O)N1CCN(CC1)CCCC(C2=CC=C(C=C2)F)C3=CC=C(C=C3)F,3845,DB08927,0.2559744417667389,0.0848659873008728,-0.6352089643478394,0.9746572375297546,Transcriptome_and_KG
7254,C1CN(CC=C1N2C3=CC=CC=C3NC2=O)CCCC(=O)C4=CC=C(C=C4)F,989,DB00450,0.25592494010925293,0.085612453520298,-3.920706033706665,0.9931005239486694,Transcriptome_and_KG
7254,CC1=C(C(=CC=C1)C)NC(=O)CN2CCCC2=O,2234,DB13082,0.25580331683158875,0.06539367139339447,0.4011836647987366,0.9539518356323242,Transcriptome_and_KG
7254,CC(C)C1C(=O)NC(CSSCC(C(=O)NC(C(=O)NC(C(=O)NC(C(=O)N1)CCCCN)CC2=CNC3=CC=CC=C32)CC4=CC=C(C=C4)O)NC(=O)C(CC5=CC6=CC=CC=C6C=C5)N)C(=O)NC(C(C)O)C(=O)N,1706,DB06791,0.2556953728199005,0.06901231408119202,0.2074720859527588,0.968086838722229,Transcriptome_and_KG
7254,C1=CC(=C2C(=C1NCCNCCO)C(=O)C3=C(C=CC(=C3C2=O)O)O)NCCNCCO,252,DB01204,0.2554590404033661,0.09146435558795929,-0.5460476875305176,0.9645856618881226,Transcriptome_and_KG
7254,C1CN(CCN1CCCCOC2=CC3=C(C=C2)OCC(=O)N3)C4=C(C(=CC=C4)Cl)Cl,1051,DB09226,0.25525379180908203,0.06419139355421066,0.40246570110321045,0.960858166217804,Transcriptome_and_KG
7254,CC(C1=CC(=CC(=C1)C(F)(F)F)C(F)(F)F)OC2C(N(CCO2)CC3=NNC(=O)N3)C4=CC=C(C=C4)F,1913,DB00673,0.2551901340484619,0.06579762697219849,-0.21230721473693848,0.9911271929740906,Transcriptome_and_KG
7254,CC1CCC2=C3N1C=C(C(=O)C3=CC(=C2N4CCC(CC4)O)F)C(=O)O,2984,DB12447,0.2550368309020996,0.07378202676773071,0.0,0.968086838722229,Transcriptome_and_KG
7254,CCC1=C2CN3C(=CC4=C(C3=O)COC(=O)C4(CC)OC(=O)OCC5=CC=C(C=C5)NC(=O)C(CCCCN)NC(=O)COCC(=O)NCCOCCOCCOCCOCCOCCOCCOCCOCCN6C=C(N=N6)CNC(=O)C7CCC(CC7)CN8C(=O)CC(C8=O)SCC(C(=O)O)N)C2=NC9=C1C=C(C=C9)O,3277,DB12893,0.2550230324268341,0.040422916412353516,1.23493492603302,0.9659700989723206,Transcriptome_and_KG
7254,CC(C)C(C(=O)N1CCCC1C2=NC=C(N2)C3=CC4=C(C=C3)N5C(OC6=C(C5=C4)C=CC(=C6)C7=CN=C(N7)C8CCCN8C(=O)C(C(C)C)NC(=O)OC)C9=CC=CC=C9)NC(=O)OC,1630,DB11574,0.2549601197242737,0.07347270101308823,0.09459614753723145,0.9617554545402527,Transcriptome_and_KG
7254,CS(=O)(=O)C1=CC=C(C=C1)C(C(CO)NC(=O)C(Cl)Cl)O,4757,DB08621,0.2549556493759155,0.05760833993554115,0.6053293347358704,0.963341474533081,Transcriptome_and_KG
7254,CN1C(=O)C=C(N(C1=O)CC2=C(C=CC(=C2)F)C#N)N3CCC[C@H](C3)N,4256,DB15323,0.2547989785671234,0.06500937044620514,0.0,0.9885213375091553,Transcriptome_and_KG
7254,CC1=C2CCC(=O)N(C2=NC(=N1)C)CC3=CC=C(C=C3)C4=CC=CC=C4C5=NNN=N5,2499,DB01349,0.2547764182090759,0.0750584527850151,-0.18257498741149902,0.9736628532409668,Transcriptome_and_KG
7254,CCCC=CC=CC(=O)NC(CC(=O)N)C(=O)NC(CC(=O)N)C(=O)NC(C1CCC(CC1)O)C(=O)NC(CCCN)C(=O)NC(C(C)O)C(=O)NC(C2CCC(CC2)O)C(=O)NC(C3CCC(CC3)O)C(=O)NC(C(C)O)C(=O)NC(CC4=CC=CC=C4)C(=O)NC(CCCN)C(=O)NC(C5CCC(CC5)O)C(=O)NC(C(C)O)C(=O)NC(C6CCC(CC6)O)C(=O)NCC(=O)NC(CC(C)C)C(=O)NC(C)C(=O)NC(C7CCC(C(C7)Cl)O)C(=O)O,3416,DB04952,0.2546798884868622,0.057665541768074036,0.605329155921936,0.9672022461891174,Transcriptome_and_KG
7254,C1CN(CCC1C2=CN(C3=C2C=C(C=C3)Cl)C4=CC=C(C=C4)F)CCN5CCNC5=O,1001,DB06144,0.2543444037437439,0.09230279177427292,-1.3618446588516235,0.9784964323043823,Transcriptome_and_KG
7254,C1=CC(=CC=C1OCC(CO)O)Cl,339,DB00856,0.2543395757675171,0.03994990512728691,1.3082813024520874,0.9692409634590149,Transcriptome_and_KG
7254,CC(C)(C)C1=NC(=C(S1)C2=NC(=NC=C2)N)C3=C(C(=CC=C3)NS(=O)(=O)C4=C(C=CC=C4F)F)F,1516,DB08912,0.254317045211792,0.05500982701778412,0.7223725318908691,0.971704363822937,Transcriptome_and_KG
7254,CN1CC2CCN(C2C1)C3=CC=C(C=C3)C4=CC=C(C=C4)N5C(=O)C=CC=N5,4346,DB15192,0.25418099761009216,0.06566133350133896,0.262101948261261,0.9706050157546997,Transcriptome_and_KG
7254,O=[Si]=O,4991,DB11132,0.2541578412055969,0.13918517529964447,-6.233784198760986,0.9852606654167175,Transcriptome_and_KG
7254,CC(C)(C)C1=C(C=CC(=C1)C2=C(C=CC(=C2)C3=CC=C(C=C3)C(=O)O)OCCO)N4CCCC4,1493,DB12808,0.25393667817115784,0.06284012645483017,0.10012376308441162,0.9899399876594543,Transcriptome_and_KG
7254,CCC1C=C(CC(CC(C2C(CC(C(O2)(C(=O)C(=O)N3CCCCC3C(=O)OC(C(C(CC1=O)O)C)C(=CC4CCC(C(C4)OC)Cl)C)O)C)OC)OC)C)C,3338,DB00337,0.25388303399086,0.09236098825931549,-1.9618914127349854,0.983394980430603,Transcriptome_and_KG
7254,C1=CC(=C(C=C1N=NC2=CC(=C(C=C2)O)C(=O)O)C(=O)O)O,243,DB01250,0.2536064088344574,0.05435663461685181,0.7121684551239014,0.9703848361968994,Transcriptome_and_KG
7254,COCCOCC(CC1(CCCC1)C(=O)NC2CCC(CC2)C(=O)O)C(=O)OC3=CC4=C(CCC4)C=C3,4734,DB00616,0.2535855770111084,0.08162032067775726,-0.8413679599761963,0.979377031326294,Transcriptome_and_KG
7254,[Mg+2].[Cl-].[Cl-],5017,DB09407,0.2535606622695923,0.06596582382917404,-1.1984734535217285,0.9950165152549744,Transcriptome_and_KG
7254,C1CC(CN(C1=O)CC(CC(=O)N2CCC3=C(C2)N=C(N=C3C(F)(F)F)C(F)(F)F)N)(F)F,780,DB12412,0.2535305619239807,0.0612417496740818,0.4150462746620178,0.9727762937545776,Transcriptome_and_KG
7254,CC1CS(=O)(=O)CCN1N=CC2=CC=C(O2)[N+](=O)[O-],3040,DB11820,0.25319331884384155,0.0603359118103981,0.42850327491760254,0.9773419499397278,Transcriptome_and_KG
7254,C1=CSC(=C1)C(=O)C2=C(N(C3=C2C=C(C=C3)Cl)C(=O)N)O,575,DB13481,0.2530936300754547,0.0645517110824585,0.25431007146835327,0.9719460606575012,Transcriptome_and_KG
7254,CCCN(CCOC1=C(C=C(C=C1Cl)Cl)Cl)C(=O)N2C=CN=C2.C(S(=O)(=O)[O-])(I)I.[Na+],3646,DB00105,0.25300636887550354,0.01696891523897648,1.9954502582550049,0.965594470500946,Transcriptome_and_KG
7254,C1=C(C2=C(N1)C(=O)NC=N2)C3C(C(C(N3)CO)O)O,168,DB06185,0.25292423367500305,0.009104695171117783,3.7326695919036865,0.9808626174926758,Transcriptome_and_KG
7254,C1=CC=C(C=C1)N2C(=O)C(C(=O)N2C3=CC=CC=C3)CCS(=O)C4=CC=CC=C4,484,DB01138,0.25291645526885986,0.10230451077222824,-1.0502173900604248,0.9656117558479309,Transcriptome_and_KG
7254,CC12CCC3C(C1CCC(=O)O2)CCC4=CC(=O)C=CC34C,2193,DB00894,0.25270381569862366,0.10731025040149689,-0.7449929714202881,0.9527581930160522,Transcriptome_and_KG
7254,CC1(C2=CC=CC=C2C(=CCCN(C)C)C3=CC=CC=C31)C,2080,DB13384,0.25253790616989136,0.06362555176019669,0.3424975574016571,0.9603805541992188,Transcriptome_and_KG
7254,CN1CCC2=CC3=C(C(=C2[C@@H]1[C@@H]4C5=C(C(=C(C=C5)OC)OC)C(=O)O4)OC)OCO3,4377,DB06174,0.25220009684562683,0.06575393676757812,-0.8067436218261719,0.9925606846809387,Transcriptome_and_KG
7254,CC[C@@H]1[C@@H]2C[C@@H](CC[C@@]2([C@H]3CC[C@]4([C@H]([C@@H]3[C@@H]1O)CC[C@@H]4[C@H](C)CCC(=O)O)C)C)O,4027,DB05990,0.25192925333976746,0.045775555074214935,0.931218683719635,0.9654820561408997,Transcriptome_and_KG
7254,CC1C=CC(C(CCC(CC(=O)OC1C(=CC=CC(C)C2=CC=CC=N2)C)O)(C)O)OC(=O)N3CCN(CC3)C,2904,DB14017,0.25186100602149963,0.056129779666662216,0.551349401473999,0.9584836959838867,Transcriptome_and_KG
7254,C1=CC(=CC=C1CCC2=CNC3=C2C(=O)NC(=N3)N)C(=O)N[C@@H](CCC(=O)O)C(=O)O,312,DB00642,0.25182291865348816,0.07037985324859619,0.05511951446533203,0.9653693437576294,Transcriptome_and_KG
7254,C1=CC=C(C=C1)CO,476,DB06770,0.25163668394088745,0.08114732801914215,-2.026249885559082,0.9882735013961792,Transcriptome_and_KG
7254,CCC1=NN(C(=O)N1CCOC2=CC=CC=C2)CCCN3CCN(CC3)C4=CC(=CC=C4)Cl,3307,DB01149,0.2515859305858612,0.17627616226673126,-5.110116958618164,0.9738261103630066,Transcriptome_and_KG
7254,C1COCC1NC2=C3C(=NC=N2)N(C=N3)C4C(C(C(O4)CO)O)O,1123,DB04954,0.25156354904174805,0.08092883229255676,-0.5426424741744995,0.972301721572876,Transcriptome_and_KG
7254,C1CCC(C1)C(C2=CC=C(C=C2)OCC3=NC4=CC=CC=C4C=C3)C(=O)O,881,DB04929,0.25132298469543457,0.06334728002548218,0.1884446144104004,0.9759625792503357,Transcriptome_and_KG
7254,CC1=CC(=C(C=C1)C(=O)OCC2=CC=C(C=C2)C(CN)C(=O)NC3=CC4=C(C=C3)C=NC=C4)C,2520,DB13931,0.2509843409061432,0.08139239251613617,-1.4575384855270386,0.9843966364860535,Transcriptome_and_KG
7254,C1=CC=C(C=C1)C2NC3=CC(=C(C=C3C(=O)N2)S(=O)(=O)N)Cl,446,DB13708,0.2508451044559479,0.06264178454875946,0.21736827492713928,0.9747059345245361,Transcriptome_and_KG
7254,C1=CC=C(C(=C1)C(COC(=O)N)O)Cl,392,DB12338,0.25039902329444885,0.05970004200935364,0.4188368320465088,0.952590823173523,Transcriptome_and_KG
7254,C1CN(C(=O)C1=C2CC(NC3=C2C=CC(=C3)Cl)C(=O)O)C4=CC=CC=C4,971,DB05417,0.2503947913646698,0.1077643558382988,-0.9711782932281494,0.957617998123169,Transcriptome_and_KG
7254,C1=CC(=C(C=C1OC2=C(C=C(C=C2I)CC(C(=O)O)N)I)I)O,245,DB00279,0.250165194272995,0.046279627829790115,0.8721908330917358,0.9670722484588623,Transcriptome_and_KG
7254,CC(C)(C)OC[C@@H]1C(=O)NCCN1C(=O)C[C@@H](CC2=CC(=C(C=C2F)F)F)N,1561,DB12625,0.24969728291034698,0.05805123597383499,0.4150463342666626,0.9676950573921204,Transcriptome_and_KG
7254,CC1=C(C=C(C=C1)C(=O)NC)N2C(=CC(=C(C2=O)Br)OCC3=C(C=C(C=C3)F)F)C,2346,DB07941,0.24954473972320557,0.06265348941087723,0.2340208888053894,0.9677538275718689,Transcriptome_and_KG
7254,C1=C(OC(=C1)[N+](=O)[O-])C=NNC(=O)N,188,DB00336,0.24935829639434814,0.07395686209201813,-0.8545456528663635,0.9829626083374023,Transcriptome_and_KG
7254,CN1CCCCC1CCC2=CC=CC=C2NC(=O)C3=CC=C(C=C3)OC,4388,DB01228,0.24917598068714142,0.08942446857690811,-0.9782909154891968,0.9715359807014465,Transcriptome_and_KG
7254,CCCCCCCCCC(=O)NC(CC1=CNC2=CC=CC=C21)C(=O)NC(CC(=O)N)C(=O)NC(CC(=O)O)C(=O)NC3C(OC(=O)C(NC(=O)C(NC(=O)C(NC(=O)CNC(=O)C(NC(=O)C(NC(=O)C(NC(=O)C(NC(=O)CNC3=O)CCCN)CC(=O)O)C)CC(=O)O)CO)C(C)CC(=O)O)CC(=O)C4=CC=CC=C4N)C,3508,DB00080,0.24895255267620087,0.06771765649318695,-1.8115644454956055,0.9931058287620544,Transcriptome_and_KG
7254,COC1=C(C=C2C(=C1)N=CN=C2NC3=CC(=C(C=C3)F)Cl)OCCCN4CCOCC4,4595,DB00317,0.24891316890716553,0.08571764081716537,-0.8817954063415527,0.9726083278656006,Transcriptome_and_KG
7254,C1CC2=CC=CC=C2OC1CNCC3=CC(=CN=C3)C4=CC=C(C=C4)F,856,DB06454,0.24860051274299622,0.12035808712244034,-2.0752756595611572,0.9686762094497681,Transcriptome_and_KG
7254,CC1=CC2=C(C3C4C5C6=C(C(=C7C(=C6C(N4C(C(C2)N3C)O)COC(=O)C8(CS5)C9=CC(=C(C=C9CCN8)O)OC)OCO7)C)OC(=O)C)C(=C1OC)O,2616,DB05109,0.24828293919563293,0.07350926846265793,-0.25090932846069336,0.9688419103622437,Transcriptome_and_KG
7254,C1=NC(=C(N1C2C(C(C(O2)CO)O)O)O)C(=O)N,581,DB12617,0.24816378951072693,0.04783055558800697,0.7214109897613525,0.9637435674667358,Transcriptome_and_KG
7254,CC1=CC2C(CCC3(C2CCC3(C(=O)C)OC(=O)C)C)C4C1=CC(=O)CC4,2649,DB13981,0.24808093905448914,0.04451761022210121,0.8089625239372253,0.9612919092178345,Transcriptome_and_KG
7254,CCC1=C2CN3C(=CC4=C(C3=O)COC(=O)C4(CC)O)C2=NC5=C1C=C(C=C5)OC(=O)N6CCC(CC6)N7CCCCC7,3274,DB00762,0.24805757403373718,0.09152986854314804,-1.5148847103118896,0.9770574569702148,Transcriptome_and_KG
7254,CCC1C2(C(C(C(=O)C(CC(C(C(C(=O)C(C(=O)O1)C)C)OC3C(C(CC(O3)C)N(C)C)O)(C)OC)C)C)N(C(=O)O2)CCCCN4C=C(N=C4)C5=CN=CC=C5)C,3334,DB00976,0.24793845415115356,0.11231891810894012,-1.4824004173278809,0.9640867114067078,Transcriptome_and_KG
7254,CC(C)(CO)C1=CC2=CC(=C(C=C2N1C[C@H](CO)O)F)NC(=O)C3(CC3)C4=CC5=C(C=C4)OC(O5)(F)F,1601,DB11712,0.24777944386005402,0.05137467011809349,0.6583317518234253,0.9792110323905945,Transcriptome_and_KG
7254,CCC(C)C(C(=O)NCC(=O)NC(C(C)C)C(=O)NCC(=O)NC(C)C(=O)N1CCCC1C(=O)N)NC(=O)C(C)NC(=O)C(C(C)O)NC(=O)C(CCC(=O)N)NC(=O)C2CCCN2C(=O)C(CC3=CC=CC=C3)NC(=O)C(C(C)O)NC(=O)C(CC4=CNC=N4)NC(=O)C(CC5=CC=CC=C5)NC(=O)C(CCCCN)NC(=O)C(CC(=O)N)NC(=O)C(CC6=CC=CC=C6)NC(=O)C(CC(=O)O)NC(=O)C(CCC(=O)N)NC(=O)C(C(C)O)NC(=O)C(CC7=CC=C(C=C7)O)NC(=O)C(C(C)O)NC(=O)CNC(=O)C(CC(C)C)NC(=O)C(CCSC)NC(=O)C8CSSCC(C(=O)NCC(=O)NC(C(=O)NC(C(=O)NC(C(=O)NC(C(=O)N8)C(C)O)CO)CC(C)C)CC(=O)N)N,3158,DB06773,0.2475530505180359,0.05668657273054123,0.2454148530960083,0.9858554005622864,Transcriptome_and_KG
7254,CC[C@]12CC[C@H]3[C@H]([C@@H]1CC[C@]2(C#C)O)CCC4=CC(=NO)CC[C@H]34,4052,DB06713,0.24752290546894073,0.0609130933880806,-0.3700544834136963,0.9896977543830872,Transcriptome_and_KG
7254,CC1CC(C(C(C=C(C(C(C=CC=C(C(=O)NC2=CC(=O)C(=C(C1)C2=O)NCC=C)C)OC)OC(=O)N)C)C)O)OC,2928,DB05134,0.2474198043346405,0.056602843105793,0.4165835678577423,0.9575494527816772,Transcriptome_and_KG
7254,CC1=C(C=CC2=C1OC(=O)C(=C2O)NC(=O)C3=CC(=C(C=C3)O)CC=C(C)C)OC4C(C(C(C(O4)(C)C)OC)OC(=O)N)O,2387,DB01051,0.2473783642053604,0.0529535673558712,0.548230767250061,0.9819725751876831,Transcriptome_and_KG
7254,CN1CCC(C(C1)O)C2=C(C=C(C3=C2OC(=CC3=O)C4=CC=CC=C4Cl)O)O,4350,DB03496,0.24736294150352478,0.04655366763472557,0.9507341384887695,0.9804317951202393,Transcriptome_and_KG
7254,C1=C(C(=O)NC(=O)N1)F,162,DB00544,0.24727904796600342,0.09909739345312119,-0.3270270824432373,0.9346334338188171,Transcriptome_and_KG
7254,CC1C(C(CC(O1)OC2CC(CC3=C2C(=C4C(=C3O)C(=O)C5=CC=CC=C5C4=O)O)(C(=O)C)O)N)O,2871,DB01177,0.2468871921300888,0.05857810378074646,0.3405890464782715,0.958828866481781,Transcriptome_and_KG
7254,C1C(=O)NC2=C(C=C(C=C2)Br)C(=N1)C3=CC=CC=N3,622,DB01558,0.24685531854629517,0.08443565666675568,-0.8726736307144165,0.9718791842460632,Transcriptome_and_KG
7254,C1=CC=C(C(=C1)COC2=CC3=C(C=C2)C=C(C=C3)CC4C(=O)NC(=O)S4)F,401,DB09199,0.2467290461063385,0.05395061522722244,0.4403543472290039,0.9812317490577698,Transcriptome_and_KG
7254,CC1C2C(C(=O)N2C(=C1SC3CN4C=NC=[N+]4C3)C(=O)[O-])C(C)O,2898,DB13028,0.24658606946468353,0.047934480011463165,0.6074764132499695,0.944629967212677,Transcriptome_and_KG
7254,CC12CCCCC1=CCC3C2CCC4(C3CC(C4=O)F)C,2214,DB06250,0.24656140804290771,0.04002239927649498,0.9430819749832153,0.9644379615783691,Transcriptome_and_KG
7254,C1C[N+]2(CCC1(CC2)C(C3=CC=CC=C3)(C4=CC=CC=C4)O)CCOCC5=CC=CC=C5.[Br-],1157,DB09076,0.24650949239730835,0.09996508061885834,-1.6338753700256348,0.9727178812026978,Transcriptome_and_KG
7254,CC(C)C1=C(C=C(C=C1O)C=CC2=CC=CC=C2)O,1681,DB06083,0.246493861079216,0.059948697686195374,0.3870842754840851,0.925476610660553,Transcriptome_and_KG
7254,CCC(C)C1C(=O)NC(C(=O)NC(C(=O)NC(CSSCC(C(=O)NC(C(=O)N1)CC2=CC=C(C=C2)O)N)C(=O)N3CCCC3C(=O)NC(CC(C)C)C(=O)NCC(=O)N)CC(=O)N)CCC(=O)N,3165,DB00107,0.24633373320102692,0.08336082845926285,-4.87792444229126,0.9928105473518372,Transcriptome_and_KG
7254,CC1=CC(=CN=C1NC)C2=C(C3=C(C=C2)C(=O)C(=CN3C4CC4)C(=O)O)C,2580,DB12924,0.24631518125534058,0.059981923550367355,0.0,0.9817684888839722,Transcriptome_and_KG
7254,CC1=C(C(=O)N(N1C)C2=CC=CC=C2)N(C)CS(=O)(=O)O,2274,DB04817,0.24621614813804626,0.055975623428821564,0.3755081295967102,0.9663652777671814,Transcriptome_and_KG
7254,COC1CNCCC1NC(=O)C2=CC(=C(C=C2OC)N)Cl,4705,DB06422,0.2460353970527649,0.08783818781375885,-0.9375935792922974,0.9696401357650757,Transcriptome_and_KG
7254,CCCCCCC(C)(C)C1=CC(=C2C3CC(=CCC3C(OC2=C1)(C)C)CO)O,3490,DB06444,0.24600929021835327,0.01671195775270462,1.5111186504364014,0.9571414589881897,Transcriptome_and_KG
7254,CC(C)CC(C(=O)NC(CCCN=C(N)N)C(=O)N1CCCC1C(=O)NCC(=O)N)NC(=O)C(CC2=CNC3=CC=CC=C32)NC(=O)C(CC4=CC=C(C=C4)O)NC(=O)C(CO)NC(=O)C(CC5=CNC6=CC=CC=C65)NC(=O)C(CC7=CN=CN7)NC(=O)C8CCC(=O)N8,1733,DB06825,0.2459183931350708,0.06848584860563278,-2.0599782466888428,0.9920429587364197,Transcriptome_and_KG
7254,C(=O)(O)P(=O)(O)O,34,DB00529,0.24585376679897308,0.06423529982566833,-1.6947003602981567,0.9931185245513916,Transcriptome_and_KG
7254,CC[C@H](C)[C@@H](C(=O)N[C@@H](C)C(=O)N[C@@H](CC1=CNC2=CC=CC=C21)C(=O)N[C@@H](CC(C)C)C(=O)N[C@@H](C(C)C)C(=O)N[C@@H](CCCNC(=N)N)C(=O)NCC(=O)N[C@@H](CCCNC(=N)N)C(=O)NCC(=O)O)NC(=O)[C@H](CC3=CC=CC=C3)NC(=O)[C@H](CCC(=O)O)NC(=O)[C@H](CCCCNC(=O)COCCOCCNC(=O)COCCOCCNC(=O)CC[C@H](C(=O)O)NC(=O)CCCCCCCCCCCCCCCCC(=O)O)NC(=O)[C@H](C)NC(=O)[C@H](C)NC(=O)[C@H](CCC(=O)N)NC(=O)CNC(=O)[C@H](CCC(=O)O)NC(=O)[C@H](CC(C)C)NC(=O)[C@H](CC4=CC=C(C=C4)O)NC(=O)[C@H](CO)NC(=O)[C@H](CO)NC(=O)[C@H](C(C)C)NC(=O)[C@H](CC(=O)O)NC(=O)[C@H](CO)NC(=O)[C@H]([C@@H](C)O)NC(=O)[C@H](CC5=CC=CC=C5)NC(=O)[C@H]([C@@H](C)O)NC(=O)CNC(=O)[C@H](CCC(=O)O)NC(=O)C(C)(C)NC(=O)[C@H](CC6=CNC=N6)N,4044,DB13928,0.24578531086444855,0.047808218747377396,0.7644604444503784,0.9794349670410156,Transcriptome_and_KG
7254,C1=CC(=C2C(=C1NCCN)C(=O)C3=C(C2=O)C=NC=C3)NCCN,251,DB06193,0.24551688134670258,0.016756532713770866,1.6526291370391846,0.9627148509025574,Transcriptome_and_KG
7254,C1CN(CCN1CCC=C2C3=CC=CC=C3SC4=C2C=C(C=C4)C(F)(F)F)CCO,1045,DB00875,0.24548441171646118,0.08349818736314774,-1.312332272529602,0.9783355593681335,Transcriptome_and_KG
7254,CC=C1C2CC3=C(C1(CC(=C2)C)N)C=CC(=O)N3,3052,DB04864,0.24542424082756042,0.08381962776184082,-0.8708548545837402,0.9712162017822266,Transcriptome_and_KG
7254,[O-2].[O-2].[O-2].[As+3].[As+3],5027,DB01169,0.24464306235313416,0.05195075273513794,0.45943331718444824,0.9744386672973633,Transcriptome_and_KG
7254,C1CN(CCC1NC(=O)C2=CC=CC=C2)CCC3=CNC4=CC=CC=C43,1017,DB08950,0.24463489651679993,0.08748205006122589,-1.566132664680481,0.9781328439712524,Transcriptome_and_KG
7254,CCC1=CN=C(C=C1)CCOC2=CC=C(C=C2)CC3C(=O)NC(=O)S3,3292,DB01132,0.24461878836154938,0.05948921665549278,-0.31904464960098267,0.9871921539306641,Transcriptome_and_KG
7254,C1=CC=C(C(=C1)C(C2=CC=C(C=C2)Cl)C(Cl)Cl)Cl,391,DB00648,0.24460312724113464,0.07312333583831787,-2.1959598064422607,0.9897378087043762,Transcriptome_and_KG
7254,CC1=C(C2=CC=CC=C2N1)CCNCC3=CC=C(C=C3)C=CC(=O)NO,2340,DB06603,0.24439752101898193,0.05412112921476364,0.3506033420562744,0.9731971621513367,Transcriptome_and_KG
7254,CN1C2=C(C=C(C=C2)C(=O)N(CCC(=O)O)C3=CC=CC=N3)N=C1CNC4=CC=C(C=C4)C(=N)N,4274,DB06695,0.24434608221054077,0.06774615496397018,-1.607513427734375,0.9899380207061768,Transcriptome_and_KG
7254,CC1=C(C(=NO1)C2=C(C=CC=C2Cl)F)C(=O)NC3C4N(C3=O)C(C(S4)(C)C)C(=O)O,2253,DB00301,0.2443261742591858,0.04166632890701294,0.756187915802002,0.9568254947662354,Transcriptome_and_KG
7254,C1=C2C(=NC=NN2C(=C1)C3(C(C(C(O3)CO)O)O)C#N)N,196,DB15686,0.24417893588542938,0.05881957709789276,0.3420812487602234,0.9377666711807251,Transcriptome_and_KG
7254,CC1CC(C2C(CC(C(O2)(C(=O)C(=O)N3CCCCC3C(=O)OC(C(C(CC(=O)C(C=C(C1)C)CC=C)O)C)C(=CC4CCC(C(C4)OC)O)C)O)C)OC)OC,2933,DB00864,0.2439897060394287,0.08368533104658127,-1.9746298789978027,0.9832698106765747,Transcriptome_and_KG
7254,[Na+].[Cl-],5024,DB09153,0.24375274777412415,0.0744209736585617,-0.6680958867073059,0.9744290113449097,Transcriptome_and_KG
7254,C1CN(CCC1NC2=C3C=C(SC3=NC=N2)Cl)CC4=CC(=C(C=C4)F)C#N,1018,DB05607,0.24373121559619904,0.07717379182577133,-0.6452255845069885,0.9710112810134888,Transcriptome_and_KG
7254,CCCN1C2=C(C(=O)N(C1=O)CCC)NC(=N2)C34CC5CC(C3)CC4C5,3652,DB12670,0.24328036606311798,0.07056023180484772,-0.33005914092063904,0.9692525863647461,Transcriptome_and_KG
7254,CC(C)(C#N)C1=CC(=CC(=C1)CN2C=NC=N2)C(C)(C)C#N,1465,DB01217,0.24323931336402893,0.06226588413119316,-0.8837535381317139,0.9887457489967346,Transcriptome_and_KG
7254,CN(C)CC=CC(=O)NC1=C(C=C2C(=C1)C(=NC=N2)NC3=CC(=C(C=C3)F)Cl)OC4CCOC4.C(=CC(=O)O)C(=O)O.C(=CC(=O)O)C(=O)O,4135,DB08916,0.24303556978702545,0.04765736311674118,0.6252620220184326,0.9802458882331848,Transcriptome_and_KG
7254,CN1C(=CC(=O)N(C1=O)C)NCCCN2CCN(CC2)C3=CC=CC=C3OC,4230,DB12661,0.24295495450496674,0.057098276913166046,0.3057408928871155,0.952391505241394,Transcriptome_and_KG
7254,CCC1(C2=C(COC1=O)C(=O)N3CC4=C(C5=CC6=C(C=C5N=C4C3=C2)OCCO6)CN7CCN(CC7)C)O,3228,DB12222,0.24281296133995056,0.02414775639772415,1.6526291370391846,0.972918689250946,Transcriptome_and_KG
7254,CC12CCC3C(C1CCC2O)CCC4=CC(=C(C=C34)OC)O,2210,DB02342,0.24270261824131012,-0.002209652215242386,2.374626636505127,0.9662927985191345,Transcriptome_and_KG
7254,C1=C(C=C(C(=C1Br)O)Br)C[C@@H](C(=O)O)N,169,DB07637,0.24260005354881287,0.13816535472869873,-2.7980990409851074,0.9668678045272827,Transcriptome_and_KG
7254,CC(=C(C#N)C(=O)NC1=CC=C(C=C1)C(F)(F)F)O,1244,DB08880,0.24246440827846527,0.03446609526872635,0.9328446388244629,0.9590457081794739,Transcriptome_and_KG
7254,CC(=O)NC1(CCN(CC1)CCC(CN(C)C(=O)C2=CC=CC=C2)C3=CC(=C(C=C3)Cl)Cl)C4=CC=CC=C4,1314,DB06660,0.24243423342704773,0.06345731019973755,-0.3574417233467102,0.9791545271873474,Transcriptome_and_KG
7254,CN(CCOC1=CC=C(C=C1)CC2C(=O)NC(=O)S2)C3=CC=CC=N3,4223,DB00412,0.2423095405101776,0.055802859365940094,-0.7030928730964661,0.9929048418998718,Transcriptome_and_KG
7254,CC1C=CC=C(C(=O)NC2=C(C(=C3C(=C2O)C(=C(C4=C3C(=O)C(O4)(OC=CC(C(C(C(C(C(C1O)C)O)C)OC(=O)C)C)OC)C)C)O)O)C=NN5CCN(CC5)C)C,2908,DB01045,0.24217796325683594,0.06737074255943298,-2.0158843994140625,0.9907634854316711,Transcriptome_and_KG
7254,CCCCCOC(=O)NC1=NC(=O)N(C=C1F)C2C(C(C(O2)C)O)O,3578,DB01101,0.24185708165168762,0.1237240731716156,-2.445589542388916,0.9685819149017334,Transcriptome_and_KG
7254,CC1=C(C=CC(=C1)F)C2CNCCN2C(=O)N(C)C(C)C3=CC(=CC(=C3)C(F)(F)F)C(F)(F)F.CS(=O)(=O)O,2376,DB05418,0.2418418824672699,0.09756191074848175,-1.279301404953003,0.9661433100700378,Transcriptome_and_KG
7254,CC1=C(C=C(C=C1)N2C(=O)C(=C(N2)C)N=NC3=CC=CC(=C3O)C4=CC(=CC=C4)C(=O)O)C,2356,DB06210,0.24180704355239868,0.07748551666736603,-1.1059108972549438,0.9775875210762024,Transcriptome_and_KG
7254,CN1C2=NC(=NC=C2C=C(C1=O)OC3=C(C=C(C=C3)F)F)NC4CCOCC4,4292,DB06518,0.2416589856147766,0.055270224809646606,0.2340208888053894,0.9678234457969666,Transcriptome_and_KG
7254,C1CN2C(=NN=C2C(F)(F)F)CN1C(=O)CC(CC3=CC(=C(C=C3F)F)F)N,1074,DB01261,0.24152374267578125,0.06064598634839058,-0.6714583039283752,0.9867759346961975,Transcriptome_and_KG
7254,CCCCN(CCCC)C(=O)CN1CC(C(C1C2=CC=C(C=C2)OC)C(=O)O)C3=CC4=C(C=C3)OCO4,3596,DB06199,0.2414228469133377,0.053765393793582916,0.001339554786682129,0.9859952330589294,Transcriptome_and_KG
7254,CS(=O)(=O)CCNCC1=CC=C(O1)C2=CC3=C(C=C2)N=CN=C3NC4=CC(=C(C=C4)OCC5=CC(=CC=C5)F)Cl,4762,DB01259,0.24141362309455872,0.07559196650981903,-0.9908503293991089,0.9771400690078735,Transcriptome_and_KG
7254,C1=CN=C(C=N1)NNC(=O)C=CN2C=NC(=N2)C3=CC(=CC(=C3)C(F)(F)F)C(F)(F)F,563,DB11942,0.24130235612392426,0.04268316924571991,0.9751257300376892,0.9857855439186096,Transcriptome_and_KG
7254,C1CC(=O)C(C(=O)C1)C(=O)C2=C(C=C(C=C2)C(F)(F)F)[N+](=O)[O-],732,DB00348,0.24117550253868103,0.05650138482451439,-0.5600597858428955,0.9898982644081116,Transcriptome_and_KG
7254,B1(C2=C(CO1)C=C(C=C2)OC3=CC=C(C=C3)C#N)O,10,DB05219,0.24114885926246643,0.06176186352968216,-1.5067908763885498,0.9913454055786133,Transcriptome_and_KG
7254,CCC1=C2CN3C(=CC4=C(C3=O)COC(=O)C4(CC)OC(=O)CNC(=O)COCCOCC(COCCOCC(=O)NCC(=O)OC5(C6=C(COC5=O)C(=O)N7CC8=C(C9=C(C=CC(=C9)OC(=O)N3CCC(CC3)N3CCCCC3)N=C8C7=C6)CC)CC)(COCCOCC(=O)NCC(=O)OC3(C4=C(COC3=O)C(=O)N3CC5=C(C6=C(C=CC(=C6)OC(=O)N6CCC(CC6)N6CCCCC6)N=C5C3=C4)CC)CC)COCCOCC(=O)NCC(=O)OC3(C4=C(COC3=O)C(=O)N3CC5=C(C6=C(C=CC(=C6)OC(=O)N6CCC(CC6)N6CCCCC6)N=C5C3=C4)CC)CC)C2=NC2=C1C=C(C=C2)OC(=O)N1CCC(CC1)N1CCCCC1,3276,DB14951,0.24059586226940155,0.021909892559051514,1.6526291370391846,0.9727349877357483,Transcriptome_and_KG
7254,C[C@]12CC[C@H]3[C@H]([C@@H]1CC[C@]2(C#C)O)CCC4=C3CCC(=O)C4,4941,DB09371,0.24054022133350372,0.0069017792120575905,2.136773109436035,0.9696230888366699,Transcriptome_and_KG
7254,CC1(C(=O)N(C(=O)N1)C2=CC(=C(C=C2)[N+](=O)[O-])C(F)(F)F)C,2033,DB00665,0.24039582908153534,0.07146228849887848,-1.5315314531326294,0.9850828647613525,Transcriptome_and_KG
7254,CCN1C=C(C(=O)C2=C1C=C(C=C2)C3=CC=NC=C3)C(=O)O,3806,DB00817,0.2403048574924469,0.04401339590549469,0.6866297721862793,0.9792982339859009,Transcriptome_and_KG
7254,CCN(CC=CC#CC(C)(C)C)CC1=CC(=CC=C1)OCC2=CC(=CS2)C3=CSC=C3,3778,DB05481,0.2398778647184372,0.06368260830640793,0.40021973848342896,0.8103159666061401,Transcriptome_and_KG
7254,C1=CC(=CC=C1CN2C=CN=C2)C=CC(=O)O,325,DB12017,0.23986992239952087,0.10803406685590744,-0.7764830589294434,0.9422593712806702,Transcriptome_and_KG
7254,[C-]#N.[C-]#N.[C-]#N.[C-]#N.[C-]#N.[N-]=O.[Fe+6],5002,DB00325,0.23969705402851105,0.062179699540138245,-0.5437811613082886,0.9813634157180786,Transcriptome_and_KG
7254,CC1CN(CCC1(C)C2=CC(=CC=C2)O)CC(CC3=CC=CC=C3)C(=O)NCC(=O)O,3019,DB06274,0.2395455539226532,0.07586943358182907,-2.920330762863159,0.9892080426216125,Transcriptome_and_KG
7254,CCCCN(CCCC)CC(C1=CC(=CC2=C1C3=C(C2=CC4=CC=C(C=C4)Cl)C=C(C=C3)Cl)Cl)O,3598,DB06708,0.23920270800590515,0.09837948530912399,-1.8923463821411133,0.9729706048965454,Transcriptome_and_KG
7254,CC1=C(C(=CC=C1)C)NC(=O)CC23CCCN2CCC3,2233,DB12712,0.23912769556045532,0.018595891073346138,1.488123893737793,0.9660590887069702,Transcriptome_and_KG
7254,CC(C)C(C(=O)NC(C)C(=O)NC1=CC=C(C=C1)C2=CN3C(C2)C=NC4=CC(=C(C=C4C3=O)OC)OCCCOC5=C(C=C6C(=C5)N=CC7CC(=CN7C6=O)C8=CC=C(C=C8)OC)OC)NC(=O)CCCCCN9C(=O)CC(C9=O)SCC(C(=O)O)N,1636,DB11884,0.23911243677139282,0.03645195811986923,0.8241005539894104,0.9642937183380127,Transcriptome_and_KG
7254,C1=CC=C(C=C1)COC2=CC=C(C=C2)O,478,DB00600,0.2388484627008438,0.039280347526073456,0.6468815803527832,0.9487806558609009,Transcriptome_and_KG
7254,CC(C)CC(C(=O)NC(CCC(=O)O)C(=O)NC(CC1=CC=CC=C1)C(=O)O)NC(=O)C2CCCN2C(=O)C(CC3=CC=CC=C3)NC(=O)C(C)NC(=O)C(CCC(=O)O)NC(=O)C(C)NC(=O)C(CO)NC(=O)C(CCC(=O)O)NC(=O)C(CC(=O)O)NC(=O)C(CCC(=O)O)NC(=O)C(C)NC(=O)CNC(=O)C(CC(=O)N)NC(=O)C4CCCN4C(=O)C(CC5=CC=C(C=C5)O)NC(=O)C(C(C)C)NC(=O)C(CCCCN)NC(=O)C(C(C)C)NC(=O)C6CCCN6C(=O)C(CCCNC(=N)N)NC(=O)C(CCCNC(=N)N)NC(=O)C(CCCCN)NC(=O)C(CCCCN)NC(=O)CNC(=O)C(C(C)C)NC(=O)C7CCCN7C(=O)C(CCCCN)NC(=O)CNC(=O)C(CC8=CNC9=CC=CC=C98)NC(=O)C(CCCNC(=N)N)NC(=O)C(CC1=CC=CC=C1)NC(=O)C(CC1=CN=CN1)NC(=O)C(CCC(=O)O)NC(=O)C(CCSC)NC(=O)C(CO)NC(=O)C(CC1=CC=C(C=C1)O)NC(=O)C(CO)N,1730,DB01285,0.23869962990283966,0.05041290819644928,0.23027479648590088,0.9779582619667053,Transcriptome_and_KG
7254,F[Sn]F,4981,DB11092,0.23864877223968506,0.08967900276184082,-1.8947890996932983,0.9771423935890198,Transcriptome_and_KG
7254,CCC(C)C(C(=O)NC(C(C)O)C(=O)NC(C(C)O)C(=O)NC(CCCCN)C(=O)NC(CC(=O)O)C(=O)NC(CC(C)C)C(=O)NC(CCCCN)C(=O)NC(CCC(=O)O)C(=O)NC(CCCCN)C(=O)NC(CCCCN)C(=O)NC(CCC(=O)O)C(=O)NC(C(C)C)C(=O)NC(C(C)C)C(=O)NC(CCC(=O)O)C(=O)NC(CCC(=O)O)C(=O)NC(C)C(=O)NC(CCC(=O)O)C(=O)NC(CC(=O)N)C(=O)O)NC(=O)C(CCC(=O)O)NC(=O)C(CO)NC(=O)C(CO)NC(=O)C(C(C)O)NC(=O)C(CC(=O)O)NC(=O)C(C(C)C)NC(=O)C(C)NC(=O)C(C)NC(=O)C(CC(=O)O)NC(=O)C(CO)NC(=O)C,3136,DB04900,0.23847772181034088,0.02505955845117569,1.6526291370391846,0.9780543446540833,Transcriptome_and_KG
7254,CC1=CN(C(=O)NC1=O)C2C(C(C(O2)CO)O)F,2710,DB06683,0.2384495735168457,0.06861263513565063,0.12536615133285522,0.9256834983825684,Transcriptome_and_KG
7254,C1=CC=C(C(=C1)CC(=O)O)NC2=C(C=CC=C2Cl)Cl,397,DB00586,0.23832271993160248,0.09096744656562805,-0.8487114906311035,0.9586028456687927,Transcriptome_and_KG
7254,CCCCCCCCCCCCCCCCOC1=NC2=C(C=C(C=C2)C)C(=O)O1,3543,DB06586,0.23831655085086823,0.0635749101638794,-3.138946056365967,0.9936978220939636,Transcriptome_and_KG
7254,CCC#CC(C)C1(C(=O)NC(=O)N(C1=O)C)CC=C,3056,DB00474,0.23814624547958374,0.0922367125749588,-3.0284924507141113,0.9833371043205261,Transcriptome_and_KG
7254,CC1=C(C(=CC=C1)Cl)NC(=O)C2=CN=C(S2)NC3=CC(=NC(=N3)C)N4CCN(CC4)CCO,2241,DB01254,0.23795223236083984,0.06888414919376373,-1.0979342460632324,0.9813429713249207,Transcriptome_and_KG
7254,CC1C=CC=CC=CC=CC=CC=CC=CC(CC(C(C(CC(=O)CC(CC(CC(CC(=O)CCCC(=O)CC(=O)OC1C(C)CC(C)C(CC(=O)C2=CC=C(C=C2)N)O)O)O)O)O)C(=O)O)O)OC3C(C(C(C(O3)C)O)N)O,2913,DB01152,0.23694884777069092,0.03824443370103836,0.8997281789779663,0.9818987846374512,Transcriptome_and_KG
7254,CN1CC(CC2(C1CC3=CN(C4=CC=CC2=C34)C)OC)COC(=O)C5=CC(=CN=C5)Br,4335,DB00699,0.23661859333515167,0.07181623578071594,-1.3855336904525757,0.9814370274543762,Transcriptome_and_KG
7254,CC(=C)C1CCC2(C1C3CCC4C5(CCC(C(C5CCC4(C3(CC2)C)C)(C)C)O)C)C(=O)O,1246,DB12480,0.23655377328395844,0.058178652077913284,0.04476100206375122,0.96056067943573,Transcriptome_and_KG
7254,CC(C)(C)NCC(=O)NC1=CC(=C2C[C@H]3C[C@H]4[C@@H](C(=O)C(=C([C@]4(C(=O)C3=C(C2=C1O)O)O)O)C(=O)N)N(C)C)N(C)C,1536,DB00560,0.23654624819755554,0.027258843183517456,0.7741656303405762,0.9314759373664856,Transcriptome_and_KG
7254,CCNC1CC(C(C(C1OC2C(C(C(CO2)(C)O)NC)O)O)OC3C(CC=C(O3)CN)N)N,3850,DB00955,0.23635192215442657,0.055258601903915405,-1.653367280960083,0.9931769371032715,Transcriptome_and_KG
7254,C1(C(=O)NC(=O)N1)NC(=O)N,153,DB11100,0.23630748689174652,0.07568270713090897,-0.19548630714416504,0.9437503218650818,Transcriptome_and_KG
7254,CC1C(=O)NC(C(=O)NC(C(=O)NC(C(=O)NC(C(=O)NC(CSSCC(C(=O)N1)NC(=O)C(CCCN=C(N)N)NC(=O)C)C(=O)N)CC2=CNC3=CC=CC=C32)CCCN=C(N)N)CC4=CC=CC=C4)CC5=CN=CN5,2841,DB11700,0.23529382050037384,0.09213627129793167,-1.1154695749282837,0.9622926115989685,Transcriptome_and_KG
7254,CC1=C(C(=CC=C1)C)N(CC(=O)NC2=CC=C(C=C2)C3=NOC=N3)C(=O)C4CCS(=O)(=O)CC4,2230,DB11701,0.23517955839633942,0.05592385679483414,0.0,0.9664021134376526,Transcriptome_and_KG
7254,COCCOC(=O)NCCCCC(C(=O)NCCCCCCCOP(=O)(C)O)NC(=O)OCCOC,4726,DB04895,0.23515202105045319,0.03803321346640587,0.7599307298660278,0.9792877435684204,Transcriptome_and_KG
7254,CC12CCC(=O)C=C1CCC3C2C(CC4(C3CCC4C(=O)CO)C=O)O,2184,DB04630,0.2350788712501526,0.043638523668050766,0.44891852140426636,0.9633089303970337,Transcriptome_and_KG
7254,CC(C)C(CCC(C)C1CCC2C1(CCCC2=CC=C3CC(CC(C3=C)O)O)C)O,1669,DB13689,0.23506708443164825,0.04580286890268326,0.35250601172447205,0.9696743488311768,Transcriptome_and_KG
7254,COC1=CC(=CC(=C1Br)OC)CC2=CN=C(N=C2N)N,4631,DB13795,0.2348972111940384,0.044434744864702225,0.40771135687828064,0.9673897624015808,Transcriptome_and_KG
7254,C1CN(CC2=CC(=NN=C21)NN)C(=O)C3=CC=CC=C3,980,DB13435,0.23469029366970062,0.05421995371580124,0.17545130848884583,0.952984631061554,Transcriptome_and_KG
7254,C1CC(=O)NC(=O)C1N2CC3=C(C2=O)C=CC=C3N,740,DB00480,0.23444734513759613,0.08086775988340378,-0.9326050281524658,0.9663172960281372,Transcriptome_and_KG
7254,C1=CC2=C(C(=C1)NS(=O)(=O)C3=CC=C(C=C3)S(=O)(=O)N)NC=C2Cl,358,DB06370,0.2344401329755783,0.06107480823993683,-0.47106480598449707,0.9752287864685059,Transcriptome_and_KG
7254,CCC1C(=O)N(CC(=O)N(C(C(=O)NC(C(=O)N(C(C(=O)NC(C(=O)NC(C(=O)N(C(C(=O)N(C(C(=O)N(C(C(=O)N(C(C(=O)N1)C(C(C)CC=CC)O)C)C(C)C)C)CC(C)C)C)CC(C)C)C)C)C)CC(C)C)C)C(C)C)CC(C)C)C)C,3314,DB00091,0.23428593575954437,0.08031592518091202,-3.5540578365325928,0.9880368709564209,Transcriptome_and_KG
7254,CC(C)N=C(N)N=C(N)NC1=CC(=C(C=C1)Cl)Cl,1834,DB12314,0.23423227667808533,0.043277472257614136,0.43519365787506104,0.9627876281738281,Transcriptome_and_KG
7254,C1CC(C(OC1CN)OC2C(CC(C(C2O)OC3C(C(C(C(O3)CO)O)N)O)NC(=O)C(CCN)O)N)N,749,DB06696,0.23412804305553436,0.04778090864419937,0.18176984786987305,0.9750245213508606,Transcriptome_and_KG
7254,C1CNC(=N[C@H]1[C@H]2C(=O)NC[C@@H](C(=O)N[C@H](C(=O)N[C@H](C(=O)N/C(=C\NC(=O)N)/C(=O)N2)CO)CO)NC(=O)C[C@H]([C@@H](CCN)O)N)N,1096,DB08993,0.23391032218933105,0.03701867163181305,0.617982804775238,0.9593222141265869,Transcriptome_and_KG
7254,CC(C)C1=CN=C(C=C1)S(=O)(=O)NC2=C(C(=NC(=N2)C3=CC(=NC=C3)C4=NNN=N4)OCCO)OC5=CC=CC=C5OC,1697,DB06558,0.23389758169651031,0.05846516788005829,-0.3509371876716614,0.9748013019561768,Transcriptome_and_KG
7254,CC1CN(CCN1)C2=C(C(=C3C(=C2)N(C=C(C3=O)C(=O)O)C4CC4)C)F,3021,DB00365,0.233867347240448,0.07751259952783585,-0.688765287399292,0.9624117612838745,Transcriptome_and_KG
7254,C1=CC(=CC=C1C#N)C(C2=CC=C(C=C2)C#N)N3C=NC=N3,275,DB01006,0.2336980551481247,0.05144958943128586,-0.9628937244415283,0.9911537766456604,Transcriptome_and_KG
7254,CN(C)CCN1C(=O)C2=CC=CC3=CC(=CC(=C32)C1=O)N,4165,DB05022,0.23364219069480896,-0.006051880773156881,2.02614426612854,0.9625120162963867,Transcriptome_and_KG
7254,CCC(C(=O)NC1C2N(C1=O)C(C(S2)(C)C)C(=O)O)OC3=CC=CC=C3,3105,DB13660,0.23360460996627808,0.04110245779156685,0.4868188500404358,0.9561619758605957,Transcriptome_and_KG
7254,CC12C(CC(O1)N3C4=CC=CC=C4C5=C6C(=C7C8=CC=CC=C8N2C7=C53)CNC6=O)(CO)O,2160,DB06469,0.23338612914085388,0.03791620582342148,0.6357496380805969,0.9748578667640686,Transcriptome_and_KG
7254,CCC(CC)(CC(=O)NC1=CC=CC(=C1)C=CC2=NC(=CS2)C3CCC3)C(=O)O,3203,DB00587,0.23293061554431915,0.06601651757955551,-0.18493282794952393,0.9539039134979248,Transcriptome_and_KG
7254,C1CCN(C1)CCOC2=C3COCC=CCOCC4=CC(=CC=C4)C5=NC(=NC=C5)NC(=C3)C=C2,942,DB11697,0.23272337019443512,0.04289139807224274,0.3933963179588318,0.9659550786018372,Transcriptome_and_KG
7254,CC(C1=NC(=CS1)C2=CC=C(C=C2)C#N)C(CN3C=NC=N3)(C4=C(C=CC(=C4)F)F)O,1944,DB11633,0.23263679444789886,0.04485440254211426,0.1508852243423462,0.9829617142677307,Transcriptome_and_KG
7254,CCC1=C[C@H]2C[C@@](C3=C(CN(C2)C1)C4=CC=CC=C4N3)(C5=C(C=C6C(=C5)[C@]78CCN9[C@H]7[C@@](C=CC9)([C@H]([C@@]([C@@H]8N6C)(C(=O)OC)O)OC(=O)C)CC)OC)C(=O)OC,3294,DB00361,0.23236018419265747,0.06333555281162262,-0.9859702587127686,0.9802781939506531,Transcriptome_and_KG
7254,CC1=C(C(=NO1)C2=C(C=CC=C2Cl)Cl)C(=O)NC3C4N(C3=O)C(C(S4)(C)C)C(=O)O,2251,DB00485,0.23229137063026428,0.09888194501399994,-0.8396821022033691,0.9464809894561768,Transcriptome_and_KG
7254,C1=NC2=C(N=C(N=C2N1C3C(C(C(O3)CO)O)F)Cl)N,595,DB00631,0.23191215097904205,0.04667393118143082,0.19783401489257812,0.9696552753448486,Transcriptome_and_KG
7254,CC1=C(C=C(C=C1)NC2=NC=CC(=N2)N(C)C3=CC4=NN(C(=C4C=C3)C)C)S(=O)(=O)N,2362,DB06589,0.23158463835716248,0.030552510172128677,0.8043618202209473,0.9664373993873596,Transcriptome_and_KG
7254,CC1CCCC2(C(O2)CC(OC(=O)CC(C(C(=O)C(C1O)CC=C)(C)C)O)C3=CC4=C(C=C3)SC(=N4)C)C,3003,DB12391,0.23153738677501678,0.032316625118255615,0.9138498306274414,0.9798071384429932,Transcriptome_and_KG
7254,CC12CCC3C(C1CCC2O)CCC4=C3C=CC(=C4)O,2208,DB00783,0.23147103190422058,0.02661811001598835,0.8749504089355469,0.9607439637184143,Transcriptome_and_KG
7254,CC(=O)NC1=CC=C(C=C1)OC(=O)C2=CC=CC=C2OC(=O)C,1321,DB13657,0.23131252825260162,0.04471578821539879,0.2543104290962219,0.9696944952011108,Transcriptome_and_KG
7254,C1=CC=C(C=C1)C2=CC=C(C=C2)C(C3=CC=CC=C3)N4C=CN=C4,436,DB04794,0.23108196258544922,0.035143107175827026,0.7106797695159912,0.9795418977737427,Transcriptome_and_KG
7254,CC(=O)OC1=CC=C(C=C1)C(C2=CC=C(C=C2)OC(=O)C)C3=CC=CC=N3,1359,DB09020,0.2310565710067749,0.13903135061264038,-6.1845502853393555,0.9812766313552856,Transcriptome_and_KG
7254,CCC(C)C(C(=O)N1CCCC1C(=O)NC(CCC(=O)O)C(=O)NC(CCC(=O)O)C(=O)NC(CC2=CC=C(C=C2)O)C(=O)NC(CC(C)C)C(=O)O)NC(=O)C(CCC(=O)O)NC(=O)C(CCC(=O)O)NC(=O)C(CC3=CC=CC=C3)NC(=O)C(CC(=O)O)NC(=O)CNC(=O)C(CC(=O)N)NC(=O)CNC(=O)CNC(=O)CNC(=O)CNC(=O)C4CCCN4C(=O)C(CCCNC(=N)N)NC(=O)C5CCCN5C(=O)C(CC6=CC=CC=C6)N,3129,DB00006,0.2301514893770218,0.049812957644462585,-1.0519435405731201,0.9903620481491089,Transcriptome_and_KG
7254,COC1=CC=C(C=C1)O,4665,DB09516,0.23007790744304657,0.05078887566924095,0.0,0.9672960638999939,Transcriptome_and_KG
7254,CC[C@]12CC[C@H]3[C@H]([C@@H]1CC[C@]2(C#C)O)CCC4=CC(=O)CC[C@H]34,4053,DB00367,0.2300747185945511,0.031079240143299103,0.9364843368530273,0.9810907244682312,Transcriptome_and_KG
7254,C(=C/C(=O)O)\C(=O)O,28,DB01677,0.23006774485111237,0.08819526433944702,-1.7471747398376465,0.9721720218658447,Transcriptome_and_KG
7254,CCC(C)N1C(=O)N(C=N1)C2=CC=C(C=C2)N3CCN(CC3)C4=CC=C(C=C4)OCC5COC(O5)(CN6C=NC=N6)C7=C(C=C(C=C7)Cl)Cl,3183,DB01167,0.2293088287115097,0.15621845424175262,-5.134103298187256,0.9738004207611084,Transcriptome_and_KG
7254,CCCCN1CCCCC1C(=O)NC2=C(C=CC=C2C)C,3609,DB00297,0.2293061763048172,0.05174630880355835,-2.385105848312378,0.993638813495636,Transcriptome_and_KG
7254,C1CC1N2C=C(C(=O)C3=CC(=C(C(=C32)Cl)N4CCC(C4)N)F)C(=O)O,827,DB14025,0.22923853993415833,0.04676821082830429,-0.030974984169006348,0.9768474102020264,Transcriptome_and_KG
7254,CCC12C=CC3=C4CCC(=O)C=C4CCC3C1CCC2(C#C)O,3245,DB11619,0.22923728823661804,0.020157722756266594,1.257855772972107,0.9728807806968689,Transcriptome_and_KG
7254,CC(C)(CNC1=NC(=NC(=N1)C2=NC(=CC=C2)C(F)(F)F)NC3=CC(=NC=C3)C(F)(F)F)O,1597,DB13874,0.22904878854751587,-0.009555783122777939,2.4059882164001465,0.9701806902885437,Transcriptome_and_KG
7254,CC[C@]12CC(=C)[C@H]3[C@H]([C@@H]1CC[C@]2(C#C)O)CCC4=CCCC[C@H]34,4051,DB00304,0.22898556292057037,0.030906010419130325,1.087253212928772,0.9873982667922974,Transcriptome_and_KG
7254,CC1=CC2=C(C=C1)C(=NC(=O)N2C(C)C)C3=CC=CC=C3,2617,DB13649,0.22895817458629608,0.04371551424264908,0.25431132316589355,0.9633808732032776,Transcriptome_and_KG
7254,CC(C)C1=C(C=C(C(=C1)C2=NNC(=O)N2C3=CC4=C(C=C3)N(C=C4)C)O)OP(=O)(O)O,1680,DB04932,0.22886142134666443,0.006074382923543453,1.342369794845581,0.9566205143928528,Transcriptome_and_KG
7254,C[Se]CC(C(=O)O)N,4977,DB12697,0.22839215397834778,0.013260585255920887,1.548910140991211,0.9731909036636353,Transcriptome_and_KG
7254,C1=CC=C(C(=C1)C(=O)OCC(CO)O)NC2=C3C=CC=C(C3=NC=C2)C(F)(F)F,389,DB08976,0.22825412452220917,0.040530964732170105,0.25431180000305176,0.9768600463867188,Transcriptome_and_KG
7254,CNCCCC1C2=CC=CC=C2C=CC3=CC=CC=C13,4504,DB00344,0.22816292941570282,0.12764857709407806,-3.6181209087371826,0.9724476933479309,Transcriptome_and_KG
7254,CC(C)C1=C(C(=C(N1CCC(CC(CC(=O)O)O)O)C2=CC=C(C=C2)F)C3=CC=CC=C3)C(=O)NC4=CC=CC=C4,1677,DB01076,0.2279682755470276,0.13021238148212433,-4.203194618225098,0.9750995635986328,Transcriptome_and_KG
7254,C1=C(C(=C(C(=C1Cl)Cl)CC2=C(C(=CC(=C2Cl)Cl)Cl)O)O)Cl,158,DB00756,0.22786402702331543,0.055654432624578476,-1.958787441253662,0.9898603558540344,Transcriptome_and_KG
7254,C1[C@@H]2CC(C[C@H]3N2CC(=O)C1C3)OC(=O)C4=CNC5=CC=CC=C54,1181,DB00757,0.22785314917564392,0.05318120867013931,-2.2222957611083984,0.9919798374176025,Transcriptome_and_KG
7254,CC(C=CC(C1CC1)O)C2CCC3C2(CCCC3=CC=C4CC(CC(C4=C)O)O)C,1967,DB02300,0.2278386354446411,0.04640047252178192,-1.2470605373382568,0.9923855066299438,Transcriptome_and_KG
7254,CC1=NC=CN1CC2CCC3=C(C2=O)C4=CC=CC5=C4N3CCC5,2798,DB04885,0.22782209515571594,0.07791170477867126,-1.0387932062149048,0.9660598635673523,Transcriptome_and_KG
7254,CC1CN(CC(O1)C)C(=O)CN2CC(OCC2C(=O)NC3=CC(=CC4=C3NC5=C4C=CN=C5)Cl)(C)C.CS(=O)(=O)O,3013,DB05183,0.22779829800128937,0.03358073532581329,0.5641317367553711,0.9664684534072876,Transcriptome_and_KG
7254,CCCC(=O)N1CCCN(CC1)C2=NC3=CC(=C(C=C3C(=N2)N)OC)OC,3352,DB12230,0.22770938277244568,-0.047156717628240585,2.9511775970458984,0.9591158032417297,Transcriptome_and_KG
7254,CC1=NC=C2C(OCC2=C1O)C3=CC=C(C=C3)Cl,2794,DB12766,0.22764341533184052,0.0433688759803772,0.251437246799469,0.9592183232307434,Transcriptome_and_KG
7254,CC(CN(C)C)O.CC(CN(C)C)O.CC(CN(C)C)O.CC(=O)NC1=CC=C(C=C1)C(=O)O.CC(=O)NC1=CC=C(C=C1)C(=O)O.CC(=O)NC1=CC=C(C=C1)C(=O)O.C1=NC2=C(C(=O)N1)N=CN2C3C(C(C(O3)CO)O)O,2007,DB13156,0.22758005559444427,0.043323807418346405,0.15416565537452698,0.9710848927497864,Transcriptome_and_KG
7254,CC(=O)OCC(=O)C12C(CC3C1(CC(C4(C3CC(C5=CC(=O)C=CC54C)F)F)O)C)OC(O2)(C)C,1370,DB01047,0.22726188600063324,0.05736806243658066,-0.2660081386566162,0.9639001488685608,Transcriptome_and_KG
7254,CCN(CCN1C(=NC2=C1C(=O)N(C(=O)N2C)C)CC3=CC=CC=C3)CCO,3783,DB13203,0.22725732624530792,0.028853323310613632,0.8414421081542969,0.9775097966194153,Transcriptome_and_KG
7254,C1C(=O)NC2=C(C=C(C=C2)[N+](=O)[O-])C(=N1)C3=CC=CC=C3,623,DB01595,0.22710219025611877,0.1228400468826294,-5.914301872253418,0.9829034209251404,Transcriptome_and_KG
7254,CC(C)(C)S(=O)(=O)CC(CC1=CC=CC=C1)C(=O)NC(CC2=CN=CN2)C(=O)NC(CC3CCCCC3)C(C(C4CC4)O)O,1562,DB00212,0.2270052433013916,0.05933622270822525,-0.5652486085891724,0.971450686454773,Transcriptome_and_KG
7254,CCCOC1=CC2=C(C=C1)C(C(C2C3=C(C=C(C=C3)OC)OCCO)C(=O)O)C4=CC5=C(C=C4)OCO5,3689,DB06460,0.22685354948043823,0.06293690204620361,-0.8070855140686035,0.9731849431991577,Transcriptome_and_KG
7254,CC1CCC2CC(C(=CC=CC=CC(CC(C(=O)C(C(C(=CC(C(=O)CC(OC(=O)C3CCCCN3C(=O)C(=O)C1(O2)O)C(C)CC4CCC(C(C4)OC)OP(=O)(C)C)C)C)O)OC)C)C)C)OC,2996,DB06233,0.2267950177192688,0.03192981332540512,0.6678534746170044,0.979794979095459,Transcriptome_and_KG
7254,N.N.Cl[Pt]Cl,4988,DB00515,0.22664938867092133,0.04145500808954239,0.22959375381469727,0.9673791527748108,Transcriptome_and_KG
7254,CC1=CN(C(=O)NC1=O)C2CC(C(O2)COP(=S)(O)OC3CC(OC3COP(=S)(O)OC4CC(OC4COP(=S)(O)OC5CC(OC5COP(=S)(O)OC6CC(OC6COP(=S)(O)OC7CC(OC7COP(=S)(O)OC8CC(OC8COP(=S)(O)OC9CC(OC9COP(=S)(O)OC1CC(OC1COP(=S)(O)OC1CC(OC1COP(=S)(O)OC1C(OC(C1OCCOC)N1C=C(C(=NC1=O)N)C)COP(=S)(O)OC1C(OC(C1OCCOC)N1C=NC2=C1N=C(NC2=O)N)COP(=S)(O)OC1C(OC(C1OCCOC)N1C=NC2=C(N=CN=C21)N)COP(=S)(O)OC1C(OC(C1OCCOC)N1C=C(C(=NC1=O)N)C)CO)N1C=NC2=C(N=CN=C21)N)N1C=NC2=C1N=C(NC2=O)N)N1C=CC(=NC1=O)N)N1C=NC2=C(N=CN=C21)N)N1C=NC2=C1N=C(NC2=O)N)N1C=NC2=C(N=CN=C21)N)N1C=NC2=C1N=C(NC2=O)N)N1C=C(C(=O)NC1=O)C)N1C=CC(=NC1=O)N)OP(=S)(O)OCC1C(CC(O1)N1C=C(C(=O)NC1=O)C)OP(=S)(O)OCC1C(CC(O1)N1C=CC(=NC1=O)N)OP(=S)(O)OCC1C(CC(O1)N1C=NC2=C(N=CN=C21)N)OP(=S)(O)OCC1C(C(C(O1)N1C=C(C(=O)NC1=O)C)OCCOC)OP(=S)(O)OCC1C(C(C(O1)N1C=C(C(=NC1=O)N)C)OCCOC)OP(=O)(OCC1C(C(C(O1)N1C=NC2=C(N=CN=C21)N)OCCOC)OP(=S)(O)OCC1C(C(C(O1)N1C=C(C(=O)NC1=O)C)OCCOC)O)S,2718,DB05487,0.22610189020633698,0.029314544051885605,0.5649200677871704,0.932402491569519,Transcriptome_and_KG
7254,N#N,4985,DB09152,0.22600822150707245,0.06175203621387482,-0.6589640378952026,0.9702104330062866,Transcriptome_and_KG
7254,C1=CN(C(=O)NC1=O)C2C(C(C(O2)CO)O)O,558,DB02745,0.22533652186393738,0.05803137272596359,0.04611086845397949,0.9328010678291321,Transcriptome_and_KG
7254,CC(C)OC1=CC2=C(C=C1)C(=O)C(=CO2)C3=CC=CC=C3,1888,DB13618,0.2252974659204483,0.06571826338768005,-2.5682835578918457,0.9868055582046509,Transcriptome_and_KG
7254,CCCCCCCCCCCC(=O)OCN1C(=O)CCC2=C1C=C(C=C2)OCCCCN3CCN(CC3)C4=C(C(=CC=C4)Cl)Cl,3519,DB14185,0.22513587772846222,0.0618806928396225,-1.178155541419983,0.9786821603775024,Transcriptome_and_KG
7254,CN(CCOC1=CC=C(C=C1)CC2C(=O)NC(=O)S2)C3=CC(=NC=N3)OC4=CC=C(C=C4)OC,4222,DB09198,0.22482797503471375,0.03298604488372803,0.49408233165740967,0.9828806519508362,Transcriptome_and_KG
7254,CCCCCCCCCCCCCC=CC(C(COC1C(C(C(C(O1)CO)O)OS(=O)(=O)O)O)NC(=O)CCCCCCCCCCCCCC=CCCCCCCCC)O,3526,DB04661,0.22474147379398346,-0.015121247619390488,1.338113784790039,0.933704674243927,Transcriptome_and_KG
7254,CC1=C(C(C[C@@H](C1)O)(C)C)/C=C/C(=C/C=C/C(=C/C=C/C=C(\C)/C=C/C=C(\C)/C=C/[C@H]2C(=C[C@@H](CC2(C)C)O)C)/C)/C,2315,DB00137,0.22465914487838745,0.04109654203057289,-0.23102641105651855,0.9858096241950989,Transcriptome_and_KG
7254,C1=NC(=O)NC(=C1F)N,589,DB01099,0.22453546524047852,0.05832391977310181,-2.0516958236694336,0.9874218702316284,Transcriptome_and_KG
7254,C[N+]1(CCC2=CC(=C(C=C2[C@H]1CC3=CC(=C(C(=C3)OC)OC)OC)OC)OC)CCCOC(=O)CC/C=C/CCC(=O)OCCC[N+]4(CCC5=CC(=C(C=C5[C@H]4CC6=CC(=C(C(=C6)OC)OC)OC)OC)OC)C,4966,DB01226,0.2244381308555603,0.06524784862995148,-2.9695324897766113,0.988210916519165,Transcriptome_and_KG
7254,CC(C(CN1C=NC=N1)(C2=C(C=C(C=C2)F)F)O)N3C=NC4=C(C3=O)C=CC(=C4)Cl,1456,DB12073,0.22424843907356262,0.03193240985274315,0.5202584266662598,0.9786602854728699,Transcriptome_and_KG
7254,CC[N+]1(CCC(=C(C2=CC=CC=C2)C3=CC=CC=C3)C1C)CC,4063,DB13254,0.22424806654453278,0.03747972100973129,0.32355743646621704,0.961361289024353,Transcriptome_and_KG
7254,CC1(CCCN2C1C3=C(CC2)C4=CC=CC=C4O3)COC,2123,DB12057,0.22396041452884674,0.04250258579850197,0.15995186567306519,0.9609257578849792,Transcriptome_and_KG
7254,CC[C@]12CC(=C)[C@H]3[C@H]([C@@H]1CC[C@]2(C#C)O)CCC4=CC(=O)CC[C@H]34,4050,DB00294,0.2239309549331665,0.04317019507288933,-0.5778163075447083,0.9872077107429504,Transcriptome_and_KG
7254,CS(=O)(=O)F,4763,DB13058,0.22390538454055786,0.03101683408021927,0.5167896747589111,0.9606658220291138,Transcriptome_and_KG
7254,C1CC2=C(C=CC(=C2)F)OC1C(CNCC(C3CCC4=C(O3)C=CC(=C4)F)O)O,847,DB04861,0.22382795810699463,0.09804436564445496,-2.752200126647949,0.9747834205627441,Transcriptome_and_KG
7254,CC(C)N(CCCCOCC(=O)NS(=O)(=O)C)C1=CN=C(C(=N1)C2=CC=CC=C2)C3=CC=CC=C3,1813,DB11362,0.223822683095932,0.041078366339206696,0.2960934638977051,0.9410353302955627,Transcriptome_and_KG
7254,CCCCC[C@@H](/C=C/[C@H]1[C@@H](CC(=O)[C@@H]1C/C=C\CCCC(=O)O)O)O,3588,DB00917,0.2237701416015625,0.10891450196504593,-1.247818946838379,0.9464789628982544,Transcriptome_and_KG
7254,CC1C(=O)NC2CSSCC3C(=O)NC(C(=O)NC(C(=O)NC(CSSCC(NC(=O)CNC(=O)C(NC2=O)C(C)O)C(=O)NC(CC4=CC=C(C=C4)O)C(=O)O)C(=O)NC(CSSCC(C(=O)N3)N)C(=O)NC(C(=O)N5CCCC5C(=O)N1)CC(=O)N)CC6=CC=C(C=C6)O)CCC(=O)O,2844,DB08890,0.22336071729660034,0.12320414930582047,-4.738210678100586,0.9782366156578064,Transcriptome_and_KG
7254,CCN(C1=CC=CC=C1C)C(=O)C=CC,3710,DB00265,0.22331061959266663,0.054819997400045395,0.05782341957092285,0.9343582987785339,Transcriptome_and_KG
7254,CS(=O)(=O)OCC(C(COS(=O)(=O)C)O)O,4780,DB11678,0.22315090894699097,-0.007140162400901318,1.6526291370391846,0.9598416686058044,Transcriptome_and_KG
7254,C1[C@@H]([C@H](OC2=CC(=CC(=C21)O)O)C3=CC(=C(C=C3)O)O)O,1170,DB14086,0.22314521670341492,0.043234288692474365,0.23088765144348145,0.9429497122764587,Transcriptome_and_KG
7254,C[C@H](C(=O)N)NC(=O)[C@@H]1CCCN1C(=O)[C@H](CCCCNC(C)C)NC(=O)[C@H](CC(C)C)NC(=O)[C@@H](CC2=CC=C(C=C2)NC(=O)N)NC(=O)[C@H](CC3=CC=C(C=C3)NC(=O)[C@@H]4CC(=O)NC(=O)N4)NC(=O)[C@H](CO)NC(=O)[C@@H](CC5=CN=CC=C5)NC(=O)[C@@H](CC6=CC=C(C=C6)Cl)NC(=O)[C@@H](CC7=CC8=CC=CC=C8C=C7)NC(=O)C,4853,DB06699,0.22295810282230377,0.05128488689661026,-2.166909694671631,0.9905996918678284,Transcriptome_and_KG
7254,C1=CC=C2C(=C1)[N+](=C(N=[N+]2[O-])N)[O-],538,DB04858,0.22289715707302094,0.051604263484478,-0.28500694036483765,0.967388391494751,Transcriptome_and_KG
7254,CC12CCC3C(C1CCC2(C)O)CCC4C3(COC(=O)C4)C,2199,DB00621,0.22270531952381134,0.046027109026908875,-1.5526409149169922,0.9908691644668579,Transcriptome_and_KG
7254,CN1CC(C2=C(C1)C(=CC=C2)N)C3=CC=CC=C3,4332,DB04821,0.2225930094718933,0.051824070513248444,-0.187809020280838,0.9618613123893738,Transcriptome_and_KG
7254,CCN(CC)CCNC(=O)C1=C(NC(=C1C)C=C2C3=C(C=CC(=C3)F)NC2=O)C,3752,DB01268,0.222451314330101,-0.05270425230264664,2.880063056945801,0.9576738476753235,Transcriptome_and_KG
7254,CC1=C(C=CC=C1Cl)S(=O)(=O)N2CCCC(C2)C(=O)NC3CCCCC3,2401,DB05064,0.22242602705955505,0.045798227190971375,0.01697564125061035,0.9605077505111694,Transcriptome_and_KG
7254,CC1=C(C=C(C=C1)C2C(C(C(C(O2)CO)O)O)O)CC3=CC=C(S3)C4=CC=C(C=C4)F,2352,DB08907,0.2224021703004837,0.033756718039512634,0.2993367910385132,0.9805207252502441,Transcriptome_and_KG
7254,C1=CC(=CC=C1[C@@H]2[C@H](C(=O)N2C3=CC=C(C=C3)F)CC[C@@H](C4=CC=C(C=C4)F)O)O,343,DB00973,0.22202864289283752,0.11470721662044525,-2.492288589477539,0.9652552604675293,Transcriptome_and_KG
7254,CN1C(=C(C2=C(S1(=O)=O)C=CS2)O)C(=O)NC3=CC=CC=N3,4226,DB00469,0.2215021699666977,0.03829372674226761,0.2855496406555176,0.9476243853569031,Transcriptome_and_KG
7254,C1=CC=NC(=C1)NS(=O)(=O)C2=CC=C(C=C2)N=NC3=CC(=C(C=C3)O)C(=O)O,545,DB00795,0.22123995423316956,0.04494217783212662,-0.7447605133056641,0.9846328496932983,Transcriptome_and_KG
7254,COC1=C(C=C(C=C1)C2(CCC(CC2)C(=O)O)C#N)OC3CCCC3,4565,DB03849,0.2211132049560547,0.033142391592264175,0.3048126995563507,0.9756632447242737,Transcriptome_and_KG
7254,C1=CC(=C(C(=C1)Cl)SC(CCC2=CC=C(C=C2)Cl)CN3C=CN=C3)Cl,206,DB00639,0.2210826575756073,0.07503917813301086,-1.1045329570770264,0.9648438096046448,Transcriptome_and_KG
7254,C[C@@H]1[C@@H](C(=O)N[C@@H](C(=O)N2CCC[C@H]2C(=O)N(CC(=O)N([C@H](C(=O)O1)C(C)C)C)C)C(C)C)NC(=O)C3=C4C(=C(C=C3)C)OC5=C(C(=O)C(=C(C5=N4)C(=O)N[C@H]6[C@H](OC(=O)[C@@H](N(C(=O)CN(C(=O)[C@@H]7CCCN7C(=O)[C@H](NC6=O)C(C)C)C)C)C(C)C)C)N)C,4833,DB00970,0.22080102562904358,0.05393990874290466,-0.5469081401824951,0.9705047011375427,Transcriptome_and_KG
7254,C1=CC(=CC=C1C2=COC3=C(C2=O)C=CC(=C3C4C(C(C(C(O4)CO)O)O)O)O)O,301,DB12290,0.22073005139827728,0.03021649643778801,0.45614853501319885,0.9405378103256226,Transcriptome_and_KG
7254,COC1=NC(=NC2=C1N=CN2[C@H]3[C@H]([C@@H]([C@H](O3)CO)O)O)N,4690,DB01280,0.2206948697566986,-0.020928774029016495,1.403740406036377,0.9358190298080444,Transcriptome_and_KG
7254,CCOC(=O)NC(=N)C1=CC=C(C=C1)OCC2=CC(=CC=C2)COC3=CC=C(C=C3)C(C)(C)C4=CC=C(C=C4)O,3913,DB06248,0.22059603035449982,0.04515118896961212,-0.23548585176467896,0.9724536538124084,Transcriptome_and_KG
7254,CC(C)C(C)C=CC(C)C1CCC2C1(CCCC2=CC=C3CC(CC(C3=C)O)O)C,1663,DB06410,0.22057144343852997,0.0482187420129776,-1.206559419631958,0.9859455227851868,Transcriptome_and_KG
7254,CC1CC=CC=CC(C(CC(C(C(C(CC(=O)O1)O)OC)OC2C(C(C(C(O2)C)OC3CC(C(C(O3)C)O)(C)O)N(C)C)O)CC=O)C)OC4CCC(C(O4)C)N(C)C,2976,DB06145,0.22046273946762085,0.022099807858467102,0.8022067546844482,0.9732320308685303,Transcriptome_and_KG
7254,CC[C@H](C)[C@@H](C(=O)N[C@@H](CC(C)C)C(=O)N1CCC[C@H]1C(=O)N2CCC[C@H]2C(=O)N[C@@H]([C@@H](C)O)C(=O)N[C@@H](CC(=O)N)C(=O)N[C@@H](C(C)C)C(=O)NCC(=O)N[C@@H](CO)C(=O)N[C@@H](CC(=O)N)C(=O)N[C@@H]([C@@H](C)O)C(=O)N[C@@H](CC3=CC=C(C=C3)O)C(=O)N)NC(=O)[C@@H]4CCCN4C(=O)CNC(=O)[C@H](CC5=CC=CC=C5)NC(=O)[C@H](CC(=O)N)NC(=O)[C@H](CC(=O)N)NC(=O)[C@H](CO)NC(=O)[C@H](CO)NC(=O)[C@H](CC6=CN=CN6)NC(=O)[C@H](C(C)C)NC(=O)[C@H](CC(C)C)NC(=O)[C@H](CC7=CC=CC=C7)NC(=O)[C@H](CC(=O)N)NC(=O)[C@H](C)NC(=O)[C@H](CC(C)C)NC(=O)[C@H](CCCNC(=N)N)NC(=O)[C@H](CCC(=O)N)NC(=O)[C@H]([C@@H](C)O)NC(=O)[C@H](C)NC(=O)[C@@H]8CSSC[C@@H](C(=O)N[C@H](C(=O)N[C@H](C(=O)N[C@H](C(=O)N[C@H](C(=O)N8)[C@@H](C)O)C)[C@@H](C)O)CC(=O)N)NC(=O)[C@H](CCCCN)N,4045,DB01278,0.22023454308509827,0.041995733976364136,-1.180939793586731,0.9901741743087769,Transcriptome_and_KG
7254,CC1C(=O)NC2CSSCC(C(=O)NC(C(=O)NC(C(=O)NC(CSSCC(NC(=O)CNC(=O)C(NC2=O)C(C)O)C(=O)NC(CC(C)C)C(=O)O)C(=O)NC(C(=O)NC(C(=O)NC(C(=O)N1)C(C)C)CC(=O)N)C(C)C)CC(C)C)CCC(=O)O)NC(=O)C(CCC(=O)O)NC(=O)C(CC(=O)O)NC(=O)C(CC(=O)N)N,2843,DB13170,0.22014573216438293,0.040156733244657516,-0.016499072313308716,0.9716914892196655,Transcriptome_and_KG
7254,C1=CC=C(C=C1)CSCC2=NS(=O)(=O)C3=CC(=C(C=C3N2)Cl)S(=O)(=O)N,479,DB00562,0.2200421392917633,0.04183957725763321,-1.4213588237762451,0.991400420665741,Transcriptome_and_KG
7254,CC1=CC=C(C=C1)OCC(=O)O,2676,DB05122,0.219834566116333,0.0412643700838089,0.10767990350723267,0.9577805399894714,Transcriptome_and_KG
7254,CC(=O)C1(C(=C)CC2C1(CCC3C2CCC4=CC(=O)CCC34)C)OC(=O)C,1269,DB14583,0.2198019027709961,0.0179077610373497,0.9915451407432556,0.9744341373443604,Transcriptome_and_KG
7254,CCC1C(C(C(C(=NOCOCCOC)C(CC(C(C(C(C(C(=O)O1)C)OC2CC(C(C(O2)C)O)(C)OC)C)OC3C(C(CC(O3)C)N(C)C)O)(C)O)C)C)O)(C)O,3320,DB00778,0.21971605718135834,0.04275660216808319,-0.2654026746749878,0.9761403799057007,Transcriptome_and_KG
7254,C1=CC=C(C=C1)CNC(=O)CN2C=CN=C2[N+](=O)[O-],474,DB11989,0.21966254711151123,0.04007457196712494,0.15110409259796143,0.9560214281082153,Transcriptome_and_KG
7254,CCC1=C(C2=C(O1)C=C(C=C2)S(=O)(=O)N(C)C)C(=O)C3=CC(=C(C(=C3)Br)O)Br,3253,DB04142,0.2195485234260559,0.05226706713438034,-0.3443703353404999,0.9641556143760681,Transcriptome_and_KG
7254,C1CCN(CC1)C(=O)C=CC=CC2=CC3=C(C=C2)OCO3,946,DB12582,0.21946488320827484,0.012704795226454735,1.1353269815444946,0.9709762930870056,Transcriptome_and_KG
7254,C1CC(N(C1)C(=O)C2CSSCCC(=O)NC(C(=O)NC(C(=O)NC(C(=O)NC(C(=O)N2)CC(=O)N)CCC(=O)N)CC3=CC=CC=C3)CC4=CC=C(C=C4)O)C(=O)NC(CCCN=C(N)N)C(=O)NCC(=O)N,790,DB00035,0.2193201184272766,0.14421012997627258,-4.878513813018799,0.9731969237327576,Transcriptome_and_KG
7254,CCCS(=O)(=O)NC1=C(C(=C(C=C1)F)C(=O)C2=CNC3=C2C=C(C=N3)C4=CC=C(C=C4)Cl)F,3693,DB08881,0.21920984983444214,0.03594052791595459,-1.2568773031234741,0.9943163990974426,Transcriptome_and_KG
7254,CC1=C(C(CCC1)(C)C)/C=C/C(=C\C=C\C(=C\C(=O)O)\C)/C,2309,DB00523,0.21890857815742493,0.04230913519859314,-1.3055006265640259,0.989787220954895,Transcriptome_and_KG
7254,CN(C)C1=CC=C(C=C1)C(=C2C=CC(=[N+](C)C)C=C2)C3=CC=C(C=C3)N(C)C.[Cl-],4099,DB00406,0.21874473989009857,0.0674218088388443,-0.5652512311935425,0.9534759521484375,Transcriptome_and_KG
7254,CC(C)C(CCC(C)C1CCC2C1(CCC3C2C(CC4C3(CCC(C4)NCCCNCCCCN)C)O)C)OS(=O)(=O)O,1667,DB06461,0.218683123588562,0.02228928729891777,0.6949218511581421,0.9707019329071045,Transcriptome_and_KG
7254,C1CCN(CC1)CCOC2=CC=C(C=C2)C(=O)C3=C(SC4=C3C=CC(=C4)O)C5=CC=C(C=C5)O,958,DB00481,0.2184421271085739,0.06653030216693878,-3.481717109680176,0.9875962734222412,Transcriptome_and_KG
7254,CCCN(CC)C(CC)C(=O)NC1=C(C=CC=C1C)C,3634,DB08987,0.21819376945495605,0.04137551411986351,-1.1023280620574951,0.9887019395828247,Transcriptome_and_KG
7254,CC(=O)[O-].[Na+],1404,DB09395,0.2177003026008606,0.04954471066594124,-1.2419464588165283,0.98337721824646,Transcriptome_and_KG
7254,C1CCC(CC1)N2C(=NN=N2)CCCCOC3=CC4=C(C=C3)NC(=O)CC4,907,DB01166,0.21758215129375458,0.07495944201946259,-1.301631212234497,0.9664879441261292,Transcriptome_and_KG
7254,C1=CC(=CC=C1CN)S(=O)(=O)N,320,DB06795,0.2170594036579132,0.030425066128373146,-0.2166898250579834,0.992255687713623,Transcriptome_and_KG
7254,CCOC(=O)CC(C(=O)OCC)SP(=S)(OC)OC,3903,DB00772,0.21691718697547913,0.006657358258962631,0.9852885603904724,0.9546675086021423,Transcriptome_and_KG
7254,CC1(C(N2C(S1)C(C2=O)NC(=O)C(C3=CC=C(C=C3)O)NC(=O)C(CC(=O)NC)N)C(=O)O)C,2063,DB13816,0.21687865257263184,0.02546759322285652,0.48681870102882385,0.965996265411377,Transcriptome_and_KG
7254,CC(C)N1CCN(CC1)C2=CC=C(C=C2)OCC3COC(O3)(CN4C=NC=N4)C5=C(C=C(C=C5)Cl)Cl,1829,DB00251,0.21658286452293396,0.04816588759422302,-0.902014970779419,0.9796415567398071,Transcriptome_and_KG
7254,CC12CCC(=O)C=C1C3CC3C4C2CCC5(C4C6CC6C57CCC(=O)O7)C,2179,DB01395,0.21649369597434998,0.0435817688703537,-0.4763181209564209,0.9764605760574341,Transcriptome_and_KG
7254,C1=CC=C(C(=C1)C(=O)OCCOCCO)NC2=CC=CC(=C2)C(F)(F)F,390,DB08984,0.21648211777210236,0.015243169851601124,0.8576253652572632,0.967275083065033,Transcriptome_and_KG
7254,C1=C(C2=C(N1)C(=O)N=CN2)C3C(C(C(N3)CO)O)O,167,DB05545,0.21647760272026062,0.010522464290261269,0.825390636920929,0.9492552876472473,Transcriptome_and_KG
7254,CN1CCN2[C@H]3CCN(C[C@H]3C4=C2C1=CC=C4)CCCC(=O)C5=CC=C(C=C5)F,4435,DB06077,0.2163412719964981,0.029782379046082497,0.2663411498069763,0.973793089389801,Transcriptome_and_KG
7254,CC(C)CC(C(=O)NC(CC(=O)N)C(=O)NC(CC1=CC=CC=C1)C(=O)NC(C(C)O)C(=O)NCC(=O)NC(CCSC)C(=O)N2CCCC2C(=O)N3CCCC3C(=O)NC(C)C(=O)NC(CC(=O)O)C(=O)NC(CCC(=O)O)C(=O)NC(CC(=O)O)C(=O)NC(CC4=CC=C(C=C4)O)C(=O)NC(CO)C(=O)N5CCCC5C(=O)N)NC(=O)C(CC(=O)O)NC(=O)C(CC(=O)O)NC(=O)C(CC6=CC=CC=C6)NC(=O)C(CC(=O)O)NC(=O)C(CC7=CNC8=CC=CC=C87)NC(=O)C(CCSC)NC(=O)C,1720,DB01050,0.21620802581310272,0.07175270467996597,-1.624933123588562,0.9726299047470093,Transcriptome_and_KG
7254,CCC1C2CC3C4C5(CC(C2C5O)N3C1O)C6=CC=CC=C6N4C,3337,DB01426,0.21615447103977203,0.04136930778622627,-0.1885056495666504,0.9698919653892517,Transcriptome_and_KG
7254,C[C@H]1[C@@H]([C@H](C[C@@H](O1)O[C@H]2C[C@@](CC3=C2C(=C4C(=C3O)C(=O)C5=C(C4=O)C(=CC=C5)OC)O)(C(=O)CO)O)N)O,4899,DB00445,0.21608734130859375,0.014620870351791382,0.7669253349304199,0.9569115042686462,Transcriptome_and_KG
7254,CC#CCN1C2=C(N=C1N3CCCC(C3)N)N(C(=O)N(C2=O)CC4=NC5=CC=CC=C5C(=N4)C)C,1241,DB08882,0.2158762365579605,0.052476558834314346,-0.7297809720039368,0.9717598557472229,Transcriptome_and_KG
7254,CC(C)CC(C(=O)NC(CCCN=C(N)N)C(=O)N1CCCC1C(=O)NNC(=O)N)NC(=O)C(COC(C)(C)C)NC(=O)C(CC2=CC=C(C=C2)O)NC(=O)C(CO)NC(=O)C(CC3=CNC4=CC=CC=C43)NC(=O)C(CC5=CN=CN5)NC(=O)C6CCC(=O)N6,1735,DB00014,0.2158106118440628,0.056453391909599304,-1.9624302387237549,0.9838545918464661,Transcriptome_and_KG
7254,CC1=NN=C2N1C3=C(C=C(C=C3)Cl)C(=NC2)C4=CC=CC=C4,2826,DB00404,0.21553440392017365,0.12419614940881729,-4.042430877685547,0.9727610945701599,Transcriptome_and_KG
7254,C1=CC(=C(C=C1Cl)Cl)COC(CN2C=CN=C2)C3=C(C=C(C=C3)Cl)Cl,231,DB01110,0.21552959084510803,0.12447856366634369,-7.703835487365723,0.9847432374954224,Transcriptome_and_KG
7254,CC1=C(N=CN1)CN2CCC3=C(C2=O)C4=CC=CC=C4N3C,2445,DB00969,0.21550562977790833,0.050275325775146484,-1.737375020980835,0.985527753829956,Transcriptome_and_KG
7254,CCOC(=O)[C@H](CCC1=CC=CC=C1)N[C@@H](C)C(=O)N2[C@@H](CN(C2=O)C)C(=O)O,3930,DB11783,0.21507272124290466,0.03272823244333267,0.22817015647888184,0.9570805430412292,Transcriptome_and_KG
7254,CC1C(C(CC(O1)OC2CC(CC3=C2C(=C4C(=C3O)C(=O)C5=C(C4=O)C(=CC=C5)OC)O)(C(=O)CO)O)N)O,2869,DB00997,0.2149999737739563,0.01338735967874527,0.8242523670196533,0.9628260135650635,Transcriptome_and_KG
7254,CC1(C(N2C(S1)C(C2=O)NC(=O)C(C3=CCC=CC3)N)C(=O)O)C,2068,DB13300,0.214925616979599,0.023375067859888077,0.4868188798427582,0.9531250596046448,Transcriptome_and_KG
7254,C1CC(=O)N(C1)CC(=O)N,733,DB09210,0.21486109495162964,0.03461233526468277,0.1538638472557068,0.9591171145439148,Transcriptome_and_KG
7254,CCC(C)C(C(=O)NC(CCC(=O)N)C(=O)NC(CC(=O)O)C(=O)NC(CC(C)C)C(=O)NC(CCCNC(=N)N)C(=O)NC(CCCNC(=N)N)C(=O)NC(CCCNC(=N)N)C(=O)NC(CCC(=O)O)C(=O)NC(CC(C)C)C(=O)NC(CC(C)C)C(=O)NC(CCC(=O)O)C(=O)NC(CCCCN)C(=O)NC(CC(C)C)C(=O)NC(CC(C)C)C(=O)NC(C)(C)C(=O)NC(CCCCN)C(=O)NC(CC(C)C)C(=O)NC(CC1=CN=CN1)C(=O)NC(C(C)O)C(=O)NC(C)C(=O)N)NC(=O)C(CO)NC(=O)C(CCCCN)NC(=O)CNC(=O)C(CCCCN)NC(=O)C(CC(=O)O)NC(=O)C(CC2=CN=CN2)NC(=O)C(CC(C)C)NC(=O)C(CC(C)C)NC(=O)C(CCC(=O)N)NC(=O)C(CC3=CN=CN3)NC(=O)C(CCC(=O)O)NC(=O)C(CO)NC(=O)C(C(C)C)NC(=O)C(C)N,3149,DB05084,0.21459554135799408,0.03225044906139374,0.02992764115333557,0.9763626456260681,Transcriptome_and_KG
7254,C1CNP(=O)(OC1)N(CCCl)CCCl,1116,DB00531,0.21455049514770508,0.0496591292321682,-0.3064122200012207,0.9592804312705994,Transcriptome_and_KG
7254,CCOC1=C(C=CC(=C1)C(CS(=O)(=O)C)N2C(=O)C3=C(C2=O)C(=CC=C3)NC(=O)C)OC,3954,DB05676,0.2144860327243805,0.02480543591082096,0.42507219314575195,0.9702760577201843,Transcriptome_and_KG
7254,CCOC1=NC2=CC=CC(=C2N1CC3=CC=C(C=C3)C4=CC=CC=C4C5=NOC(=O)N5)C(=O)O,3985,DB08822,0.21425768733024597,0.09457898139953613,-2.0299580097198486,0.9651346802711487,Transcriptome_and_KG
7254,CCCCCOC1=CC=C(C=C1)C2=CC=C(C=C2)C3=CC=C(C=C3)C(=O)NC4CC(C(NC(=O)C5C(C(CN5C(=O)C(NC(=O)C(NC(=O)C6CC(CN6C(=O)C(NC4=O)C(C)O)O)C(C(C7=CC=C(C=C7)O)O)O)C(C)O)C)O)O)O,3583,DB00362,0.21416275203227997,0.07241429388523102,-1.70891535282135,0.9722413420677185,Transcriptome_and_KG
7254,CC(C)(C)C1=CC=C(C=C1)S(=O)(=O)NC2=C(C=C(C=C2)Cl)C(=O)C3=CC=[N+](C=C3)[O-],1514,DB15250,0.2141604721546173,0.12606441974639893,-0.20830583572387695,0.8374156951904297,Transcriptome_and_KG
7254,CC1=C(SC(=N1)NC(=O)N2CCCC2C(=O)N)C3=CC(=NC=C3)C(C)(C)C(F)(F)F,2461,DB12015,0.21407750248908997,0.022779911756515503,0.5056540966033936,0.9784963130950928,Transcriptome_and_KG
7254,CC=C1C(=O)NC(C(=O)OC2CC(=O)NC(C(=O)NC(CSSCCC=C2)C(=O)N1)C(C)C)C(C)C,3050,DB06176,0.21392548084259033,-0.0627228319644928,2.066141128540039,0.9361760020256042,Transcriptome_and_KG
7254,CC(=O)O[C@H]1CC[C@@H]2[C@H]3CC[C@]4([C@H]([C@@H]3CCC2=C1)CC[C@]4(C#C)OC(=O)C)C,1397,DB00823,0.2138930857181549,0.028425998985767365,-0.30907124280929565,0.9917389154434204,Transcriptome_and_KG
7254,CCC1C(=NN=C(C2=CC(=C(C=C12)OC)OC)C3=CC(=C(C=C3)OC)OC)C,3309,DB08811,0.21373331546783447,0.026338374242186546,0.34075409173965454,0.9682916402816772,Transcriptome_and_KG
7254,CCC(C)(C)C1C(=O)N2CCCC2C3(N1C(=O)C(O3)(C(C)C)NC(=O)C4CC5C(CC6=CNC7=CC=CC5=C67)N(C4)C)O,3123,DB01049,0.21370550990104675,0.07741869986057281,-1.358489751815796,0.9635413289070129,Transcriptome_and_KG
7254,CCN(CC)CCNC(=O)C1=CC(=C(C=C1)N)Cl,3753,DB06421,0.2135581076145172,0.0014797179028391838,1.1318886280059814,0.9607205390930176,Transcriptome_and_KG
7254,C1=CC=C2C(=C1)C(=NN=C2NN)NN,514,DB12945,0.21351438760757446,0.018435310572385788,0.641143262386322,0.9685973525047302,Transcriptome_and_KG
7254,CCC(CC#N)OC(=O)NC(C)C1=CC(=CC=C1)NC(=O)NC2=CC(=C(C=C2)C#N)OC,3200,DB06103,0.21339184045791626,0.017464423552155495,0.7493902444839478,0.9765408635139465,Transcriptome_and_KG
7254,CN1C=C(C2=CC=CC=C21)C3=C(C(=O)NC3=O)C4=CN(C5=CC=CC=C54)C6CCN(CC6)CC7=CC=CC=N7,4306,DB06486,0.213341623544693,0.030977465212345123,0.22880345582962036,0.9575462937355042,Transcriptome_and_KG
7254,CC(C(=O)OCC1=CC=CC=C1)NP(=O)(OCC2C(C(C(O2)N3C=CC(=NC3=O)N)(F)F)O)OC4=CC=CC=C4,1431,DB15057,0.21321594715118408,-0.005746467970311642,1.652628779411316,0.9705167412757874,Transcriptome_and_KG
7254,C1=CC=C(C=C1)OC(=O)C2=C(C=C(C=C2)N)O,494,DB06807,0.2126963883638382,0.026978012174367905,0.2762215733528137,0.96865314245224,Transcriptome_and_KG
7254,CC1CCC23CCC(=O)C2C1(C(CC(C(C3C)O)(C)C=C)OC(=O)CSC4CCC(CC4O)N)C,2983,DB12825,0.21252144873142242,-0.01866254210472107,1.3821370601654053,0.9467994570732117,Transcriptome_and_KG
7254,CC1=CC(=C(C=C1)C(C)C)O,2523,DB02513,0.21251386404037476,0.008688814006745815,0.7760722041130066,0.9487714171409607,Transcriptome_and_KG
7254,CC(C)(C1=CC=CC=C1CCC(C2=CC=CC(=C2)C=CC3=NC4=C(C=CC(=C4)Cl)C=C3)SCC5(CC5)CC(=O)O)O,1571,DB00471,0.2124430239200592,0.10663796216249466,-5.482210159301758,0.9822429418563843,Transcriptome_and_KG
7254,CC12CCC(=NOCCN)CC1C(=O)CC3C2CCC4(C3CCC4=O)C,2177,DB06157,0.2121063619852066,0.04794587194919586,-0.1873565912246704,0.9510951638221741,Transcriptome_and_KG
7254,CN1C(=O)C=C(N(C1=O)CC2=CC=CC=C2C#N)N3CCC[C@H](C3)N,4257,DB06203,0.2118755429983139,0.042405787855386734,-0.5695366859436035,0.9748961329460144,Transcriptome_and_KG
7254,C1=CC=C(C=C1)C(CN(CCCOC2=CC=CC(=C2)CC(=O)O)CC3=C(C(=CC=C3)C(F)(F)F)Cl)C4=CC=CC=C4,423,DB03791,0.2118646204471588,0.11729253083467484,-0.15060395002365112,0.8337407112121582,Transcriptome_and_KG
7254,C1(C(C(C(C(C1Cl)Cl)Cl)Cl)Cl)Cl,155,DB00431,0.21186144649982452,0.06997981667518616,-1.6935358047485352,0.9722126126289368,Transcriptome_and_KG
7254,CC1=CC(=NC2=C1C(=C(C=C2NC(C)CCCN)OC)OC3=CC=CC(=C3)C(F)(F)F)OC,2585,DB06608,0.21158352494239807,0.03531141206622124,-0.14954042434692383,0.9715520739555359,Transcriptome_and_KG
7254,CC1NC2=CC(=C(C=C2C(=O)N1C3=CC=CC=C3C)S(=O)(=O)N)Cl,3044,DB00524,0.21128329634666443,0.09659205377101898,-3.056816339492798,0.9734189510345459,Transcriptome_and_KG
7254,CCC(=O)OC1CC(=O)OC(CC=CC=CC(C(CC(C(C1OC)OC2C(C(C(C(O2)C)OC3CC(C(C(O3)C)OC(=O)CC)(C)O)N(C)C)O)CC=O)C)O)C,3083,DB13456,0.2110830843448639,0.011542062275111675,0.9088337421417236,0.9744778275489807,Transcriptome_and_KG
7254,CN(C)CCC=C1C2=CC=CC=C2C=CC3=CC=CC=C31,4148,DB00924,0.21106721460819244,0.07305875420570374,-4.08488130569458,0.9856052994728088,Transcriptome_and_KG
7254,CC(=O)NC1=CC=C(C=C1)/C=N/NC(=S)N,1317,DB12829,0.21082761883735657,0.013032063841819763,0.6179826259613037,0.9432947635650635,Transcriptome_and_KG
7254,N,4984,DB11118,0.21078979969024658,0.07192540168762207,-2.7554211616516113,0.9801040887832642,Transcriptome_and_KG
7254,CCCCCCCC(=O)CCC1C(CC(C1CC=CCCCC(=O)O)O)O,3496,DB06826,0.21068741381168365,0.04299083352088928,-0.495073139667511,0.9708636999130249,Transcriptome_and_KG
7254,C1CCNC(C1)C(C2=CC(=C(C=C2)O)O)O,960,DB13559,0.21065674722194672,0.027187874540686607,0.21863597631454468,0.9654431343078613,Transcriptome_and_KG
7254,CC1CC2C3CCC4=CC(=O)C=CC4(C3(C(CC2(C1(C(=O)CCl)O)C)O)Cl)C,2964,DB00764,0.21056722104549408,0.028690405189990997,0.13163793087005615,0.9685944318771362,Transcriptome_and_KG
7254,CN1CCC23CCCCC2C1CC4=C3C=C(C=C4)O,4365,DB00854,0.2103268802165985,0.045523084700107574,-2.7904953956604004,0.9901742935180664,Transcriptome_and_KG
7254,C1CN(P(=O)(OC1)NCCCl)CCCl,1069,DB01181,0.21017691493034363,0.041648849844932556,-1.5651130676269531,0.9865937232971191,Transcriptome_and_KG
7254,CC1=C(C2=C(N1C(=O)C3=CC=C(C=C3)Cl)C=CC(=C2)OC)CC(=O)OCC(=O)O,2329,DB13783,0.2101500779390335,0.03248472139239311,0.06234943866729736,0.9613631963729858,Transcriptome_and_KG
7254,CC1CCC2C(C(=O)OC3C24C1CCC(O3)(OO4)C)C,2986,DB13132,0.20972922444343567,0.013806934468448162,0.6271976828575134,0.9585555195808411,Transcriptome_and_KG
7254,CCC1=C(C=C2CC(CC2=C1)NCC(C3=C4C=CC(=O)NC4=C(C=C3)O)O)CC,3258,DB05039,0.209161639213562,0.04024380445480347,-2.076782464981079,0.9895057082176208,Transcriptome_and_KG
7254,C[C@H]1CNCCCN1S(=O)(=O)C2=CC=CC3=CN=CC(=C32)F,4890,DB13165,0.20904168486595154,0.020064953714609146,0.3789325952529907,0.9825185537338257,Transcriptome_and_KG
7254,CC1=C(C=C(C(=O)N1)C#N)C2=CC=NC=C2,2343,DB00235,0.20896045863628387,0.04970729351043701,-2.0963449478149414,0.9849061369895935,Transcriptome_and_KG
7254,CCCCCN=C(N)NN=CC1=CNC2=C1C=C(C=C2)OC,3576,DB01079,0.20862750709056854,0.04732304811477661,-2.4736361503601074,0.9877031445503235,Transcriptome_and_KG
7254,[OH-].[OH-].[Mg+2],5038,DB09104,0.20844607055187225,0.0939238965511322,-5.500836372375488,0.9841598868370056,Transcriptome_and_KG
7254,CC1C(C(CC(O1)OC2CCC3(C(C2)CCC4C3CC(C5(C4(CCC5C6=CC(=O)OC6)O)C)O)C)O)OC7CC(C(C(O7)C)OC8CC(C(C(O8)C)OC9C(C(C(C(O9)CO)O)O)O)O)O,2874,DB01078,0.20841749012470245,0.01917174458503723,0.4252169728279114,0.9692755937576294,Transcriptome_and_KG
7254,CC1=CC=CN2C1=NC(=C(C2=O)CCN3CCC(CC3)C4=NOC5=C4C=CC(=C5)F)C,2706,DB06229,0.20840387046337128,0.08060768246650696,-1.7333444356918335,0.9651619791984558,Transcriptome_and_KG
7254,C(C(C(=O)[O-])[S-])C(=O)[O-].[Na+].[Na+].[Au+],60,DB09276,0.20835046470165253,0.007541116327047348,1.14866304397583,0.9805687665939331,Transcriptome_and_KG
7254,CS(=O)(=O)C1=CC=C(C=C1)C2=C(C(=O)OC2)C3=CC=CC=C3,4758,DB00533,0.20831401646137238,0.06081145256757736,-1.4478416442871094,0.9724271893501282,Transcriptome_and_KG
7254,C1CCC(CC1)C=NNC2=NC(=C3C(=N2)N(C=N3)C4C(C(C(O4)CO)O)O)N,900,DB04853,0.20759782195091248,0.04842536151409149,-0.8137742877006531,0.9701263904571533,Transcriptome_and_KG
7254,CCOC(=O)C1=CCCCC1S(=O)(=O)NC2=C(C=C(C=C2)F)Cl,3894,DB05943,0.20718149840831757,0.0453529953956604,-0.42629867792129517,0.9610987305641174,Transcriptome_and_KG
7254,[Fe],5007,DB01592,0.20708054304122925,0.08563779294490814,-1.7377492189407349,0.9618560075759888,Transcriptome_and_KG
7254,CCS(=O)(=O)N1CC(C1)(CC#N)N2C=C(C=N2)C3=C4C=CNC4=NC=N3,4011,DB11817,0.20695669949054718,0.020692981779575348,0.21745535731315613,0.9810423851013184,Transcriptome_and_KG
7254,CCCN1C2=C(C(=O)N(C1=O)CCC)NC(=N2)C34CCC(CC3)(CC4)CCC(=O)O,3653,DB12569,0.2069224715232849,0.05750776082277298,-0.5426424741744995,0.9509720206260681,Transcriptome_and_KG
7254,C1=CC=C(C=C1)C(=O)OOC(=O)C2=CC=CC=C2,412,DB09096,0.20682908594608307,0.08991307020187378,-2.8847808837890625,0.9730019569396973,Transcriptome_and_KG
7254,S=[Se]=S,4998,DB00971,0.20676545798778534,0.04743088781833649,-1.976948857307434,0.984308660030365,Transcriptome_and_KG
7254,CC#CC1(CCC2C1(CC(C3=C4CCC(=O)C=C4CCC23)C5=CC6=C(C=C5)OCO6)C)O,1232,DB05423,0.2065313756465912,0.024021055549383163,0.25882112979888916,0.9544259309768677,Transcriptome_and_KG
7254,CCN(CC(C)O)C1=NN=C(C=C1)NNC(=O)OCC,3714,DB13452,0.20649664103984833,0.0255520511418581,0.175456702709198,0.961013913154602,Transcriptome_and_KG
7254,C1C(C2=CC=CC=C2N(C3=CC=CC=C31)C(=O)N)O,658,DB14575,0.20625008642673492,0.04645147547125816,-0.5253697633743286,0.9625189900398254,Transcriptome_and_KG
7254,CN1C2=C(C(=O)N(C1=O)C)N(C=N2)CCCNCC(C3=CC(=CC(=C3)O)O)O,4269,DB12846,0.2061176896095276,0.10314139723777771,-2.269251823425293,0.9610736966133118,Transcriptome_and_KG
7254,C1COC[C@H]1OC2=CC=C(C=C2)CC3=C(C=CC(=C3)[C@H]4[C@@H]([C@H]([C@@H]([C@H](O4)CO)O)O)O)Cl,1145,DB09038,0.2061166614294052,0.023467522114515305,0.17767316102981567,0.9681306481361389,Transcriptome_and_KG
7254,CC1C(C(CC(O1)OC2CC(CC3=C2C(=C4C(=C3O)C(=O)C5=C(C4=O)C(=CC=C5)OC)O)(C(=O)C)O)N)O,2867,DB00694,0.20580138266086578,0.028474081307649612,-0.042360782623291016,0.9690984487533569,Transcriptome_and_KG
7254,CCC(=C(C1=CC=CC=C1)C2=CC=C(C=C2)OCCN(C)C)C3=CC=CC=C3,3062,DB00675,0.20570498704910278,0.045195795595645905,-0.6622791290283203,0.9677643179893494,Transcriptome_and_KG
7254,CC1CCCC(=CCC(OC(=O)CC(C(C(=O)C(C1O)C)(C)C)O)C(=CC2=CSC(=N2)C)C)C,2998,DB01873,0.20555207133293152,0.004803857766091824,0.9947617650032043,0.9748467803001404,Transcriptome_and_KG
7254,CC(C)C1C(=O)OC(C(=O)N(C(C(=O)OC(C(=O)N(C(C(=O)OC(C(=O)N1C)C(C)C)C(C)C)C)C(C)C)C(C)C)C)C(C)C,1707,DB08965,0.20535141229629517,0.007207644172012806,0.7125841379165649,0.9605154395103455,Transcriptome_and_KG
7254,CC(C)CC(C(=O)NC(CCC(=O)O)C(=O)NC(CC1=CC=CC=C1)C(=O)O)NC(=O)C2CCCN2C(=O)C(CC3=CC=CC=C3)NC(=O)C(C)NC(=O)C(CCC(=O)O)NC(=O)C(C)NC(=O)C(CO)NC(=O)C(CCC(=O)N)NC(=O)C(CC(=O)O)NC(=O)C(CCC(=O)O)NC(=O)CNC(=O)C(C)NC(=O)C(CC(=O)O)NC(=O)C4CCCN4C(=O)C(CC5=CC=C(C=C5)O)NC(=O)C(C(C)C)NC(=O)C(CCCCN)NC(=O)C(C(C)C)NC(=O)C6CCCN6C(=O)C(CCCNC(=N)N)NC(=O)C(CCCNC(=N)N)NC(=O)C(CCCCN)NC(=O)C(CCCCN)NC(=O)CNC(=O)C(C(C)C)NC(=O)C7CCCN7C(=O)C(CCCCN)NC(=O)CNC(=O)C(CC8=CNC9=CC=CC=C98)NC(=O)C(CCCNC(=N)N)NC(=O)C(CC1=CC=CC=C1)NC(=O)C(CC1=CN=CN1)NC(=O)C(CCC(=O)O)NC(=O)C(CCSC)NC(=O)C(CO)NC(=O)C(CC1=CC=C(C=C1)O)NC(=O)C(CO)N.CC(=O)O,1729,DB09334,0.20533916354179382,0.04946671053767204,-0.6490212678909302,0.9624335169792175,Transcriptome_and_KG
7254,Cl[Cu]Cl,4978,DB09131,0.20524197816848755,0.018793191760778427,-0.6423940062522888,0.9962479472160339,Transcriptome_and_KG
7254,C1=CC(=C(C(=C1)C(=O)C2=CC=C(C=C2)Br)N)CC(=O)O,197,DB00963,0.20510558784008026,0.021009910851716995,-1.15972900390625,0.9956173896789551,Transcriptome_and_KG
7254,CC(CCC1=CC=C(C=C1)O)NCCC2=CC(=C(C=C2)O)O,1996,DB00841,0.20473285019397736,0.037099115550518036,-3.254370927810669,0.9925119876861572,Transcriptome_and_KG
7254,CN(C)CC1=C(OC2=CC=CC=C21)C(=O)NCCOC3=CC=C(C=C3)C(=O)NO,4121,DB12565,0.20472440123558044,0.006844676099717617,0.7296199798583984,0.9638024568557739,Transcriptome_and_KG
7254,CC(C)C1(C(=O)N2C(C(=O)N3CCCC3C2(O1)O)CC4=CC=CC=C4)NC(=O)C5CC6C(CC7=CNC8=CC=CC6=C78)N(C5)C,1674,DB13345,0.20458324253559113,0.052979618310928345,-1.1177644729614258,0.9701310992240906,Transcriptome_and_KG
7254,CNCC1=CC=C(C=C1)C2=C3CCNC(=O)C4=C3C(=CC(=C4)F)N2,4493,DB12332,0.2041105180978775,0.014084026217460632,0.4681355953216553,0.9693636894226074,Transcriptome_and_KG
7254,C1=CC=C(C=C1)C2(C(=O)NC(=O)N2)C3=CC=CC=C3,431,DB00252,0.203799769282341,0.14810675382614136,-3.357755661010742,0.9572579264640808,Transcriptome_and_KG
7254,C(C1C(C(C(C(O1)OC(C(CO)O)C(C(CO)O)O)O)O)O)O,79,DB12942,0.20378753542900085,0.01746552810072899,-0.20929038524627686,0.9938127994537354,Transcriptome_and_KG
7254,CCN1CCCC1CNC(=O)C2=C(C=CC(=C2OC)Br)OC,3822,DB00409,0.20376905798912048,0.02569180354475975,-0.03758484125137329,0.9709762930870056,Transcriptome_and_KG
7254,C1CCC(CC1)C2CC(NC2)C(=O)O,899,DB00086,0.20371146500110626,0.0272541381418705,0.019110679626464844,0.9628445506095886,Transcriptome_and_KG
7254,C1CN2CC(C(C(C2C1O)O)O)O,1076,DB01816,0.20361977815628052,0.00554998591542244,0.7403537631034851,0.9640423655509949,Transcriptome_and_KG
7254,CC1=C(C(=[N+](C(=C1Cl)C)[O-])Cl)C2=NOC(=N2)C3=CC(=C(C(=C3)O)O)[N+](=O)[O-],2280,DB11632,0.20356979966163635,0.10329364240169525,-3.8406999111175537,0.9742573499679565,Transcriptome_and_KG
7254,COC1C(CC2CN3CCC4=C(C3CC2C1C(=O)OC)NC5=C4C=CC(=C5)OC)OC(=O)C=CC6=CC(=C(C(=C6)OC)OC)OC,4700,DB01180,0.2035234421491623,0.04838896542787552,-1.6541343927383423,0.9796583652496338,Transcriptome_and_KG
7254,CC1(C(=O)C(=C(O1)C2=CC=C(C=C2)S(=O)(=O)N)C3=CC(=CC=C3)F)C,2032,DB12399,0.20330794155597687,0.06646843254566193,-0.9665111899375916,0.9548882246017456,Transcriptome_and_KG
7254,CC1=CN(C(=O)NC1=O)C2CC(C(O2)CO)F,2712,DB06198,0.20318591594696045,0.021144146099686623,0.3420812487602234,0.9188723564147949,Transcriptome_and_KG
7254,CCCCCON=O,3587,DB01612,0.20309801399707794,0.032700538635253906,-2.3872761726379395,0.991524338722229,Transcriptome_and_KG
7254,CS(=O)CCCCN=C=S,4785,DB12422,0.20307615399360657,-0.026242831721901894,1.6526291370391846,0.9596558213233948,Transcriptome_and_KG
7254,CCC(C)CC(C)CCCCCCCCC(=O)NC1CC(C(NC(=O)C2C(CCN2C(=O)C(NC(=O)C(NC(=O)C3CC(CN3C(=O)C(NC1=O)C(C)O)O)C(C(C4=CC=C(C=C4)O)O)O)C(CCN)O)O)NCCN)O,3178,DB00520,0.2030300796031952,0.07416929304599762,-2.138248920440674,0.9711022973060608,Transcriptome_and_KG
7254,CC1=C(C=NO1)C(=O)NC2=CC=C(C=C2)C(F)(F)F,2420,DB01097,0.20290429890155792,0.027490664273500443,-0.4782562255859375,0.9811109900474548,Transcriptome_and_KG
7254,C1=CN(C(=O)N=C1N)C2C(C(C(O2)CO)O)O,550,DB00987,0.20261336863040924,0.023646408692002296,0.17935848236083984,0.9529252052307129,Transcriptome_and_KG
7254,CC(C)(C)CC(C)(C)C1=CC=C(C=C1)O.C=O.C1CO1,1523,DB06439,0.20257258415222168,0.04218360036611557,-4.093599319458008,0.9919428825378418,Transcriptome_and_KG
7254,CC12CCC3C(C1CCC2(C#C)O)CCC4=C3C=CC(=C4)OC,2194,DB01357,0.20239269733428955,0.02919788286089897,-0.22322559356689453,0.9702300429344177,Transcriptome_and_KG
7254,CC1C(C(C(C(O1)OC2C(OC(C(C2O)O)OC3C(OC(C(C3O)O)O)CO)CO)O)O)NC4C=C(C(C(C4O)O)O)CO,2855,DB00284,0.2016662210226059,0.04675377160310745,-1.7377103567123413,0.9803769588470459,Transcriptome_and_KG
7254,CCOC1=C(C=CC(=C1)CC(=O)NC(CC(C)C)C2=CC=CC=C2N3CCCCC3)C(=O)O,3955,DB00912,0.2012641280889511,0.01960037089884281,-0.16606807708740234,0.9844047427177429,Transcriptome_and_KG
7254,CC1CC=CC=CC(C(CC(C(C(C(CC(=O)O1)OC(=O)C)OC)OC2C(C(C(C(O2)C)OC3CC(C(C(O3)C)OC(=O)CC(C)C)(C)O)N(C)C)O)CC=O)C)O,2977,DB01321,0.20096167922019958,0.009300511330366135,0.5585987567901611,0.9737024307250977,Transcriptome_and_KG
7254,CC(C1CCC(C(O1)OC2C(CC(C(C2O)OC3C(C(C(CO3)(C)O)NC)O)N)N)N)NC,1962,DB00798,0.2009558230638504,0.03177240863442421,-0.46270763874053955,0.9726970195770264,Transcriptome_and_KG
7254,CC1(COC(C(C1NC)O)OC2C(CC(C(C2O)OC3C(C(C(C(O3)CN)O)O)O)N)NC(=O)C(CN)O)O,2129,DB13540,0.2009098380804062,0.01713090017437935,0.18177306652069092,0.9743134379386902,Transcriptome_and_KG
7254,CCCC1CC(N(C1)C)C(=O)NC(C2C(C(C(C(O2)SC)O)O)O)C(C)O,3409,DB01627,0.20085035264492035,0.09116609394550323,-2.140781879425049,0.9624007344245911,Transcriptome_and_KG
7254,CC(C)C(CCCN(C)CCC1=CC(=C(C=C1)OC)OC)(C#N)C2=CC(=C(C(=C2)OC)OC)OC,1670,DB12923,0.20083293318748474,0.022488482296466827,0.002107679843902588,0.9697250127792358,Transcriptome_and_KG
7254,C1=NC(=NN1C2C(C(C(O2)CO)O)O)C(=O)N,587,DB00811,0.20070676505565643,0.06791826337575912,-0.843313455581665,0.9473205804824829,Transcriptome_and_KG
7254,C1CCC(CC1)NC(=O)N(CCCl)N=O,912,DB01206,0.2005835920572281,0.051423508673906326,-0.6544756889343262,0.9557924270629883,Transcriptome_and_KG
7254,CCC1C(C2C(C(C(CC(C(C(C(C(C(=O)O1)C)OC3CC(C(C(O3)C)O)(C)OC)C)OC4C(C(CC(O4)C)N(C)C)O)(C)O)C)NC(O2)COCCOC)C)(C)O,3327,DB00954,0.2003813534975052,0.014244846068322659,0.35829007625579834,0.9572026133537292,Transcriptome_and_KG
7254,C1C(=O)NC2=C(C=C(C=C2)[N+](=O)[O-])C(=N1)C3=CC=CC=C3Cl,624,DB01068,0.20028626918792725,0.1281244158744812,-3.49833345413208,0.9636757969856262,Transcriptome_and_KG
7254,CC1=CC=CC=C1C(C2=CC=CC=C2)OCCN(C)C,2693,DB01173,0.2002861499786377,0.09814481437206268,-2.7070958614349365,0.9661126136779785,Transcriptome_and_KG
7254,CC1CC2C3CC(C4=CC(=O)C=CC4(C3(C(CC2(C1(C(=O)CO)O)C)O)F)C)F,2952,DB00663,0.19995340704917908,0.030493859201669693,-0.23447108268737793,0.9644669890403748,Transcriptome_and_KG
7254,CC(=O)C1=CC=C(C=C1)S(=O)(=O)NC(=O)NC2CCCCC2,1281,DB00414,0.19992759823799133,0.006366106681525707,0.625399112701416,0.9700090289115906,Transcriptome_and_KG
7254,CC12CC(C3C(C1CCC2(C(=O)CO)O)CC(C4=CC(=O)C=CC34C)F)O,2170,DB09378,0.1999255269765854,0.00023014377802610397,0.7558754682540894,0.9587497711181641,Transcriptome_and_KG
7254,C=CCN.C1C(O1)CCl,1218,DB00658,0.19953760504722595,0.02784239500761032,-1.8237040042877197,0.9903250932693481,Transcriptome_and_KG
7254,C1CC[C@H]2[C@@H](C1)C(=O)N(C2=O)CCCCN3CCN(CC3)C4=NSC5=CC=CC=C54,969,DB08922,0.1994781494140625,0.04876146465539932,-0.9102774858474731,0.965243399143219,Transcriptome_and_KG
7254,CC12CCN(C1N(C3=C2C=C(C=C3)OC(=O)NC4=CC=CC=C4)C)C,2217,DB04892,0.19930727779865265,0.016290228813886642,0.22849246859550476,0.9653888940811157,Transcriptome_and_KG
7254,OP(=O)(O)[O-].[K+],4993,DB09413,0.19929005205631256,0.019861232489347458,-1.1351101398468018,0.9922671914100647,Transcriptome_and_KG
7254,CC(C)(C1=CN=CC=C1)C(=O)C2=CN=CC=C2,1574,DB01011,0.19906838238239288,0.03480129688978195,-3.616034984588623,0.9922919869422913,Transcriptome_and_KG
7254,CC(C)N1C(=CC=N1)C2=C(C=CC=N2)COC3=CC=CC(=C3C=O)O,1816,DB14975,0.1990448534488678,0.04536416009068489,-0.8290543556213379,0.9658836722373962,Transcriptome_and_KG
7254,CCCN1CCCC[C@H]1C(=O)NC2=C(C=CC=C2C)C,3664,DB00296,0.19900578260421753,0.03214939683675766,-2.1977248191833496,0.9894227385520935,Transcriptome_and_KG
7254,CC1OCC2C(O1)C(C(C(O2)OC3C4COC(=O)C4C(C5=CC6=C(C=C35)OCO6)C7=CC(=C(C(=C7)OC)O)OC)O)O,3046,DB00773,0.19886881113052368,0.0444127693772316,-1.019002914428711,0.9708230495452881,Transcriptome_and_KG
7254,CC1COC(=N1)NC2=CC3=C(C=C2)N=CN=C3NC4=CC(=C(C=C4)OCC5=NC=CS5)Cl,3032,DB05944,0.1986657977104187,0.016332363709807396,0.09501677751541138,0.9761013388633728,Transcriptome_and_KG
7254,CN(C)CCC(C1=CC=C(C=C1)Cl)C2=CC=CC=N2.C(=CC(=O)O)C(=O)O,4140,DB09555,0.19864894449710846,0.027729779481887817,-0.41915684938430786,0.9740012288093567,Transcriptome_and_KG
7254,CON=C(C1=CSC(=N1)N)C(=O)NC2C3N(C2=O)C(=C(CS3)CSC(=O)C4=CC=CO4)C(=O)O,4740,DB11485,0.19863015413284302,0.0037398794665932655,0.6053292155265808,0.9560901522636414,Transcriptome_and_KG
7254,CC1=CC(=C(C=C1)Cl)OCC(CNC(C)(C)C)O,2525,DB08808,0.19856449961662292,0.04858970269560814,-1.1757690906524658,0.9702684283256531,Transcriptome_and_KG
7254,CC1=CC=C(C=C1)S(=O)(=O)NC(=O)NN2CCCCCC2,2679,DB00839,0.19834133982658386,0.029961783438920975,-1.1735223531723022,0.9840396046638489,Transcriptome_and_KG
7254,C1=CC(=C(C=C1N)C(=O)O)O,238,DB00244,0.19832612574100494,0.046161066740751266,-1.505768060684204,0.9765452742576599,Transcriptome_and_KG
7254,CN1C(=NC(=N1)CO)NCCCOC2=CC=CC(=C2)CN3CCCCC3,4235,DB12884,0.19817666709423065,0.011562415398657322,0.3616138696670532,0.9641073346138,Transcriptome_and_KG
7254,C1=CC(=CC=C1CC(C(=O)O)N)N(CCCl)CCCl,310,DB01042,0.1981075406074524,0.07494397461414337,-2.050086498260498,0.9675493240356445,Transcriptome_and_KG
7254,CC1=CC2=C(C=C1CC(=O)C3=C(C=CS3)S(=O)(=O)NC4=C(C(=NO4)C)Cl)OCO2,2634,DB06268,0.1980491727590561,0.02360350824892521,-0.2467719316482544,0.9739080667495728,Transcriptome_and_KG
7254,C([C@@H]1[C@@H]([C@@H]([C@H]([C@@H](O1)O[C@@H]2[C@H](OC([C@@H]([C@H]2O)O)O)CO)O)O)O)O,132,DB04465,0.1979566514492035,-0.014172899536788464,2.4443700313568115,0.9855286478996277,Transcriptome_and_KG
7254,CCNC(=O)C1CCCN1C(=O)C(CCCN=C(N)N)NC(=O)C(CC(C)C)NC(=O)C(CC(C)C)NC(=O)C(CC2=CC=C(C=C2)O)NC(=O)C(CO)NC(=O)C(CC3=CNC4=CC=CC=C43)NC(=O)C(CC5=CN=CN5)NC(=O)C6CCC(=O)N6,3840,DB00007,0.19782158732414246,0.06856188923120499,-3.7539358139038086,0.9822477698326111,Transcriptome_and_KG
7254,CCC(C(C)O)N1C(=O)N(C=N1)C2=CC=C(C=C2)N3CCN(CC3)C4=CC=C(C=C4)OCC5CC(OC5)(CN6C=NC=N6)C7=C(C=C(C=C7)F)F,3110,DB01263,0.1976817101240158,0.0766054168343544,-2.9555554389953613,0.9752548933029175,Transcriptome_and_KG
7254,COC1C(CC2CN3CCC4=C(C3CC2C1C(=O)OC)NC5=CC=CC=C45)OC(=O)C6=CC(=C(C(=C6)OC)OC)OC,4701,DB01089,0.19761161506175995,0.02102571725845337,-1.6381076574325562,0.9925030469894409,Transcriptome_and_KG
7254,C1=CC(=CC(=C1)NC2=C(C=CC=N2)C(=O)O)C(F)(F)F,265,DB04552,0.19758330285549164,0.02005103789269924,0.018430814146995544,0.9669362306594849,Transcriptome_and_KG
7254,C1CN(CCC1NC2=NN=C(C=C2)C(F)(F)F)CC3=CC(=C(C=C3)F)F,1019,DB12579,0.1973964422941208,0.03672223538160324,-1.4622752666473389,0.9815015196800232,Transcriptome_and_KG
7254,CC1CC2C3CC(C4=CC(=O)C=CC4(C3C(CC2(C1(C(=O)CO)O)C)O)C)F,2959,DB01384,0.19731464982032776,-0.005928783677518368,1.0218822956085205,0.9695809483528137,Transcriptome_and_KG
7254,C1C[N+]2(CCC1C(C2)OC(=O)C(C3=CC=CS3)(C4=CC=CS4)O)CCCOC5=CC=CC=C5,1158,DB08897,0.19725723564624786,0.053574338555336,-1.6735607385635376,0.9735606908798218,Transcriptome_and_KG
7254,C1CCC(C(C1)[NH-])[NH-].C(=O)(C(=O)O)O.[Pt+2],877,DB00526,0.1972523182630539,0.0486326739192009,-0.7298187017440796,0.9581567645072937,Transcriptome_and_KG
7254,CCC(C)C(C(=O)NC(CC(=O)N)C(=O)NC(CCSC)C(=O)NC(CC(C)C)C(=O)NC(C(C)O)C(=O)ONC(CCCNC(=N)N)C(=O)N1CCCC1C(=O)NC(CCCNC(=N)N)C(=O)NC(CC2=CC=C(C=C2)O)C(=O)O)NC(=O)C(CC3=CC=C(C=C3)O)NC(=O)C(CCCNC(=N)N)NC(=O)C(CCCNC(=N)N)NC(=O)C(CC(C)C)NC(=O)C(CC(=O)O)NC(=O)C(C)NC(=O)C(C)NOC(=O)C(CC4=CC=C(C=C4)O)NC(=O)C(CCC(=O)N)NC(=O)C(C)NC(=O)C(CCSC)NC(=O)C(CCC(=O)N)NC(=O)C(CCC(=O)O)NC(=O)C5CCCN5C(=O)C(C(C)O)NC(=O)C(C)NC(=O)C(CC(=O)N)NOC(=O)C(CC(=O)O)NC(=O)CNC(=O)C6CCCN6C(=O)C(CC7=CC=C(C=C7)O)NC(=O)C(C(C)C)NC(=O)C8CCCN8C(=O)C(CCC(=O)O)NC(=O)C(CC(C)C)NC(=O)C9CCCN9C(=O)C(C)N,3140,DB05085,0.19724202156066895,0.014337749220430851,0.3240797519683838,0.9393199682235718,Transcriptome_and_KG
7254,CC[N+](C)(C)CC1=CC=CC=C1Br,4057,DB01158,0.19692477583885193,0.023812780156731606,-0.44321775436401367,0.9778571128845215,Transcriptome_and_KG
7254,CC1(C(N2C(S1)C(C2=O)N=CN3CCCCCC3)C(=O)O)C,2061,DB01163,0.19690784811973572,0.006624944508075714,0.48681899905204773,0.9620650410652161,Transcriptome_and_KG
7254,CC(C)OP(=O)(OC(C)C)F,1892,DB00677,0.19683171808719635,0.006016978994011879,0.5136815905570984,0.9669711589813232,Transcriptome_and_KG
7254,CC1=C(C(=CC=C1)C)NC(=O)C2=CC(=C(C=C2O)Cl)S(=O)(=O)N,2231,DB13803,0.1967451423406601,0.04280491918325424,-0.8575482964515686,0.9669780135154724,Transcriptome_and_KG
7254,C1[C@H]([C@@H]2[C@H](O1)[C@H](CO2)O)O,1194,DB09401,0.1964208483695984,0.0010087238624691963,0.657687783241272,0.9628605842590332,Transcriptome_and_KG
7254,C1CCN2C(C1)NC(=O)C23CCN(CC3)CCCN4C5=CC=CC=C5CCC6=C4C=C(C=C6)Cl,959,DB13676,0.19641409814357758,0.00896338652819395,0.3911445438861847,0.9659932255744934,Transcriptome_and_KG
7254,COC1CN(CCC1NC(=O)C2=CC(=C(C=C2OC)N)Cl)CCCOC3=CC=C(C=C3)F,4704,DB00604,0.19629979133605957,0.09819545596837997,-5.038426876068115,0.9794033169746399,Transcriptome_and_KG
7254,CCC12CCCN3C1C4=C(CC3)C5=CC=CC=C5N4C(=C2)C(=O)OCC,3247,DB12131,0.19626957178115845,0.00402222340926528,0.5278408527374268,0.9522510170936584,Transcriptome_and_KG
7254,CC1=C(C2=CC(=C(C=C2N1)OC)OC)CCN3CCN(CC3)C4=CC=CC=C4,2332,DB13403,0.19617894291877747,0.008783867582678795,0.3911401629447937,0.9650372862815857,Transcriptome_and_KG
7254,C1CN(CCN1CCCCOC2=CC3=C(C=C2)C=CC(=O)N3)C4=C5C=CSC5=CC=C4,1050,DB09128,0.19617527723312378,0.09888213872909546,-3.837986469268799,0.973551332950592,Transcriptome_and_KG
7254,CC(C)CC(C(=O)O)NC(CC1=CN=CN1CC2=CC(=CC(=C2)Cl)Cl)C(=O)O,1745,DB12271,0.19609946012496948,0.012813793495297432,0.3389204442501068,0.9357093572616577,Transcriptome_and_KG
7254,CC(C(C)(C)C)N=C(NC#N)NC1=CC=NC=C1,1442,DB06762,0.19607964158058167,0.007165192626416683,0.4451711177825928,0.96964430809021,Transcriptome_and_KG
7254,CN1C=C(C2=CC=CC=C21)C(=O)C3CCC4=C(C3)NC=N4,4305,DB09290,0.19599668681621552,0.02015918679535389,-0.11678272485733032,0.9713165163993835,Transcriptome_and_KG
7254,CC1=C(C(CCC1)(C)C)C=CC(=CC=CC(=CC(=O)O)C)C,2311,DB00982,0.19580280780792236,0.06840580701828003,-2.0789568424224854,0.9699839949607849,Transcriptome_and_KG
7254,CCC[C@]1(CC(=C(C(=O)O1)[C@H](CC)C2=CC(=CC=C2)NS(=O)(=O)C3=NC=C(C=C3)C(F)(F)F)O)CCC4=CC=CC=C4,3702,DB00932,0.19565685093402863,0.09399385750293732,-2.643747329711914,0.9653708934783936,Transcriptome_and_KG
7254,C1=CC2=C(C(=C1)OCC(COC3=CC=CC4=C3C(=O)C=C(O4)C(=O)O)O)C(=O)C=C(O2)C(=O)O,360,DB01003,0.19559365510940552,0.04642171412706375,-6.064833641052246,0.9923284649848938,Transcriptome_and_KG
7254,C1CN(CCN1CCC=C2C3=CC=CC=C3SC4=C2C=C(C=C4)Cl)CCO,1046,DB01624,0.1954652965068817,0.03493703529238701,-1.6098555326461792,0.982813835144043,Transcriptome_and_KG
7254,CN1CCN(C=N1)C2=C(C=C(C=C2)N3CC(OC3=O)CO)F,4397,DB13077,0.19530963897705078,0.0012801322154700756,0.6053293943405151,0.9609017372131348,Transcriptome_and_KG
7254,CCCCP(=O)(CCCN)O,3628,DB05010,0.19509442150592804,0.027709364891052246,-0.42742645740509033,0.9697063565254211,Transcriptome_and_KG
7254,C1C2C1(CNC2)C3=CC(=C(C=C3)Cl)Cl,706,DB05964,0.1950523406267166,0.0908261090517044,-1.9783153533935547,0.9575101137161255,Transcriptome_and_KG
7254,[OH-].[OH-].[OH-].[Al+3],5039,DB06723,0.19501589238643646,0.12033990025520325,-3.2975244522094727,0.9626920819282532,Transcriptome_and_KG
7254,COC1=C(C=C(C=C1)CC(C2=CC(=C(C(=C2)OC)OC)OC)O)O,4573,DB05284,0.19496497511863708,0.003865286707878113,0.49728357791900635,0.9497596621513367,Transcriptome_and_KG
7254,[O-]S(=O)(=O)[O-].[Cu+2],5032,DB06778,0.19487187266349792,0.0201481431722641,0.0861857533454895,0.9521961212158203,Transcriptome_and_KG
7254,CC(=O)N1CCN(CC1)C2=CC=C(C=C2)OCC3COC(O3)(CN4C=CN=C4)C5=C(C=C(C=C5)Cl)Cl,1303,DB01026,0.19485285878181458,0.11031807959079742,-5.846736907958984,0.9793887734413147,Transcriptome_and_KG
7254,C1CCC(C(C1)CN2CCN(CC2)C3=NSC4=CC=CC=C43)CN5C(=O)C6C7CCC(C7)C6C5=O,875,DB01609,0.19485189020633698,-0.02036411315202713,1.3242518901824951,0.9633180499076843,Transcriptome_and_KG
7254,OP(=O)([O-])[O-].[K+].[K+],4995,DB09414,0.19464237987995148,0.020641906186938286,-1.7902215719223022,0.9917086958885193,Transcriptome_and_KG
7254,CCN(CC)CC1=C(C=CC(=C1)NC2=C3C=CC(=CC3=NC=C2)Cl)O,3735,DB00613,0.19459034502506256,0.009730498306453228,0.24585843086242676,0.9755938053131104,Transcriptome_and_KG
7254,CCC(C)C(C(=O)NC(CC1=CN=CN1)C(=O)N2CCCC2C(=O)O)NC(=O)C(CC3=CC=C(C=C3)O)NC(=O)C(C(C)C)NC(=O)C(CCCN=C(N)N)NC(=O)C(CC(=O)O)N,3148,DB11720,0.1944340169429779,0.01036546565592289,0.17544686794281006,0.9783831238746643,Transcriptome_and_KG
7254,C(C(CO)(CO)CO)O,65,DB13526,0.1943686157464981,0.016478829085826874,-1.2583611011505127,0.9920123219490051,Transcriptome_and_KG
7254,CC1=NC2(C(O1)CC3C2(CC(C4C3CCC5=CC(=O)C=CC45C)O)C)C(=O)COC(=O)C,2767,DB11921,0.19434848427772522,0.07306648045778275,-2.1938555240631104,0.9685261249542236,Transcriptome_and_KG
7254,CC1C(C(CC(O1)OC2C3C(=O)NC(C4=C(C(=CC(=C4)O)O)C5=C(C=CC(=C5)C(C(=O)N3)NC(=O)C6C7=CC(=C(C(=C7)OC8=C(C=C2C=C8)Cl)OC9C(C(C(C(O9)CO)O)O)OC1CC(C(C(O1)C)O)(C)NCC1=CC=C(C=C1)C1=CC=C(C=C1)Cl)OC1=C(C=C(C=C1)C(C(C(=O)NC(C(=O)N6)CC(=O)N)NC(=O)C(CC(C)C)NC)O)Cl)O)C(=O)O)(C)N)O,2865,DB04911,0.19427455961704254,0.08585203438997269,-2.3009798526763916,0.9641484022140503,Transcriptome_and_KG
7254,C1=CC2=C(C(=C1)Cl)SC=C2COC(CN3C=CN=C3)C4=C(C=C(C=C4)Cl)Cl,357,DB01153,0.1940411627292633,0.10518490523099899,-4.780966281890869,0.9763001203536987,Transcriptome_and_KG
7254,CC1CN(CC(N1)C)C2=C(C(=C3C(=C2F)N(C=C(C3=O)C(=O)O)C4CC4)N)F,3011,DB01208,0.19387829303741455,0.02664344012737274,-0.10465836524963379,0.9524180889129639,Transcriptome_and_KG
7254,CC(C)CC(C(=O)NC(CCCN=C(N)N)C(=O)N1CCCC1C(=O)NCC(=O)N)NC(=O)C(CC2=CC3=CC=CC=C3C=C2)NC(=O)C(CC4=CC=C(C=C4)O)NC(=O)C(CO)NC(=O)C(CC5=CNC6=CC=CC=C65)NC(=O)C(CC7=CN=CN7)NC(=O)C8CCC(=O)N8,1732,DB00666,0.19373607635498047,0.061240680515766144,-3.3268661499023438,0.981429398059845,Transcriptome_and_KG
7254,CNCC1=CN(C(=C1)C2=CC=CC=C2F)S(=O)(=O)C3=CN=CC=C3.C(=CC(=O)O)C(=O)O,4496,DB11739,0.19348248839378357,0.05987808480858803,-3.803767442703247,0.9838097095489502,Transcriptome_and_KG
7254,C[C@]12CCC(=O)C[C@@H]1CC[C@@H]3[C@@H]2CC[C@]4([C@H]3CC[C@@H]4O)C,4925,DB02901,0.193452388048172,0.007203911431133747,0.04779636859893799,0.9925225377082825,Transcriptome_and_KG
7254,C1=CC=C2C(=C1)C(=C3C=CC=CC3=N2)N,505,DB11561,0.19344832003116608,0.05520448833703995,-1.1238621473312378,0.9606918096542358,Transcriptome_and_KG
7254,CC1=CC=C(C=C1)C(=O)OC2=C(C=C(C=C2)C(CNC(C)(C)C)O)OC(=O)C3=CC=C(C=C3)C,2659,DB00901,0.19343210756778717,0.06503158807754517,-2.9074432849884033,0.9776702523231506,Transcriptome_and_KG
7254,C1=C(C=C(C(=C1I)OC2=CC(=C(C(=C2)I)O)I)I)CC(C(=O)O)N,171,DB00451,0.19333328306674957,0.003137502819299698,0.5121521949768066,0.9726222157478333,Transcriptome_and_KG
7254,C1CC(=O)NC2=C1C=CC(=C2)OCCCCN3CCN(CC3)C4=C(C(=CC=C4)Cl)Cl,744,DB01238,0.19323432445526123,0.09900540113449097,-4.503016471862793,0.9763294458389282,Transcriptome_and_KG
7254,COC1=C(C2=C(C=CC(O2)C3CC3)C(=C1)CC4=CN=C(N=C4N)N)OC,4560,DB06358,0.19319751858711243,-0.034523434937000275,1.9273717403411865,0.9676703214645386,Transcriptome_and_KG
7254,C(C1C(C(C(C2N1C(=O)C(=O)N2)O)O)O)O,83,DB02742,0.19319036602973938,0.014528642408549786,0.20582818984985352,0.9487027525901794,Transcriptome_and_KG
7254,C1CC2=C(C1)C(=CC=C2)NC3=NCCN3,842,DB13827,0.19307518005371094,0.027739927172660828,0.0,0.9369446635246277,Transcriptome_and_KG
7254,CC(C(CC1=CC(=CC=C1)C(=N)N)C(=O)OC)NC(=O)C2=CC=C(C=C2)C3=CC=[N+](C=C3)[O-],1454,DB06635,0.19306108355522156,0.0030584894120693207,0.5132156014442444,0.9757758975028992,Transcriptome_and_KG
7254,CC1CC(CN(C1)C2=C(C3=C(C=C2)C(=O)C(=CN3C4CC4)C(=O)O)OC)N,2937,DB06600,0.19299539923667908,-0.0008106138557195663,0.6866289973258972,0.9737467169761658,Transcriptome_and_KG
7254,CCOCCN1C2=CC=CC=C2N=C1C3CCN(CC3)CCC4=CC=C(C=C4)C(C)(C)C(=O)O,3996,DB11591,0.19275861978530884,0.1076711118221283,-5.66811990737915,0.9789407849311829,Transcriptome_and_KG
7254,COC1=CC=CC(=C1)C(=O)NC2C(C(OC(C2O)SC3C(C(C(C(O3)CO)O)NC(=O)C4=CC(=CC=C4)OC)OS(=O)(=O)O)CO)O,4668,DB00577,0.19266673922538757,0.024685535579919815,-0.639801025390625,0.9763873815536499,Transcriptome_and_KG
7254,CCCCC1=C(C2=CC=CC=C2O1)C(=O)C3=CC(=C(C(=C3)I)OCCN(CC)CC)I,3447,DB01118,0.1926632821559906,0.04905384033918381,-1.942038655281067,0.9766031503677368,Transcriptome_and_KG
7254,CC1=CC(=CC(=C1)OCC2CNC(=O)O2)C,2546,DB00660,0.19263890385627747,0.01369543094187975,-0.6028446555137634,0.9884809255599976,Transcriptome_and_KG
7254,C(C(=O)[O-])(Cl)Cl,48,DB08809,0.19255977869033813,0.00817931815981865,0.35217320919036865,0.9422615766525269,Transcriptome_and_KG
7254,CCOC(=O)OCC1C(C(C(C(O1)OC2=NN(C(=C2CC3=CC=C(C=C3)OC(C)C)C)C(C)C)O)O)O,3923,DB12935,0.1919589787721634,0.0035839714109897614,0.4346039295196533,0.9690039157867432,Transcriptome_and_KG
7254,CC(C)C(C(=O)NC(CC1=CC=C(C=C1)O)C(=O)NC(C(C)C)C(=O)NC(CC2=CN=CN2)C(=O)N3CCCC3C(=O)NC(C)C(=O)O)NC(=O)C(CCCN=C(N)N)NC(=O)CNC,1638,DB06763,0.1919330656528473,0.00821685791015625,0.2091808319091797,0.9743884801864624,Transcriptome_and_KG
7254,CC(=O)OC1=CC2=C(S1)CCN(C2)C(C3=CC=CC=C3F)C(=O)C4CC4,1357,DB06209,0.19156010448932648,0.022633768618106842,-1.9653898477554321,0.9898141026496887,Transcriptome_and_KG
7254,C1CC(=C(N2C1C(C2=O)NC(=O)C(C3=CC=CC=C3)N)C(=O)O)Cl,728,DB00447,0.19147464632987976,0.08524392545223236,-1.5197930335998535,0.9493533968925476,Transcriptome_and_KG
7254,CC(C(C1=NC=C(C=C1)O)O)C(C(=O)NC(C2C(C(C(O2)N3C=CC(=O)NC3=O)O)O)C(=O)O)N,1452,DB12939,0.19133220613002777,-0.007557552307844162,0.7760725021362305,0.9621956944465637,Transcriptome_and_KG
7254,CC1=CC=C(C=C1)S(=O)(=O)NC(=O)NN2CC3CCCC3C2,2678,DB01120,0.19123710691928864,0.0052147433161735535,0.2475658655166626,0.9845095276832581,Transcriptome_and_KG
7254,CCOC(=O)NC1=C(C=C(C=C1)NCC2=CC=C(C=C2)F)N,3914,DB04953,0.1911841779947281,0.018699225038290024,-0.18490034341812134,0.9685502648353577,Transcriptome_and_KG
7254,CCCCCOC1=CC=C(C=C1)C2=CC(=NO2)C3=CC=C(C=C3)C(=O)NC4CC(C(NC(=O)C5C(C(CN5C(=O)C(NC(=O)C(NC(=O)C6CC(CN6C(=O)C(NC4=O)C(C)O)O)C(C(C7=CC(=C(C=C7)O)OS(=O)(=O)O)O)O)C(CC(=O)N)O)C)O)O)O,3580,DB01141,0.19117340445518494,0.0743555873632431,-2.1333093643188477,0.9658424258232117,Transcriptome_and_KG
7254,CCCCS(=N)(=O)CCC(C(=O)O)N,3629,DB12870,0.1911710798740387,-0.034348633140325546,1.6526291370391846,0.9626556038856506,Transcriptome_and_KG
7254,CC(CCC1=CC=CC=C1)NCC(C2=CC(=C(C=C2)O)C(=O)N)O,1998,DB00598,0.1911657154560089,0.08013980090618134,-2.6069037914276123,0.9687311053276062,Transcriptome_and_KG
7254,CCOC1=CC=C(C=C1)CC2=CC(=C(C=C2C)OC)[C@H]3[C@@H]([C@H]([C@@H]([C@H](S3)CO)O)O)O,3975,DB12214,0.19114039838314056,0.007000720128417015,0.0,0.9878909587860107,Transcriptome_and_KG
7254,CN1CCCCC1CCN2C3=CC=CC=C3SC4=C2C=C(C=C4)SC,4390,DB00679,0.19112138450145721,0.02687663957476616,-3.73028302192688,0.9927069544792175,Transcriptome_and_KG
7254,CC(C1=CC=C(S1)C(=O)C2=CC=CC=C2)C(=O)O,1932,DB01600,0.19084987044334412,0.04725610464811325,-1.397365689277649,0.9699360132217407,Transcriptome_and_KG
7254,CC1=C(C(C(=C(N1)C)C(=O)OC(C)(C)CN(C)CCC(C2=CC=CC=C2)C3=CC=CC=C3)C4=CC(=CC=C4)[N+](=O)[O-])C(=O)OC,2282,DB00528,0.19071592390537262,0.010485646314918995,-0.16229653358459473,0.9831261038780212,Transcriptome_and_KG
7254,C[C@H](CC1=CC=CC=C1)NC,4863,DB09571,0.19064010679721832,0.02820649743080139,-0.14432138204574585,0.9463363289833069,Transcriptome_and_KG
7254,CC/C(=C(/CC)\C1=CC=C(C=C1)O)/C2=CC=C(C=C2)O,2028,DB00255,0.19057302176952362,0.0056958990171551704,-0.012150436639785767,0.9904007315635681,Transcriptome_and_KG
7254,CCOC(=O)C1=C(NC(=C(C1C2=CC(=CC=C2)[N+](=O)[O-])C(=O)OC)C)C,3884,DB01054,0.19037310779094696,0.022456414997577667,-0.35607653856277466,0.9683420658111572,Transcriptome_and_KG
7254,C=CCNC1=NC(=NC(=N1)N2CCN(CC2)C(C3=CC=C(C=C3)F)C4=CC=C(C=C4)F)NCC=C,1223,DB01430,0.19027921557426453,0.08477142453193665,-5.239587306976318,0.9818133115768433,Transcriptome_and_KG
7254,CC1=CC(=C(C(=C1C=CC(=CC=CC(=CC(=O)O)C)C)C)C)OC,2512,DB00459,0.19020089507102966,0.021253647282719612,-1.4592373371124268,0.987217128276825,Transcriptome_and_KG
7254,CC1CC2C3CC(C4=CC(=O)C=CC4(C3(C(CC2(C1C(=O)CO)C)O)Cl)C)F,2957,DB00838,0.1897987723350525,0.006447099149227142,0.23578405380249023,0.9697769284248352,Transcriptome_and_KG
7254,CC1=CC=CC=C1N2CCN(CC2)CCC3=NN=C4N3CCCC4,2696,DB00298,0.18955497443675995,0.048024386167526245,-4.294347286224365,0.9876206517219543,Transcriptome_and_KG
7254,C[C@]12CC[C@H]3[C@H]([C@@H]1CC[C@@H]2O)CCC4=CC(=O)CC[C@H]34,4932,DB13169,0.1894925981760025,0.01301531121134758,-1.42363440990448,0.9920572638511658,Transcriptome_and_KG
7254,CC1(C(N2C(S1)C(C2=O)NC(=O)C(C3=CC=CC=C3)N)C(=O)OCOC(=O)C(C)(C)C)C,2066,DB01604,0.18934215605258942,-0.0008296407759189606,0.486818790435791,0.9545565843582153,Transcriptome_and_KG
7254,CCC1(C2=C(COC1=O)C(=O)N3CC4=C(C5=CC=CC=C5N=C4C3=C2)CC[Si](C)(C)C)O,3230,DB05806,0.18928009271621704,-0.009208986535668373,0.6945430040359497,0.952194094657898,Transcriptome_and_KG
7254,C(C(CS)S)O,69,DB06782,0.1892479509115219,0.01593710295855999,-1.2738341093063354,0.9890722036361694,Transcriptome_and_KG
7254,[O-]S(=O)(=O)[O-].[Na+].[Na+],5035,DB09472,0.18909035623073578,0.01704533025622368,-1.0606670379638672,0.9864948987960815,Transcriptome_and_KG
7254,C1CCC(CC1)C(=O)N2CC3C4=CC=CC=C4CCN3C(=O)C2,894,DB01058,0.1888783574104309,0.019864244386553764,0.014522075653076172,0.9451605677604675,Transcriptome_and_KG
7254,CC(C)(C)C1=CC(=NO1)NC(=O)NC2=CC=C(C=C2)C3=CN4C5=C(C=C(C=C5)OCCN6CCOCC6)SC4=N3,1507,DB12874,0.1887885481119156,-0.016428928822278976,1.6101875305175781,0.9818874597549438,Transcriptome_and_KG
7254,C(=NN)(N)N,31,DB05383,0.18868549168109894,-0.0018700119107961655,0.5765939950942993,0.9788526892662048,Transcriptome_and_KG
7254,C[C@]12CC[C@H]3[C@H]([C@@H]1CC[C@]2(C#C)O)CCC4=C3C=CC(=C4)O,4938,DB00977,0.18840743601322174,0.003448992967605591,0.32188332080841064,0.9653439521789551,Transcriptome_and_KG
7254,C1CN2CCC1C(C2)CN3C4=CC=CC=C4SC5=CC=CC=C53,1078,DB01071,0.18831965327262878,0.03572284057736397,-0.811744749546051,0.9650456309318542,Transcriptome_and_KG
7254,COC1=CC(=C(C=C1C(=O)NC2CCN3CCCC2C3)Cl)N,4626,DB04917,0.1882866472005844,0.05101910978555679,-1.2874822616577148,0.9638363718986511,Transcriptome_and_KG
7254,CC(C)C1C2=C(CCC1(CCN(C)CCCC3=NC4=CC=CC=C4N3)OC(=O)COC)C=C(C=C2)F,1709,DB01388,0.18803972005844116,0.0642109140753746,-1.6945040225982666,0.9630603194236755,Transcriptome_and_KG
7254,C1[C@@H]([C@H](O[C@H]1N2C=NC(=NC2=O)N)CO)O,1174,DB01262,0.18797095119953156,-0.028504081070423126,1.1569499969482422,0.952553927898407,Transcriptome_and_KG
7254,CC1=NC(=NC=C1OCC2(CC2C(=O)NC3=NC=C(C=C3)F)C4=CC(=CC=C4)F)C,2764,DB11951,0.18783527612686157,0.035469405353069305,-6.60738468170166,0.993606686592102,Transcriptome_and_KG
7254,COC(=O)/C=C/C(=O)OC,4520,DB08908,0.18776488304138184,-0.00818931870162487,0.6046833992004395,0.9449735879898071,Transcriptome_and_KG
7254,CC=C(C)C(=O)OC1C(=CC23C1(C(C(=CC(C2=O)C4C(C4(C)C)CC3C)CO)O)O)C,3048,DB05013,0.18767191469669342,-0.017016295343637466,1.606472373008728,0.9822908639907837,Transcriptome_and_KG
7254,COC1=NC2=C(C3=C(C=C(C=C3)Cl)N=C2C=C1)NC4=CC(=C(C(=C4)CN5CCCC5)O)CN6CCCC6,4691,DB12975,0.1876239776611328,0.09229148179292679,-2.8319098949432373,0.9651868939399719,Transcriptome_and_KG
7254,[Al](Cl)(Cl)Cl,5000,DB11081,0.18755334615707397,0.005889086052775383,-0.863650918006897,0.9938255548477173,Transcriptome_and_KG
7254,C1CN(CCC1N2C3=CC=CC=C3NC2=O)CCCC(C4=CC=C(C=C4)F)C5=CC=C(C=C5)F,1016,DB01100,0.18742749094963074,0.09949103742837906,-5.819380283355713,0.9800750017166138,Transcriptome_and_KG
7254,C1=CC(=CC=C1CCCCNCC(C2=CC(=C(C=C2)O)O)O)O,315,DB01102,0.18721719086170197,0.0261372197419405,-3.3790767192840576,0.9911167621612549,Transcriptome_and_KG
7254,CC(C1=CC=CC=C1)NCCC(C2=CC=CC=C2)C3=CC=CC=C3,1940,DB08980,0.1871829777956009,-0.0012971432879567146,0.44697678089141846,0.9606907963752747,Transcriptome_and_KG
7254,CC1=CC=C(C=C1)C2=CC(=NN2C3=CC=C(C=C3)S(=O)(=O)N)C(F)(F)F,2663,DB00482,0.18716739118099213,0.049488428980112076,-1.779855489730835,0.9719231128692627,Transcriptome_and_KG
7254,CC(C)NC(=O)C1=CC=C(C=C1)CNNC,1838,DB01168,0.18708950281143188,-0.02519093081355095,1.240591049194336,0.9632470011711121,Transcriptome_and_KG
7254,CN(C(=O)CCC1=NN(C(=C1)C2=CC=C(C=C2)Cl)C3=CC=C(C=C3)OC)O,4069,DB11466,0.186976358294487,0.0015876940451562405,0.321666955947876,0.9710982441902161,Transcriptome_and_KG
7254,CC(=O)OC1=CC=CC=C1C(=O)NC2=NC=C(S2)[N+](=O)[O-],1360,DB00507,0.1868264377117157,0.05918782949447632,-5.8001508712768555,0.9878590703010559,Transcriptome_and_KG
7254,C1CCN(C1)CCOC2=CC=C(C=C2)[C@H]3[C@H](CCC4=C3C=CC(=C4)O)C5=CC=CC=C5,943,DB06202,0.18681159615516663,0.01954537071287632,-1.0218197107315063,0.9822514653205872,Transcriptome_and_KG
7254,C=C1CC[C@]2([C@H]3CC4=C5[C@]2([C@H]1OC5=C(C=C4)O)CCN3CC6CC6)O,1201,DB06230,0.18677659332752228,0.04015151783823967,-0.8751307725906372,0.9613750576972961,Transcriptome_and_KG
7254,COC1=C2C=CC(=O)OC2=CC3=C1C=CO3,4617,DB12216,0.18672972917556763,0.0012805131264030933,0.3030625581741333,0.9759516716003418,Transcriptome_and_KG
7254,CC[C@H](C)[C@@H](C(=N[C@@H](CCC(=O)O)C(=N[C@@H](CC1=CNC2=CC=CC=C21)C(=N[C@@H](CC(C)C)C(=N[C@@H](CCCCN)C(=N[C@@H](CC(=N)O)C(=NCC(=NCC(=O)N3CCC[C@H]3C(=N[C@@H](CO)C(=N[C@@H](CO)C(=NCC(=N[C@@H](C)C(=O)N4CCC[C@H]4C(=O)N5CCC[C@H]5C(=N[C@@H](CO)C(=N[C@@H](CCCCN)C(=N[C@@H](CCCCN)C(=N[C@@H](CCCCN)C(=N[C@@H](CCCCN)C(=N[C@@H](CCCCN)C(=N[C@@H](CCCCN)C(=N)O)O)O)O)O)O)O)O)O)O)O)O)O)O)O)O)O)O)O)N=C([C@H](CC6=CC=CC=C6)N=C([C@H](CC(C)C)N=C([C@H](CCCNC(=N)N)N=C([C@H](C(C)C)N=C([C@H](C)N=C([C@H](CCC(=O)O)N=C([C@H](CCC(=O)O)N=C([C@H](CCC(=O)O)N=C([C@H](CCSC)N=C([C@H](CCC(=N)O)N=C([C@H](CCCCN)N=C([C@H](CO)N=C([C@H](CC(C)C)N=C([C@H](CC(=O)O)N=C([C@H](CO)N=C([C@H]([C@@H](C)O)N=C([C@H](CC7=CC=CC=C7)N=C([C@H]([C@@H](C)O)N=C(CN=C([C@H](CCC(=O)O)N=C(CN=C([C@H](CC8=CN=CN8)N)O)O)O)O)O)O)O)O)O)O)O)O)O)O)O)O)O)O)O)O)O)O.[V],4042,DB09265,0.18671947717666626,-0.024536127224564552,1.1948555707931519,0.9626742005348206,Transcriptome_and_KG
7254,COC1=CC=C(C=C1)C(=O)NC2=CC=C(C=C2)S(=O)(=O)NC(CC#CCN3CCOCC3)C(=O)O,4654,DB05495,0.1866704523563385,0.014898275956511497,-0.27918004989624023,0.9719159007072449,Transcriptome_and_KG
7254,[O-]P(=O)([O-])[O-].[Al+3],5030,DB14517,0.18663911521434784,0.012320463545620441,-1.138550877571106,0.9891155362129211,Transcriptome_and_KG
7254,C1CCC2CN(CC2C1)C(=O)CC(CC3=CC=CC=C3)C(=O)O,924,DB01252,0.18654248118400574,0.010218163020908833,-0.008306026458740234,0.9675539135932922,Transcriptome_and_KG
7254,C1=CC(=C(C=C1C2=C(C(=O)C3=C(C=C(C=C3O2)O)O)O)O)O,216,DB04216,0.18650124967098236,0.0021506361663341522,-0.13058775663375854,0.9920288920402527,Transcriptome_and_KG
7254,CC(=O)SC1CC2=CC(=O)CCC2(C3C1C4CCC5(C4(CC3)C)CCC(=O)O5)C,1398,DB00421,0.1862763911485672,0.03661789745092392,-0.800072431564331,0.9620329737663269,Transcriptome_and_KG
7254,CN1CCN(CC1)C2=C(C=C3C(=C2F)N(C=C(C3=O)C(=O)O)CCF)F,4406,DB04576,0.18626008927822113,-0.00783216580748558,0.7011346220970154,0.9717123508453369,Transcriptome_and_KG
7254,CC12CCC3C(C1CCC2=O)CCC4=C3C=CC(=C4)O,2202,DB00655,0.18589504063129425,0.024195758625864983,-0.8523162603378296,0.9747511744499207,Transcriptome_and_KG
7254,C1CCNC2=C(C1)C=CC(=C2)C(=O)CCC3CCN(CC3)CC4=CC=CC=C4,965,DB04859,0.1857863962650299,0.04641927778720856,-1.3876441717147827,0.9672335982322693,Transcriptome_and_KG
7254,CC(=O)NCC1=C(C(=C(C(=C1I)NC(=O)C)I)C(=O)O)I,1335,DB08948,0.18577468395233154,0.04143630713224411,-1.3955280780792236,0.970619797706604,Transcriptome_and_KG
7254,CC(=O)OCC1=C(N2C(C(C2=O)NC(=O)C(C3=CC=CC=C3)N)SC1)C(=O)O,1383,DB00689,0.18562547862529755,-0.00485353684052825,0.5369223952293396,0.9695515036582947,Transcriptome_and_KG
7254,C1=CC=C2C(=C1)C=NN=C2NN,535,DB01275,0.1855897456407547,0.05425100773572922,-1.8163387775421143,0.9690460562705994,Transcriptome_and_KG
7254,C1=CC=C2C(=C1)C(=NO2)CS(=O)(=O)N,515,DB00909,0.18549254536628723,0.01420798059552908,-1.4319708347320557,0.988852858543396,Transcriptome_and_KG
7254,CC(=CC1C(C1(C)C)C(=O)OCC2=CC(=CC=C2)OC3=CC=CC=C3)C,1251,DB13717,0.18548671901226044,0.01187996193766594,0.05782341957092285,0.9536782503128052,Transcriptome_and_KG
7254,CN1C2=C(C(=O)N(C1=O)C)NC(=N2)Br,4270,DB14018,0.1853368580341339,0.01461690291762352,-1.3621405363082886,0.9880414009094238,Transcriptome_and_KG
7254,C(C(C(=O)O)N)SCC(=O)O,57,DB04339,0.18522939085960388,0.01979231834411621,-1.5557992458343506,0.9859040379524231,Transcriptome_and_KG
7254,CC1=CC2=C(C=C1C)N(C=N2)[C@@H]3[C@@H]([C@@H]([C@H](O3)CO)OP(=O)([O-])O[C@@H](C)CNC(=O)CC[C@@]\4([C@H]([C@@H]5[C@]6([C@@]([C@@H](C(=N6)/C(=C\7/[C@@]([C@@H](C(=N7)/C=C\8/C([C@@H](C(=N8)/C(=C4\[N-]5)/C)CCC(=O)N)(C)C)CCC(=O)N)(C)CC(=O)N)/C)CCC(=O)N)(C)CC(=O)N)C)CC(=O)N)C)O.[Co+2],2631,DB14098,0.18522104620933533,0.05293254181742668,-3.119684934616089,0.9805256724357605,Transcriptome_and_KG
7254,CC(C1=CC=C(C=C1)CC2CCCC2=O)C(=O)O,1930,DB09212,0.185163214802742,-0.0013624420389533043,0.3678780198097229,0.9746413230895996,Transcriptome_and_KG
7254,C1C=CN(C=C1C(=O)N)C2C(C(C(O2)COP(=O)(O)OP(=O)(O)OCC3C(C(C(O3)N4C=NC5=C(N=CN=C54)N)O)O)O)O,726,DB00157,0.1850971281528473,-0.0015829261392354965,0.3916385769844055,0.9640481472015381,Transcriptome_and_KG
7254,C1=CC=C2C(=C1)C=C(S2)CC3=C(C=CC(=C3)[C@H]4[C@@H]([C@H]([C@@H]([C@H](O4)CO)O)O)O)F,527,DB11698,0.1850433498620987,-0.002911485731601715,0.43460166454315186,0.9608481526374817,Transcriptome_and_KG
7254,CCCCC1=NC2=C(N1CCN(CC)CC)C=CC(=C2)C=CC(=O)NO,3462,DB05223,0.18497568368911743,-0.0012881923466920853,0.3809273838996887,0.9617133140563965,Transcriptome_and_KG
7254,CS(=O)(=O)N1C=C2CN(CC2=N1)[C@@H]3C[C@@H]([C@H](OC3)C4=C(C=CC(=C4)F)F)N,4764,DB11992,0.18487325310707092,-0.002367638051509857,0.4150521159172058,0.954094409942627,Transcriptome_and_KG
7254,CN1CCN(CC1)C2=NC3=CC=CC=C3SC4=C2C=C(C=C4)Cl,4420,DB13256,0.1846768707036972,-0.002108546905219555,0.3911438286304474,0.9687383770942688,Transcriptome_and_KG
7254,CCCCC(=O)O[C@H]1CC[C@@H]2[C@@]1(CC[C@H]3[C@H]2CCC4=C3C=CC(=C4)O)C,3427,DB13956,0.18464845418930054,0.01656293496489525,-0.4352739453315735,0.9719233512878418,Transcriptome_and_KG
7254,C1=CC=C(C(=C1)C(=O)OC2=CC=CC=C2C(=O)O)O,388,DB01399,0.18428689241409302,0.08856799453496933,-2.9956679344177246,0.967004120349884,Transcriptome_and_KG
7254,CSCC[C@@H](C(=O)O)N,4789,DB00134,0.18398383259773254,-0.0010334430262446404,-0.20282000303268433,0.9947071671485901,Transcriptome_and_KG
7254,C1=CC(=CC(=C1)O)O,268,DB11085,0.1839306503534317,0.08415152877569199,-1.701052188873291,0.9501718282699585,Transcriptome_and_KG
7254,CC12CCC3C(C1CCC2O)C(CC4=C3C=CC(=C4)O)CCCCCCCCCS(=O)CCCC(C(F)(F)F)(F)F,2205,DB00947,0.1834333837032318,0.004776915535330772,-0.5041084289550781,0.9879369139671326,Transcriptome_and_KG
7254,CC(C)N1CCC(CC1)N(C2=CC=C(C=C2)Cl)C(=O)CC3=CC=CC=C3,1827,DB13653,0.18339751660823822,-0.0033221300691366196,0.38439884781837463,0.9741590023040771,Transcriptome_and_KG
7254,CC1=C(C2=C(CCC(O2)(C)COC3=CC=C(C=C3)CC4C(=O)NC(=O)S4)C(=C1O)C)C,2326,DB00197,0.1830730140209198,0.0014510201290249825,0.034404873847961426,0.9810842871665955,Transcriptome_and_KG
7254,CC(C)CCCCCCCCC(=O)NC1C(C(C(OC1OC2=C3C=C4C=C2OC5=C(C=C(C=C5)C(C6C(=O)NC(C7=C(C(=CC(=C7)O)OC8C(C(C(C(O8)CO)O)O)O)C9=C(C=CC(=C9)C(C(=O)N6)NC(=O)C4NC(=O)C1C2=C(C(=CC(=C2)OC2=C(C=CC(=C2)C(C(=O)NC(CC2=CC=C(O3)C=C2)C(=O)N1)NC)O)O)Cl)O)C(=O)NCCCN(C)C)O)Cl)C(=O)O)O)O,1783,DB06219,0.18306583166122437,0.08193868398666382,-1.955909013748169,0.9559410214424133,Transcriptome_and_KG
7254,CCC(CO)NCCNC(CC)CO,3217,DB00330,0.1829424649477005,0.023112859576940536,-2.361161947250366,0.9875224232673645,Transcriptome_and_KG
7254,C1CNCC1N2CCC(=CC3=C(N4C(C(C4=O)NC(=O)C(=NO)C5=NSC(=N5)N)SC3)C(=O)O)C2=O,1104,DB04918,0.1827840358018875,0.00104982266202569,0.20629525184631348,0.9674990773200989,Transcriptome_and_KG
7254,CCOC1C(C2CCC(C3C24C(O1)OC(CC3)(OO4)C)C)C,3990,DB13851,0.1827176958322525,-0.005102688446640968,0.4351939558982849,0.9629004001617432,Transcriptome_and_KG
7254,CN(C)C=NC1=C(C=C(C(=C1I)CCC(=O)O)I)I,4109,DB09333,0.18270041048526764,0.018133917823433876,-1.2476470470428467,0.9828667044639587,Transcriptome_and_KG
7254,C1=CC2=C(C=C1Cl)NC(=O)O2,369,DB00356,0.1826103925704956,0.021116450428962708,-1.83497953414917,0.9855855107307434,Transcriptome_and_KG
7254,CCOC1=CC=C(C=C1)CC2=C(C=CC(=C2)C3C(C(C(C(O3)SC)O)O)O)Cl,3971,DB12713,0.18235942721366882,0.05343607813119888,-1.6921855211257935,0.9660578966140747,Transcriptome_and_KG
7254,C1=CC=C2C(=C1)C(=C(N=C2Cl)C(=O)NCC(=O)O)O,504,DB08687,0.18205606937408447,0.00551222451031208,0.0687224268913269,0.9625064134597778,Transcriptome_and_KG
7254,CC(C)CC(C(CSC1=CC=CS1)C(=O)NO)C(=O)NC(CC2=CC=CC=C2)C(=O)NC,1753,DB03880,0.18205593526363373,-0.04435713589191437,1.6037566661834717,0.9597294330596924,Transcriptome_and_KG
7254,CCCC(=O)OC1C(OC(CC1(C)OC(=O)CC)OC2C(OC(C(C2N(C)C)O)OC3C(CC(C(C=CC=CCC(OC(=O)CC(C3OC)O)C)O)C)CC=O)C)C,3355,DB13409,0.1820230931043625,-0.014921505935490131,0.8997282981872559,0.9752751588821411,Transcriptome_and_KG
7254,N(=O)[O-].[Na+],4986,DB09112,0.1818898767232895,0.011071170680224895,-0.2582205533981323,0.9699923396110535,Transcriptome_and_KG
7254,C(CCN)C[C@@H](C(=O)O)N,101,DB00123,0.18169546127319336,0.01572328433394432,-0.7469009160995483,0.977257490158081,Transcriptome_and_KG
7254,C1=CC=C(C=C1)CC(=O)NC(=O)N,448,DB01121,0.18148654699325562,0.036849796772003174,-0.8614940643310547,0.9594570994377136,Transcriptome_and_KG
7254,COC1=C(C=C(C=C1)F)CC(C2CCOCC2)(C3CNCCO3)O,4584,DB09184,0.18130415678024292,-0.00547022745013237,0.40848201513290405,0.9518126845359802,Transcriptome_and_KG
7254,CC(=O)OCC1=C(N2C(C(C2=O)NC(=O)CC3=CC=CS3)SC1)C(=O)O,1385,DB00456,0.18124958872795105,0.005309291183948517,0.17473948001861572,0.944876492023468,Transcriptome_and_KG
7254,CN(CC1=CN=C2C(=N1)C(=NC(=N2)N)N)C3=CC=C(C=C3)C(=O)NC(CCC(=O)O)C(=O)O,4205,DB00563,0.18116948008537292,0.009579363279044628,-0.2816581726074219,0.9723538160324097,Transcriptome_and_KG
7254,C1CC(OC1COC2=CC=C(C=C2)F)C#CCCN(C(=O)N)O,802,DB05431,0.18092341721057892,0.005093615036457777,0.05029928684234619,0.9622530937194824,Transcriptome_and_KG
7254,CCCC1CC(N(C1)C)C(=O)NC(C2C(C(C(C(O2)SC)O)O)O)C(C)Cl,3408,DB01190,0.18073202669620514,0.09091299772262573,-3.3689870834350586,0.9683714509010315,Transcriptome_and_KG
7254,CCOC1=CC=C(C=C1)CC2=C(C=CC(=C2)[C@@]34[C@@H]([C@H]([C@@H]([C@@](O3)(CO4)CO)O)O)O)Cl,3972,DB11827,0.18071939051151276,-0.006105968728661537,0.3987005352973938,0.9741240739822388,Transcriptome_and_KG
7254,CCC(C)C(C(=O)NC(CCC(=O)N)C(=O)NC(CC(C)C)C(=O)NC(CCSC)C(=O)NC(CC1=CNC=N1)C(=O)NC(CC(=O)N)C(=O)NC(CC(C)C)C(=O)NCC(=O)NC(CCCCN)C(=O)NC(CC2=CNC=N2)C(=O)NC(CC(C)C)C(=O)NC(CC(=O)N)C(=O)NC(CO)C(=O)NC(CCSC)C(=O)NC(CCC(=O)O)C(=O)NC(CCCNC(=N)N)C(=O)NC(C(C)C)C(=O)NC(CCC(=O)O)C(=O)NC(CC3=CNC4=CC=CC=C43)C(=O)NC(CC(C)C)C(=O)NC(CCCNC(=N)N)C(=O)NC(CCCCN)C(=O)NC(CCCCN)C(=O)NC(CC(C)C)C(=O)NC(CCC(=O)N)C(=O)NC(CC(=O)O)C(=O)NC(C(C)C)C(=O)NC(CC5=CNC=N5)C(=O)NC(CC(=O)N)C(=O)NC(CC6=CC=CC=C6)C(=O)O)NC(=O)C(CCC(=O)O)NC(=O)C(CO)NC(=O)C(C(C)C)NC(=O)C(CO)N,3150,DB06285,0.18054765462875366,0.03793436288833618,-4.260937690734863,0.9880210757255554,Transcriptome_and_KG
7254,C1=C2C(=CC(=C1Cl)S(=O)(=O)N)S(=O)(=O)NC(N2)C(Cl)Cl,194,DB01021,0.18052348494529724,0.04127325862646103,-1.3773624897003174,0.9672017097473145,Transcriptome_and_KG
7254,CC12CC(=O)C3C(C1CCC2(C(=O)CO)O)CCC4=CC(=O)C=CC34C,2163,DB00635,0.1804984211921692,0.04206937551498413,-0.9496493339538574,0.9567243456840515,Transcriptome_and_KG
7254,CN(C)N=NC1=C(NC=N1)C(=O)N,4183,DB00851,0.1803371012210846,-0.01638709008693695,0.7291460037231445,0.9623937606811523,Transcriptome_and_KG
7254,CN1C(=NN=N1)SCC2=C(N3C(C(C3=O)(NC(=O)C(C4=CC=C(C=C4)O)C(=O)O)OC)OC2)C(=O)O,4242,DB04570,0.18031467497348785,-0.0023293322883546352,0.20584332942962646,0.9734649062156677,Transcriptome_and_KG
7254,CCCCN1CCCC[C@H]1C(=O)NC2=C(C=CC=C2C)C,3610,DB01002,0.180293008685112,0.015528994612395763,-2.134214162826538,0.9889292120933533,Transcriptome_and_KG
7254,C1=CC=C(C=C1)[C@H](CNCCC2=CC=C(C=C2)NC(=O)CC3=CSC(=N3)N)O,502,DB08893,0.1801607757806778,0.08758790045976639,-3.3311424255371094,0.9689487814903259,Transcriptome_and_KG
7254,CC(=O)NCCC1=CC=CC2=C1C=C(C=C2)OC,1342,DB06594,0.1796838343143463,0.0718766301870346,-3.095635414123535,0.9721196293830872,Transcriptome_and_KG
7254,CC[C@@]12CCCN3[C@@H]1C4=C(CC3)C5=CC=CC=C5N4[C@](C2)(C(=O)OC)O,4039,DB13374,0.17960044741630554,0.0046962834894657135,-0.8886522650718689,0.9881916642189026,Transcriptome_and_KG
7254,CCNC(=O)C1C(C(C(O1)N2C=NC3=C(N=C(N=C32)C#CCC4CCC(CC4)C(=O)OC)N)O)O,3838,DB05009,0.1794165074825287,0.02387680485844612,-0.8137742877006531,0.9684670567512512,Transcriptome_and_KG
7254,C1CC1CN2CCC34C5C(=O)CCC3(C2CC6=C4C(=C(C=C6)O)O5)O,818,DB00620,0.1792861521244049,0.05795539170503616,-1.2113099098205566,0.951265275478363,Transcriptome_and_KG
7254,CC1=CC(=NN=C1NCCN2CCOCC2)C3=CC=CC=C3,2597,DB00805,0.17920929193496704,0.0673830509185791,-1.3390493392944336,0.9484355449676514,Transcriptome_and_KG
7254,C1C(C(OC1N2C=NC3=C2NC=NCC3O)CO)O,651,DB00552,0.17902658879756927,-0.009007914923131466,0.4398956298828125,0.9442223310470581,Transcriptome_and_KG
7254,C1=NC2=C(N=C(N=C2N1C3C(C(C(O3)CO)O)O)F)N,596,DB01073,0.17893686890602112,-0.014076770283281803,0.6455521583557129,0.9679594039916992,Transcriptome_and_KG
7254,CCC(CC)OC1C=C(CC(C1NC(=O)C)N)C(=O)OCC,3212,DB00198,0.1789277195930481,-0.011012235656380653,0.47693872451782227,0.9404260516166687,Transcriptome_and_KG
7254,CC1CC2C3CCC4=CC(=O)C=CC4(C3(C(CC2(C1(C(=O)CCl)O)C)O)F)C,2965,DB11750,0.17868436872959137,-0.010694408789277077,0.5251016616821289,0.9734764099121094,Transcriptome_and_KG
7254,C1=NNC2=C1C(=O)NC(=O)N2,598,DB05262,0.17866761982440948,-0.01094150636345148,0.5189319849014282,0.9690173864364624,Transcriptome_and_KG
7254,CC1CC2C3C(CC4=CC(=O)C=CC4(C3C(CC2(C1(C(=O)CO)O)C)O)C)Cl,2951,DB00240,0.17864692211151123,-0.0064838118851184845,0.34333038330078125,0.9681522846221924,Transcriptome_and_KG
7254,C1CCC(C1)C(CC#N)N2C=C(C=N2)C3=C4C=CNC4=NC=N3.OP(=O)(O)O,884,DB08877,0.17857079207897186,0.030633756890892982,-0.9666341543197632,0.9653626084327698,Transcriptome_and_KG
7254,CC1CCC2C(C(OC3C24C1CCC(O3)(OO4)C)O)C,2988,DB11638,0.17837341129779816,-0.016070794314146042,0.7629925012588501,0.9735315442085266,Transcriptome_and_KG
7254,CCCC1CC(=O)N(C1)C(CC)C(=O)N,3407,DB05541,0.17816220223903656,0.003360520116984844,0.18457448482513428,0.9379249215126038,Transcriptome_and_KG
7254,CN(CCCl)CCCl,4219,DB00888,0.17803551256656647,-0.0022644763812422752,0.18441224098205566,0.9647621512413025,Transcriptome_and_KG
7254,CCCCC(C)(C/C=C/[C@H]1[C@@H](CC(=O)[C@@H]1CCCCCCC(=O)OC)O)O,3433,DB00929,0.1779533177614212,0.05140609294176102,-3.3354783058166504,0.9799403548240662,Transcriptome_and_KG
7254,CC(CCC(=O)O)C1CCC2C1(CCC3C2C(CC4C3(CCC(C4)O)C)O)C,1993,DB01586,0.17763103544712067,0.013849572278559208,-0.30977439880371094,0.9610798954963684,Transcriptome_and_KG
7254,CN(CCCOC1=C(C=C(C=C1)Cl)Cl)CC#C,4218,DB04017,0.17721953988075256,-0.003683164482936263,0.25478196144104004,0.9550304412841797,Transcriptome_and_KG
7254,C1CC(C2=CC=CC=C2C1C3=CC(=C(C=C3)Cl)Cl)N,764,DB12305,0.17720407247543335,0.057332657277584076,-1.7648733854293823,0.9624296426773071,Transcriptome_and_KG
7254,CC1=C(C(=C(C=C1)Cl)NC2=CC=CC=C2C(=O)[O-])Cl.[Na+],2223,DB00939,0.1771715134382248,0.08747480064630508,-5.217782020568848,0.9785460829734802,Transcriptome_and_KG
7254,CCCCCCCCCCCCCCCC(=O)NC1=NC(=O)N(C=C1)C2C(C(C(O2)CO)O)C#N,3529,DB06365,0.17701351642608643,-0.0390513613820076,1.6526291370391846,0.9709288477897644,Transcriptome_and_KG
7254,CC(=O)C1CCC2C1(CCC3C2CCC4=CC(=O)CCC34C)C,1285,DB00396,0.17697304487228394,0.057279136031866074,-2.2920103073120117,0.969439685344696,Transcriptome_and_KG
7254,C1=CC=C(C=C1)C2(C(=O)N(C(=O)N2)COP(=O)(O)O)C3=CC=CC=C3,430,DB01320,0.1769619584083557,0.1050645038485527,-3.2177062034606934,0.961361289024353,Transcriptome_and_KG
7254,C1=CC=C(C=C1)C2=CC=C(C=C2)CC(=O)O,438,DB07477,0.17686371505260468,0.04006937891244888,-1.1736762523651123,0.9615241885185242,Transcriptome_and_KG
7254,CC1C(C(CC(O1)OC2C(OC(CC2O)OC3C(OC(CC3O)OC4CCC5(C(C4)CCC6C5CCC7(C6(CCC7C8=CC(=O)OC8)O)C)C)C)C)O)O,2863,DB01396,0.17681884765625,-0.024797335267066956,1.1128873825073242,0.9738911986351013,Transcriptome_and_KG
7254,CCC1(C2=C(COC1=O)C(=O)N3CC4=CC5=C(C=CC(=C5CN(C)C)O)N=C4C3=C2)O,3231,DB01030,0.17656230926513672,0.064633309841156,-1.998732566833496,0.9620813727378845,Transcriptome_and_KG
7254,CCN1CCN(CC1)C2=NC3=C(CCCCCC3)C(=C2)C4=CC=C(C=C4)F,3829,DB09223,0.17651575803756714,0.009051666595041752,-0.611200213432312,0.9765426516532898,Transcriptome_and_KG
7254,CCCCNC(=O)NS(=O)(=O)C1=CC=C(C=C1)C,3612,DB01124,0.17650490999221802,0.009807239286601543,-0.8356255888938904,0.979913592338562,Transcriptome_and_KG
7254,[N+](=O)([O-])[O-].[K+],5019,DB11090,0.17649032175540924,0.027002591639757156,-2.575601100921631,0.9843621253967285,Transcriptome_and_KG
7254,C1CCN(CC1)C2=NC(=NC3=C2N=C(N=C3N4CCCCC4)N(CCO)CCO)N(CCO)CCO,949,DB00975,0.1762283742427826,0.021796846762299538,-2.3341033458709717,0.9852323532104492,Transcriptome_and_KG
7254,COC1=C(C=C(C=C1)C=CC2=CC(=C(C(=C2)OC)OC)OC)OP(=O)(O)O,4572,DB12577,0.17615698277950287,-0.049919117242097855,1.6526291370391846,0.961258053779602,Transcriptome_and_KG
7254,CCC(C)(C)C(=O)C(=O)N1CCCC1C(=O)OCCCC2=CN=CC=C2,3118,DB01951,0.1760624200105667,-0.0035477513447403908,0.1850264072418213,0.9618116021156311,Transcriptome_and_KG
7254,CC(=O)OCC(=O)C1(CCC2C1(CC=C3C2CCC4=CC(=O)CCC43C)C)O,1369,DB05288,0.17596642673015594,-0.011838617734611034,0.4584144949913025,0.9719824194908142,Transcriptome_and_KG
7254,C1C(=O)NC(=O)S1,621,DB05854,0.1758483350276947,0.025494901463389397,-0.13058656454086304,0.9220200181007385,Transcriptome_and_KG
7254,CNC(CC1CCCOC1)CNC(=O)N2CCCC(C2)C(C3=CC(=CC=C3)Cl)OCCNC(=O)OC,4474,DB12416,0.17547540366649628,-0.007994575425982475,0.22239950299263,0.9785182476043701,Transcriptome_and_KG
7254,C(CN(C=O)O)CP(=O)(O)O,106,DB02948,0.17524656653404236,-0.01767662912607193,0.6053292751312256,0.9604215621948242,Transcriptome_and_KG
7254,CCC1(C(=O)NC(=O)N(C1=O)C)C2=CC=CC=C2,3222,DB00849,0.17521201074123383,0.17667922377586365,-3.9931416511535645,0.9485658407211304,Transcriptome_and_KG
7254,C1CN(CC2=C1SC=C2)CC3=CC=CC=C3Cl,979,DB00208,0.17505036294460297,0.005414867773652077,-1.6391468048095703,0.9895077347755432,Transcriptome_and_KG
7254,CC1CC2C3CCC4=CC(=O)C=CC4(C3C(=O)CC2(C1(C(=O)CO)O)C)C,2971,DB09383,0.1749313920736313,-0.027406683191657066,0.9153505563735962,0.9618938565254211,Transcriptome_and_KG
7254,CC1CCC(CC1=CC=C2CCCC3(C2CCC3C(C)C=CC(C)C(C)C)C)O,2981,DB01070,0.17487287521362305,0.06871725618839264,-2.6277923583984375,0.9674587249755859,Transcriptome_and_KG
7254,CC1=NC=CN1CC2CCC3=C(C2=O)C4=CC=CC=C4N3C,2799,DB00904,0.17484590411186218,0.044429272413253784,-4.168085098266602,0.9846255779266357,Transcriptome_and_KG
7254,CCCC1=NC(=C2N1N=C(NC2=O)C3=C(C=CC(=C3)S(=O)(=O)N4CCN(CC4)CC)OCC)C,3399,DB00862,0.1744544953107834,0.07066747546195984,-6.192692756652832,0.984307587146759,Transcriptome_and_KG
7254,COC1=CC(=C(C=C1)C=C2CCCN=C2C3=CN=CC=C3)OC,4621,DB05708,0.17444832623004913,0.004568107426166534,-0.4562251567840576,0.976040780544281,Transcriptome_and_KG
7254,CCCC(=O)[O-].[Na+],3360,DB03568,0.17444558441638947,0.03443007543683052,0.34045442938804626,0.5610354542732239,Transcriptome_and_KG
7254,C(=O)(N)N,32,DB03904,0.17414774000644684,0.028336547315120697,-2.8549113273620605,0.9843649864196777,Transcriptome_and_KG
7254,C1(=NC(=O)NC(=O)N1)C(=O)O,152,DB03209,0.17414560914039612,0.034653156995773315,-1.4088536500930786,0.9681782126426697,Transcriptome_and_KG
7254,CCOC(=O)[C@H](CCC1=CC=CC=C1)N[C@H]2CS[C@@H](CN(C2=O)CC(=O)O)C3=CC=CS3,3935,DB08836,0.17391769587993622,-0.0025720475241541862,0.010444104671478271,0.9690134525299072,Transcriptome_and_KG
7254,CCN(C1=CC=CC=C1)C(=O)C2=C(C3=C(C=CC=C3Cl)N(C2=O)C)O,3709,DB06685,0.17364159226417542,-0.03659823536872864,1.4114606380462646,0.970818281173706,Transcriptome_and_KG
7254,C[C@@H](C(=O)O)N,4793,DB00160,0.17322754859924316,0.01483253575861454,-1.3483877182006836,0.9800698757171631,Transcriptome_and_KG
7254,CC/C=C\C/C=C\C/C=C\C/C=C\C/C=C\CCCC(=O)O,2031,DB00159,0.1728532314300537,0.0043143825605511665,-2.217933416366577,0.9913653135299683,Transcriptome_and_KG
7254,C1=CSC(=C1)CNC2=CC(=C(C=C2C3=NNN=N3)S(=O)(=O)N)Cl,577,DB08961,0.17279043793678284,0.036246273666620255,-0.8328602910041809,0.9515135288238525,Transcriptome_and_KG
7254,CC(=O)OC1=CC=CC=C1C(=O)O,1361,DB00945,0.17277759313583374,0.06274132430553436,-2.565826892852783,0.9684075713157654,Transcriptome_and_KG
7254,CC12CC(C3=C4CCC(=O)C=C4CCC3C1CCC2(COC)OC)C5=CC=C(C=C5)C=NO,2169,DB06680,0.17257839441299438,0.060384124517440796,0.21765947341918945,0.6753590703010559,Transcriptome_and_KG
7254,CCOC1=NC2=CC=CC(=C2N1CC3=CC=C(C=C3)C4=CC=CC=C4C5=NNN=N5)C(=O)O,3983,DB00796,0.1723111867904663,0.08686522394418716,-3.637279510498047,0.9692790508270264,Transcriptome_and_KG
7254,C1CCNC(C1)CNC(=O)C2=C(C=CC(=C2)OCC(F)(F)F)OCC(F)(F)F,964,DB01195,0.17223644256591797,0.005254474468529224,-2.095489978790283,0.9902014136314392,Transcriptome_and_KG
7254,CCC(CC)COC(=O)C(C)NP(=O)(OCC1C(C(C(O1)(C#N)C2=CC=C3N2N=CN=C3N)O)O)OC4=CC=CC=C4,3210,DB14761,0.17218606173992157,-0.009028546512126923,0.124045729637146,0.9772368669509888,Transcriptome_and_KG
7254,C(C(=O)[O-])C(CC(=O)[O-])(C(=O)[O-])O.[Fe+3],51,DB14520,0.17199060320854187,-0.015048978850245476,0.43258365988731384,0.9658665657043457,Transcriptome_and_KG
7254,C1C2=C(C=CC(=C2Cl)Cl)N=C3N1CC(=O)N3,692,DB00261,0.17195859551429749,0.06560137122869492,-1.7731794118881226,0.9555166959762573,Transcriptome_and_KG
7254,CC12CC3CC(C1)(CC(C3)(C2)N)C,2176,DB01043,0.17177900671958923,0.031897448003292084,-2.410910129547119,0.9794700145721436,Transcriptome_and_KG
7254,CC1=C(C(=CC=C1)C)NC(=O)CN2CCN(CC2)CC(COC3=CC=CC=C3OC)O,2235,DB00243,0.17159835994243622,0.0038404781371355057,-2.235668182373047,0.9911065697669983,Transcriptome_and_KG
7254,C1=C(C(=CNC1=O)Cl)O,160,DB09257,0.1714804470539093,0.06794943660497665,-1.5801416635513306,0.9498047232627869,Transcriptome_and_KG
7254,C(C(Cl)(Cl)Cl)(O)O,71,DB01563,0.17140552401542664,-0.005060191731899977,-1.160585880279541,0.9920029640197754,Transcriptome_and_KG
7254,CC1=C(C(=CC=C1)C)OCC(C)N,2239,DB00379,0.17136898636817932,0.017503203824162483,-2.0915517807006836,0.9837436079978943,Transcriptome_and_KG
7254,CC1CC2CCC3C(=C)CC(O3)CCC45CC6C(O4)C7C(O6)C(O5)C8C(O7)CCC(O8)CC(=O)CC9C(CC(C1=C)O2)OC(C9OC)CC(CN)O,2972,DB08871,0.17128148674964905,-0.03833862394094467,3.332946300506592,0.9900190830230713,Transcriptome_and_KG
7254,CC1(CS(=O)(=O)N(C(=N1)N)C)C2=C(C=CC(=C2)NC(=O)C3=NC=C(C=C3)F)F,2134,DB12285,0.1711633801460266,0.006038181018084288,-0.2681410312652588,0.9617680311203003,Transcriptome_and_KG
7254,C1C(C(OC1N2C=C(C(=O)NC2=O)I)CO)O,647,DB00249,0.17102426290512085,-0.0012980983592569828,-0.09891295433044434,0.9661746025085449,Transcriptome_and_KG
7254,C1CC(C1)CN2CC[C@]34[C@@H]5[C@H](CC[C@]3([C@H]2CC6=C4C(=C(C=C6)O)O5)O)O,754,DB00844,0.17095200717449188,0.019254770129919052,-3.3670008182525635,0.9884689450263977,Transcriptome_and_KG
7254,C[C@H]1[C@H]2CC3=C([C@@]1(CCN2CC=C(C)C)C)C=C(C=C3)O,4909,DB00652,0.17045195400714874,0.018340367823839188,-2.770751953125,0.9865155220031738,Transcriptome_and_KG
7254,CC1=CC(=CN=C1)CN2CCC(=C3C4=C(CCC5=C3N=CC=C5)C=C(C=C4)Cl)CC2,2579,DB11614,0.17023669183254242,0.08237823098897934,-5.9537882804870605,0.9807279109954834,Transcriptome_and_KG
7254,C1=CN=CC=C1C2=CNC(=O)C(=C2)N,568,DB01427,0.1701442450284958,0.0017625335603952408,-1.4643198251724243,0.9879913926124573,Transcriptome_and_KG
7254,C1=NC2=C(N1)C(=S)N=CN2,591,DB01033,0.17010675370693207,0.002639424055814743,-0.1603865623474121,0.9597846269607544,Transcriptome_and_KG
7254,CC1=CC=C(C=C1)C(=O)C2=CC=C(N2C)CC(=O)O,2655,DB00500,0.17007401585578918,0.08840014785528183,-4.891786098480225,0.975548505783081,Transcriptome_and_KG
7254,C(C(=O)O)NCP(=O)(O)O,46,DB04539,0.1699662208557129,-0.045045044273138046,1.1895341873168945,0.9552682638168335,Transcriptome_and_KG
7254,CCNC(=O)C1CCCN1C(=O)C(CCCN=C(N)N)NC(=O)C(CC(C)C)NC(=O)C(CC2=CN(C=N2)CC3=CC=CC=C3)NC(=O)C(CC4=CC=C(C=C4)O)NC(=O)C(CO)NC(=O)C(CC5=CNC6=CC=CC=C65)NC(=O)C(CC7=CN=CN7)NC(=O)C8CCC(=O)N8,3841,DB06788,0.16985878348350525,0.05818520486354828,-3.4810047149658203,0.9762244820594788,Transcriptome_and_KG
7254,CC(=O)[O-].CC(=O)[O-].CC(=O)[O-].[Al+3],1401,DB14518,0.16971123218536377,0.0010221004486083984,0.07228931784629822,0.9380638599395752,Transcriptome_and_KG
7254,CC1C(C(C(C(O1)OC2C(C(OC(C2OC(=O)C=CC3=CC(=C(C=C3)O)O)CO)OCCC4=CC(=C(C=C4)O)O)O)O)O)O,2852,DB12996,0.16945317387580872,-0.02541607990860939,0.7508493661880493,0.9688839912414551,Transcriptome_and_KG
7254,C1CN(CCN1CCCN2C3=CC=CC=C3SC4=C2C=C(C=C4)Cl)CCO,1056,DB00850,0.16941606998443604,0.03873444348573685,-1.3017354011535645,0.9604046940803528,Transcriptome_and_KG
7254,COC(=O)C1=CC=CC=C1O,4529,DB09543,0.16930930316448212,-0.0078053888864815235,-1.1426899433135986,0.9925833940505981,Transcriptome_and_KG
7254,C1=CC=C(C=C1)C[C@@H](C(=O)O)N,481,DB00120,0.16929052770137787,-0.011203732341527939,-0.16813898086547852,0.9875220656394958,Transcriptome_and_KG
7254,C1=CC=C(C=C1)N=NC2=C(N=C(C=C2)N)N,489,DB01438,0.1692592054605484,0.009811244904994965,-3.16153883934021,0.9905607104301453,Transcriptome_and_KG
7254,CC#CC1(CCC2C1(CC(C3=C4CCC(=O)C=C4CCC23)C5=CC=C(C=C5)N(C)C)C)O,1233,DB00834,0.16906830668449402,0.009372550994157791,-3.9713034629821777,0.9923673272132874,Transcriptome_and_KG
7254,C1[C@H]2[C@@H]([C@@H](S1)CCCCC(=O)O)NC(=O)N2,1197,DB00121,0.16885823011398315,-0.0031164041720330715,-0.8015512228012085,0.9852964282035828,Transcriptome_and_KG
7254,CC1(C2CCC(C2)C1(C)NC)C,2090,DB00657,0.16884279251098633,0.018064074218273163,-1.3936364650726318,0.9756573438644409,Transcriptome_and_KG
7254,CS(=O)(=O)NC1=C(C=C2C(=C1)OC=C(C2=O)NC=O)OC3=CC=CC=C3,4769,DB12233,0.16883772611618042,-0.013785192742943764,0.0,0.9890176057815552,Transcriptome_and_KG
7254,C1CC1C(C2CC2)NC3=NCCO3,809,DB11738,0.16881828010082245,0.0235064048320055,-1.1013774871826172,0.9667736291885376,Transcriptome_and_KG
7254,CCC(=O)N(C1=CC=CC=C1)C2(CCN(CC2)CCN3C(=O)N(N=N3)CC)COC,3073,DB00802,0.1686151921749115,0.012042197398841381,-2.702731132507324,0.988059937953949,Transcriptome_and_KG
7254,CC1=C(C(=CC=C1)C)NC(=O)C2CCCCN2C,2232,DB00961,0.16859713196754456,0.03419236093759537,-3.273547887802124,0.98245769739151,Transcriptome_and_KG
7254,CN1CCC23C4C1CC5=C2C(=C(C=C5)O)OC3C(C=C4)O,4359,DB00295,0.16853083670139313,0.1011497974395752,-10.549068450927734,0.9864184260368347,Transcriptome_and_KG
7254,C1CC1CN2C(=O)CN=C(C3=C2C=CC(=C3)Cl)C4=CC=CC=C4,817,DB01588,0.168430894613266,0.12968692183494568,-5.893576145172119,0.9711498618125916,Transcriptome_and_KG
7254,CN1C(=O)CN=C(C2=C1C=CC(=C2)Cl)C3=CC=CC=C3,4260,DB00829,0.16783998906612396,0.09518787264823914,-5.057587623596191,0.9743146896362305,Transcriptome_and_KG
7254,C1=CC=C(C(=C1)CC(=O)OCC(=O)O)NC2=C(C=CC=C2Cl)Cl,398,DB06736,0.1676567643880844,0.009052597917616367,-0.5437216758728027,0.9646312594413757,Transcriptome_and_KG
7254,C1=CC(=CC2=NC3=C(C=CC(=C3)N)C=C21)N,273,DB01123,0.16755123436450958,0.020573139190673828,-1.7025394439697266,0.977012038230896,Transcriptome_and_KG
7254,CCC(C)C1C(=O)NC(C(=O)NC(C(=O)NC(C(=O)NC(C(=O)NC(C(=O)NC(C(=O)NC(C(=O)NC(C(=O)NC(C(=O)NCC(=O)NC(C(=O)NC2CSSCC3C(=O)NC(C(=O)NC(C(=O)NC(C(=O)NC(CSSCC(C(=O)NC(C(=O)NC(C(=O)N4CCCC4C(=O)N5CCCC5C(=O)NC(C(=O)NC(C(=O)NCC(=O)N6CCCC6C(=O)NC(CSSCC(C(=O)NC(C(=O)NC(C(=O)NC(C(=O)NC(C(=O)NC(C(=O)NC(C(=O)NC(C(=O)NC(C(=O)NC(C(=O)NC(C(=O)NC(C(=O)NC(C(=O)N3)CC(=O)O)CCC(=O)O)C)CO)CCCCN)CC7=CC=CC=C7)CC(=O)N)CC(=O)N)CCCNC(=N)N)CCCCN)C)CCCNC(=N)N)NC(=O)CNC(=O)CNC(=O)C(NC(=O)C(NC(=O)C(NC(=O)C(NC(=O)C(NC2=O)CCC(=O)N)C(C)O)CC8=CC=CC=C8)C(C)C)CC9=CC=C(C=C9)O)C(=O)NC(C(=O)NC(C(=O)NC(C(=O)N1)CCCNC(=N)N)C)CCCCN)C(C)O)CC1=CC=C(C=C1)O)CCC(=O)O)CC(C)C)NC(=O)C(CC1=CC=CC=C1)NC(=O)C(CC(=O)O)NC(=O)C1CCCN1C(=O)C(CCCNC(=N)N)N)C(=O)NCC(=O)NCC(=O)NC(C)C(=O)O)C(C)O)CCCNC(=N)N)CCSC)CC(C)C)C)CCCCN)C)CC(=O)N)CC1=CC=C(C=C1)O)CC1=CC=CC=C1)CC1=CC=C(C=C1)O)CCCNC(=N)N)C(C)CC,3164,DB06692,0.16745513677597046,-0.012551356106996536,0.19397401809692383,0.9652889370918274,Transcriptome_and_KG
7254,C1=CC=C2C(=C1)C(=CN2)CC(C(=O)O)N,506,DB00150,0.16719481348991394,-0.0073070041835308075,-1.0669347047805786,0.9901542067527771,Transcriptome_and_KG
7254,COC1=C2C(=CC3=C1OC=C3)C=CC(=O)O2,4616,DB00553,0.1671271026134491,-0.022338232025504112,0.5329179763793945,0.9663934111595154,Transcriptome_and_KG
7254,CC1CCC(C(=O)CN1S(=O)(=O)C2=CC=CC=N2)NC(=O)C(CC(C)C)NC(=O)C3=CC4=CC=CC=C4O3,2978,DB06367,0.1666945219039917,-0.0020821765065193176,-0.20131510496139526,0.9653078317642212,Transcriptome_and_KG
7254,CN(C)CC=C(C1=CC=C(C=C1)Br)C2=CN=CC=C2,4134,DB04832,0.16660954058170319,-0.007457267493009567,-0.13339859247207642,0.9727492332458496,Transcriptome_and_KG
7254,C1CC(OC1)N2C=C(C(=O)NC2=O)F,801,DB09256,0.16659536957740784,0.028953280299901962,-0.9088621139526367,0.9554218649864197,Transcriptome_and_KG
7254,CC(CC1=CC=C(C=C1)O)N,1977,DB09352,0.16632705926895142,-0.00629071518778801,-1.4378794431686401,0.990894079208374,Transcriptome_and_KG
7254,CC1(N=C(N=C(N1C2=CC=C(C=C2)Cl)N)N)C,2138,DB14763,0.16613544523715973,-0.020514031872153282,0.42995914816856384,0.9629833698272705,Transcriptome_and_KG
7254,CS(=O)C,4783,DB01093,0.16613197326660156,0.03570709750056267,-1.0957672595977783,0.9551701545715332,Transcriptome_and_KG
7254,CC1C(C(C(C(O1)OC2CC(CC3=C2C(=C4C(=C3O)C(=O)C5=CC=CC=C5C4=O)O)(C(=O)CO)O)I)O)O,2857,DB06420,0.16608653962612152,-0.04095280170440674,1.5409321784973145,0.9769211411476135,Transcriptome_and_KG
7254,CC1=CC2=C(C=C1S(=O)(=O)N)S(=O)(=O)CCC2,2637,DB13284,0.16595160961151123,-0.013467073440551758,0.2173682451248169,0.9581171870231628,Transcriptome_and_KG
7254,CC1=C(C(C(=C(N1)C)C(=O)OCC=CC2=CC=CC=C2)C3=CC(=CC=C3)[N+](=O)[O-])C(=O)OCCOC,2295,DB09232,0.1658843457698822,0.0031839441508054733,-0.6557630300521851,0.9729825258255005,Transcriptome_and_KG
7254,CCOC(=O)COC1=CC2=C(CCC(C2)NCC(C3=CC(=CC=C3)Cl)O)C=C1,3909,DB05395,0.16580790281295776,0.020637473091483116,-1.1556673049926758,0.9679320454597473,Transcriptome_and_KG
7254,CN1CCN(CC1)C(=O)OC2C3=NC=CN=C3C(=O)N2C4=NC=C(C=C4)Cl,4400,DB01198,0.16542474925518036,0.057647280395030975,-7.520756244659424,0.9876402020454407,Transcriptome_and_KG
7254,C1=CC=C(C=C1)C(=O)O,411,DB03793,0.16534069180488586,0.1018373966217041,-3.2235500812530518,0.9589356780052185,Transcriptome_and_KG
7254,CC1=CNN=C1,2751,DB01213,0.16494259238243103,0.018013065680861473,-2.5500590801239014,0.9835559725761414,Transcriptome_and_KG
7254,C(CN)CS(=O)(=O)O,112,DB06527,0.16480568051338196,-0.021451756358146667,0.4188345670700073,0.9607571363449097,Transcriptome_and_KG
7254,CCC(C)C1C(=O)NCC(=O)NC(C(=O)NC(C(=O)NC(C(=O)NCC(=O)NC(C(=O)NCC(=O)NC(CSSCC(C(=O)NC(C(=O)NCC(=O)NCC(=O)NC(C(=O)NC(C(=O)NC(C(=O)NC(C(=O)N1)CCCNC(=N)N)CC(=O)O)CCSC)CCCNC(=N)N)CC2=CC=CC=C2)NC(=O)C(CO)NC(=O)C(CO)NC(=O)C(CCCNC(=N)N)NC(=O)C(CCCNC(=N)N)NC(=O)C(CC(C)C)NC(=O)C(CO)NC(=O)C(CCCNC(=N)N)NC(=O)C3CCCN3C(=O)C(C)NC(=O)C(C(C)O)N)C(=O)NC(CC(=O)N)C(=O)NC(CO)C(=O)NC(CC4=CC=CC=C4)C(=O)NC(CCCNC(=N)N)C(=O)NC(CC5=CC=C(C=C5)O)C(=O)O)CC(C)C)CO)CCC(=O)N)C,3175,DB05034,0.16467303037643433,-0.005627859383821487,-0.383948415517807,0.9756469130516052,Transcriptome_and_KG
7254,CCN(CC)CCOC1=CC=C(C=C1)CC2=CC=CC=C2,3768,DB04905,0.16412770748138428,-0.0032185399904847145,-0.3952740430831909,0.9715939164161682,Transcriptome_and_KG
7254,COC1=CC=CC=C1OCC(CO)O,4684,DB00874,0.16412419080734253,0.035699859261512756,-8.65815544128418,0.9920291900634766,Transcriptome_and_KG
7254,COC(=O)CCC=C=CCC1C(C(CC1=O)O)C=CC(COC2=CC=CC=C2)O,4532,DB13824,0.16412308812141418,-0.007483139168471098,0.0416141152381897,0.9528104662895203,Transcriptome_and_KG
7254,C[C@H](CCCC(C)(C)O)[C@H]1CC[C@@H]\2[C@@]1(CCC/C2=C\C=C/3\C[C@H]([C@H]([C@@H](C3=C)O)OCCCO)O)C,4870,DB05295,0.1640641838312149,0.020214945077896118,-1.6640268564224243,0.9749166369438171,Transcriptome_and_KG
7254,CN(C)S(=O)(=O)C1=CC2=C(C=C1)SC3=CC=CC=C3N2CCCN4CCC(CC4)CCO,4184,DB01621,0.16394440829753876,0.009488350711762905,-0.6850137114524841,0.9648083448410034,Transcriptome_and_KG
7254,[O-]P(=O)([O-])F.[Na+].[Na+],5029,DB09484,0.16377121210098267,-0.01135960128158331,-1.070806622505188,0.9909623265266418,Transcriptome_and_KG
7254,CCOC1=C(C=C(C=C1)C2=NC(=CS2)C3=NC(=CC=C3)C(=O)O)OCC,3946,DB05298,0.16368931531906128,-0.0013498235493898392,-0.35654985904693604,0.9666247963905334,Transcriptome_and_KG
7254,C1=CC(=CC=C1NC(=NC(=NCCCCCCN=C(N)N=C(N)NC2=CC=C(C=C2)Cl)N)N)Cl,336,DB00878,0.1635390967130661,-0.011324549093842506,-0.8619530200958252,0.9892443418502808,Transcriptome_and_KG
7254,C1=CC(=C(C(=C1)Cl)C=NN=C(N)N)Cl,199,DB00629,0.16351446509361267,0.06803825497627258,-2.540278911590576,0.962535560131073,Transcriptome_and_KG
7254,CC(C)(C)NCC(C1=CC(=C(C=C1)O)CO)O,1537,DB13139,0.16335821151733398,0.01819051429629326,-5.6445770263671875,0.9915639162063599,Transcriptome_and_KG
7254,C1=CC(=C(C=C1Cl)Cl)CO/N=C(\CN2C=CN=C2)/C3=C(C=C(C=C3)Cl)Cl,230,DB00239,0.16332553327083588,0.09838057309389114,-4.021963119506836,0.9665101170539856,Transcriptome_and_KG
7254,C1CN(CCN1CCCN2C3=CC=CC=C3SC4=C2C=C(C=C4)Cl)CCOC(=O)CCCN,1057,DB05687,0.16315503418445587,0.017557218670845032,-1.1924277544021606,0.9690973162651062,Transcriptome_and_KG
7254,CCCCSC1=CC=C(C=C1)C(C2=CC=CC=C2)SCCN(C)C,3632,DB09014,0.1630517691373825,0.02332434430718422,-1.6666831970214844,0.9725925922393799,Transcriptome_and_KG
7254,COC1=CC2=C(C=CN=C2C=C1)C(C3CC4CCN3CC4C=C)O,4645,DB00468,0.16289658844470978,0.08077332377433777,-2.783465623855591,0.9603752493858337,Transcriptome_and_KG
7254,C1CC2=C(C[C@@H]1NS(=O)(=O)C3=CC=C(C=C3)F)C4=CC=CC=C4N2CCC(=O)O,854,DB13036,0.16288010776042938,0.11727610975503922,-5.452423095703125,0.9705209732055664,Transcriptome_and_KG
7254,COC(=O)NC1=NC2=C(N1)C=C(C=C2)C(=O)C3=CC=CC=C3,4541,DB00643,0.162822425365448,-0.007596985436975956,-0.17916131019592285,0.9678781032562256,Transcriptome_and_KG
7254,CCCC1=NN(C2=C1N=C(NC2=O)C3=C(C=CC(=C3)S(=O)(=O)N4CCN(CC4)C)OCC)C,3404,DB00203,0.16264891624450684,0.10368110984563828,-6.00847864151001,0.9755246639251709,Transcriptome_and_KG
7254,CC(=O)N1C[C@@H](C[C@H]1C(=O)O)O,1306,DB13363,0.1623557209968567,0.0223911814391613,-1.2489030361175537,0.9661003947257996,Transcriptome_and_KG
7254,CN(C1=C(N=C(N=C1N)C2=NN(C3=C2C=CC=N3)CC4=CC=CC=C4F)N)C(=O)OC,4190,DB08931,0.1623281091451645,-0.023286122828722,0.40319424867630005,0.9526799321174622,Transcriptome_and_KG
7254,CC1(C(N2C(S1)C(C2=O)NC(=O)C(C3=CC=C(C=C3)O)N)C(=O)O)C,2062,DB00766,0.16199958324432373,0.07444186508655548,-2.5728254318237305,0.9598416686058044,Transcriptome_and_KG
7254,C1=CC(=CC=C1SC(P(=O)(O)O)P(=O)(O)O)Cl,342,DB01133,0.16198202967643738,0.0549008883535862,-2.504042387008667,0.9668417572975159,Transcriptome_and_KG
7254,CCC(=O)O[C@]1(CCN(C[C@H]1C)C)C2=CC=CC=C2,3098,DB13160,0.16185636818408966,-0.012480104342103004,-1.171570062637329,0.9910390973091125,Transcriptome_and_KG
7254,CCN(CC)C(C)CN1C2=CC=CC=C2SC3=CC=CC=C31,3729,DB00392,0.16168490052223206,0.002798149362206459,-2.706940174102783,0.9892347455024719,Transcriptome_and_KG
7254,CC(=O)NC1C(C=C(OC1C(C(CO)O)O)C(=O)O)N=C(N)N,1330,DB00558,0.16155368089675903,-0.010571906343102455,0.05939018726348877,0.9526663422584534,Transcriptome_and_KG
7254,CN(CC1=C(C(=CC(=C1)Br)Br)N)C2CCCCC2,4204,DB09019,0.16106432676315308,0.01066160760819912,-0.8766329288482666,0.9663196206092834,Transcriptome_and_KG
7254,C1=CC=C(C(=C1)C(=O)O)[O-].C1=CC=C(C(=C1)C(=O)O)[O-].[Mg+2],387,DB01397,0.1610482633113861,0.07440167665481567,-2.975006341934204,0.9641562700271606,Transcriptome_and_KG
7254,CCN1C2=C(C(=O)N(C1=O)CC)N(C(=N2)C=CC3=CC(=C(C=C3)OC)OC)C,3796,DB11757,0.16070860624313354,0.08914270997047424,-3.49808931350708,0.964232325553894,Transcriptome_and_KG
7254,CC1=CC(=CC=C1)OCC(CNCCC2=CC(=C(C=C2)OC)OC)O,2577,DB01295,0.16069895029067993,0.023855004459619522,-1.2888277769088745,0.9647608399391174,Transcriptome_and_KG
7254,CC12CC(C3C(C1CCC2(C(=O)CO)O)CCC4=CC(=O)C=CC34C)O,2171,DB00860,0.16064424812793732,0.06515375524759293,-1.8233084678649902,0.9511449933052063,Transcriptome_and_KG
7254,C1C(=S)N(C2=C(C=C(C=C2)Cl)C(=N1)C3=CC=CC=C3F)CC(F)(F)F,625,DB01589,0.1604565680027008,0.03752436488866806,-7.106896877288818,0.989541232585907,Transcriptome_and_KG
7254,CC(=O)NC1CCC2=CC(=C(C(=C2C3=CC=C(C(=O)C=C13)OC)OC)OC)OC,1334,DB01394,0.16040106117725372,-0.009593995288014412,-0.17599987983703613,0.9671606421470642,Transcriptome_and_KG
7254,CCC1=C(CN(C1=O)C(=O)NCCC2=CC=C(C=C2)S(=O)(=O)NC(=O)NC3CCC(CC3)C)C,3264,DB00222,0.160354346036911,-0.0045582614839077,-0.8487018346786499,0.9795947670936584,Transcriptome_and_KG
7254,CN1CC[C@]23[C@@H]4C(=O)CC[C@]2([C@H]1CC5=C3C(=C(C=C5)O)O4)O,4441,DB01192,0.16026999056339264,-0.004432435147464275,-2.14510178565979,0.9897837042808533,Transcriptome_and_KG
7254,[O-]S(=O)(=O)[O-].[Zn+2],5036,DB09322,0.1602673977613449,0.024020619690418243,-3.8548078536987305,0.9855436086654663,Transcriptome_and_KG
7254,CC1=CC(=NO1)C(=O)NCCC2=CC=C(C=C2)S(=O)(=O)NC(=O)NN3CCCCCC3,2600,DB01289,0.16022637486457825,-0.012454409152269363,-0.12310820817947388,0.9700837135314941,Transcriptome_and_KG
7254,C(=[N-])=[N-].[Ca+2],39,DB09116,0.1601816564798355,0.008676532655954361,-0.6670355796813965,0.9612414240837097,Transcriptome_and_KG
7254,CN(C)CCOC1=CC=C(C=C1)CNC(=O)C2=CC(=C(C(=C2)OC)OC)OC,4175,DB00662,0.1601792722940445,-0.013863849453628063,-0.7656846642494202,0.9878005981445312,Transcriptome_and_KG
7254,CC12CCC3C(C1CCC2C(=O)NC4=C(C=CC(=C4)C(F)(F)F)C(F)(F)F)CCC5C3(C=CC(=O)N5)C,2204,DB01126,0.16004741191864014,0.09738406538963318,-9.785493850708008,0.9849297404289246,Transcriptome_and_KG
7254,COC1=C(C=C(C=C1)CCOC2CCCCC2N3CCC(C3)O)OC,4580,DB06217,0.15995077788829803,0.006373079493641853,-0.7783483266830444,0.966873049736023,Transcriptome_and_KG
7254,CC1C=CC=C(C(=O)NC2=C(C3=C(C4=C(C(=C3O)C)OC(C4=O)(OC=CC(C(C(C(C(C(C1O)C)O)C)OC(=O)C)C)OC)C)C5=C2N6C=CC(=CC6=N5)C)O)C,2910,DB01220,0.1598292887210846,0.1202419102191925,-4.876051902770996,0.9660983681678772,Transcriptome_and_KG
7254,C1C(C(C(C(C1N)OC2C(C(C(C(O2)CN)O)O)N)OC3C(C(C(O3)CO)OC4C(C(C(C(O4)CN)O)O)N)O)O)N,630,DB00452,0.15979519486427307,-0.00102296844124794,-0.5702221393585205,0.9688807129859924,Transcriptome_and_KG
7254,CC(=O)OCC1=C(N2C(C(C2=O)NC(=O)CC#N)SC1)C(=O)O,1384,DB01414,0.15969865024089813,0.00697518652305007,-0.6288689374923706,0.9612817764282227,Transcriptome_and_KG
7254,C1=CC=C(C=C1)CC2NC3=C(C=C(C(=C3)C(F)(F)F)S(=O)(=O)N)S(=O)(=O)N2,454,DB00436,0.15963521599769592,0.015631288290023804,-1.8379981517791748,0.9770797491073608,Transcriptome_and_KG
7254,C1=CN(C(=O)N=C1N)C[C@@H](CO)OCP(=O)(O)O,553,DB00369,0.15961354970932007,-3.1082890927791595e-06,-1.941902756690979,0.9862459897994995,Transcriptome_and_KG
7254,CCOC(=O)C1=C2CN(C(=O)C3=C(N2C=N1)C=CC(=C3)F)C,3889,DB01205,0.15946702659130096,0.022752976045012474,-3.034853458404541,0.9823436737060547,Transcriptome_and_KG
7254,C(CC(=O)O)C(C(=O)O)N,88,DB00142,0.15932026505470276,-0.0066871605813503265,-1.6575747728347778,0.9882282614707947,Transcriptome_and_KG
7254,CCCN1C(=O)C2=C(N=C(N2)C3=CN(N=C3)CC4=CC(=CC=C4)C(F)(F)F)N(C1=O)CC,3648,DB05936,0.1590881645679474,0.024642914533615112,-0.7196004986763,0.9454220533370972,Transcriptome_and_KG
7254,CCN(CC)CCCOC(=O)C1(CC2CCC1C2)C3=CC=CC=C3,3743,DB13619,0.15899281203746796,-0.02385232225060463,0.3231295347213745,0.9608745574951172,Transcriptome_and_KG
7254,CC1=C(C=CN=C1CS(=O)C2=NC3=C(N2)C=C(C=C3)N4C=CC=C4)OC,2415,DB11964,0.1587827503681183,0.04466256499290466,-2.9022140502929688,0.9733595252037048,Transcriptome_and_KG
7254,C1C(OC2=C(C13C(=O)NC(=O)N3)C=C(C=C2)F)C(=O)N,681,DB02021,0.15855959057807922,-0.028696345165371895,0.43615925312042236,0.9364916682243347,Transcriptome_and_KG
7254,CN1C2=C(C(=O)N(C1=O)C)N(C=N2)CC3OCCO3,4268,DB09273,0.15855059027671814,-0.01291624829173088,-0.16414541006088257,0.9698631167411804,Transcriptome_and_KG
7254,CCCC(=O)OCOC(=O)C1=C(NC(=C(C1C2=C(C(=CC=C2)Cl)Cl)C(=O)OC)C)C,3358,DB04920,0.15827307105064392,0.034504957497119904,-2.446192502975464,0.9732992053031921,Transcriptome_and_KG
7254,CCN1CCCC1CNC(=O)C2=C(C=CC(=C2)S(=O)(=O)N)OC,3821,DB00391,0.15822935104370117,-0.015118863433599472,-0.23554867506027222,0.9767987728118896,Transcriptome_and_KG
7254,CC1=C(C(=O)C2=CC=CC=C2C1=O)CC=C(C)CCCC(C)CCCC(C)CCCC(C)C,2268,DB01022,0.15793994069099426,0.08234214037656784,-4.812924385070801,0.9739862084388733,Transcriptome_and_KG
7254,CC1=CC(=C(C=C1)OC2=CC=CC=C2C3=CSC(=N3)NC4=NCCCN4)C,2530,DB06395,0.15793181955814362,-0.031309276819229126,0.5202583074569702,0.959552526473999,Transcriptome_and_KG
7254,C1CCN(C1)C2=C(C(=CC(=C2)C(=O)O)S(=O)(=O)N)OC3=CC=CC=C3,937,DB02925,0.1577669084072113,-0.002459803596138954,-1.1908502578735352,0.9804586172103882,Transcriptome_and_KG
7254,CCOC(=O)C=C(C)C=CC=C(C)C=CC1=C(C(=C(C=C1C)OC)C)C,3902,DB00926,0.15773119032382965,0.03361271321773529,-1.840540885925293,0.9665217995643616,Transcriptome_and_KG
7254,CCCCCC1=CC(=C(C(=C1)O)C2C=C(CCC2C(=C)C)C)O,3480,DB09061,0.1576123982667923,0.0007633203640580177,-0.47817790508270264,0.9605725407600403,Transcriptome_and_KG
7254,CCC(=O)N(C1CCN(CC1)CCC2=CC=CC=C2)C3=CC=CC=C3,3074,DB00813,0.15752628445625305,-0.008078748360276222,-2.2883758544921875,0.9908525347709656,Transcriptome_and_KG
7254,C/C(=C(\C1=C(C=C(C=C1)Cl)Cl)/OCCOC2=CC=C(C=C2)Cl)/N3C=CN=C3,147,DB13684,0.15726293623447418,0.09648910164833069,-3.6127119064331055,0.9621075391769409,Transcriptome_and_KG
7254,C(CS(=O)(=O)O)S,119,DB09110,0.15718673169612885,-0.012704502791166306,-2.36291241645813,0.9930526614189148,Transcriptome_and_KG
7254,CC(C)CC1C(=O)N2CCCC2C3(N1C(=O)C(O3)(C(C)C)NC(=O)C4CN(C5CC6=C(NC7=CC=CC(=C67)C5=C4)Br)C)O,1766,DB01200,0.15690292418003082,0.0835501179099083,-5.1702775955200195,0.9751442074775696,Transcriptome_and_KG
7254,C(C(OC(F)F)(F)F)(F)Cl,75,DB00228,0.15688246488571167,-0.010080420412123203,-2.471400737762451,0.9920475482940674,Transcriptome_and_KG
7254,C1=NC(=C2C(=N1)N(C=N2)C3C(C(C(O3)CO)O)O)N,582,DB00194,0.1567823439836502,0.0023075281642377377,-0.7579995393753052,0.9674428701400757,Transcriptome_and_KG
7254,CC1=CC(=C(C=C1)NC2=C(C=CC=C2Cl)F)CC(=O)O,2528,DB01283,0.15653423964977264,0.007517548277974129,-0.8954863548278809,0.9657893776893616,Transcriptome_and_KG
7254,CN1CCC23C4C(=O)CCC2(C1CC5=C3C(=C(C=C5)OC)O4)O,4358,DB00497,0.15642276406288147,0.015886906534433365,-3.3469927310943604,0.9851289987564087,Transcriptome_and_KG
7254,CC[C@@H](C)[C@H]1C(=O)N2CCC[C@H]2[C@]3(N1C(=O)[C@](O3)(C(C)C)NC(=O)[C@@H]4C[C@H]5[C@@H](CC6=CNC7=CC=CC5=C67)N(C4)C)O,4019,DB11275,0.1564103066921234,0.017781104892492294,-3.6834611892700195,0.9857620000839233,Transcriptome_and_KG
7254,CC1=C(C(=O)C(=C(C1=O)OC)OC)CC=C(C)CCC=C(C)CCC=C(C)CCC=C(C)CCC=C(C)CCC=C(C)CCC=C(C)CCC=C(C)CCC=C(C)CCC=C(C)C,2262,DB09270,0.15631933510303497,-0.00032862788066267967,-0.5844181776046753,0.9645451903343201,Transcriptome_and_KG
7254,CC1=C2COC(=O)C2=C(C(=C1OC)CC=C(C)CCC(=O)O)O,2502,DB01024,0.15627704560756683,-0.028928767889738083,0.4030262231826782,0.9671992659568787,Transcriptome_and_KG
7254,CN(CC#C)CC1=CC=CC=C1,4200,DB01626,0.15619482100009918,-0.025609640404582024,0.2893659174442291,0.9631672501564026,Transcriptome_and_KG
7254,CCCCC1=NC(=C(N1CC2=CC=C(C=C2)C3=CC=CC=C3C4=NNN=N4)CO)Cl,3452,DB00678,0.15617763996124268,0.06612301617860794,-3.731034755706787,0.9716070890426636,Transcriptome_and_KG
7254,CC1CC(=O)NN=C1C2=CC=C(C=C2)NN=C(C#N)C#N,2927,DB00922,0.15614992380142212,0.10034780204296112,-2.371187448501587,0.9440093636512756,Transcriptome_and_KG
7254,CCC(=O)O[C@H]1CC[C@@H]2[C@@]1(CC[C@H]3[C@H]2CCC4=CC(=O)CC[C@]34C)C,3095,DB01420,0.15614795684814453,0.04556739330291748,-1.3837101459503174,0.949554979801178,Transcriptome_and_KG
7254,CC(C)(CO)C(C(=O)NCCCO)O,1599,DB09357,0.1560828685760498,0.010666271671652794,-2.6287028789520264,0.9836522340774536,Transcriptome_and_KG
7254,COC1=C2C(=CC(=C1N3CC4CCCNC4C3)F)C(=O)C(=CN2C5CC5)C(=O)O,4613,DB00218,0.15604597330093384,0.09204595535993576,-2.3811423778533936,0.9475560784339905,Transcriptome_and_KG
7254,CC1CCN(CC1)CCCC(=O)C2=CC=C(C=C2)F,3004,DB09224,0.15595391392707825,0.030851570889353752,-1.5841870307922363,0.9630022048950195,Transcriptome_and_KG
7254,CCN(CC)CCS(=O)(=O)C1CCN2C1C(=O)OC(C(C=CC(=O)NCC=CC(=CC(CC(=O)CC3=NC(=CO3)C2=O)O)C)C)C(C)C,3772,DB01764,0.15566694736480713,0.01711374521255493,-0.7920267581939697,0.9526988863945007,Transcriptome_and_KG
7254,C1C(OC2=C(O1)C=C(C=C2)Cl)CNS(=O)(=O)N,682,DB15203,0.15556523203849792,-0.03020903281867504,0.41883376240730286,0.9578312039375305,Transcriptome_and_KG
7254,CC(=NOC(=O)N)C1=CC(=C(C=C1)OC)OC2CCCC2,1266,DB02660,0.1553514301776886,0.01382613368332386,-0.6034198999404907,0.9476599097251892,Transcriptome_and_KG
7254,CCCCCCCCC=CCCCCCCCC(=O)O.C(CO)N,3505,DB06689,0.1551850438117981,-0.014674471691250801,-0.39322227239608765,0.9763159155845642,Transcriptome_and_KG
7254,C1C[C@H](N(C1)C(=O)CNC23CC4CC(C2)CC(C4)(C3)O)C#N,1151,DB04876,0.15481136739253998,-0.022560931742191315,-0.05026113986968994,0.9790226817131042,Transcriptome_and_KG
7254,CCOC1=C(C=C(C=C1)C=C2C3=CC(=C(C=C3CCN2)OCC)OCC)OCC,3947,DB06751,0.15479040145874023,-0.008571112528443336,-0.3055035173892975,0.9624158143997192,Transcriptome_and_KG
7254,CCOC1=CC=CC=C1OC(C2CNCCO2)C3=CC=CC=C3,3979,DB00234,0.15464550256729126,0.06141466647386551,-3.1683876514434814,0.9683651924133301,Transcriptome_and_KG
7254,CCCCC(CC)CCC(CC(C)C)OS(=O)(=O)[O-].[Na+],3438,DB00464,0.15441390872001648,-0.008235020563006401,-0.7067257165908813,0.9750345349311829,Transcriptome_and_KG
7254,CC1=CC2=C(C=C1)N=C(N3N2C(=O)[C@@H](C3=O)CC=C)N(C)C,2622,DB07402,0.1542908102273941,0.014331303536891937,-0.6942189931869507,0.9502171277999878,Transcriptome_and_KG
7254,CCCCN=C(N)N=C(N)N,3611,DB04830,0.15428853034973145,-0.018874647095799446,-0.1306394338607788,0.9725278615951538,Transcriptome_and_KG
7254,CC1=C(SC=C1)C(=CCCN2CCCC(C2)C(=O)O)C3=C(C=CS3)C,2470,DB00906,0.1538991630077362,0.11598098278045654,-3.8418076038360596,0.9578096270561218,Transcriptome_and_KG
7254,CCCCCCCCCCCCCCCCCCCCCCO,3537,DB00632,0.1538633555173874,-0.009166616015136242,-0.5373192429542542,0.9711624383926392,Transcriptome_and_KG
7254,CC1=C(C(=CC=C1)C(C)C2=CN=CN2)C,2227,DB00633,0.15381498634815216,0.006996709853410721,-2.799232006072998,0.9851238131523132,Transcriptome_and_KG
7254,CN1C(=C(C2=CC=CC=C2S1(=O)=O)O)C(=O)NC3=CC=CC=N3,4227,DB00554,0.1537109762430191,0.10040387511253357,-4.574216365814209,0.9674780964851379,Transcriptome_and_KG
7254,CN1[C@H](CNC2=C1C(=O)NC(=N2)N)CNC3=CC=C(C=C3)C(=O)N[C@@H](CCC(=O)O)C(=O)O,4452,DB11256,0.1537097692489624,-0.012195134535431862,-0.7733921408653259,0.9798754453659058,Transcriptome_and_KG
7254,C1=CC=C(C=C1)C(C2=CC=CC=C2)(C3=CC=CC=C3Cl)N4C=CN=C4,416,DB00257,0.1536976397037506,0.0955796092748642,-6.647170543670654,0.9776620268821716,Transcriptome_and_KG
7254,COC1=CC(=CC(=C1O)OC)[C@H]2[C@@H]3[C@H](COC3=O)[C@@H](C4=CC5=C(C=C24)OCO5)O[C@H]6[C@@H]([C@H]([C@H]7[C@H](O6)CO[C@H](O7)C8=CC=CS8)O)O,4632,DB00444,0.15357902646064758,-0.00023612845689058304,-0.9476315975189209,0.9715178608894348,Transcriptome_and_KG
7254,C1CN=C(N1)CC2=CC=CC3=CC=CC=C32,1088,DB06711,0.15353763103485107,0.009133616462349892,-3.7001147270202637,0.9876359105110168,Transcriptome_and_KG
7254,C1=C2C(=CC(=C1Cl)S(=O)(=O)N)S(=O)(=O)NC(N2)CSCC(F)(F)F,195,DB13989,0.15349392592906952,-0.027032990008592606,0.2751324474811554,0.9563372731208801,Transcriptome_and_KG
7254,CN1CCN(CC1)C2=NC3=C(C=CC(=C3)Cl)NC4=CC=CC=C42,4416,DB00363,0.15339428186416626,-0.009081980213522911,-3.8978676795959473,0.9934553503990173,Transcriptome_and_KG
7254,CCOC(=O)C1=CC=C(C=C1)OC(=O)CCCCCN=C(N)N,3892,DB12831,0.15315625071525574,-0.03677724301815033,0.5815685391426086,0.966175377368927,Transcriptome_and_KG
7254,CC(C)CC1=CC=C(C=C1)C(C)C(=O)O,1762,DB09213,0.15313172340393066,0.02017078548669815,-1.123191475868225,0.9584264159202576,Transcriptome_and_KG
7254,CCCC=CC=CC(=O)OC1C(=CC(=O)OC)CC2CC(OC(=O)CC(CC3CC(C(C(O3)(CC4CC(=CC(=O)OC)CC(O4)C=CC(C1(O2)O)(C)C)O)(C)C)OC(=O)C)O)C(C)O,3417,DB11752,0.15302003920078278,-0.04418366029858589,1.051509976387024,0.9764806032180786,Transcriptome_and_KG
7254,C1CN1P(=S)(N2CC2)N3CC3,1071,DB04572,0.15290619432926178,-0.013782357797026634,-0.09134531021118164,0.9548177719116211,Transcriptome_and_KG
7254,C1CN(CCN1CC2=CC3=C(C=C2)OCO3)C4=NC=CC=N4,1039,DB12478,0.15290257334709167,0.035358741879463196,-1.5388875007629395,0.957697331905365,Transcriptome_and_KG
7254,CC1=CC=CC=C1C(=O)NC2=CC(=C(C=C2)C(=O)N3CCCC(C4=C3C=CC(=C4)Cl)O)C,2691,DB06212,0.15254013240337372,0.09013314545154572,-7.45423698425293,0.9805945754051208,Transcriptome_and_KG
7254,C(C1C(C(C(C(O1)OC2(C(C(C(O2)COS(=O)(=O)O[Al])OS(=O)(=O)O[Al])OS(=O)(=O)O[Al])COS(=O)(=O)O[Al])OS(=O)(=O)O[Al])OS(=O)(=O)O[Al])OS(=O)(=O)O[Al])OS(=O)(=O)O[Al].O.O.O.O.O.O.O.O.O.O.O.O.O.O.O.O.O.O.O.O.[Al],80,DB00364,0.15250007808208466,0.018514912575483322,-4.864822864532471,0.987906813621521,Transcriptome_and_KG
7254,C1CC(N2C(C1)SCCC(C2=O)NC(=O)C(CC3=CC=CC=C3)S)C(=O)O,794,DB00886,0.15212860703468323,0.0009157285094261169,-0.7960305213928223,0.9654932618141174,Transcriptome_and_KG
7254,C1C(C(OC1N2C=CC(=NC2=O)N)CO)O,648,DB02594,0.15208037197589874,-0.010869604535400867,-0.17187947034835815,0.9533905386924744,Transcriptome_and_KG
7254,COC1=CC=C(C=C1)CCN2CCC(CC2)NC3=NC4=CC=CC=C4N3CC5=CC=C(C=C5)F,4662,DB00637,0.1520349234342575,0.09373518824577332,-6.405691623687744,0.9769412875175476,Transcriptome_and_KG
7254,CC(C1=CC=C(C=C1)C(=O)C2=CC=CS2)C(=O)O,1928,DB00870,0.15203382074832916,0.003033646382391453,-2.2097055912017822,0.9829098582267761,Transcriptome_and_KG
7254,C1CCC2(C1)CC(=O)N(C(=O)C2)CCCCN3CCN(CC3)C4=NC=CC=N4,915,DB00490,0.15189629793167114,-0.015254163183271885,-1.209716796875,0.9863510727882385,Transcriptome_and_KG
7254,C1=CC2=NC=C(N2C=C1)CC(O)(P(=O)(O)O)P(=O)(O)O,381,DB06548,0.1518428474664688,-0.019636569544672966,-2.2909016609191895,0.9938331842422485,Transcriptome_and_KG
7254,C(CNCCNCCN)N,114,DB06824,0.1518130898475647,-0.041647277772426605,0.5908677577972412,0.9467304944992065,Transcriptome_and_KG
7254,CC(C)CCCC(C)C1CCC2C1(CCCC2=CC=C3CC(CCC3=C)O)C,1781,DB00169,0.15173675119876862,0.0611465685069561,-2.4911446571350098,0.9602221250534058,Transcriptome_and_KG
7254,[Cl-].[K+],5005,DB00761,0.1516992449760437,0.04429484158754349,-5.794774055480957,0.9844018816947937,Transcriptome_and_KG
7254,C1=CC=C(C=C1)CCN=C(N)N=C(N)N,466,DB00914,0.1514689028263092,-0.021474847570061684,-0.12859851121902466,0.9723730683326721,Transcriptome_and_KG
7254,C=CCN1CC[C@]23[C@@H]4C(=O)CC[C@]2([C@H]1CC5=C3C(=C(C=C5)O)O4)O,1222,DB01183,0.15144804120063782,0.08092013001441956,-2.7723922729492188,0.9562126398086548,Transcriptome_and_KG
7254,CCOC1=CC=C(C=C1)NC(=O)C,3976,DB03783,0.15139952301979065,-0.02064657397568226,-1.32064688205719,0.9908108711242676,Transcriptome_and_KG
7254,CCCCCCCN(CC)CCCC(C1=CC=C(C=C1)NS(=O)(=O)C)O,3561,DB00308,0.151285782456398,-0.015620183199644089,-2.4706695079803467,0.9922371506690979,Transcriptome_and_KG
7254,CC12CCC(=O)C=C1CCC3C2(C(CC4(C3CCC4(C)O)C)O)F,2181,DB01185,0.15090689063072205,0.053653284907341,-2.209475040435791,0.9591081142425537,Transcriptome_and_KG
7254,CC(C)NCC(C1=CC=C(C=C1)NS(=O)(=O)C)O,1850,DB00489,0.1508898288011551,-0.006613903678953648,-3.457892894744873,0.9911701679229736,Transcriptome_and_KG
7254,CC(CC1=CC=C(C=C1)OC)NCC(C2=CC(=C(C=C2)O)NC=O)O,1981,DB00983,0.15079191327095032,0.03844816982746124,-2.8592591285705566,0.972569465637207,Transcriptome_and_KG
7254,CCC(=O)N(C1=CC=CC=C1)C2(CCN(CC2)CCC3=CC=CS3)COC,3072,DB00708,0.15065303444862366,0.016152504831552505,-3.1935229301452637,0.9825944304466248,Transcriptome_and_KG
7254,[NH4+].[Cl-],5021,DB06767,0.15002372860908508,0.0763840526342392,-5.090139389038086,0.9749632477760315,Transcriptome_and_KG
7254,COC(=O)C(C1=CC=CC=C1Cl)N2CCC3=C(C2)C=CS3,4521,DB00758,0.14983513951301575,0.011115992441773415,-1.6065386533737183,0.9717418551445007,Transcriptome_and_KG
7254,CCCCCCCCCCCCCCCCOP(=O)([O-])OCC[N+](C)(C)C,3546,DB09031,0.1497604101896286,-0.06901096552610397,1.3441197872161865,0.9563112258911133,Transcriptome_and_KG
7254,CN(C)CCOC1=CC=C(C=C1)C(=C(CCCl)C2=CC=CC=C2)C3=CC=CC=C3,4174,DB00539,0.1496971845626831,-0.030780810862779617,-0.751823902130127,0.9956780076026917,Transcriptome_and_KG
7254,CC(C)OC1=C(C=C(C=C1)C2=NC(=NO2)C3=C4CCC(C4=CC=C3)NCCO)C#N,1883,DB12612,0.14969715476036072,0.006447953637689352,-0.8475914001464844,0.9594380855560303,Transcriptome_and_KG
7254,COCCOC1=C(C=C2C(=C1)C(=NC=N2)NC3=CC=CC(=C3)C#C)OCCOC,4729,DB00530,0.14953164756298065,-0.016186269000172615,-0.3120250701904297,0.9672737121582031,Transcriptome_and_KG
7254,CC[C@@H](C(C[C@H](C)N(C)C)(C1=CC=CC=C1)C2=CC=CC=C2)OC(=O)C,4018,DB01227,0.1494578719139099,0.045602913945913315,-1.6866906881332397,0.9530272483825684,Transcriptome_and_KG
7254,C1C(C(OC1N2C=C(C(=O)NC2=O)C(F)(F)F)CO)O,645,DB00432,0.1494554877281189,-0.04051176831126213,0.54520583152771,0.9566897749900818,Transcriptome_and_KG
7254,C(C(F)(F)F)(Cl)Br,72,DB01159,0.1493971347808838,-0.011051182635128498,-2.092491865158081,0.9879099130630493,Transcriptome_and_KG
7254,CCN(CC)CCNC(=O)C1=CC(=C(C=C1OC)N)Br,3754,DB09018,0.14921897649765015,0.007874350994825363,-1.4577484130859375,0.9712620973587036,Transcriptome_and_KG
7254,COC1=C(C=CC(=C1)C2C(OC3=C(O2)C=C(C=C3)C4C(C(=O)C5=C(C=C(C=C5O4)O)O)O)CO)O,4599,DB09298,0.14894694089889526,-0.03931022435426712,0.591306209564209,0.9759948253631592,Transcriptome_and_KG
7254,C1C(CN2C1C(=O)NC(C(=O)NC(C(=O)NC(C(=O)NC(C(=O)NC(C2=O)CC3=CC=CC=C3)CC4=CC=C(C=C4)OCC5=CC=CC=C5)CCCCN)CC6=CNC7=CC=CC=C76)C8=CC=CC=C8)OC(=O)NCCN,668,DB06663,0.1488831490278244,0.08901490271091461,-4.998333930969238,0.971490740776062,Transcriptome_and_KG
7254,C1=C(NC=N1)C[C@@H](C(=O)O)N,185,DB00117,0.14859658479690552,-0.013697427697479725,-1.104658603668213,0.9816290140151978,Transcriptome_and_KG
7254,CCCCCCCCCCNCCN[C@]1(C[C@@H](O[C@H]([C@H]1O)C)O[C@@H]2[C@H]([C@@H]([C@H](O[C@H]2OC3=C4C=C5C=C3OC6=C(C=C(C=C6)[C@H]([C@H](C(=O)N[C@H](C(=O)N[C@H]5C(=O)N[C@@H]7C8=CC(=C(C=C8)O)C9=C(C(=C(C=C9[C@H](NC(=O)[C@H]([C@@H](C1=CC(=C(O4)C=C1)Cl)O)NC7=O)C(=O)O)O)CNCP(=O)(O)O)O)CC(=O)N)NC(=O)[C@@H](CC(C)C)NC)O)Cl)CO)O)O)C,3553,DB06402,0.14832958579063416,0.0489102341234684,-3.565300941467285,0.9734601378440857,Transcriptome_and_KG
7254,COC1=CC2=C(C=CN=C2C=C1)[C@@H]([C@H]3C[C@@H]4CCN3C[C@@H]4C=C)O,4646,DB00908,0.14828455448150635,0.03092276304960251,-2.056983470916748,0.9664027690887451,Transcriptome_and_KG
7254,CCCNC1CCC2=C(C1)SC(=N2)N,3678,DB15130,0.14809036254882812,-0.03758609667420387,0.43120378255844116,0.9606318473815918,Transcriptome_and_KG
7254,CN(C(=O)N[C@@H]1[C@H]([C@@H]([C@H](O[C@@H]1O)CO)O)O)N=O,4071,DB00428,0.14796052873134613,-0.02159261330962181,-1.0313704013824463,0.9870380163192749,Transcriptome_and_KG
7254,CCN1CCN(C(=O)C1=O)C(=O)NC(C2=CC=C(C=C2)O)C(=O)NC3C4N(C3=O)C(=C(CS4)CSC5=NN=NN5C)C(=O)O,3825,DB01329,0.1477925032377243,-0.020311862230300903,-1.1819448471069336,0.9871345162391663,Transcriptome_and_KG
7254,C=CN1CCCC1=O.II,1225,DB05382,0.14769509434700012,0.004756447859108448,-2.2074825763702393,0.9801989197731018,Transcriptome_and_KG
7254,CC(C)C1CCC(CC1)C(=O)NC(CC2=CC=CC=C2)C(=O)O,1710,DB00731,0.14762920141220093,-0.02196078933775425,-0.5056397318840027,0.9796359539031982,Transcriptome_and_KG
7254,CCOC(=O)NC1CCC2C(C1)CC3C(C2C=CC4=NC=C(C=C4)C5=CC(=CC=C5)F)C(OC3=O)C,3917,DB09030,0.14727944135665894,0.1043599471449852,-5.766139984130859,0.9716666340827942,Transcriptome_and_KG
7254,CCCC(C)(COC(=O)N)COC(=O)NC(C)C,3368,DB00395,0.14722785353660583,-0.014258116483688354,-2.757756233215332,0.9909291863441467,Transcriptome_and_KG
7254,CC1=C(C(=NO1)C2=CC=CC=C2Cl)C(=O)NC3C4N(C3=O)C(C(S4)(C)C)C(=O)O,2258,DB01147,0.14710402488708496,0.053038544952869415,-1.5787075757980347,0.9449542164802551,Transcriptome_and_KG
7254,CCN(CC)C(=O)NC1CC2C(CC3=CNC4=CC=CC2=C34)N(C1)C,3722,DB13399,0.14708536863327026,-0.0428202748298645,0.5047415494918823,0.942258894443512,Transcriptome_and_KG
7254,C1CN(CC2=CC=CC=C21)C(=N)N,981,DB04840,0.1468479335308075,-0.007299436256289482,-0.7378767132759094,0.9672189950942993,Transcriptome_and_KG
7254,CC(=C)C1C2C3C4(C(C1C(=O)O2)(CC5C4(O5)C(=O)O3)O)C.CC12C3C4C(C(C1(CC5C2(O5)C(=O)O3)O)C(=O)O4)C(C)(C)O,1245,DB00466,0.14658643305301666,-0.00031247176229953766,-0.8039382696151733,0.96178138256073,Transcriptome_and_KG
7254,CC(C)CC1C(=O)NC(C(=O)NC(C(=O)NC(CSSCC(C(=O)NC(C(=O)NC(C(=O)N1)CC(=O)N)CO)N)C(=O)NC(C(C)C)C(=O)NC(CC(C)C)C(=O)NCC(=O)NC(CCCCN)C(=O)NC(CC(C)C)C(=O)NC(CO)C(=O)NC(CCC(=O)N)C(=O)NC(CCC(=O)O)C(=O)NC(CC(C)C)C(=O)NC(CC2=CN=CN2)C(=O)NC(CCCCN)C(=O)NC(CC(C)C)C(=O)NC(CCC(=O)N)C(=O)NC(C(C)O)C(=O)NC(CC3=CC=C(C=C3)O)C(=O)N4CCCC4C(=O)NC(CCCNC(=N)N)C(=O)NC(C(C)O)C(=O)NC(CC(=O)N)C(=O)NC(C(C)O)C(=O)NCC(=O)NC(CO)C(=O)NCC(=O)NC(C(C)O)C(=O)N5CCCC5C(=O)N)C(C)O)CO,1771,DB00017,0.14650708436965942,0.04249151796102524,-5.081157684326172,0.9817363023757935,Transcriptome_and_KG
7254,CN(C)CCCN1C2=CC=CC=C2CCC3=C1C=C(C=C3)Cl,4154,DB01242,0.1463823765516281,0.010785523802042007,-3.828824758529663,0.9856008887290955,Transcriptome_and_KG
7254,CC1=C(C(C(=C(N1)C)C(=O)OCC(C)C)C2=CC=CC=C2[N+](=O)[O-])C(=O)OC,2293,DB00401,0.14625553786754608,0.01852949894964695,-2.64619517326355,0.9769383072853088,Transcriptome_and_KG
7254,C[C@]12C[C@@H]([C@]3([C@H]([C@@H]1C[C@@H]4[C@]2(OC(O4)(C)C)C(=O)CO)C[C@@H](C5=CC(=O)C=C[C@@]53C)F)F)O,4950,DB00591,0.1462174654006958,0.06339974701404572,-1.5377519130706787,0.9372924566268921,Transcriptome_and_KG
7254,CC(C)COC1=CC=C(C=C1)CNC(=O)N(CC2=CC=C(C=C2)F)C3CCN(CC3)C.CC(C)COC1=CC=C(C=C1)CNC(=O)N(CC2=CC=C(C=C2)F)C3CCN(CC3)C.C(C(C(=O)O)O)(C(=O)O)O,1801,DB05316,0.1462070643901825,0.0836494043469429,-5.11762809753418,0.9727191925048828,Transcriptome_and_KG
7254,CCCCOC1=CC=C(C=C1)C(=O)CCN2CCCCC2,3619,DB00645,0.14569178223609924,-0.010709110647439957,-2.3694746494293213,0.9874306917190552,Transcriptome_and_KG
7254,CC1=NN(C(=C1)N2CCN(CC2)[C@H]3C[C@H](NC3)C(=O)N4CCSC4)C5=CC=CC=C5,2801,DB11950,0.145595982670784,-0.0394107960164547,0.41505324840545654,0.9607083797454834,Transcriptome_and_KG
7254,CC1=CC2=C(C=C1C)N(C=N2)C3C(C(C(O3)CO)OP(=O)([O-])OC(C)CNC(=O)CCC4(C(C5C6(C(C(C(=N6)C(=C7C(C(C(=N7)C=C8C(C(C(=N8)C(=C4[N-]5)C)CCC(=O)N)(C)C)CCC(=O)N)(C)CC(=O)N)C)CCC(=O)N)(C)CC(=O)N)C)CC(=O)N)C)O.O.[Co+2],2630,DB00200,0.14557963609695435,0.02774486318230629,-2.626016616821289,0.9728402495384216,Transcriptome_and_KG
7254,CCCCOC(=O)C1=CC=C(C=C1)N,3616,DB11148,0.14522898197174072,-0.016895312815904617,-1.8990342617034912,0.9879996180534363,Transcriptome_and_KG
7254,C1CC(=O)NC(=O)C1N2C(=O)C3=CC=CC=C3C2=O,739,DB01041,0.1451408714056015,0.009680325165390968,-4.206851005554199,0.9867621064186096,Transcriptome_and_KG
7254,C1[C@@H]2C[C@@H]2N([C@@H]1C#N)C(=O)[C@H](C34CC5CC(C3)CC(C5)(C4)O)N,1183,DB06335,0.1448563188314438,-0.02598593384027481,-0.3899322748184204,0.9789608716964722,Transcriptome_and_KG
7254,CC(=O)N[C@H]1[C@@H](O[C@@H]([C@H](C1O[C@H]2[C@@H]([C@H]([C@@H]([C@H](O2)C(=O)O)O[C@H]3[C@@H](C([C@@H]([C@H](O3)CO)O)O[C@H]4[C@@H]([C@H]([C@@H]([C@H](O4)C(=O)O)O)O)O)NC(=O)C)O)O)O)CO)O,1353,DB08818,0.14476361870765686,-0.03917738050222397,0.3882954716682434,0.9916240572929382,Transcriptome_and_KG
7254,CC(=O)OC1CN2CCC1CC2,1367,DB13262,0.14475426077842712,0.019852586090564728,-1.1200393438339233,0.9524887204170227,Transcriptome_and_KG
7254,C1=CC=C(C=C1)NC(=O)CCCCCCC(=O)NO,490,DB02546,0.1446099728345871,-0.03291470557451248,0.19739747047424316,0.9580779075622559,Transcriptome_and_KG
7254,CC1=NC=CN1.C1C(O1)CCl,2796,DB11634,0.14460758864879608,0.008798657916486263,-1.524977207183838,0.9689733982086182,Transcriptome_and_KG
7254,CC1=CN=C(S1)NC(=O)C2=C(C3=CC=CC=C3S(=O)(=O)N2C)O,2748,DB00814,0.14450162649154663,0.061127323657274246,-4.4830546379089355,0.9744327664375305,Transcriptome_and_KG
7254,CCC(=O)OC1(CCC2C1(CCC3C2CCC4=CC(=O)CCC34C)C)C(=O)CO,3082,DB12499,0.1439746916294098,-0.014365354552865028,-0.3455777168273926,0.957368016242981,Transcriptome_and_KG
7254,CCCCCC1=CC(=C2[C@@H]3C=C(CC[C@H]3C(OC2=C1)(C)C)C)O,3482,DB00470,0.14377306401729584,-0.011834235861897469,-2.775355577468872,0.9887806177139282,Transcriptome_and_KG
7254,CC1CCC2C(C(OC3C24C1CCC(O3)(OO4)C)OC)C,2990,DB06697,0.14375638961791992,-0.032151322811841965,-1.1160919666290283,0.9933456182479858,Transcriptome_and_KG
7254,C1C(S[As](S1)C2=CC=C(C=C2)NC3=NC(=NC(=N3)N)N)CO,687,DB12864,0.1436295062303543,-0.010693257674574852,-0.7156531810760498,0.9669936299324036,Transcriptome_and_KG
7254,CCC(=O)NCC[C@@H]1CCC2=C1C3=C(C=C2)OCC3,3077,DB00980,0.14352986216545105,-0.01706242375075817,-2.4225313663482666,0.9896025061607361,Transcriptome_and_KG
7254,CCC(C)C1(C(=O)NC(=O)NC1=O)CC,3162,DB00237,0.14350640773773193,-0.01340203545987606,-2.2055344581604004,0.9869754314422607,Transcriptome_and_KG
7254,CCOC(=O)NC1=C(N=C(C=C1)NCC2=CC=C(C=C2)F)N,3915,DB06623,0.14347407221794128,-0.0040077404119074345,-1.1726491451263428,0.9711788892745972,Transcriptome_and_KG
7254,CC1=CC(=O)OC2=C1C=C3C=C(OC3=C2C)C,2610,DB04571,0.1433858573436737,0.08556181192398071,-4.356363296508789,0.9673340916633606,Transcriptome_and_KG
7254,CN(C)CCC(C1=CC=CC2=CC=CC=C21)(C(C3=CC=CC=C3)C4=C(N=C5C=CC(=CC5=C4)Br)OC)O,4141,DB08903,0.14332634210586548,-0.03134686499834061,-0.14369022846221924,0.9784529805183411,Transcriptome_and_KG
7254,CC[N+](C)(C)C1=CC(=CC=C1)O,4056,DB01010,0.1432914435863495,-0.01751829870045185,-1.9827938079833984,0.9878163933753967,Transcriptome_and_KG
7254,CN1C(=O)N2C=NC(=C2N=N1)C(=O)N,4262,DB00853,0.14322122931480408,0.011108413338661194,-2.082927942276001,0.9740650057792664,Transcriptome_and_KG
7254,CN(C)C(=N)N=C(N)N,4077,DB00331,0.14320985972881317,-0.007402653805911541,-1.8655550479888916,0.9816044569015503,Transcriptome_and_KG
7254,C1=CN=C(N=C1)[N-]S(=O)(=O)C2=CC=C(C=C2)N.[Ag+],566,DB05245,0.14320729672908783,-0.029700390994548798,-0.8864960670471191,0.9892458319664001,Transcriptome_and_KG
7254,CN1C=NC2=C1C(=O)NC(=O)N2C,4323,DB01412,0.14304420351982117,-0.018174702301621437,-0.3668706715106964,0.9631319642066956,Transcriptome_and_KG
7254,C1NC2=CC(=C(C=C2S(=O)(=O)N1)S(=O)(=O)N)Cl,1163,DB00999,0.1428169161081314,0.044889915734529495,-3.0801219940185547,0.969471275806427,Transcriptome_and_KG
7254,C=CCOC1=C(C=C(C=C1)CC(=O)O)Cl,1224,DB13167,0.14266660809516907,-0.04730550944805145,0.6708515882492065,0.9733564853668213,Transcriptome_and_KG
7254,C1C2CNCC1C3=CC4=NC=CN=C4C=C23,720,DB01273,0.1426183581352234,-0.002439661882817745,-3.639760971069336,0.9879384636878967,Transcriptome_and_KG
7254,C1=NC2=C(N1)C(=S)N=C(N2)N,590,DB00352,0.14209884405136108,-0.01466828677803278,-0.5884890556335449,0.965922474861145,Transcriptome_and_KG
7254,CCOC1=CC(=C(C=C1C(=O)NC2CCN(CC2)CC3CCC=CC3)[N+](=O)[O-])N,3963,DB08810,0.14205101132392883,0.0024481387808918953,-1.4051334857940674,0.9696043729782104,Transcriptome_and_KG
7254,CC(C)NCC(COC1=CC=CC=C1CC=C)O,1861,DB00866,0.14198754727840424,0.012806758284568787,-1.2956719398498535,0.9603395462036133,Transcriptome_and_KG
7254,CCOC(=O)C(CC1=CC(=C(C=C1)O)O)N,3861,DB06535,0.14195257425308228,-0.04348624497652054,0.4354124665260315,0.9609028697013855,Transcriptome_and_KG
7254,CC(C12CC3CC(C1)CC(C3)C2)N,1905,DB00478,0.141835555434227,0.009592373855412006,-1.6864213943481445,0.9693717956542969,Transcriptome_and_KG
7254,CC(C)CC1C(=O)NC(C(=O)NC(C(=O)N2CCCC2C(=O)NC(C(=O)N1)C(C)C)CC(=O)O)CC3=CNC4=CC=CC=C43,1767,DB12054,0.1416868269443512,-0.03638490289449692,0.1749681532382965,0.9666470885276794,Transcriptome_and_KG
7254,C[N+](C)(C)C[C@@H](CC(=O)[O-])O,4959,DB00583,0.14162123203277588,-0.013874068856239319,-1.8288859128952026,0.9840871691703796,Transcriptome_and_KG
7254,C1C[C@H](NC1)C(=O)O,1154,DB00172,0.14157669246196747,-0.017436496913433075,-1.1752301454544067,0.9803016781806946,Transcriptome_and_KG
7254,CC(C)(C)C(=O)OC1=CC=C(C=C1)S(=O)(=O)NC2=CC=CC=C2C(=O)NCC(=O)O,1486,DB12863,0.14146459102630615,-0.03705566003918648,0.0,0.9832867383956909,Transcriptome_and_KG
7254,CN1C=NC(=C1SC2=NC=NC3=C2NC=N3)[N+](=O)[O-],4320,DB00993,0.14141803979873657,-0.012676497921347618,-1.2436909675598145,0.9774331450462341,Transcriptome_and_KG
7254,CC1=CC(=NC(=N1)NS(=O)(=O)C2=CC=C(C=C2)N)C,2582,DB01582,0.14136168360710144,-0.031883105635643005,-0.9754156470298767,0.9904010891914368,Transcriptome_and_KG
7254,C1CNCC(C1C2=CC=C(C=C2)F)COC3=CC4=C(C=C3)OCO4,1099,DB00715,0.14131273329257965,0.11495625227689743,-6.925240516662598,0.9733874201774597,Transcriptome_and_KG
7254,CCN(CC)C(=S)SSC(=S)N(CC)CC,3726,DB00822,0.1411695033311844,-0.0021747383289039135,-1.53940749168396,0.9740554094314575,Transcriptome_and_KG
7254,CCCNS(=O)(=O)NC1=C(C(=NC=N1)OCCOC2=NC=C(C=N2)Br)C3=CC=C(C=C3)Br,3683,DB08932,0.14110992848873138,-0.0248422734439373,-0.09709197282791138,0.9550684690475464,Transcriptome_and_KG
7254,C(CS)N,121,DB00847,0.14087478816509247,-0.02331574633717537,-0.18442535400390625,0.9581400156021118,Transcriptome_and_KG
7254,CCC1(CCC(=O)NC1=O)C2=CC=C(C=C2)N,3242,DB00357,0.14053881168365479,-0.03942736238241196,0.038652896881103516,0.9869369864463806,Transcriptome_and_KG
7254,C1CN(CCN1CCCCC2=CNC3=C2C=C(C=C3)C#N)C4=CC5=C(C=C4)OC(=C5)C(=O)N,1048,DB06684,0.14036734402179718,0.09322871267795563,-5.421817779541016,0.971004068851471,Transcriptome_and_KG
7254,CC(C)CC1(C(=O)NC(=O)NC1=O)CC=C,1759,DB00241,0.14013133943080902,-0.01412791945040226,-2.8278958797454834,0.9885608553886414,Transcriptome_and_KG
7254,C1C(C(=O)NO1)N,628,DB00260,0.13990551233291626,0.009561225771903992,-2.8201346397399902,0.9793421626091003,Transcriptome_and_KG
7254,C1=CC(=CN=C1)C(=O)N,345,DB02701,0.13977673649787903,0.02946487069129944,-0.8316898345947266,0.9286270141601562,Transcriptome_and_KG
7254,CC1CC2C3CCC4=CC(=O)C=CC4(C3(C(CC2(C1C(=O)CO)C)O)F)C,2969,DB00547,0.1397518664598465,-0.008394029922783375,-0.6033928394317627,0.956275463104248,Transcriptome_and_KG
7254,COC1=C(N2C(C(C2=O)NC(=O)C(C3=CCC=CC3)N)SC1)C(=O)O,4606,DB11367,0.13952895998954773,-0.03810490667819977,0.19122323393821716,0.9619221091270447,Transcriptome_and_KG
7254,CC(C)(CC1=CNC2=CC=CC=C21)NCC(COC3=CC=CC=C3C#N)O,1590,DB12752,0.13914749026298523,-0.0025670044124126434,-1.3400722742080688,0.9700929522514343,Transcriptome_and_KG
7254,C1CC1C2=NC3=CC=CC=C3C(=C2/C=C/[C@H](C[C@H](CC(=O)O)O)O)C4=CC=C(C=C4)F,812,DB08860,0.13907039165496826,0.05326828733086586,-2.8072893619537354,0.962531566619873,Transcriptome_and_KG
7254,CCCCCC(=O)O[C@@]1(CC[C@@H]2[C@@]1(CC[C@H]3[C@H]2CCC4=CC(=O)CC[C@]34C)C)C(=O)C,3472,DB06789,0.13873495161533356,-0.04135732725262642,0.007395744323730469,0.9889688491821289,Transcriptome_and_KG
7254,CC(C)(C(=O)O)OC1=CC=C(C=C1)C(=O)C2=CC=C(C=C2)Cl,1474,DB13873,0.13860630989074707,0.03731060028076172,-3.0942399501800537,0.9708502292633057,Transcriptome_and_KG
7254,CC(C)(C)C1=CC=C(C=C1)C(=O)CCCN2CCC(CC2)OC(C3=CC=CC=C3)C4=CC=CC=C4,1509,DB11742,0.1385418176651001,0.03578319400548935,-3.7916719913482666,0.9760362505912781,Transcriptome_and_KG
7254,CC(C)(C)C(C=CC1=CC2=C(C=C1)OCO2)O,1491,DB09118,0.13847193121910095,0.007997609674930573,-2.2976536750793457,0.9755115509033203,Transcriptome_and_KG
7254,CC(C)C1=C(C(=CC=C1)C(C)C)O,1679,DB00818,0.13825806975364685,-0.0009115210268646479,-2.397383689880371,0.9801913499832153,Transcriptome_and_KG
7254,CCCCCCC(=O)O[C@H]1CC[C@@H]2[C@@]1(CC[C@H]3[C@H]2CCC4=CC(=O)CC[C@]34C)C,3488,DB13944,0.13821327686309814,0.019814549013972282,-1.2158671617507935,0.9507473111152649,Transcriptome_and_KG
7254,CC1=C(C(C(=C(N1)C)C(=O)OCC(=O)C)C2=CC=CC=C2[N+](=O)[O-])C(=O)OC,2290,DB09229,0.138027161359787,-0.016911588609218597,-0.7695139050483704,0.9695200324058533,Transcriptome_and_KG
7254,CC(C)CN1C=NC2=C1C3=CC=CC=C3N=C2N,1798,DB00724,0.13789008557796478,-0.02868201956152916,0.021129846572875977,0.9434435963630676,Transcriptome_and_KG
7254,CC(=O)OCC1C(C(C(O1)N2C=CC(=O)NC2=O)OC(=O)C)OC(=O)C,1392,DB09144,0.1377284973859787,-0.07900479435920715,1.6239347457885742,0.9670701026916504,Transcriptome_and_KG
7254,C1C2CNCC1C3=CC=CC(=O)N3C2,721,DB09028,0.13770031929016113,0.002297833561897278,-1.120249629020691,0.9609421491622925,Transcriptome_and_KG
7254,CC(C[N+](C)(C)C)OC(=O)N,2026,DB01019,0.13757672905921936,-0.014816520735621452,-4.888965129852295,0.9926173090934753,Transcriptome_and_KG
7254,CC(C(C1=CC=C(C=C1)O)O)N2CCC(CC2)CC3=CC=CC=C3,1448,DB08954,0.13755828142166138,-0.021708952262997627,-0.6668273210525513,0.9716102480888367,Transcriptome_and_KG
7254,CC12CCC(=O)C=C1CC(C3C24C(O4)CC5(C3CCC56CCC(=O)O6)C)C(=O)OC,2180,DB00700,0.13739842176437378,0.01943434216082096,-1.7331435680389404,0.9621644020080566,Transcriptome_and_KG
7254,CC(C)C[C@@H](C(=O)O)N,1805,DB00149,0.13737702369689941,-0.027679361402988434,-0.6408029198646545,0.9777985215187073,Transcriptome_and_KG
7254,C(C1C(C(C(C(O1)O)N)O)O)O,78,DB01296,0.1373744159936905,-0.03732290118932724,-0.5490293502807617,0.9884417057037354,Transcriptome_and_KG
7254,C(CO[N+](=O)[O-])N(CCO[N+](=O)[O-])CCO[N+](=O)[O-],116,DB13719,0.13736414909362793,-0.028869206085801125,-2.357231616973877,0.9921745657920837,Transcriptome_and_KG
7254,C1CNCCN1,1113,DB00592,0.13731861114501953,-0.007191137410700321,-0.7828952074050903,0.9592556357383728,Transcriptome_and_KG
7254,CC(CC1=CC=C(C=C1)O)NCC(C2=CC(=CC(=C2)O)O)O,1978,DB01288,0.1371012181043625,-0.010843055322766304,-1.15157151222229,0.97150057554245,Transcriptome_and_KG
7254,CCOC(=O)[C@H](CCC1=CC=CC=C1)N[C@@H](C)C(=O)N(CC(=O)O)C2CC3=CC=CC=C3C2,3925,DB13312,0.137059286236763,-0.04121008887887001,0.21926039457321167,0.9612348675727844,Transcriptome_and_KG
7254,C1=CN(C(=O)N=C1N)C2C(C(C(O2)CO)O)(F)F,548,DB00441,0.13696753978729248,0.014450368471443653,-1.0455799102783203,0.9485144019126892,Transcriptome_and_KG
7254,CC1=CC2=C(N1)C=CC=C2OCC(CNC(C)(C)C)OC(=O)C3=CC=CC=C3,2641,DB08807,0.1368110179901123,0.0019195955246686935,-1.4027937650680542,0.966644287109375,Transcriptome_and_KG
7254,C(C1(C2C3C(N=C(NC34C(C1OC(C4O)(O2)O)O)N)O)O)O,76,DB05232,0.13656169176101685,-0.010711903683841228,-0.7297206521034241,0.9603476524353027,Transcriptome_and_KG
7254,C[C@@H]1CC(=O)C=C([C@]12C(=O)C3=C(O2)C(=C(C=C3OC)OC)Cl)OC,4809,DB00400,0.13642771542072296,0.034274399280548096,-3.590775966644287,0.9747151136398315,Transcriptome_and_KG
7254,CCCCCCCCCCCC(=O)CC(=O)NC1C(C(C(OC1OP(=O)(O)O)COC2C(C(C(C(O2)COC)OP(=O)(O)O)OCCC(CCCCCCC)OC)NC(=O)CCCCCCCCCC=CCCCCCC)O)OCCCCCCCCCC,3517,DB04933,0.1364239901304245,-0.048717860132455826,0.4348931610584259,0.9600409269332886,Transcriptome_and_KG
7254,C[C@]12CCC3=C4CCC(=O)C=C4CC[C@H]3[C@@H]1CC[C@]2(CC#N)O,4926,DB09123,0.13638751208782196,-0.03854157775640488,-0.615551769733429,0.9896088242530823,Transcriptome_and_KG
7254,C1CN(CCN1)C2=C3C(=CC=C2)OCCO3,1023,DB12883,0.13638128340244293,-0.04805682972073555,0.40563392639160156,0.9510009288787842,Transcriptome_and_KG
7254,CC(C)C(OC(=O)C(C)C)OC(=O)NCC(CC(=O)O)C1=CC=C(C=C1)Cl,1673,DB08892,0.13636630773544312,-0.04286345839500427,0.23237615823745728,0.9661571383476257,Transcriptome_and_KG
7254,CC12CCC3C(C1CCC2(C#C)O)CCC4=CC5=C(CC34C)C=NO5,2197,DB01406,0.13631540536880493,0.05407136678695679,-3.8351354598999023,0.9704577922821045,Transcriptome_and_KG
7254,CCOC(=O)C1=CN=C(C=C1)C#CC2=CC3=C(C=C2)SCCC3(C)C,3895,DB00799,0.13622544705867767,0.03177766129374504,-3.706596851348877,0.9761000871658325,Transcriptome_and_KG
7254,CCN(CC)CCN1C(=O)CN=C(C2=C1C=CC(=C2)Cl)C3=CC=CC=C3F,3745,DB00690,0.1361238658428192,0.018737344071269035,-7.218056678771973,0.989128053188324,Transcriptome_and_KG
7254,C1=CC=C2C(=C1)C=CC3=CC=CC=C3N2C(=O)N,534,DB00564,0.13607722520828247,0.07260950654745102,-2.769009590148926,0.9538721442222595,Transcriptome_and_KG
7254,CC(C)(C)NCC(COC1=CC=CC2=C1SCCC2)O,1547,DB13775,0.13607019186019897,-0.0037034994456917048,-1.348547101020813,0.96903395652771,Transcriptome_and_KG
7254,CCN(CC)C1=CC(=NC2=NC=NN12)C,3730,DB09283,0.1360531747341156,-0.0272492878139019,-0.14631861448287964,0.9538252353668213,Transcriptome_and_KG
7254,CC1=NC(=C(C(=N1)Cl)NC2=NCCN2)OC,2755,DB09242,0.1359957903623581,-0.0704955905675888,1.4731290340423584,0.9736815094947815,Transcriptome_and_KG
7254,C1CC(C1)(C(=O)O)C(=O)O.[NH2-].[NH2-].[Pt+2],751,DB00958,0.13590200245380402,0.006181772798299789,-1.4781479835510254,0.9646821618080139,Transcriptome_and_KG
7254,CCN1C=C(C(=O)C2=C1N=C(C=C2)C)C(=O)O,3807,DB00779,0.1357620507478714,-0.018236689269542694,-2.3839075565338135,0.9867926836013794,Transcriptome_and_KG
7254,CC1=C(C(=O)C2=C(C1=O)N3CC4C(C3(C2COC(=O)N)OC)N4)N,2264,DB00305,0.13575318455696106,-0.012894507497549057,-0.7037744522094727,0.9609773755073547,Transcriptome_and_KG
7254,CC1OC2(CN3CCC2CC3)CS1,3045,DB00185,0.13562019169330597,-0.019159868359565735,-2.787879228591919,0.9887735247612,Transcriptome_and_KG
7254,CC1(C(NC(S1)C(C(=O)NCCCCC(C(=O)O)N)NC(=O)CC2=CC=CC=C2)C(=O)O)C.C(CCN)CC(C(=O)O)N,2078,DB00895,0.13555216789245605,-0.05761512741446495,0.9119160771369934,0.9766973257064819,Transcriptome_and_KG
7254,CC(C(C(=O)O)N)OC1C(C(C(C(O1)COC2(CC(C(C(O2)C(C(CO)O)O)NC(=O)CNC(=O)OCCOC)O)C(=O)O)O)O)NC(=O)C,1441,DB00019,0.13528300821781158,-0.04752502217888832,0.3627746105194092,0.9733374714851379,Transcriptome_and_KG
7254,CC1=C2COC(=O)C2=C(C(=C1OC)CC=C(C)CCC(=O)OCCN3CCOCC3)O,2503,DB00688,0.13511908054351807,-0.040259990841150284,-0.3521738648414612,0.9868342280387878,Transcriptome_and_KG
7254,C1C(N(C2=C(N1)N=C(NC2=O)N)C=O)CNC3=CC=C(C=C3)C(=O)NC(CCC(=O)O)C(=O)O,673,DB00650,0.1349988579750061,0.032962869852781296,-3.101837158203125,0.9712528586387634,Transcriptome_and_KG
7254,C[N+]1(CCC(C1)OC(=O)C(C2CCCC2)(C3=CC=CC=C3)O)C.[Br-],4965,DB00986,0.1348595768213272,0.016229087486863136,-2.1198623180389404,0.9682415723800659,Transcriptome_and_KG
7254,CCCCNC(=O)NS(=O)(=O)C1=CC=C(C=C1)N,3613,DB13406,0.13485658168792725,-0.05086548626422882,0.46481853723526,0.9639098048210144,Transcriptome_and_KG
7254,CN(C1=CC=C(C=C1)OC(=O)C2=CC=CO2)C(=O)C(Cl)Cl,4191,DB14638,0.1346096396446228,0.011677756905555725,-1.729270577430725,0.9649812579154968,Transcriptome_and_KG
7254,C1CNCCNCCCN(CCNC1)CC2=CC=C(C=C2)CN3CCCNCCNCCCNCC3,1114,DB06809,0.1344815045595169,0.045759107917547226,-3.987112045288086,0.9732785224914551,Transcriptome_and_KG
7254,CC12CCC(=O)C=C1CCC3C2C(=O)CC4(C3CCC4(C(=O)CO)O)C,2182,DB00741,0.13445469737052917,0.0403403714299202,-1.9572689533233643,0.9537850022315979,Transcriptome_and_KG
7254,CC(C)C(=O)NC1=CC(=C(C=C1)[N+](=O)[O-])C(F)(F)F,1613,DB00499,0.13429687917232513,-0.03288029506802559,0.08378195762634277,0.93482905626297,Transcriptome_and_KG
7254,CC1C=CC=CCCC=CC=CC=CC=CC(CC2C(C(CC(O2)(CC(C(CCC(CC(CC(CC(=O)OC(C(C1O)C)C)O)O)O)O)O)O)O)C(=O)O)OC3C(C(C(C(O3)C)O)N)O,2917,DB00646,0.13414786756038666,-0.015377357602119446,-0.6921638250350952,0.9616416692733765,Transcriptome_and_KG
7254,CC(C)(C)NCC(C1=CC=CC=C1Cl)O,1541,DB12248,0.13409966230392456,0.07671871036291122,-2.953916311264038,0.954239547252655,Transcriptome_and_KG
7254,CCOC1=CC2=C(C=C1)N=C(S2)S(=O)(=O)N,3967,DB00311,0.13403993844985962,-0.04099621623754501,0.06363317370414734,0.9685214161872864,Transcriptome_and_KG
7254,CC1=CC=CC=C1S(=O)(=O)NC(=O)C2=CC(=C(C=C2)CC3=CN(C4=C3C=C(C=C4)NC(=O)OC5CCCC5)C)OC,2704,DB00549,0.13386841118335724,0.07549995929002762,-4.4633893966674805,0.9683213829994202,Transcriptome_and_KG
7254,CC(=O)NCCC1=CNC2=C1C=C(C=C2)OC,1343,DB01065,0.13374736905097961,-0.020874693989753723,-2.2163913249969482,0.9863274097442627,Transcriptome_and_KG
7254,CCC(COC(=O)C1=CC(=C(C(=C1)OC)OC)OC)(C2=CC=CC=C2)N(C)C,3218,DB09089,0.13349074125289917,-0.022419193759560585,-0.6215540170669556,0.9666540026664734,Transcriptome_and_KG
7254,CC12CCC3C(C1CCC2O)CCC4=CC(=O)CCC34C,2211,DB00624,0.13346010446548462,0.036209505051374435,-2.0082545280456543,0.9562861323356628,Transcriptome_and_KG
7254,CCCNC(C)C(=O)NC1=C(SC=C1C)C(=O)OC,3674,DB09009,0.13318859040737152,-0.029675953090190887,-1.883385419845581,0.9888874888420105,Transcriptome_and_KG
7254,C1CC1NC2=C3C(=NC(=N2)N)N(C=N3)[C@@H]4C[C@@H](C=C4)CO,835,DB01048,0.13312141597270966,0.09660578519105911,-3.454231023788452,0.953657865524292,Transcriptome_and_KG
7254,COC(=O)C(CC1=CC(=C(C=C1)O)O)N,4523,DB13313,0.1330743432044983,-0.05254096910357475,0.4354126453399658,0.9487326741218567,Transcriptome_and_KG
7254,CN1C2=C(C(=O)N(C1=O)C)NC=N2.CN1C2=C(C(=O)N(C1=O)C)NC=N2.C(CN)N,4273,DB01223,0.13299284875392914,-0.03469576686620712,-0.24897146224975586,0.9699149131774902,Transcriptome_and_KG
7254,CCC(=O)C1=CC2=C(C=C1)SC3=CC=CC=C3N2CCCN4CCN(CC4)CCO,3071,DB01038,0.13293540477752686,-0.0104784294962883,-1.384080410003662,0.9722727537155151,Transcriptome_and_KG
7254,CC(C1=CC(=CC=C1)C(=O)C2=CC=CC=C2)C(=O)O,1915,DB01009,0.13277561962604523,0.07825608551502228,-4.577741622924805,0.968121349811554,Transcriptome_and_KG
7254,C(CC(=O)O)C(=O)CN,86,DB00855,0.13258560001850128,-0.06464441120624542,0.8736907243728638,0.9648551344871521,Transcriptome_and_KG
7254,CC1(C2CC3C(C(=O)C(=C(C3(C(=O)C2=C(C4=C1C=CC=C4O)O)O)O)C(=O)NCNCCCCC(C(=O)O)N)N(C)C)O,2088,DB00256,0.13245154917240143,-0.03438470512628555,-0.11525863409042358,0.9599298238754272,Transcriptome_and_KG
7254,C(C(CO[N+](=O)[O-])O[N+](=O)[O-])O[N+](=O)[O-],68,DB00727,0.13201624155044556,-0.015498330816626549,-2.774803876876831,0.9859858751296997,Transcriptome_and_KG
7254,CC1=CC(=C(N1)C=C2C3=CC=CC=C3NC2=O)C,2537,DB05332,0.1319621503353119,0.023806443437933922,-2.4796838760375977,0.9678272604942322,Transcriptome_and_KG
7254,C1CN=C(N1)NC2=C(C=CC3=NSN=C32)Cl,1093,DB00697,0.13174733519554138,-0.009322847239673138,-3.3039438724517822,0.9858174920082092,Transcriptome_and_KG
7254,C1C(COC2=NC(=CN21)[N+](=O)[O-])OCC3=CC=C(C=C3)OC(F)(F)F,671,DB05154,0.13142859935760498,-0.05440644174814224,0.4949357509613037,0.9691231846809387,Transcriptome_and_KG
7254,CC(C)NCC1CCC2=CC(=C(C=C2N1)[N+](=O)[O-])CO,1863,DB01096,0.13125696778297424,-0.10827448219060898,1.3448493480682373,0.9311714768409729,Transcriptome_and_KG
7254,C1C(C1N)C2=CC=CC=C2,654,DB00752,0.13088974356651306,0.06474824249744415,-4.6931047439575195,0.9716013669967651,Transcriptome_and_KG
7254,CCN1C=CC(=NC1=O)NS(=O)(=O)C2=CC=C(C=C2)N,3813,DB01298,0.13075242936611176,-0.04228644073009491,-0.9593535661697388,0.9909602999687195,Transcriptome_and_KG
7254,CCC(C)C(C(=O)NC(CC1=CC=CC=C1)C(=O)NCC(=O)NC(CO)C(=O)NC(CC(C)C)C(=O)NC(C)C(=O)NC(CC2=CC=CC=C2)C(=O)NC(CC(C)C)C(=O)O)NC(=O)C(CCCCN)N,3146,DB06226,0.13061149418354034,-0.031865958124399185,-0.2648687958717346,0.9611651301383972,Transcriptome_and_KG
7254,CN(CC=CC1=CC=CC=C1)CC2=CC=CC3=CC=CC=C32,4208,DB00735,0.13036465644836426,0.008336246013641357,-5.063704967498779,0.9860461354255676,Transcriptome_and_KG
7254,C(C1C(C(C(C(O1)[S-])O)O)O)O.[Au+],82,DB09121,0.13030052185058594,0.01630258932709694,-2.1423842906951904,0.9664646983146667,Transcriptome_and_KG
7254,CCCNC(=O)NS(=O)(=O)C1=CC=C(C=C1)Cl,3673,DB00672,0.13018977642059326,-0.026915360242128372,-1.4734352827072144,0.9827593564987183,Transcriptome_and_KG
7254,C1CCN(CC1)CC(CON=C(C2=CN=CC=C2)Cl)O,950,DB06258,0.1299644410610199,-0.04447690397500992,0.051591336727142334,0.9684602618217468,Transcriptome_and_KG
7254,CN1CCCCC1CCN2C3=CC=CC=C3SC4=C2C=C(C=C4)S(=O)C,4389,DB00933,0.12981495261192322,0.011831102892756462,-2.390483856201172,0.9711347818374634,Transcriptome_and_KG
7254,CCC(CC1=C(C(=C(C=C1I)I)N)I)C(=O)O,3215,DB08946,0.12943589687347412,-0.011324480175971985,-1.4173574447631836,0.9711546897888184,Transcriptome_and_KG
7254,CC1([C@@H](N2[C@H](S1)[C@@H](C2=O)NC(=O)[C@@H](C3=CC=CC=C3)NC(=O)N4CCNC4=O)C(=O)O)C,2157,DB01061,0.12928974628448486,0.014378834515810013,-1.3814046382904053,0.953187108039856,Transcriptome_and_KG
7254,C(C[C@@H](C(=O)O)N)CN=C(N)N,124,DB00125,0.1289774477481842,-0.04498603940010071,-1.432487964630127,0.9940789937973022,Transcriptome_and_KG
7254,CNC(=O)C1C(C(C(O1)N2C=NC3=C(N=CN=C32)NCC4=CC(=CC=C4)I)O)O,4465,DB05511,0.12891924381256104,-0.041993554681539536,-0.030022501945495605,0.9643464684486389,Transcriptome_and_KG
7254,CCC(C)(C)C(=O)C(=O)N1CCCC1C(=O)O,3117,DB05814,0.12887249886989594,-0.0644376277923584,0.9151316285133362,0.97542804479599,Transcriptome_and_KG
7254,CCCC1=NC=CC(=C1)C(=S)N,3403,DB12667,0.12844492495059967,-0.06394219398498535,0.6179830431938171,0.952242910861969,Transcriptome_and_KG
7254,CN1CCC=C(C1)C(=O)OC,4380,DB04365,0.1284177601337433,-0.003625718876719475,-2.0400352478027344,0.9741116166114807,Transcriptome_and_KG
7254,CC(C)(COC(=O)N1CCN(CC1)C2=NC3=C(C(=C(C=C3C(=N2)N)OC)OC)OC)O,1605,DB09206,0.12835955619812012,-0.04937677085399628,0.2214500606060028,0.960519552230835,Transcriptome_and_KG
7254,CCCCC[C@@H](/C=C/[C@H]1[C@@H](C[C@@H]([C@@H]1C/C=C\CCCC(=O)O)O)O)O,3590,DB12789,0.12822479009628296,0.0668996125459671,-1.9584747552871704,0.9379194378852844,Transcriptome_and_KG
7254,CC1=C(C(=O)C(=C(C1=O)OC)OC)CCCCCCCCCCO,2263,DB09081,0.12811091542243958,0.023102471604943275,-1.917405128479004,0.9587265253067017,Transcriptome_and_KG
7254,C1=C(C=C(C(=C1NC(=O)C(=O)O)Cl)NC(=O)C(=O)O)C#N,173,DB06794,0.12804606556892395,0.035528045147657394,-7.161342620849609,0.9850711822509766,Transcriptome_and_KG
7254,C1CN(CCN1CCCN2C(=O)N3C=CC=CC3=N2)C4=CC(=CC=C4)Cl,1052,DB00656,0.12793950736522675,0.10538027435541153,-6.419400691986084,0.9709563851356506,Transcriptome_and_KG
7254,C1CCCC(CC1)NC(P(=O)(O)O)P(=O)(O)O,927,DB06255,0.12752820551395416,-0.013434259220957756,-1.0228310823440552,0.9635252356529236,Transcriptome_and_KG
7254,[O-2].[Mg+2],5026,DB01377,0.12747935950756073,0.0875648707151413,-4.533361434936523,0.9643897414207458,Transcriptome_and_KG
7254,CC1(C2C1C(N(C2)C(=O)C(C(C)(C)C)NC(=O)NC(C)(C)C)C(=O)NC(CC3CCC3)C(=O)C(=O)N)C,2083,DB08873,0.12734946608543396,0.016616294160485268,-0.9527065753936768,0.9353988170623779,Transcriptome_and_KG
7254,CC1=CC(=NO1)C(=O)NNCC2=CC=CC=C2,2601,DB01247,0.1269555240869522,0.10758531838655472,-4.279768466949463,0.9573450684547424,Transcriptome_and_KG
7254,CC(=O)NC(COC)C(=O)NCC1=CC=CC=C1,1312,DB06218,0.12672749161720276,-0.02753327041864395,-2.095435619354248,0.9857760071754456,Transcriptome_and_KG
7254,CCC(C(C1=CC(=C(C=C1)O)O)O)NC(C)C,3113,DB00221,0.1266959309577942,-0.01440458744764328,-1.1772799491882324,0.9672119617462158,Transcriptome_and_KG
7254,CC1=CC=C(C=C1)C2=C(N3C=C(C=CC3=N2)C)CC(=O)N(C)C,2662,DB00425,0.12658151984214783,-0.0028342343866825104,-6.417207717895508,0.9902140498161316,Transcriptome_and_KG
7254,C1=CC(=CC=C1C(CC(=O)O)CN)Cl,292,DB00181,0.12652291357517242,-0.010888763703405857,-2.4552242755889893,0.9802225232124329,Transcriptome_and_KG
7254,CC(C)(C)NCC(C1=CC(=CC(=C1)OC(=O)N(C)C)OC(=O)N(C)C)O,1539,DB01408,0.1263597160577774,-0.0423501655459404,-0.13241693377494812,0.9665949940681458,Transcriptome_and_KG
7254,C[C@]12CC[C@H]3[C@H]([C@@H]1CC[C@@H]2O)CCC4=C3C=CC(=C4)OC(=O)N(CCCl)CCCl,4931,DB01196,0.12615203857421875,-0.05544954165816307,0.3528766632080078,0.9239414930343628,Transcriptome_and_KG
7254,CN(CCC1=CC=C(C=C1)NS(=O)(=O)C)CCOC2=CC=C(C=C2)NS(=O)(=O)C,4212,DB00204,0.12603849172592163,-0.0319940447807312,-1.9411265850067139,0.9868901968002319,Transcriptome_and_KG
7254,[Cl-].[Cl-].[Ca+2],5004,DB01164,0.12597018480300903,0.05484535172581673,-4.583629608154297,0.9722821116447449,Transcriptome_and_KG
7254,CN1C2CCC1C(C(C2)C3=CC(=C(C=C3)Cl)Cl)C=NOC,4295,DB04857,0.12586790323257446,0.013495265506207943,-2.1074674129486084,0.9653633832931519,Transcriptome_and_KG
7254,CCOC(=O)C1=C(NC(=C(C1C2=C(C(=CC=C2)Cl)Cl)C(=O)OC)C)C,3882,DB01023,0.12585186958312988,0.02025388926267624,-2.880913257598877,0.9708998799324036,Transcriptome_and_KG
7254,C[C@@H]1CC[C@@]23CCC(=O)[C@H]2[C@@]1([C@@H](C[C@@]([C@H]([C@@H]3C)O)(C)C=C)OC(=O)CSC4C[C@H]5CC[C@@H](C4)N5C)C,4815,DB01256,0.12578067183494568,0.006224141456186771,-1.3394482135772705,0.955366849899292,Transcriptome_and_KG
7254,CCOC(=O)C(CCC1=CC=CC=C1)NC(C)C(=O)N2CC3(CC2C(=O)O)SCCS3,3868,DB01348,0.12570104002952576,-0.03916634991765022,-0.34755179286003113,0.9700502157211304,Transcriptome_and_KG
7254,CC(C)(C[N+]#[C-])OC.CC(C)(C[N+]#[C-])OC.CC(C)(C[N+]#[C-])OC.CC(C)(C[N+]#[C-])OC.CC(C)(C[N+]#[C-])OC.CC(C)(C[N+]#[C-])OC.[Tc+7],1608,DB09161,0.12562419474124908,-0.06304989010095596,0.7025202512741089,0.9760713577270508,Transcriptome_and_KG
7254,CN1C2=C(C=C(C=C2)N(CCCl)CCCl)N=C1CCCC(=O)O,4276,DB06769,0.1255786269903183,-0.04599350318312645,-0.045554161071777344,0.9682037234306335,Transcriptome_and_KG
7254,CCCCCCCCCCCCCCCCOCCCOP(=O)(COC(CN1C=CC(=NC1=O)N)CO)O,3545,DB12151,0.1255042850971222,-0.052024610340595245,0.15510150790214539,0.972716748714447,Transcriptome_and_KG
7254,C[C@H]1[C@H]([C@@](C[C@@H](O1)O[C@@H]2[C@H]([C@@H]([C@H](O[C@H]2OC3=C4C=C5C=C3OC6=C(C=C(C=C6)[C@H]([C@H](C(=O)N[C@H](C(=O)N[C@H]5C(=O)N[C@@H]7C8=CC(=C(C=C8)O)C9=C(C=C(C=C9O)O)[C@H](NC(=O)[C@H]([C@@H](C1=CC(=C(O4)C=C1)Cl)O)NC7=O)C(=O)O)CC(=O)N)NC(=O)[C@@H](CC(C)C)NC)O)Cl)CO)O)O)(C)N)O,4905,DB00512,0.12496118247509003,0.08634595572948456,-4.5913310050964355,0.9645193219184875,Transcriptome_and_KG
7254,CCCCCCCCC1=CC=C(C=C1)CCC(CO)(CO)N,3502,DB08868,0.12490822374820709,-0.008652577176690102,-0.8595581650733948,0.95195472240448,Transcriptome_and_KG
7254,CC1=CC=C(C=C1)C(=O)C2=CC(=C(C(=C2)O)O)[N+](=O)[O-],2654,DB00323,0.12466698884963989,0.10393475741147995,-5.746304512023926,0.9675452709197998,Transcriptome_and_KG
7254,CC(CCCC(C)(C)O)C1CCC2C1(CCCC2=CC=C3CC(CCC3=C)O)C,2001,DB00146,0.12451335042715073,0.03026818111538887,-3.9847898483276367,0.9749932885169983,Transcriptome_and_KG
7254,CC(C)(C)NCC(COC1=CC=CC2=C1CC(C(C2)O)O)O,1544,DB01203,0.1244739443063736,0.004528781399130821,-2.8904809951782227,0.9763345718383789,Transcriptome_and_KG
7254,CC1C(=O)NC(C(=O)NC2CSSCC3C(=O)NC(C(=O)NC(C(=O)NCC(=O)NC(C(=O)NC(CSSCC(C(=O)NC(CSSCC(C(=O)NC(C(=O)NCC(=O)NC(C(=O)NCC(=O)N1)CCCCN)CCCCN)N)C(=O)NC(C(=O)NCC(=O)NC(C(=O)N3)CO)C(C)O)NC(=O)C(NC(=O)C(NC(=O)C(NC(=O)C(NC(=O)C(NC(=O)C(NC2=O)CO)CCCNC(=N)N)CC(C)C)CCSC)CC4=CC=C(C=C4)O)CC(=O)O)C(=O)N)CCCCN)CO)CCCNC(=N)N)CCCCN,2842,DB06283,0.12444055080413818,-0.02287234738469124,-3.433030605316162,0.9885298609733582,Transcriptome_and_KG
7254,C1C(C(C(C(C1(CO)O)O)O)O)NC(CO)CO,629,DB04878,0.12424789369106293,0.0010009855031967163,-0.9767774939537048,0.94713294506073,Transcriptome_and_KG
7254,CC(C)N=C1C=C2C(=NC3=CC=CC=C3N2C4=CC=C(C=C4)Cl)C=C1NC5=CC=C(C=C5)Cl,1836,DB00845,0.12422984838485718,0.07927608489990234,-5.788501739501953,0.9724764227867126,Transcriptome_and_KG
7254,C1[C@@H]([C@@H]2[C@H](O1)[C@@H](CO2)O[N+](=O)[O-])O,1169,DB01020,0.1242026686668396,-0.03632594272494316,-2.1082091331481934,0.9891002774238586,Transcriptome_and_KG
7254,CC[C@H](C)[C@@H](C(=O)O)N,4046,DB00167,0.12404811382293701,-0.03748933970928192,-1.0850061178207397,0.9823838472366333,Transcriptome_and_KG
7254,C1C(C(C(C(C1NC(=O)C(CCN)O)OC2C(C(C(C(O2)CO)O)N)O)O)OC3C(C(C(C(O3)CN)O)O)O)N,635,DB00479,0.12357552349567413,0.050319209694862366,-4.328450679779053,0.971404492855072,Transcriptome_and_KG
7254,C(=O)(N)NO,33,DB01005,0.12335410714149475,-0.004231072962284088,-1.2729721069335938,0.9594460725784302,Transcriptome_and_KG
7254,CC(CCC1=CC=CC=C1)NC(C)C(C2=CC=C(C=C2)O)O,1997,DB06152,0.12333592772483826,-0.02946840226650238,-2.870093584060669,0.9887002110481262,Transcriptome_and_KG
7254,CC1(COC(C(C1NC)O)OC2C(CC(C(C2O)OC3C(CC=C(O3)CNCCO)N)N)NC(=O)C(CCN)O)O,2130,DB12615,0.12300258874893188,0.06118790805339813,-4.715309143066406,0.9708293080329895,Transcriptome_and_KG
7254,CCCCCCC(C)(C)C1=CC(=C2[C@@H]3CC(=O)CC[C@H]3C(OC2=C1)(C)C)O,3491,DB00486,0.12278500944375992,-0.026470012962818146,-3.2348508834838867,0.9886242151260376,Transcriptome_and_KG
7254,C1CCCN(CCC1)CCN=C(N)N,931,DB01170,0.12255547940731049,0.020696129649877548,-3.057387351989746,0.9711287021636963,Transcriptome_and_KG
7254,CN1C(=NN=N1)SCC2=C(N3C(C(C3=O)(NC(=O)CSCC#N)OC)SC2)C(=O)O,4245,DB00274,0.12254314124584198,-0.02063201367855072,-0.586156964302063,0.9505758881568909,Transcriptome_and_KG
7254,C1=CC(=CC=C1C(=O)NCCC(=O)O)N=NC2=CC(=C(C=C2)O)C(=O)O,284,DB01014,0.12233374267816544,-0.015568780712783337,-1.9224748611450195,0.9761443734169006,Transcriptome_and_KG
7254,CNC[C@@H]([C@H]([C@@H]([C@@H](CO)O)O)O)O.O[Sb](=O)=O,4511,DB13732,0.12221808731555939,-0.04482408985495567,0.0,0.9502142071723938,Transcriptome_and_KG
7254,CC(C[N+](C)(C)C)OC(=O)C,2024,DB06709,0.12221430242061615,-0.02836047112941742,-3.0079755783081055,0.9883707761764526,Transcriptome_and_KG
7254,CN(CCN1CCC(CC1)OC(=O)NC2=CC=CC=C2C3=CC=CC=C3)C(=O)C4=CC=C(C=C4)CN5CCC(CC5)C(=O)N,4220,DB11855,0.12219452857971191,0.06975442171096802,-5.91987943649292,0.9745010137557983,Transcriptome_and_KG
7254,CC(=O)OCC1=C(N2C(C(C2=O)NC(=O)CSC3=CC=NC=C3)SC1)C(=O)O,1387,DB01139,0.12213707715272903,-0.029697928577661514,-0.3601086139678955,0.9496572017669678,Transcriptome_and_KG
7254,CCOC(=O)C(C)OC1=CC=C(C=C1)OC2=NC3=C(O2)C=C(C=C3)Cl,3860,DB08604,0.12204312533140182,-0.03900612145662308,-1.269258975982666,0.9841008186340332,Transcriptome_and_KG
7254,C=CC(CCC(=O)O)N,1209,DB01080,0.12188445031642914,-0.004877547733485699,-1.7053375244140625,0.9672515392303467,Transcriptome_and_KG
7254,C1=CC=C2C(=C1)C(=CN2)CC(C(=O)O)NC(=O)C(CCC(=O)O)N,507,DB05779,0.12179256230592728,-0.08745308220386505,1.6526291370391846,0.9737303256988525,Transcriptome_and_KG
7254,C[C@@H]1C[C@H]2[C@@H]3CCC4=CC(=O)C=C[C@@]4([C@]3([C@H](C[C@@]2([C@]1(C(=O)CCl)OC(=O)C5=CC=CO5)C)O)Cl)C,4828,DB14512,0.12171325087547302,0.008197636343538761,-1.4687714576721191,0.9546898603439331,Transcriptome_and_KG
7254,C1CC2=C(C=CC(=C2)OC(=O)C3=CC=CO3)N(C1)C(=O)C(Cl)Cl,848,DB12780,0.12165991961956024,0.0006720088422298431,-1.729270577430725,0.9643415212631226,Transcriptome_and_KG
7254,C(=O)([O-])[O-].[Ca+2],36,DB06724,0.12092222273349762,0.09926531463861465,-3.2567784786224365,0.9467421770095825,Transcriptome_and_KG
7254,CC1CC2C3CCC4=CC(=O)C=CC4(C3(C(CC2(C1(C(=O)CO)O)C)O)F)C,2968,DB00443,0.12081800401210785,0.006509487517178059,-1.57039213180542,0.9574866890907288,Transcriptome_and_KG
7254,CC(C)CC(C(=O)NC(CC(C)C)C(=O)NC(CC(C)C)C(=O)NC(CC(C)C)C(=O)NC(CCCCN)C(=O)NC(CC(C)C)C(=O)NC(CC(C)C)C(=O)NC(CC(C)C)C(=O)NC(CC(C)C)C(=O)NC(CCCCN)C(=O)NC(CC(C)C)C(=O)NC(CC(C)C)C(=O)NC(CC(C)C)C(=O)NC(CC(C)C)C(=O)NC(CCCCN)C(=O)NC(CC(C)C)C(=O)NC(CC(C)C)C(=O)NC(CC(C)C)C(=O)NC(CC(C)C)C(=O)NC(CCCCN)C(=O)O)NC(=O)C(CCCCN)N,1722,DB04897,0.12056173384189606,0.025140725076198578,-4.124390125274658,0.9761489033699036,Transcriptome_and_KG
7254,CNC(=O)C1=CN(N=C1)C2=NC(=C3C(=N2)N(C=N3)[C@H]4[C@@H]([C@@H]([C@H](O4)CO)O)O)N,4460,DB06213,0.12053342908620834,-0.038551315665245056,-2.2726712226867676,0.9892411828041077,Transcriptome_and_KG
7254,C[C@H](CSC(=O)C1=CC=CC=C1)C(=O)N2C[C@H](C[C@H]2C(=O)O)SC3=CC=CC=C3,4875,DB13166,0.12037888169288635,-0.01649196818470955,-1.2632253170013428,0.9660933613777161,Transcriptome_and_KG
7254,CCOC(=O)C1(CCN(CC1)C)C2=CC=CC=C2,3876,DB00454,0.12024233490228653,-0.036533940583467484,-2.8103513717651367,0.9901536107063293,Transcriptome_and_KG
7254,C(OC(C(F)(F)F)C(F)(F)F)F,126,DB01236,0.12020069360733032,-0.032226406037807465,-2.537550210952759,0.9873702526092529,Transcriptome_and_KG
7254,CC(C)N1C2=CC=CC=C2C(=N1)C(=O)NC3CC4CCC(C3)N4CCN5CCN(CC5)C(=O)C,1819,DB05905,0.12003429979085922,0.02620573900640011,-1.9446207284927368,0.9537754654884338,Transcriptome_and_KG
7254,CCC1=C(C2=C(N1CC3=CC=CC=C3)C=CC=C2OCC(=O)OC)C(=O)C(=O)N,3252,DB05737,0.11994423717260361,-0.046231888234615326,0.04882296919822693,0.9399083852767944,Transcriptome_and_KG
7254,CCCCNC1=CC=C(C=C1)C(=O)OCCN(C)C,3615,DB09085,0.11990956962108612,-0.027645256370306015,-3.3481898307800293,0.9884806871414185,Transcriptome_and_KG
7254,C1CCC(C(C1)CN2CCN(CC2)C3=NSC4=CC=CC=C43)CN5C(=O)C6C7CCC(C7)C6C5=O.Cl,876,DB08815,0.1197979599237442,0.009280642494559288,-2.7116928100585938,0.9714242815971375,Transcriptome_and_KG
7254,CC1CN(CCN1)C2=C(C=C3C(=C2OC)N(C=C(C3=O)C(=O)O)C4CC4)F,3024,DB01044,0.11979342997074127,0.014397905208170414,-1.391172170639038,0.9475001096725464,Transcriptome_and_KG
7254,C1CC1C#C[C@]2(C3=C(C=CC(=C3)Cl)NC(=O)O2)C(F)(F)F,805,DB00625,0.11968916654586792,0.09409205615520477,-2.873072385787964,0.9421777725219727,Transcriptome_and_KG
7254,C1COCCN1C(=O)C2=CC3=NON=C3C=C2,1128,DB05047,0.11928403377532959,0.018575329333543777,-1.1911557912826538,0.9377148747444153,Transcriptome_and_KG
7254,C([C@H](C([C@H](CO)O)O)O)O,138,DB11195,0.11919058859348297,0.007577660493552685,-1.8947890996932983,0.9620336294174194,Transcriptome_and_KG
7254,CC(=O)C1=CC(=C(C=C1)OCCCN2CCC(CC2)C3=NOC4=C3C=CC(=C4)F)OC,1272,DB04946,0.1191052570939064,0.011536411941051483,-2.6291275024414062,0.9694936871528625,Transcriptome_and_KG
7254,COC1C(CC2CN3CCC4=C(C3CC2C1C(=O)OC)NC5=C4C=CC(=C5)OC)OC(=O)C6=CC(=C(C(=C6)OC)OC)OC,4699,DB00206,0.1190306693315506,0.09327176213264465,-5.9247727394104,0.9694637656211853,Transcriptome_and_KG
7254,CCOC(=O)NC1=CC2=C(C=C1)SC3=CC=CC=C3N2C(=O)CCN4CCOCC4,3916,DB00680,0.11862586438655853,-0.02487073838710785,-0.7999767065048218,0.9598955512046814,Transcriptome_and_KG
7254,CC(C)OS(=O)(=O)C,1893,DB07984,0.11861991882324219,-0.04498590901494026,-0.12439513206481934,0.954733669757843,Transcriptome_and_KG
7254,CC1=NN2C=C(C=NC2=C1)C(=O)NCC(C)(C)NCC(=O)N3CCC[C@H]3C#N,2813,DB12417,0.11857898533344269,-0.06520247459411621,0.4150494933128357,0.9539861083030701,Transcriptome_and_KG
7254,CC12CCC3C(C1CCC2=O)CC=C4C3(CCC(C4)O)C,2201,DB01708,0.1185154914855957,0.011503810063004494,-3.585330009460449,0.9765705466270447,Transcriptome_and_KG
7254,CCCCS(=O)(=O)NC(CC1=CC=C(C=C1)OCCCCC2CCNCC2)C(=O)O,3630,DB00775,0.11850357055664062,-0.04407400265336037,-2.1989777088165283,0.9907227158546448,Transcriptome_and_KG
7254,CC1(C(N2C(S1)C(C2=O)NC(=O)C(C3=CSC=C3)C(=O)O)C(=O)O)C,2069,DB01607,0.1184658333659172,0.025294078513979912,-2.568918466567993,0.9630604386329651,Transcriptome_and_KG
7254,C(C(=O)O)C(=O)O,42,DB02175,0.11832186579704285,-0.036411166191101074,-0.3270740509033203,0.9525370597839355,Transcriptome_and_KG
7254,CC(C)C1=NC(=NC(=C1C=CC(CC(CC(=O)O)O)O)C2=CC=C(C=C2)F)N(C)S(=O)(=O)C,1700,DB01098,0.1180778443813324,0.07379353791475296,-3.8787364959716797,0.9604753255844116,Transcriptome_and_KG
7254,C(C(F)(F)F)(OC(F)F)F,74,DB01189,0.11800912767648697,-0.03469117358326912,-2.177089214324951,0.9858191013336182,Transcriptome_and_KG
7254,CC(=O)N(CCCCCNC(=O)CCC(=O)N(CCCCCNC(=O)CCC(=O)N(CCCCCN)O)O)O,1295,DB00746,0.11779240518808365,-0.04831502214074135,-0.1058875322341919,0.9594535827636719,Transcriptome_and_KG
7254,CCC1NC2=CC(=C(C=C2C(=O)N1)S(=O)(=O)N)Cl,3344,DB01325,0.11767038702964783,-0.043488532304763794,-1.8924365043640137,0.9887231588363647,Transcriptome_and_KG
7254,C1=CC=C(C=C1)C(=O)NS(=O)(=O)C2=CC=C(C=C2)N,410,DB09355,0.11745966970920563,0.0784873366355896,-4.022385120391846,0.960308849811554,Transcriptome_and_KG
7254,CC(CCC=C(C)C)NC,1999,DB06706,0.1173938661813736,-0.023296905681490898,-3.750070571899414,0.9875850677490234,Transcriptome_and_KG
7254,CCOC(=O)C1=CC=C(C=C1)N,3891,DB00825,0.11722967028617859,-0.03983005881309509,-0.5777311325073242,0.9679465293884277,Transcriptome_and_KG
7254,CCN1CC(C(C1=O)(C2=CC=CC=C2)C3=CC=CC=C3)CCN4CCOCC4,3815,DB00561,0.11715555936098099,0.00917066540569067,-2.6720166206359863,0.9701299667358398,Transcriptome_and_KG
7254,C[C@]12CC[C@H]3[C@H]([C@@H]1CC[C@]2(C)O)CC[C@@H]4[C@@]3(CC5=C(C4)NN=C5)C,4945,DB06718,0.11702072620391846,0.031749628484249115,-2.858107089996338,0.9633986949920654,Transcriptome_and_KG
7254,C1=CC=C(C=C1)C(COC(=O)N)COC(=O)N,427,DB00949,0.11675874143838882,0.02312532626092434,-1.959983468055725,0.9540563225746155,Transcriptome_and_KG
7254,CNC(=NC)NCC1=CC=CC=C1,4457,DB00217,0.11667653173208237,-0.029412509873509407,-0.9928044080734253,0.9678470492362976,Transcriptome_and_KG
7254,CCCCC1(C(=O)NC(=O)NC1=O)CC,3440,DB01353,0.11650606244802475,0.012207986786961555,-6.5556416511535645,0.9860537648200989,Transcriptome_and_KG
7254,CC(=O)OCC(=O)C12C(CC3C1(CC(C4(C3CCC5=CC(=O)C=CC54C)F)O)C)OC6(O2)CCCC6,1371,DB00288,0.11625269800424576,0.013299733400344849,-1.7823100090026855,0.9554736018180847,Transcriptome_and_KG
7254,CN(C(CN1CCC(C1)O)C2=CC=CC=C2)C(=O)C(C3=CC=CC=C3)C4=CC=CC=C4,4074,DB05104,0.11624804139137268,0.020739689469337463,-2.2618088722229004,0.9600014686584473,Transcriptome_and_KG
7254,CC(C)CC1=CC=C(C=C1)C(C)C(=O)NO,1760,DB08955,0.11612576991319656,-0.06195348501205444,0.2543124854564667,0.9604756236076355,Transcriptome_and_KG
7254,COC1=CC=CC=C1OCC(COC(=O)N)O,4685,DB00423,0.11605414003133774,-0.05057913437485695,-1.5524179935455322,0.9903968572616577,Transcriptome_and_KG
7254,CC(C)(C)C1=CC=C(C=C1)C(CCCN2CCC(CC2)C(C3=CC=CC=C3)(C4=CC=CC=C4)O)O,1510,DB00342,0.11601696908473969,0.04910488799214363,-8.70254135131836,0.9842237830162048,Transcriptome_and_KG
7254,COCC1=C(N2C(C(C2=O)NC(=O)C(=NOC)C3=CSC(=N3)N)SC1)C(=O)O,4709,DB01416,0.11571888625621796,-0.04845995828509331,-0.15974754095077515,0.9594141840934753,Transcriptome_and_KG
7254,CC1=CC(=NC(=N1)OC(C(=O)O)C(C2=CC=CC=C2)(C3=CC=CC=C3)OC)C,2583,DB06403,0.1157124787569046,-0.012193204835057259,-1.2925623655319214,0.9604530930519104,Transcriptome_and_KG
7254,C[C@]12CC[C@H]3[C@H]([C@@H]1CC[C@@H]2OC(=O)CCC4CCCC4)CCC5=CC(=O)CC[C@]35C,4937,DB13943,0.11551912128925323,0.035982877016067505,-2.0857772827148438,0.9496776461601257,Transcriptome_and_KG
7254,C1=NC(=C2C(=N1)N(C=N2)[C@H]3[C@@H]([C@@H]([C@H](O3)COP(=O)(O)O)O)O)N,584,DB00131,0.11549647897481918,-0.04773353412747383,-1.7065807580947876,0.9890784621238708,Transcriptome_and_KG
7254,CC1=CC(=CC(=C1NC2=NC(=NC=C2)NC3=CC=C(C=C3)C#N)C)/C=C/C#N,2554,DB08864,0.11546888947486877,-0.015680477023124695,-1.105020523071289,0.9581839442253113,Transcriptome_and_KG
7254,CN1CCN(CC1)CCCN2C3=CC=CC=C3SC4=CC=CC=C42,4429,DB12710,0.11546724289655685,0.011090721935033798,-1.126435399055481,0.9380326271057129,Transcriptome_and_KG
7254,CCN(CC)CCOC(=O)C1=C(C=C(C=C1)N)Cl,3762,DB01161,0.11520007252693176,-0.02036873809993267,-2.8823354244232178,0.9824259281158447,Transcriptome_and_KG
7254,C1=CC(=CC=C1N)S(=O)(=O)C2=CC=C(C=C2)N,332,DB00250,0.11484783887863159,0.07776249945163727,-6.3105573654174805,0.9732749462127686,Transcriptome_and_KG
7254,C1CN1C2=NC(=NC(=N2)N3CC3)N4CC4,1070,DB14031,0.11470627784729004,-0.03616703674197197,-0.34815406799316406,0.9478415250778198,Transcriptome_and_KG
7254,C1=C(NC=N1)CCN,183,DB05381,0.11459831893444061,-0.018145659938454628,-1.0666394233703613,0.9584519267082214,Transcriptome_and_KG
7254,CC1CN(CC(O1)C)CCCCCCCCNC=O,3016,DB04021,0.11448802798986435,0.0023830216377973557,-1.3876441717147827,0.9519886374473572,Transcriptome_and_KG
7254,CC1=C(C2=CC=CC=C2S1)CC3=NCCN3,2341,DB13614,0.11431177705526352,-0.05030151456594467,0.0,0.943504273891449,Transcriptome_and_KG
7254,CSCCC(C(=O)NC(CCSC)C(=O)NC(CCCN=C(N)N)C(=O)O)N,4788,DB09266,0.11430462449789047,-0.050372324883937836,-0.513465404510498,0.9765026569366455,Transcriptome_and_KG
7254,CC(C)OC(=O)C(C)(C)OC1=CC=C(C=C1)C(=O)C2=CC=C(C=C2)Cl,1873,DB01039,0.11424779146909714,0.002364758402109146,-3.2167844772338867,0.9759680032730103,Transcriptome_and_KG
7254,CC1=CC2C(CCC3(C2CCC3(C(=O)C)O)C)C4(C1=CC(=O)CC4)C,2648,DB00351,0.1139238104224205,0.027600886300206184,-2.310731887817383,0.956733226776123,Transcriptome_and_KG
7254,C1=CC(=CC=C1COC(CN2C=CN=C2)C3=C(C=C(C=C3)Cl)Cl)Cl,326,DB01127,0.1134650856256485,0.09102905541658401,-5.7640533447265625,0.968110978603363,Transcriptome_and_KG
7254,COC1=C(C=C(C=C1)C=CC(=O)NC2=CC=CC=C2C(=O)O)OC,4570,DB07615,0.11344785988330841,-0.04642023518681526,-0.2906510829925537,0.9597443342208862,Transcriptome_and_KG
7254,CCCOC1=C(C=C(C=C1)C(=O)OCCN(CC)CC)N,3687,DB00807,0.11330334097146988,-0.044950224459171295,-3.0382304191589355,0.9915771484375,Transcriptome_and_KG
7254,CC1=C(C(=NO1)C2=CC=CC=C2)C3=CC=C(C=C3)S(=O)(=O)N,2257,DB00580,0.11314725875854492,0.006402464583516121,-2.049560070037842,0.9621828198432922,Transcriptome_and_KG
7254,CC[C@H](C)[C@H]1C(=O)N[C@@H](C(=O)N[C@H](C(=O)N[C@@H](C(=O)N[C@H](C(=O)NCCCC[C@@H](C(=O)N[C@@H](C(=O)N1)CCCN)NC(=O)[C@H]([C@@H](C)CC)NC(=O)[C@@H](CCC(=O)O)NC(=O)[C@H](CC(C)C)NC(=O)[C@@H]2CSC(=N2)[C@H]([C@@H](C)CC)N)CC(=O)N)CC(=O)O)CC3=CN=CN3)CC4=CC=CC=C4,4047,DB00626,0.113043412566185,0.039866894483566284,-3.895146369934082,0.9687568545341492,Transcriptome_and_KG
7254,C1CN(CCN1)C2=NC3=C(C=CC(=C3)Cl)NC4=CC=CC=C42,1025,DB05766,0.11303304135799408,-0.00845303200185299,-2.2637782096862793,0.9719127416610718,Transcriptome_and_KG
7254,CC1=C(C2=CC3=C(C(=C([N-]3)C=C4C(=C(C(=N4)C=C5C(=C(C(=N5)C=C1[N-]2)C)C=C)C)C=C)C)CCC(=O)O)CCC(=O)O.[OH-].[Fe+3],2334,DB13387,0.11285102367401123,0.009128952398896217,-2.9898977279663086,0.9714705348014832,Transcriptome_and_KG
7254,CCCC(=O)O[C@@]1(CC[C@@H]2[C@@]1(C[C@@H]([C@]3([C@H]2C[C@@H](C4=CC(=O)C=C[C@@]43C)F)F)O)C)C(=O)COC(=O)C,3359,DB06781,0.11279553174972534,-0.0011557452380657196,-2.887399196624756,0.9743947386741638,Transcriptome_and_KG
7254,COC1=C(C=C(C=C1)OC(F)(F)F)CNC2CCCNC2C3=CC=CC=C3,4585,DB05421,0.11279387772083282,-0.016800973564386368,-1.279301404953003,0.9614855051040649,Transcriptome_and_KG
7254,CC1=C(C2=C(C1=CC3=CC=C(C=C3)S(=O)C)C=CC(=C2)F)CC(=O)O,2319,DB00605,0.11274123191833496,0.06404608488082886,-4.411669731140137,0.9659223556518555,Transcriptome_and_KG
7254,CC1=C(C2=C(N1C(=O)C3=CC=C(C=C3)Cl)C=CC(=C2)OC)CC(=O)O,2328,DB00328,0.11232398450374603,0.040418870747089386,-4.097134590148926,0.9698060750961304,Transcriptome_and_KG
7254,C1CCC2(CC1)OCC(O2)CN=C(N)N,916,DB00226,0.11230839788913727,-0.00637977197766304,-1.5963155031204224,0.9609537124633789,Transcriptome_and_KG
7254,C(CCNCCCN)CN,103,DB03566,0.1122635155916214,-0.05897737294435501,-0.2150302529335022,0.9788030982017517,Transcriptome_and_KG
7254,CCCCCC(CCC1C(CC2C1CC3=C(C2)C(=CC=C3)OCC(=O)O)O)O,3478,DB00374,0.11183599382638931,0.026962708681821823,-1.826068639755249,0.9468772411346436,Transcriptome_and_KG
7254,CC(=O)NC1=C(C=CC(=C1)[As](=O)(O)O)O,1315,DB13268,0.1118185892701149,-0.0018336265347898006,-1.729270577430725,0.9605276584625244,Transcriptome_and_KG
7254,CC1=NC=C2N1C3=C(C=C(C=C3)Cl)C(=NC2)C4=CC=CC=C4F,2795,DB00683,0.11173756420612335,0.08242359757423401,-7.0585479736328125,0.9746779799461365,Transcriptome_and_KG
7254,C1=CC(=CN=C1)CC(O)(P(=O)(O)O)P(=O)(O)O,349,DB00884,0.11146889626979828,0.003405972383916378,-2.983492612838745,0.9730178713798523,Transcriptome_and_KG
7254,CN1C2CCC1CC(C2)OC(=O)C3=CNC4=CC=CC=C43,4298,DB11699,0.11099003255367279,-0.004668932408094406,-1.8535776138305664,0.9637801051139832,Transcriptome_and_KG
7254,CC1CC2C3CCC(C3(CC(C2C4(C1=CC(=O)C=C4)C)O)C)(C(=O)CO)O,2961,DB00959,0.11079579591751099,-0.018568627536296844,-1.3756213188171387,0.9634886384010315,Transcriptome_and_KG
7254,C1CCC2=C(C1)C(=C3CCCC3=N2)N,918,DB13668,0.11054711788892746,0.023681387305259705,-1.4072089195251465,0.9362926483154297,Transcriptome_and_KG
7254,C1(C(C(C(C(C1O)O)O)O)O)O,156,DB13178,0.11052495241165161,0.028875671327114105,-2.649935722351074,0.9596908688545227,Transcriptome_and_KG
7254,CN1CCN(CC1)C2=CC=CC3=C2OC(=O)N3,4412,DB12061,0.11051800847053528,0.0006087222136557102,-1.7412025928497314,0.9586866497993469,Transcriptome_and_KG
7254,CC1(C(N2C(S1)C(C2=O)NC(=O)C3=C(C=CC=C3OC)OC)C(=O)O)C,2071,DB01603,0.11046642065048218,0.005268421024084091,-2.4409220218658447,0.9667346477508545,Transcriptome_and_KG
7254,CN1CC(=O)N2C(C1=O)CC3=C(C2C4=CC5=C(C=C4)OCO5)NC6=CC=CC=C36,4327,DB00820,0.11043846607208252,0.07207757234573364,-7.326986789703369,0.9769853353500366,Transcriptome_and_KG
7254,CN(C)[C@H]1[C@@H]2C[C@@H]3CC4=C(C=CC(=C4C(=C3C(=O)[C@@]2(C(=C(C1=O)C(=O)N)O)O)O)O)CN(C)OC,4185,DB12035,0.11037725955247879,-0.039764612913131714,-0.2855335474014282,0.941983699798584,Transcriptome_and_KG
7254,CCC(=O)OCC(=O)C1(CCC2C1(CC(C3C2CCC4=CC(=O)C=CC34C)O)C)OC(=O)OCC,3089,DB01130,0.11030620336532593,0.01731586828827858,-2.0825743675231934,0.9561306238174438,Transcriptome_and_KG
7254,CC1(C2CCC1(C(=O)C2)C)C,2091,DB14156,0.11015479266643524,-0.02663818933069706,-1.5110880136489868,0.9708661437034607,Transcriptome_and_KG
7254,CC(CN1C2=CC=CC=C2SC3=C1C=C(C=C3)OC)CN(C)C,2010,DB01403,0.10994182527065277,-0.03968753665685654,-3.521994113922119,0.9899341464042664,Transcriptome_and_KG
7254,CC(C)CC(C(C(CC1CCCCC1)NC(=O)C(CC2=CN=CN2)NC(=O)C(CC3=CC=C(C=C3)OC)NC(=O)CC(C)(C)N)O)O,1747,DB03395,0.10988383740186691,-0.05723220854997635,-0.5193036198616028,0.9805640578269958,Transcriptome_and_KG
7254,CN(C)CCC=C1C2=CC=CC=C2CSC3=CC=CC=C31,4152,DB09167,0.10935670882463455,0.03773846849799156,-3.9690310955047607,0.9689127206802368,Transcriptome_and_KG
7254,CC(C)C1=NN2C=CC=CC2=C1C(=O)C(C)C,1702,DB05266,0.10888561606407166,0.05797053501009941,-2.443204641342163,0.9441996812820435,Transcriptome_and_KG
7254,C(C(C(=O)O)N)S.Cl,56,DB00151,0.10881468653678894,0.013196197338402271,-5.499468803405762,0.9818843007087708,Transcriptome_and_KG
7254,C1=CC=C(C=C1)CCCCOCCCCCCNCC(C2=CC(=C(C=C2)O)CO)O,462,DB00938,0.10874246805906296,0.011246582493185997,-2.8583130836486816,0.9681158661842346,Transcriptome_and_KG
7254,C1CN(CCN1CCOCC(=O)O)C(C2=CC=CC=C2)C3=CC=C(C=C3)Cl.Cl.Cl,1063,DB06282,0.10839647054672241,0.07418224215507507,-6.642699241638184,0.9740970134735107,Transcriptome_and_KG
7254,C([C@H]([C@@H]1[C@H]2[C@@H](O[Sb](O2)(O1)O[Sb]34O[C@@H]([C@H](O3)[C@@H](CO)O)[C@@H](O4)C(=O)[O-])C(=O)[O-])O)O.O.O.O.O.O.O.O.O.O.O.[OH-].[Na+].[Na+].[Na+],139,DB05630,0.10823364555835724,-0.07538118213415146,0.6945430040359497,0.9886124730110168,Transcriptome_and_KG
7254,COC(=O)C1C2CCC(N2CCCF)CC1C3=CC=C(C=C3)I,4530,DB08824,0.10823051631450653,-0.004027139861136675,-2.1139988899230957,0.9659359455108643,Transcriptome_and_KG
7254,CCC(C(=O)N)N1CC(CC1=O)C=C(F)F,3101,DB05885,0.1081770583987236,-0.0343891941010952,-0.8113921880722046,0.9599476456642151,Transcriptome_and_KG
7254,CC1=NC=C(N1CC(C)O)[N+](=O)[O-],2791,DB12834,0.10801435261964798,0.033401936292648315,-2.1604201793670654,0.9490135908126831,Transcriptome_and_KG
7254,CC1=C(SC(=N1)C2=CC(=C(C=C2)OCC(C)C)C#N)C(=O)O,2457,DB04854,0.10782648622989655,0.007639922667294741,-1.9602152109146118,0.9576022028923035,Transcriptome_and_KG
7254,CCCCC(=O)N(CC1=CC=C(C=C1)C2=CC=CC=C2C3=NN=N[N-]3)C(C(C)C)C(=O)[O-].CCCCC(=O)N(CC1=CC=C(C=C1)C2=CC=CC=C2C3=NN=N[N-]3)C(C(C)C)C(=O)[O-].CCOC(=O)C(C)CC(CC1=CC=C(C=C1)C2=CC=CC=C2)NC(=O)CCC(=O)[O-].CCOC(=O)C(C)CC(CC1=CC=C(C=C1)C2=CC=CC=C2)NC(=O)CCC(=O)[O-].O.O.O.O.O.[Na+].[Na+].[Na+].[Na+].[Na+].[Na+],3419,DB00177,0.10749952495098114,0.01385367289185524,-3.719404697418213,0.9735901951789856,Transcriptome_and_KG
7254,COC1=CN=C(N=C1)NS(=O)(=O)C2=CC=C(C=C2)N,4688,DB06821,0.1067907065153122,-0.07200344651937485,0.2800913453102112,0.9690901637077332,Transcriptome_and_KG
7254,C1CC[C@]2([C@@H]3CC4=C([C@@]2(C1)CCN3CC5CCC5)C=C(C=C4)O)O,970,DB00611,0.10667821019887924,-0.010363670065999031,-4.521675109863281,0.9837493896484375,Transcriptome_and_KG
7254,CC12CCC(=O)C(=C1CCC3C2CCC4(C3CCC4=O)C)O,2178,DB08905,0.10642321407794952,0.03313631936907768,-2.2907721996307373,0.9508722424507141,Transcriptome_and_KG
7254,CCC(C)C1C(=O)NC(C(=O)NCC(=O)NC(C(=O)NC(C(=O)NCC(=O)NC(C(=O)NC(C(=O)NC(C(=O)NC(C(=O)NC(CSSCC2C(=O)NCC(=O)NC(C(=O)NCC(=O)NC(C(=O)NC(C(=O)NC(CSSCC(C(=O)NC(C(=O)NCC(=O)NC(C(=O)NC(C(=O)NC(C(=O)N2)C(C)C)CC(=O)N)CO)CCC(=O)O)NC(=O)C(CC(C)C)NC(=O)C3CSSCC(C(=O)NC(C(=O)NC(C(=O)NC(C(=O)NCC(=O)NC(C(=O)NC(C(=O)NC(C(=O)N3)CC(C)C)CC(=O)N)CCC(=O)N)CO)CCC(=O)O)C(C)O)NC(=O)C(CC(=O)O)NC(=O)C(C(C)O)NC(=O)C(CC4=CC=C(C=C4)O)NC(=O)C(C(C)O)NC(=O)C(CC(C)C)N)C(=O)N1)CCCCN)CC(=O)N)CCC(=O)N)C(=O)NC(C(C)C)C(=O)NC(C(C)O)C(=O)NCC(=O)NC(CCC(=O)O)C(=O)NCC(=O)NC(C(C)O)C(=O)N5CCCC5C(=O)NC(CCCCN)C(=O)N6CCCC6C(=O)NC(CCC(=O)N)C(=O)NC(CO)C(=O)NC(CC7=CNC=N7)C(=O)NC(CC(=O)N)C(=O)NC(CC(=O)O)C(=O)NCC(=O)NC(CC(=O)O)C(=O)NC(CC8=CC=CC=C8)C(=O)NC(CCC(=O)O)C(=O)NC(CCC(=O)O)C(=O)NC(C(C)CC)C(=O)N9CCCC9C(=O)NC(CCC(=O)O)C(=O)NC(CCC(=O)O)C(=O)NC(CC1=CC=C(C=C1)O)C(=O)NC(CC(C)C)C(=O)NC(CCC(=O)N)C(=O)O)CCC(=O)N)CC(=O)N)CCCCN)CCC(=O)O)CC(=O)O)CO)CC(C)C,3167,DB00001,0.1058323085308075,-0.057186782360076904,-1.3982332944869995,0.9876041412353516,Transcriptome_and_KG
7254,CC1=C(SC=N1)C=CC2=C(N3C(C(C3=O)NC(=O)C(=NOC)C4=CSC(=N4)N)SC2)C(=O)O,2473,DB01066,0.10581137239933014,-0.053810786455869675,-0.23076635599136353,0.956089973449707,Transcriptome_and_KG
7254,CC1=C2C(=NC=C1)N(C3=C(C=CC=N3)C(=O)N2)C4CC4,2487,DB00238,0.10560013353824615,0.030162371695041656,-2.5263805389404297,0.9556180238723755,Transcriptome_and_KG
7254,C1=CC(=C(C(=C1)Cl)COCCOCCCCCCNCC(C2=CC(=C(C=C2)O)CO)O)Cl,201,DB09082,0.10517186671495438,0.03193480521440506,-2.940412998199463,0.9602277278900146,Transcriptome_and_KG
7254,CC1CCN(CC1N(C)C2=NC=NC3=C2C=CN3)C(=O)CC#N,3005,DB08895,0.10491279512643814,-0.08447142690420151,0.7790416479110718,0.9740042686462402,Transcriptome_and_KG
7254,CCC(C)CCCC(=O)N[C@@H](CCN)C(=O)N[C@@H]([C@@H](C)O)C(=O)N[C@@H](CCN)C(=O)N[C@H]1CCNC(=O)C(NC(=O)[C@H](NC(=O)[C@@H](NC(=O)[C@H](NC(=O)[C@H](NC(=O)[C@@H](NC1=O)CCN)CC(C)C)CC(C)C)CCN)CCN)[C@@H](C)O,3181,DB00803,0.10470010340213776,0.014146803878247738,-3.90657901763916,0.9739037752151489,Transcriptome_and_KG
7254,CN(C)C(=O)COC(=O)CC1=CC=C(C=C1)OC(=O)C2=CC=C(C=C2)N=C(N)N,4090,DB13729,0.10466544330120087,-0.019135799258947372,-2.729405403137207,0.9772220253944397,Transcriptome_and_KG
7254,C1CC(CCC1CN)C(=O)O,772,DB00302,0.10442761331796646,-0.05239227041602135,-1.090950846672058,0.9797514081001282,Transcriptome_and_KG
7254,CC(C)(C)C1=CC(=CC(=C1O)C(C)(C)C)SC(C)(C)SC2=CC(=C(C(=C2)C(C)(C)C)O)C(C)(C)C,1503,DB01599,0.10403989255428314,0.02760455198585987,-3.085200786590576,0.9629696607589722,Transcriptome_and_KG
7254,C1CN(CCC1(C2=CC=C(C=C2)Cl)O)CCCC(=O)C3=CC=C(C=C3)F,994,DB00502,0.10396724939346313,0.08647257834672928,-6.656406402587891,0.9713271856307983,Transcriptome_and_KG
7254,C(C(F)(F)F)(OC(F)F)Cl,73,DB00753,0.1037229597568512,-0.04913078621029854,-2.5546889305114746,0.9882223010063171,Transcriptome_and_KG
7254,CCC(C)(C)C(=O)OC1CC(C=C2C1C(C(C=C2)C)CCC3CC(CC(=O)O3)O)C,3120,DB00641,0.10370557755231857,0.02751728519797325,-4.200112342834473,0.9717565774917603,Transcriptome_and_KG
7254,C1=CC(=CC=C1C(=N)N)OCCCCCOC2=CC=C(C=C2)C(=N)N,277,DB00738,0.10364019870758057,0.08082132041454315,-7.187533378601074,0.9741535782814026,Transcriptome_and_KG
7254,CCC1=C(NC2=C1C(=O)C(CC2)CN3CCOCC3)C,3269,DB01618,0.10363324731588364,-0.006645299959927797,-3.256063938140869,0.9759469032287598,Transcriptome_and_KG
7254,C1=CC=C(C=C1)C2=NC(C(=O)NC3=C2C=C(C=C3)Cl)O,442,DB00842,0.10350470244884491,0.09208495914936066,-5.4023542404174805,0.9640325307846069,Transcriptome_and_KG
7254,CC1=C(C(=CC=C1)NC2=CC=CC=C2C(=O)O)C,2245,DB00784,0.10349807143211365,-0.03567633405327797,-3.1650538444519043,0.9854189157485962,Transcriptome_and_KG
7254,CC(CCCC(C)(C)O)C1CCC2C1(CCCC2=CC=C3CC(CC(C3=C)O)O)C,2000,DB00136,0.10333786904811859,0.029271014034748077,-5.026939392089844,0.9755347967147827,Transcriptome_and_KG
7254,CCCCN1CCC(CC1)CNC(=O)C2=C3N(CCCO3)C4=CC=CC=C42,3607,DB04873,0.10332426428794861,0.0044399406760931015,-1.9446207284927368,0.9567880034446716,Transcriptome_and_KG
7254,CCOCC1=NC2=C(N1CC(C)(C)O)C3=CC=CC=C3N=C2N,3994,DB06530,0.10325754433870316,-0.05440469831228256,-0.0330122709274292,0.9285657405853271,Transcriptome_and_KG
7254,C[N+](C)(C)CCOC(=O)CCC(=O)OCC[N+](C)(C)C,4957,DB00202,0.10322196036577225,-0.05127974599599838,-2.6627557277679443,0.9893428087234497,Transcriptome_and_KG
7254,CN1CCN2C(C1)C3=CC=CC=C3CC4=CC=CC=C42,4433,DB06148,0.10273842513561249,0.04827260971069336,-4.027144908905029,0.9647630453109741,Transcriptome_and_KG
7254,CC(C)(C)NC(=O)C1CN(CCN1CC(CC(CC2=CC=CC=C2)C(=O)NC3C(CC4=CC=CC=C34)O)O)CC5=CN=CC=C5,1532,DB00224,0.1026570275425911,0.04155249148607254,-2.4140334129333496,0.9479627013206482,Transcriptome_and_KG
7254,CC(CN1CC(=O)NC(=O)C1)N2CC(=O)NC(=O)C2,2013,DB00380,0.10259954631328583,-0.05349980667233467,-1.6569374799728394,0.9850654006004333,Transcriptome_and_KG
7254,CC(C)(C)C(=O)NCCCC(=O)O,1484,DB12951,0.1019301488995552,-0.08035629242658615,0.4082590341567993,0.9596849679946899,Transcriptome_and_KG
7254,C1=CC=C2C(=C1)C(=O)NC2(C3=CC(=C(C=C3)Cl)S(=O)(=O)N)O,519,DB00310,0.10175430029630661,0.01306532695889473,-3.328099250793457,0.9693648219108582,Transcriptome_and_KG
7254,CCOC(=O)N1C=CN(C1=S)C,3910,DB00389,0.10140765458345413,0.004753574728965759,-2.609894275665283,0.9653728008270264,Transcriptome_and_KG
7254,C1CSC(=O)C1NC(=O)CSCC(=O)O,1147,DB05057,0.10140600055456161,-0.045290932059288025,-0.3521032929420471,0.9422187209129333,Transcriptome_and_KG
7254,CCOC1=C(C2=CC=CC=C2C=C1)C(=O)NC3C4N(C3=O)C(C(S4)(C)C)C(=O)O,3944,DB00607,0.10122606158256531,-0.03640569746494293,-0.48516273498535156,0.9385998845100403,Transcriptome_and_KG
7254,CN1[C@H]2CC[C@@H]1[C@H]([C@H](C2)OC(=O)C3=CC=CC=C3)C(=O)OC,4453,DB00907,0.10083545744419098,-0.04337121173739433,-3.2155141830444336,0.9874534010887146,Transcriptome_and_KG
7254,COCCOC1=CN=C(N=C1)NS(=O)(=O)C2=CC=CC=C2,4732,DB01382,0.10059075802564621,-0.07336749881505966,0.11686885356903076,0.9673040509223938,Transcriptome_and_KG
7254,C=CC1=C(N2C(C(C2=O)NC(=O)C(=NO)C3=CSC(=N3)N)SC1)C(=O)O,1210,DB00535,0.10025154054164886,-0.022716939449310303,-0.8315348625183105,0.9417015910148621,Transcriptome_and_KG
7254,CCC1=NC=CC(=C1)C(=S)N,3305,DB00609,0.09987183660268784,-0.06328555941581726,-1.7137060165405273,0.9898872971534729,Transcriptome_and_KG
7254,C1=CC2=C(C(=C(C=C2I)I)O)N=C1,356,DB09115,0.09987121820449829,0.01358841173350811,-3.6486942768096924,0.9710766673088074,Transcriptome_and_KG
7254,C1C(C(C(C(N1CCO)CO)O)O)O,637,DB00491,0.099735789000988,-0.04464230686426163,-1.3543685674667358,0.9741439819335938,Transcriptome_and_KG
7254,CN1CCC[C@@H]1CC2=CNC3=C2C=C(C=C3)CCS(=O)(=O)C4=CC=CC=C4,4395,DB00216,0.0996202677488327,0.10558521002531052,-7.121787071228027,0.9693464636802673,Transcriptome_and_KG
7254,COC(=O)CCC(=O)CN,4531,DB00992,0.0995115414261818,-0.07375133782625198,-1.3288090229034424,0.9951973557472229,Transcriptome_and_KG
7254,CCOC(=O)C1(CCCN(CC1)C)C2=CC=CC=C2,3875,DB08988,0.09918804466724396,-0.047167304903268814,-1.4800925254821777,0.9772462844848633,Transcriptome_and_KG
7254,C[S+](CC[C@@H](C(=O)[O-])N)C[C@@H]1[C@H]([C@H]([C@@H](O1)N2C=NC3=C(N=CN=C32)N)O)O,4976,DB00118,0.09910383075475693,-0.07259438931941986,-0.97657310962677,0.9924455285072327,Transcriptome_and_KG
7254,CCC(C)C1C(CCC2(O1)CC3CC(O2)CC=C(C(C(C=CC=C4COC5C4(C(C=C(C5O)C)C(=O)O3)O)C)OC6CC(C(C(O6)C)OC7CC(C(C(O7)C)O)OC)OC)C)C,3177,DB00602,0.09902238100767136,0.0176018625497818,-3.140716791152954,0.9653415679931641,Transcriptome_and_KG
7254,[Li+].[Li+].C(=O)([O-])[O-],5014,DB14509,0.09901966154575348,0.062454622238874435,-3.2945690155029297,0.9522920250892639,Transcriptome_and_KG
7254,C1CNCC(C2=CC(=C(C(=C21)Cl)O)O)C3=CC=C(C=C3)O,1100,DB00800,0.09877634048461914,0.01597749814391136,-3.8972737789154053,0.9717631340026855,Transcriptome_and_KG
7254,CC(C)(CCCC(CC(=O)OC)(C(=O)OC1C2C3=CC4=C(C=C3CCN5C2(CCC5)C=C1OC)OCO4)O)O,1592,DB04865,0.09873641282320023,-0.07320293039083481,-0.0646371841430664,0.9762306213378906,Transcriptome_and_KG
7254,CC(C)NCC(COC1=CC=CC=C1OCC=C)O,1862,DB01580,0.09854942560195923,0.05985173210501671,-5.053088188171387,0.9678473472595215,Transcriptome_and_KG
7254,CC(C)N1C2=CC=CC=C2C(=C1/C=C/[C@@H](C[C@@H](CC(=O)O)O)O)C3=CC=C(C=C3)F,1818,DB01095,0.09808875620365143,0.08819477260112762,-3.6987295150756836,0.9492467045783997,Transcriptome_and_KG
7254,CC(C(=O)[O-])O.[NH4+],1433,DB06768,0.09796443581581116,-0.025926588103175163,-1.6409019231796265,0.9654268026351929,Transcriptome_and_KG
7254,CC(C)C(CCC(C)C1CCC2C1(CCC3C2C(CC4C3(CCC(C4)NCCCNCCCCNCCCN)C)O)C)OS(=O)(=O)O,1668,DB06333,0.09792441874742508,-0.006474465597420931,-1.1939576864242554,0.9411013126373291,Transcriptome_and_KG
7254,[K+].[I-],5011,DB06715,0.09783823788166046,0.0737176463007927,-6.935697078704834,0.9735661149024963,Transcriptome_and_KG
7254,CN1CCCC(C1)CC2C3=CC=CC=C3SC4=CC=CC=C24,4382,DB00340,0.09781642258167267,-0.0012558819726109505,-2.0521531105041504,0.9588999152183533,Transcriptome_and_KG
7254,CCOC(=O)OC(C)OC(=O)C1C(SC2N1C(=O)C2NC(=O)C(C3=CC=CC=C3)N)(C)C,3919,DB01602,0.09772824496030807,0.016508106142282486,-3.737485885620117,0.9702428579330444,Transcriptome_and_KG
7254,CCC1(CCC(=O)NC1=O)C2=CC=CC=C2,3243,DB01437,0.09749908745288849,-0.00046182190999388695,-6.018983840942383,0.9839693307876587,Transcriptome_and_KG
7254,CN(C)C1C2C(C3C(=C)C4=C(C(=CC=C4)O)C(=C3C(=O)C2(C(=C(C1=O)C(=O)N)O)O)O)O,4104,DB00931,0.09747496247291565,0.06874914467334747,-2.112226724624634,0.9272891283035278,Transcriptome_and_KG
7254,CCN(CC)CCOC(=O)C(C1=CC=CC=C1)(C2=CC=CC=C2)O,3759,DB09023,0.0973082110285759,-0.08210708945989609,0.32943400740623474,0.9575842022895813,Transcriptome_and_KG
7254,CCC(=C)C(=O)C1=C(C(=C(C=C1)OCC(=O)[O-])Cl)Cl.[Na+],3065,DB00903,0.09705746173858643,0.08659829199314117,-3.9423305988311768,0.952168881893158,Transcriptome_and_KG
7254,CC(C)OC(=O)CCCC=CCC1C(CC(C1C=CC(COC2=CC=CC=C2)(F)F)O)O,1880,DB08819,0.09705092757940292,-0.01833650842308998,-1.668171763420105,0.9608942866325378,Transcriptome_and_KG
7254,CC(CO)O,2017,DB01839,0.09666436910629272,0.014661664143204689,-2.4207277297973633,0.956963300704956,Transcriptome_and_KG
7254,CC(C)CC(C(=O)NC(CC(C)C)C(=O)NC(CO)C(=O)NC(CCCNC(=N)N)C(=O)NC(CO)C(=O)NCC(=O)NCC(=O)NC(C(C)C)C(=O)NC(C(C)C)C(=O)NC(CCCCN)C(=O)NC(CC(=O)N)C(=O)NC(CC(=O)N)C(=O)NC(CC1=CC=CC=C1)C(=O)NC(C(C)C)C(=O)N2CCCC2C(=O)NC(C(C)O)C(=O)NC(CC(=O)N)C(=O)NC(C(C)C)C(=O)NCC(=O)NC(CO)C(=O)NC(CCCCN)C(=O)NC(C)C(=O)NC(CC3=CC=CC=C3)C(=O)N)NC(=O)CNC(=O)C(C)NC(=O)C(CC(C)C)NC(=O)C(CCCNC(=N)N)NC(=O)C(CC4CNCN4)NC(=O)C(C(C)O)NC(=O)C(C(C)C)NC(=O)C(CS)NC(=O)C(C(C)O)NC(=O)C(C)NC(=O)C(C(C)O)NC(=O)C(CC(=O)O)NC(=O)C(CS)NC(=O)C(C)N,1724,DB00768,0.09638530761003494,-0.009548199363052845,-8.828351974487305,0.9899285435676575,Transcriptome_and_KG
7254,[F-].[Na+],5006,DB09325,0.09637610614299774,0.05568071827292442,-5.797961711883545,0.9720661044120789,Transcriptome_and_KG
7254,C1CN(C[C@@H]1C(C2=CC=CC=C2)(C3=CC=CC=C3)C(=O)N)CCC4=CC5=C(C=C4)OCC5,1067,DB00496,0.0963263064622879,0.11285106837749481,-7.17783260345459,0.9679263234138489,Transcriptome_and_KG
7254,CCC1=CC=C(C=C1)CC2=CC3=C(CO[C@@]34[C@@H]([C@H]([C@@H]([C@H](O4)CO)O)O)O)C=C2,3288,DB11824,0.09609363228082657,-0.08666439354419708,0.43461132049560547,0.96036297082901,Transcriptome_and_KG
7254,CN(C)CC/C=C\1/C2=CC=CC=C2SC3=C1C=C(C=C3)Cl,4118,DB01239,0.09531112015247345,0.015363283455371857,-2.914590358734131,0.9625625014305115,Transcriptome_and_KG
7254,C1[C@H]([C@@H]2[C@H](O1)[C@H](CO2)O[N+](=O)[O-])O[N+](=O)[O-],1195,DB00883,0.09518713504076004,-0.04744510352611542,-3.672790050506592,0.9885313510894775,Transcriptome_and_KG
7254,CCCCCCCCCCCCCCCCO,3541,DB09494,0.09490345418453217,0.0003934791311621666,-4.592380046844482,0.978611946105957,Transcriptome_and_KG
7254,C1=CC=NC(=C1)C(=O)[O-].C1=CC=NC(=C1)C(=O)[O-].C1=CC=NC(=C1)C(=O)[O-].[Cr+3],540,DB11255,0.09471256285905838,-0.0342332124710083,-1.4590299129486084,0.9655150175094604,Transcriptome_and_KG
7254,COC(=O)[C@H]1[C@H](CC[C@@H]2[C@@H]1C[C@H]3C4=C(CCN3C2)C5=CC=CC=C5N4)O,4548,DB01392,0.09464722871780396,-0.04653261601924896,-3.2247939109802246,0.9866124391555786,Transcriptome_and_KG
7254,CCCCOC1=CC=C(C=C1)CC(=O)NO,3620,DB13346,0.09454271197319031,-0.0843103677034378,0.31796157360076904,0.9561681747436523,Transcriptome_and_KG
7254,C1=CC2=C(C=C1OC(F)(F)F)SC(=N2)N,372,DB00740,0.09451925754547119,-0.05131249129772186,-1.089591145515442,0.9709962010383606,Transcriptome_and_KG
7254,C1=CC=C(C=C1)SC2=CC=C(C=C2)COC(CN3C=CN=C3)C4=C(C=C(C=C4)Cl)Cl,500,DB13434,0.09427084028720856,0.016259344294667244,0.0,0.7164062857627869,Transcriptome_and_KG
7254,CN1C2=C(C(=O)N(C1=O)C)NC(=N2)Cl.CN(C)CCOC(C1=CC=CC=C1)C2=CC=CC=C2,4271,DB00985,0.09414161741733551,0.05865810066461563,-9.304387092590332,0.9814136028289795,Transcriptome_and_KG
7254,CC(=O)NCC1CN(C(=O)O1)C2=CC(=C(C=C2)N3CCOCC3)F,1339,DB00601,0.09408962726593018,-0.0580267459154129,-0.23115384578704834,0.9419642686843872,Transcriptome_and_KG
7254,C1=CN=CC=C1C(=O)NN,567,DB00951,0.09408149123191833,-0.048288494348526,-2.5231475830078125,0.9839021563529968,Transcriptome_and_KG
7254,C(C(=O)[O-])C(CC(=O)[O-])(C(=O)[O-])O.[Na+].[Na+].[Na+],54,DB09154,0.0934833213686943,0.020414207130670547,-4.72447395324707,0.9740405678749084,Transcriptome_and_KG
7254,CS(=O)(=O)OCCCCOS(=O)(=O)C,4781,DB01008,0.09325727820396423,-0.07494443655014038,-0.8083834052085876,0.9880591034889221,Transcriptome_and_KG
7254,CC(C)C=CCCCCC(=O)NCC1=CC(=C(C=C1)O)OC,1712,DB06774,0.09315177798271179,-0.005068204365670681,-1.734879493713379,0.9525333642959595,Transcriptome_and_KG
7254,C1CN(CCC1(C2=CC=CC=C2)C(=O)O)CCC(C#N)(C3=CC=CC=C3)C4=CC=CC=C4,995,DB01501,0.09306880831718445,0.09097486734390259,-8.866870880126953,0.9761400818824768,Transcriptome_and_KG
7254,CN1CCN(CC1)CCCN2C3=CC=CC=C3SC4=C2C=C(C=C4)Cl,4428,DB00433,0.09305305778980255,-0.025071952491998672,-3.356048822402954,0.9794331789016724,Transcriptome_and_KG
7254,[O-]S(=O)(=O)[O-].[Mg+2],5034,DB00653,0.0930139422416687,0.044083137065172195,-5.203979969024658,0.9709883332252502,Transcriptome_and_KG
7254,C(CC(C(F)F)(C(=O)O)N)CN,95,DB06243,0.09287846088409424,-0.05458685755729675,-2.0553436279296875,0.9834713935852051,Transcriptome_and_KG
7254,C(C1=C(SC(=C1C#N)N(CC(=O)[O-])CC(=O)[O-])C(=O)[O-])C(=O)[O-].[Sr+2].[Sr+2],77,DB09267,0.0926835834980011,-0.033832211047410965,-2.72432804107666,0.9786239862442017,Transcriptome_and_KG
7254,CC(CN(C1=C(C=C(C(=C1I)N)I)I)C(=O)C)C(=O)O,2008,DB09403,0.09261414408683777,-0.04252951219677925,-1.3929738998413086,0.9686129093170166,Transcriptome_and_KG
7254,CCCN1C2=C(C(=O)NC1=O)NC=N2,3655,DB00824,0.0925838053226471,-0.04307679831981659,-0.5150780081748962,0.9384477734565735,Transcriptome_and_KG
7254,C(CCC(=O)O)CCN,97,DB00513,0.09252170473337173,-0.06851956248283386,-0.8655160069465637,0.9812636375427246,Transcriptome_and_KG
7254,C1CCN(CC1)CC(CON=C(C2=C[N+](=CC=C2)[O-])Cl)O,951,DB05025,0.09251468628644943,-0.05476495996117592,-0.507055401802063,0.9538123607635498,Transcriptome_and_KG
7254,CCC1C(C(C(C(=O)C(CC(C(C(C(C(C(=O)O1)C)OC2CC(C(C(O2)C)O)(C)OC)C)OC3C(C(CC(O3)C)N(C)C)O)(C)OC)C)C)O)(C)O,3323,DB01211,0.09195339679718018,0.015308717265725136,-3.3347606658935547,0.9657162427902222,Transcriptome_and_KG
7254,CC(=O)OCC(=O)[C@]1(CC[C@@H]2[C@@]1(C[C@@H]([C@H]3[C@H]2CCC4=CC(=O)CC[C@]34C)O)C)O,1379,DB14539,0.0917159765958786,-0.026091765612363815,-1.1129099130630493,0.9487383365631104,Transcriptome_and_KG
7254,CC1=CC(=CC(=C1OC2=NC(=NC(=C2Br)N)NC3=CC=C(C=C3)C#N)C)C#N,2557,DB06414,0.09166739881038666,0.005756061524152756,-2.431319236755371,0.9588935375213623,Transcriptome_and_KG
7254,CC(O)(P(=O)(O)O)P(=O)(O)O,2027,DB01077,0.09156970679759979,-0.016407666727900505,-1.4843711853027344,0.9525392055511475,Transcriptome_and_KG
7254,CN(C1CCN(CC1)C2=NC3=CC=CC=C3N2CC4=CC=C(C=C4)F)C5=NC=CC(=O)N5,4197,DB12523,0.0915696769952774,0.07744183391332626,-7.434557914733887,0.973739743232727,Transcriptome_and_KG
7254,CC1CC2(C3C4C1(C5C=C(C(=O)C5(CC(=C4)COC(=O)CC6=CC(=C(C=C6)O)OC)O)C)OC(O3)(O2)CC7=CC=CC=C7)C(=C)C,2941,DB06515,0.09155872464179993,0.151332825422287,-0.7168465852737427,0.774030327796936,Transcriptome_and_KG
7254,CC1=C(C(=O)N2CCCCC2=N1)CCN3CCC(CC3)C4=NOC5=C4C=CC(=C5)F,2276,DB00734,0.09148696064949036,0.04050289839506149,-4.288430690765381,0.9659797549247742,Transcriptome_and_KG
7254,CN1C(=NN=N1)SCC2=C(N3C(C(C3=O)NC(=O)C(=NOC)C4=CSC(=N4)N)SC2)C(=O)O,4247,DB00267,0.09130049496889114,-0.08347806334495544,0.20584285259246826,0.9576674699783325,Transcriptome_and_KG
7254,CCC(=O)C1=CC2=C(C=C1)SC3=CC=CC=C3N2CC(C)N(C)C,3070,DB00777,0.09125582873821259,-0.05809193104505539,-3.4244470596313477,0.9901186227798462,Transcriptome_and_KG
7254,C1CSC2=NC(CN21)C3=CC=CC=C3,1148,DB00848,0.09119921922683716,-0.012351236306130886,-2.121861696243286,0.9623586535453796,Transcriptome_and_KG
7254,CC1CC2C3CC(C4=CC(=O)C=CC4(C3(C(CC2(C1(C(=O)SCF)O)C)O)F)C)F,2954,DB00588,0.09116549789905548,-0.029950276017189026,-0.8827558755874634,0.9426435828208923,Transcriptome_and_KG
7254,CC(CS(=O)(=O)C1=CC=C(C=C1)F)(C(=O)NC2=CC(=C(C=C2)C#N)C(F)(F)F)O,2022,DB01128,0.09045088291168213,-0.07344686985015869,-1.223799467086792,0.9879682064056396,Transcriptome_and_KG
7254,CN1CCN(CC1)CCC=C2C3=CC=CC=C3SC4=C2C=C(C=C4)S(=O)(=O)N(C)C,4425,DB01623,0.09024680405855179,-0.048787347972393036,-2.436702013015747,0.9820592999458313,Transcriptome_and_KG
7254,CC(=O)NC1C(C(C(OC1O)COS(=O)(=O)O)OC2C(C(C(C(O2)C(=O)O)OC3C(C(C(C(O3)CO)OC4C(C(C(C(O4)C(=O)O)O)O)OS(=O)(=O)O)OS(=O)(=O)O)NS(=O)(=O)O)O)OS(=O)(=O)O)O,1327,DB01109,0.08984111994504929,-0.00801892764866352,-2.042937755584717,0.9583718776702881,Transcriptome_and_KG
7254,CC(C)(C)C#CC=CCN(C)CC1=CC=CC2=CC=CC=C21,1481,DB00857,0.08974312245845795,0.09340926259756088,-6.7921905517578125,0.9684671759605408,Transcriptome_and_KG
7254,COC1=C(N=CN=C1OC)NS(=O)(=O)C2=CC=C(C=C2)N,4607,DB01299,0.08962118625640869,-0.08151385188102722,-0.8339446783065796,0.991821825504303,Transcriptome_and_KG
7254,CCC(=O)C(C[C@@H](C)N(C)C)(C1=CC=CC=C1)C2=CC=CC=C2,3068,DB13515,0.08957086503505707,-0.045138001441955566,-0.933555006980896,0.957371175289154,Transcriptome_and_KG
7254,C1C(C(OC1N2C=C(C(=O)NC2=O)F)CO)O,646,DB00322,0.08929567039012909,-0.03040178492665291,-1.559077501296997,0.9616891741752625,Transcriptome_and_KG
7254,CC1C(C(C(O1)OC2C(C(C(C(C2O)O)N=C(N)N)O)N=C(N)N)OC3C(C(C(C(O3)CO)O)O)NC)(C=O)O,2859,DB01082,0.08848610520362854,0.02822829782962799,-6.062685966491699,0.9770010113716125,Transcriptome_and_KG
7254,CC(C)(C(C(=O)O)N)S,1478,DB00859,0.08786594122648239,-0.019801771268248558,-2.208890438079834,0.9656290411949158,Transcriptome_and_KG
7254,CC(=O)OCC(CCN1C=NC2=CN=C(N=C21)N)COC(=O)C,1381,DB00426,0.08774217963218689,-0.01114673726260662,-1.4169611930847168,0.9449304938316345,Transcriptome_and_KG
7254,CCOC1=CC(=C(C=C1C(=O)CCC(=O)O)OCC)OCC,3962,DB13311,0.08771461248397827,0.04420632869005203,0.0,0.648877739906311,Transcriptome_and_KG
7254,CC1=CN=C(C(=C1OC)C)CS(=O)C2=NC3=C(N2)C=C(C=C3)OC,2738,DB00338,0.08766693621873856,0.00831049308180809,-4.160334587097168,0.9726608991622925,Transcriptome_and_KG
7254,CC12CCC3C(C1CCC2O)CCC45C3(CC(=C(C4O5)O)C#N)C,2207,DB01108,0.08758603036403656,0.03242446854710579,-3.2226128578186035,0.9576382040977478,Transcriptome_and_KG
7254,O.[O-][Si]([O-])([O-])[O-].[O-][Si]([O-])([O-])[O-].[Mg+2].[Al+3].[Al+3],4989,DB13595,0.0873163565993309,0.020931286737322807,-6.512545108795166,0.979591429233551,Transcriptome_and_KG
7254,CC(C(=O)NCC(=O)O)SC(=O)C1=CC=CS1,1426,DB01423,0.08725498616695404,-0.10506086051464081,0.7403455972671509,0.9599778652191162,Transcriptome_and_KG
7254,C1=CN=C(C=N1)C(=O)N,561,DB00339,0.08724337071180344,0.024587664753198624,-4.759398460388184,0.9718533754348755,Transcriptome_and_KG
7254,CC[C@@H](CO)NC(=O)[C@H]1CN([C@@H]2CC3=CNC4=CC=CC(=C34)C2=C1)C,4021,DB00353,0.08664312958717346,-0.04040702059864998,-3.290019989013672,0.9822547435760498,Transcriptome_and_KG
7254,C(CC(=O)NC(CSSCC(C(=O)NCC(=O)O)NC(=O)CCC(C(=O)O)N)C(=O)NCC(=O)O)C(C(=O)O)N,85,DB03310,0.0848986878991127,-0.08576115220785141,0.15001538395881653,0.9448809027671814,Transcriptome_and_KG
7254,C1=CC(=C(C=C1C2=C(C=C(C=C2)F)F)C(=O)O)O,218,DB00861,0.08434854447841644,0.03582765907049179,-4.496081829071045,0.9669051766395569,Transcriptome_and_KG
7254,CC12CCC(=O)C=C1CCC3C2CCC4(C3CCC4(C)O)C,2185,DB06710,0.0841807872056961,0.028411000967025757,-3.1317882537841797,0.9568390846252441,Transcriptome_and_KG
7254,CCCCC(CC)COC(=O)CC(C(=O)OCC(CC)CCCC)S(=O)(=O)O,3439,DB11089,0.08405435085296631,0.014730580151081085,-3.0570778846740723,0.9606181979179382,Transcriptome_and_KG
7254,CCNC(C)CC1=CC(=CC=C1)C(F)(F)F,3848,DB00574,0.08403025567531586,0.011431757360696793,-7.0120110511779785,0.9820367693901062,Transcriptome_and_KG
7254,CC1(OC2CC3C4CC(C5=CC(=O)CCC5(C4C(CC3(C2(O1)C(=O)CO)C)O)C)F)C,2142,DB00846,0.08365028351545334,-0.02279658615589142,-1.6328763961791992,0.9553303718566895,Transcriptome_and_KG
7254,CCC(=O)O[C@](CC1=CC=CC=C1)(C2=CC=CC=C2)[C@H](C)CN(C)C,3097,DB00647,0.08364648371934891,-0.06895178556442261,-2.945427894592285,0.9901747703552246,Transcriptome_and_KG
7254,C1[C@H]([C@@H]([C@H]([C@@H](O1)O[C@@H]2CO[C@H]([C@@H]([C@H]2OS(=O)(=O)O)OS(=O)(=O)O)O)OS(=O)(=O)O)OS(=O)(=O)O)O,1190,DB00686,0.08350743353366852,-0.050627365708351135,-1.014221429824829,0.9596508145332336,Transcriptome_and_KG
7254,CC(C)C(=O)OC1=C(C=C(C=C1)CCNC)OC(=O)C(C)C,1616,DB13316,0.08338602632284164,-0.044301003217697144,-0.7080993056297302,0.9410098791122437,Transcriptome_and_KG
7254,CC(C)CC(C(=O)NC(C)C(=O)NC(C(C)C)C(=O)NC(C(C)C)C(=O)NC(C(C)C)C(=O)NC(CC1=CNC2=CC=CC=C21)C(=O)NC(CC(C)C)C(=O)NC(CC3=CNC4=CC=CC=C43)C(=O)NC(CC(C)C)C(=O)NC(CC5=CNC6=CC=CC=C65)C(=O)NC(CC(C)C)C(=O)NC(CC7=CNC8=CC=CC=C87)C(=O)NCCO)NC(=O)CNC(=O)C(C(C)C)NC=O,1719,DB00027,0.08331584930419922,0.06773582845926285,-5.242956638336182,0.9641878604888916,Transcriptome_and_KG
7254,CC1(OC2CC3C4CCC5=CC(=O)CCC5(C4(C(CC3(C2(O1)C(=O)CCl)C)O)F)C)C,2144,DB06786,0.08328535407781601,0.008452842943370342,-2.5471010208129883,0.9561671018600464,Transcriptome_and_KG
7254,CCP(CC)CC.CC(=O)OCC1C(C(C(C(O1)[S-])OC(=O)C)OC(=O)C)OC(=O)C.[Au+],4006,DB00995,0.08307039737701416,-0.04632780700922012,-2.511442184448242,0.9786033034324646,Transcriptome_and_KG
7254,CC1=NC(=NC=C1)NS(=O)(=O)C2=CC=C(C=C2)N,2763,DB01581,0.08295339345932007,-0.0836748406291008,-0.9327245950698853,0.9885417222976685,Transcriptome_and_KG
7254,C1=CC(=CC=C1C(=O)NC(CCC(=O)O)C(=O)O)NCC2=CN=C3C(=N2)C(=O)NC(=N3)N,281,DB00158,0.08275699615478516,0.05872108042240143,-4.398736953735352,0.9601441025733948,Transcriptome_and_KG
7254,C1CN(CCN1CCOCC(=O)O)C(C2=CC=CC=C2)C3=CC=C(C=C3)Cl,1062,DB00341,0.0827375054359436,0.12065589427947998,-8.580456733703613,0.970085084438324,Transcriptome_and_KG
7254,C(CN)CNCCSP(=O)(O)O,111,DB01143,0.08252720534801483,-0.07291024923324585,-3.497307300567627,0.9925506114959717,Transcriptome_and_KG
7254,C(C[C@@H](C(=O)O)N)CN,123,DB00129,0.08234946429729462,-0.08671702444553375,-0.5606473684310913,0.9872528910636902,Transcriptome_and_KG
7254,CC(C1=CC(=C(C=C1)C2=CC=CC=C2)F)C(=O)O,1910,DB00712,0.0822259783744812,0.012226187624037266,-2.987861394882202,0.9601028561592102,Transcriptome_and_KG
7254,C(=O)(O)[O-].[K+],35,DB11098,0.08216765522956848,0.05604642629623413,-6.056984901428223,0.9706128835678101,Transcriptome_and_KG
7254,CC[N+](CC)(CCNC(=O)C(=O)NCC[N+](CC)(CC)CC1=CC=CC=C1Cl)CC2=CC=CC=C2Cl,4061,DB01122,0.08184272050857544,0.027745414525270462,-5.2967000007629395,0.9727248549461365,Transcriptome_and_KG
7254,C1=CN=C(N=C1)NS(=O)(=O)C2=CC=C(C=C2)N,565,DB00359,0.08183101564645767,-0.01755344681441784,-2.8846492767333984,0.9697386622428894,Transcriptome_and_KG
7254,C1CCN(CC1)C2=NC(=N)N(C(=C2)N)O,948,DB00350,0.0811462327837944,-0.015421884134411812,-2.294750928878784,0.9618841409683228,Transcriptome_and_KG
7254,C1=CC=C(C=C1)CC(COC(=O)N)N,451,DB14754,0.08096489310264587,0.050116609781980515,-5.0689778327941895,0.9664604663848877,Transcriptome_and_KG
7254,CC1=CC=C(C=C1)S(=O)(=O)NC(=O)N[C@H]2[C@H]3CC[C@@]([C@H]2O)(C3(C)C)C,2680,DB08962,0.08068139851093292,-0.10110323876142502,0.46481817960739136,0.9683336019515991,Transcriptome_and_KG
7254,CCCC(C(=O)OCC)NC(C)C(=O)N1C2CCCCC2CC1C(=O)O,3364,DB00790,0.08061762154102325,-0.029584819450974464,-3.7328100204467773,0.9792104363441467,Transcriptome_and_KG
7254,CC1=C(C(C(=C(N1)C)C(=O)OCCN(C)CC2=CC=CC=C2)C3=CC(=CC=C3)[N+](=O)[O-])C(=O)OC,2298,DB00622,0.08028984069824219,-0.024896372109651566,-3.723066568374634,0.9776558876037598,Transcriptome_and_KG
7254,C1=CC=C(C(=C1)C2=NC(C(=O)NC3=C2C=C(C=C3)Cl)O)Cl,394,DB00186,0.0800132006406784,0.044333092868328094,-4.6206512451171875,0.9646929502487183,Transcriptome_and_KG
7254,CCCCCC(C=CC1C(CC(=O)C1CCCCCCC(=O)O)O)O,3474,DB00770,0.08000148832798004,0.0045211827382445335,-3.138761281967163,0.9636990427970886,Transcriptome_and_KG
7254,C1=CC=NC(=C1)NS(=O)(=O)C2=CC=C(C=C2)N,544,DB00891,0.07964479178190231,0.006900276988744736,-4.496261119842529,0.97300785779953,Transcriptome_and_KG
7254,C[N+]1(CCCC1)CC2=C(N3C(C(C3=O)NC(=O)C(=NOC)C4=CSC(=N4)N)SC2)C(=O)[O-],4968,DB01413,0.07962138205766678,-0.025736579671502113,-1.1964136362075806,0.9424476623535156,Transcriptome_and_KG
7254,C[C@@H]1[C@H]([C@H](C[C@@H](O1)O[C@@H]2[C@H](O[C@H](C[C@@H]2O)O[C@@H]3[C@H](O[C@H](C[C@@H]3O)O[C@H]4CC[C@]5([C@@H](C4)CC[C@@H]6[C@@H]5CC[C@]7([C@@]6(CC[C@@H]7C8=CC(=O)OC8)O)C)C)C)C)OC(=O)C)O,4839,DB00511,0.07960771024227142,-0.037379346787929535,-0.6348055601119995,0.9243943691253662,Transcriptome_and_KG
7254,CCOP(=O)(OCC)SCC[N+](C)(C)C,4004,DB01057,0.07950292527675629,-0.041369762271642685,-1.27242910861969,0.9563426971435547,Transcriptome_and_KG
7254,CC(C)C1=NC(=CS1)CN(C)C(=O)N[C@@H](C(C)C)C(=O)N[C@@H](CC2=CC=CC=C2)C[C@@H]([C@H](CC3=CC=CC=C3)NC(=O)OCC4=CN=CS4)O,1698,DB00503,0.0792335569858551,0.04465920850634575,-2.466181755065918,0.938511073589325,Transcriptome_and_KG
7254,C1C(C(C(C(C1N)OC2C(C(C(C(O2)CO)O)N)O)O)OC3C(CC(C(O3)CN)O)N)N,632,DB00684,0.07913142442703247,0.06490379571914673,-4.750973224639893,0.9605876207351685,Transcriptome_and_KG
7254,C[C@@H]1CCN([C@H](C1)C(=O)O)C(=O)[C@H](CCCN=C(N)N)NS(=O)(=O)C2=CC=CC3=C2NCC(C3)C,4814,DB00278,0.07907222211360931,-0.07499422132968903,-1.4135390520095825,0.9829155206680298,Transcriptome_and_KG
7254,CC(=O)NCCCS(=O)(=O)O,1345,DB00659,0.07892468571662903,-0.0810631662607193,-2.852642774581909,0.9929712414741516,Transcriptome_and_KG
7254,CCN(CC)CC(=O)NC1=C(C=CC=C1C)C,3733,DB00281,0.0789032131433487,0.05597064644098282,-3.051154136657715,0.9447309374809265,Transcriptome_and_KG
7254,CCCCOCCOCCOCC1=CC2=C(C=C1CCC)OCO2,3626,DB09350,0.07881294935941696,0.01994781382381916,-2.22255277633667,0.9437326192855835,Transcriptome_and_KG
7254,C1CN(CCN1CCC2=C(C=C3C(=C2)CC(=O)N3)Cl)C4=NSC5=CC=CC=C54,1044,DB00246,0.07783551514148712,0.08153508603572845,-7.220727920532227,0.9703293442726135,Transcriptome_and_KG
7254,C1C2CC3(CC1CC(C2)(C3)C(=O)NCC4=CC=NC=C4)C5=CC=C(C=C5)Cl,709,DB12764,0.07736729085445404,0.12001501023769379,-0.3928552269935608,0.7139393091201782,Transcriptome_and_KG
7254,CCN(CC)CCNC(=O)C1=C(C=CC(=C1)S(=O)(=O)C)OC,3749,DB13025,0.07731674611568451,-0.04780340939760208,-1.4872856140136719,0.9642437100410461,Transcriptome_and_KG
7254,C1=C2C(=CC(=C1Cl)S(=O)(=O)N)S(=O)(=O)N=CN2,193,DB00880,0.07708558440208435,0.014631540514528751,-4.101193428039551,0.967920184135437,Transcriptome_and_KG
7254,C(C(CO)(CO)N)O,66,DB03754,0.07656259834766388,0.03779635578393936,-8.072369575500488,0.979416012763977,Transcriptome_and_KG
7254,CCC(C1=CC=CC=C1)C2=C(C3=CC=CC=C3OC2=O)O,3193,DB00946,0.07642991095781326,-0.022649096325039864,-1.7727439403533936,0.9543085694313049,Transcriptome_and_KG
7254,CC(C)(C)NCC(COC1=CC=C(C=C1)NC(=O)NC2CCCCC2)O,1543,DB11770,0.07633350789546967,-0.07230304926633835,-0.6617227792739868,0.9636011719703674,Transcriptome_and_KG
7254,CCC(C(C1=C2C=CC(=O)NC2=C(C=C1)O)O)NC(C)C,3112,DB01366,0.07630224525928497,-0.06089390069246292,-0.8908092975616455,0.9590558409690857,Transcriptome_and_KG
7254,C1=C(C(=CC(=C1Cl)Cl)Cl)OCC#CI,159,DB00793,0.07537783682346344,0.03988424316048622,-3.744924783706665,0.9574092030525208,Transcriptome_and_KG
7254,CC(C)(C)C(=O)OCOP(=O)(COCCN1C=NC2=C(N=CN=C21)N)OCOC(=O)C(C)(C)C,1488,DB00718,0.07534059882164001,-0.02168479561805725,-1.5852820873260498,0.9487873911857605,Transcriptome_and_KG
7254,[O-][Si](=O)O[Si]([O-])([O-])O[Si](=O)[O-].[Mg+2].[Mg+2],5037,DB09281,0.07530289888381958,0.02434433437883854,-6.375969886779785,0.9765453934669495,Transcriptome_and_KG
7254,C[N+](C)(C)CCO.C1=CC=C(C(=C1)C(=O)O)[O-].C1=CC=C(C(=C1)C(=O)O)[O-].C1=CC=C(C(=C1)C(=O)O)[O-].[Mg+2],4956,DB01401,0.07509943842887878,0.0035983771085739136,-2.324195623397827,0.9513580203056335,Transcriptome_and_KG
7254,CC1(C(C1C(=O)OCC2=CC(=CC=C2)OC3=CC=CC=C3)C=C(Cl)Cl)C,2053,DB04930,0.07509025931358337,-0.012344928458333015,-2.3873062133789062,0.9593207836151123,Transcriptome_and_KG
7254,C(CCC(O)(P(=O)(O)O)P(=O)(O)O)CCN,98,DB11620,0.07508258521556854,-0.06783334910869598,-1.105684518814087,0.9699759483337402,Transcriptome_and_KG
7254,CCN(CC)CCOC(=O)C1=CC=C(C=C1)N,3763,DB00721,0.07499679177999496,-0.07741053402423859,-2.2937850952148438,0.9880059361457825,Transcriptome_and_KG
7254,CC(C)(C)NCC(COC1=CC=CC=C1C2CCCC2)O,1549,DB01359,0.0748307853937149,-0.015749044716358185,-3.5929853916168213,0.9725285172462463,Transcriptome_and_KG
7254,CN1CCN(CC1)C(=O)O[C@H]2C3=NC=CN=C3C(=O)N2C4=NC=C(C=C4)Cl,4401,DB00402,0.07474204897880554,-0.01065948884934187,-7.691146373748779,0.9856234788894653,Transcriptome_and_KG
7254,CC(C)NCC(COC1=CC=CC2=CC=CC=C21)O,1860,DB00571,0.07469458132982254,-0.034572210162878036,-1.1190013885498047,0.9427548050880432,Transcriptome_and_KG
7254,COCCCCC(=NOCCN)C1=CC=C(C=C1)C(F)(F)F,4716,DB00176,0.0745190978050232,0.0062263598665595055,-4.117920875549316,0.9696584343910217,Transcriptome_and_KG
7254,CN1CCCN=C1/C=C/C2=CC=CS2,4393,DB11156,0.07451660931110382,-0.03724910318851471,-0.8912943601608276,0.9348905086517334,Transcriptome_and_KG
7254,CCC(C)C(=O)OC1CC(C=C2C1C(C(C=C2)C)CCC(CC(CC(=O)O)O)O)O,3127,DB00175,0.07444500923156738,-0.013521457090973854,-4.133296489715576,0.9750898480415344,Transcriptome_and_KG
7254,CCC(=O)OCC(=O)C1(C(CC2C1(CC(C3(C2CCC4=CC(=O)C=CC43C)Cl)O)C)C)OC(=O)CC,3086,DB00394,0.07424880564212799,0.033153682947158813,-4.788762092590332,0.9671655893325806,Transcriptome_and_KG
7254,CC(=CCOC1=CC=C(C=C1)C=CC(=O)C2=C(C=C(C=C2)OCC=C(C)C)OCC(=O)O)C,1260,DB05197,0.07353796064853668,-0.087145134806633,-3.103573799133301,0.9939194917678833,Transcriptome_and_KG
7254,CCCSC1=CC2=C(C=C1)N=C(N2)NC(=O)OC,3695,DB00518,0.0730934664607048,-0.033208396285772324,-2.2629404067993164,0.9661322832107544,Transcriptome_and_KG
7254,C1=CC=C2C(=C1)C(=C(C(=O)O2)CC3=C(C4=CC=CC=C4OC3=O)O)O,503,DB00266,0.07308444380760193,0.019930457696318626,-2.6338746547698975,0.9490982890129089,Transcriptome_and_KG
7254,CN(C)C1C2C(C3C(=C)C4=C(C=CC(=C4C(=C3C(=O)C2(C(=C(C1=O)C(=O)N)O)O)O)O)Cl)O,4105,DB13092,0.07289062440395355,0.019211381673812866,-4.08758544921875,0.9655247926712036,Transcriptome_and_KG
7254,C([C@@H](C(=O)O)N)C(=O)O,128,DB00128,0.07283437997102737,-0.021682193502783775,-4.299460411071777,0.9777251482009888,Transcriptome_and_KG
7254,CCC(C1=CC=CC=C1)NC(=O)C2=C(C(=NC3=CC=CC=C32)C4=CC=CC=C4)O,3196,DB06429,0.07267613708972931,-0.06700553745031357,-1.1121203899383545,0.9675150513648987,Transcriptome_and_KG
7254,CCC(=O)C(CC(C)N(C)C)(C1=CC=CC=C1)C2=CC=CC=C2,3067,DB00333,0.07201583683490753,-0.07902134954929352,-2.7063140869140625,0.989173173904419,Transcriptome_and_KG
7254,CN(C)C(=O)NC1CCC(CC1)CCN2CCN(CC2)C3=C(C(=CC=C3)Cl)Cl,4093,DB06016,0.07185991108417511,0.02483944408595562,-5.552464962005615,0.9725754261016846,Transcriptome_and_KG
7254,CC1(OC2CC3C4CCC5=CC(=O)C=CC5(C4C(CC3(C2(O1)C(=O)CO)C)O)C)C,2143,DB01260,0.07095159590244293,-0.01815946213901043,-2.214634895324707,0.9575321674346924,Transcriptome_and_KG
7254,C1(=C(N=C(C(=N1)Cl)N)N)C(=O)N=C(N)N,151,DB00594,0.07067857682704926,-0.005025069694966078,-3.5328168869018555,0.967559814453125,Transcriptome_and_KG
7254,C[C@H](CN1C=NC2=C(N=CN=C21)N)OCP(=O)(OCOC(=O)OC(C)C)OCOC(=O)OC(C)C,4873,DB00300,0.07040759921073914,0.0029607340693473816,-2.2755651473999023,0.9487823843955994,Transcriptome_and_KG
7254,CC(C)(C(=O)O)ON=C(C1=CSC(=N1)N)C(=O)NC2C3N(C2=O)C(=C(CS3)C[N+]4=CC=CC=C4)C(=O)[O-],1476,DB00438,0.06964519619941711,0.056369781494140625,-3.1735424995422363,0.9435487389564514,Transcriptome_and_KG
7254,CN(C)C1=NC(=NC(=N1)N(C)C)N(C)C,4101,DB00488,0.06956958770751953,-0.03534068167209625,-1.2312703132629395,0.943657636642456,Transcriptome_and_KG
7254,C1=CC(=C(C(=C1)F)CN2C=C(N=N2)C(=O)N)F,207,DB06201,0.0695568397641182,0.0004192902706563473,-3.2265524864196777,0.9626638889312744,Transcriptome_and_KG
7254,COC1=C(C=C2C(=C1)CC(C2=O)CC3CCN(CC3)CC4=CC=CC=C4)OC,4594,DB00843,0.06937126070261002,-0.0084359310567379,-3.670611619949341,0.9693097472190857,Transcriptome_and_KG
7254,CC1(OC2COC3(C(C2O1)OC(O3)(C)C)COS(=O)(=O)N)C,2145,DB00273,0.06935149431228638,-0.04323490336537361,-2.0942916870117188,0.9670606255531311,Transcriptome_and_KG
7254,C1=CC=C(C=C1)C2=NC3=C(N=C(N=C3N=C2N)N)N,443,DB00384,0.069145068526268,-0.02745860069990158,-3.0390570163726807,0.9704089760780334,Transcriptome_and_KG
7254,CC(C)(C)CNCC1=CC(=C2CC3CC4C(C(=O)C(=C(C4(C(=O)C3=C(C2=C1O)O)O)O)C(=O)N)N(C)C)N(C)C,1527,DB12455,0.06889322400093079,-0.0013664541766047478,-2.1378958225250244,0.9473900198936462,Transcriptome_and_KG
7254,C(=N)(N)N,30,DB00536,0.06800881028175354,0.040856871753931046,-4.802453994750977,0.9641048908233643,Transcriptome_and_KG
7254,CC1=NC=C(C(=C1O)CO)CO,2783,DB00165,0.06800854206085205,0.003038128837943077,-3.219148635864258,0.961225688457489,Transcriptome_and_KG
7254,CN1CCCC1C2=CN=CC=C2,4386,DB00184,0.06786733120679855,-0.019765589386224747,-1.4493356943130493,0.9391666054725647,Transcriptome_and_KG
7254,C1CN(CCC1OC(C2=CC=C(C=C2)Cl)C3=CC=CC=N3)CCCC(=O)O,1021,DB04890,0.06738461554050446,0.08163251727819443,-7.578193187713623,0.9701425433158875,Transcriptome_and_KG
7254,CCCCCCCCCCC[C@@H](C[C@H]1[C@@H](C(=O)O1)CCCCCC)OC(=O)[C@H](CC(C)C)NC=O,3552,DB01083,0.06729289889335632,-0.017376119270920753,-5.943480491638184,0.9816457033157349,Transcriptome_and_KG
7254,CCC1=C2C(=CC=C1)C3=C(N2)C(OCC3)(CC)CC(=O)O,3271,DB00749,0.06711399555206299,-0.018478743731975555,-2.9041249752044678,0.9651583433151245,Transcriptome_and_KG
7254,CCN(CCCC(C)NC1=C2C=CC(=CC2=NC=C1)Cl)CCO,3781,DB01611,0.06702051311731339,-0.019166115671396255,-2.633950710296631,0.9623051285743713,Transcriptome_and_KG
7254,CC1([C@@H](N2[C@H](S1(=O)=O)CC2=O)C(=O)O)C,2148,DB09324,0.06681450456380844,-0.018043406307697296,-3.688333034515381,0.9716126322746277,Transcriptome_and_KG
7254,O=[Zn],4992,DB09321,0.06670747697353363,0.017677146941423416,-6.506206512451172,0.9767541885375977,Transcriptome_and_KG
7254,CC1=C(C(=CC(=N1)COP(=O)(O)O)CN(CCN(CC2=CC(=NC(=C2O)C)COP(=O)(O)O)CC(=O)[O-])CC(=O)[O-])O.[Mn+2],2225,DB06796,0.06655779480934143,-0.09282708913087845,-1.2321934700012207,0.9860148429870605,Transcriptome_and_KG
7254,CN1CCC23C=CC(CC2OC4=C(C=CC(=C34)C1)OC)O,4363,DB00674,0.06648553907871246,0.01991778239607811,-3.890357732772827,0.962069571018219,Transcriptome_and_KG
7254,C1=CC(=CC=C1CCN)O,317,DB08841,0.06609143316745758,0.0422813855111599,-4.81292200088501,0.9634310007095337,Transcriptome_and_KG
7254,C(CN)C(O)(P(=O)(O)O)P(=O)(O)O,110,DB00282,0.0650588646531105,-0.024757226929068565,-2.1693243980407715,0.9572723507881165,Transcriptome_and_KG
7254,CN1CCC(CC1)N(CC2=CC=CC=C2)C3=CC=CC=C3,4354,DB13489,0.06424394994974136,-0.008498895913362503,-5.095152378082275,0.9761818647384644,Transcriptome_and_KG
7254,CC(CC1=CC(=C(C=C1)O)O)(C(=O)O)N,1971,DB00968,0.06421001255512238,-0.051126427948474884,-1.7126657962799072,0.9628375768661499,Transcriptome_and_KG
7254,[O-]S(=O)(=O)[O-].[Fe+2],5033,DB13257,0.06364335119724274,0.032884370535612106,-2.6272130012512207,0.9404565095901489,Transcriptome_and_KG
7254,COC1(C2N(C1=O)C(=C(CS2)COC(=O)N)C(=O)O)NC(=O)CC3=CC=CS3,4553,DB01331,0.06339754164218903,0.009568026289343834,-2.560734272003174,0.9483139514923096,Transcriptome_and_KG
7254,CCCC1=NC2=C(N1CC3=CC=C(C=C3)C4=CC=CC=C4C(=O)O)C=C(C=C2C)C5=NC6=CC=CC=C6N5C,3401,DB00966,0.06292513012886047,0.08447270840406418,-8.309481620788574,0.9716358184814453,Transcriptome_and_KG
7254,C1=NC2=C(N1CCC(CO)CO)N=C(NC2=O)N,592,DB00299,0.06286576390266418,-0.07843086868524551,-0.22700870037078857,0.9210664629936218,Transcriptome_and_KG
7254,CCC1=C(C(=NC(=N1)N)N)C2=CC=C(C=C2)Cl,3249,DB00205,0.06271137297153473,0.03546278923749924,-4.688057899475098,0.9634108543395996,Transcriptome_and_KG
7254,C[N+](C)(C)CCOC(=O)N.[Cl-],4958,DB00411,0.06222131848335266,-0.04132983833551407,-2.3279380798339844,0.9660143852233887,Transcriptome_and_KG
7254,CC1=C(C=CC2=C1C(=NC(=N2)N)N)CNC3=CC(=C(C(=C3)OC)OC)OC,2383,DB01157,0.062220484018325806,0.03791826590895653,-9.459190368652344,0.9806156754493713,Transcriptome_and_KG
7254,C(CC(O)(P(=O)(O)O)P(=O)(O)O)CN,96,DB00630,0.06221082806587219,-0.04165385290980339,-2.8349056243896484,0.9714952707290649,Transcriptome_and_KG
7254,CC1=CC(=C(C=C1)C)OCCCC(C)(C)C(=O)O,2524,DB01241,0.062157824635505676,0.04958169907331467,-8.211935043334961,0.9761620759963989,Transcriptome_and_KG
7254,C1=CC(=CC=C1C(C(CO)NC(=O)C(Cl)Cl)O)[N+](=O)[O-],290,DB00446,0.06141442060470581,0.049901511520147324,-3.5545856952667236,0.9484400749206543,Transcriptome_and_KG
7254,CC1([C@@H](N2[C@H](S1)[C@@H](C2=O)NC(=O)[C@@H](C3=CC=CC=C3)NC(=O)N4CCN(C4=O)S(=O)(=O)C)C(=O)O)C,2156,DB00948,0.06135600805282593,-0.01909630559384823,-2.1780285835266113,0.9531095623970032,Transcriptome_and_KG
7254,CC1(C(N2C(S1(=O)=O)CC2=O)C(=O)O)CN3C=CN=N3,2057,DB01606,0.06087665259838104,0.011222709901630878,-2.7196240425109863,0.9493640065193176,Transcriptome_and_KG
7254,CCOC(=O)C(CCC1=CC=CC=C1)NC(C)C(=O)N2CC3=CC(=C(C=C3CC2C(=O)O)OC)OC,3869,DB00691,0.06078898906707764,-0.014696476981043816,-3.772261619567871,0.969541609287262,Transcriptome_and_KG
7254,CC(C)(C1=CC=C(C=C1)C(CCCN2CCC(CC2)C(C3=CC=CC=C3)(C4=CC=CC=C4)O)O)C(=O)O,1569,DB00950,0.06074373424053192,0.029860269278287888,-8.557940483093262,0.9796042442321777,Transcriptome_and_KG
7254,CCN(CC)CCOC(=O)C1=CC=C(C=C1)N.CC1(C(N2C(S1)C(C2=O)NC(=O)CC3=CC=CC=C3)C(=O)O)C.O,3764,DB09320,0.060529254376888275,-0.005510427989065647,-3.8440561294555664,0.9673342108726501,Transcriptome_and_KG
7254,CC1CCC2C(C(OC3C24C1CCC(O3)(OO4)C)OC(=O)CCC(=O)O)C,2989,DB09274,0.060410529375076294,-0.00596002209931612,-2.595008373260498,0.9539588689804077,Transcriptome_and_KG
7254,CC(C)(C)NC(=O)[C@@H]1C[C@@H]2CCCC[C@@H]2CN1C[C@H]([C@H](CC3=CC=CC=C3)NC(=O)[C@H](CC(=O)N)NC(=O)C4=NC5=CC=CC=C5C=C4)O,1535,DB01232,0.05985204875469208,0.008699345402419567,-2.5954203605651855,0.9479082822799683,Transcriptome_and_KG
7254,CCCN1CC(CC2C1CC3=CNC4=CC=CC2=C34)CSC,3661,DB01186,0.0588744655251503,-0.013299243524670601,-3.154086112976074,0.9631681442260742,Transcriptome_and_KG
7254,CC(=O)OCC(=O)[C@]1(CC[C@@H]2[C@@]1(CC(=O)[C@H]3[C@H]2CCC4=CC(=O)CC[C@]34C)C)O,1376,DB01380,0.05878836661577225,-0.030737455934286118,-1.794194221496582,0.9499754309654236,Transcriptome_and_KG
7254,C[N+]1=CC=CC(=C1)OC(=O)N(C)C,4974,DB00545,0.058582454919815063,0.03836299479007721,-5.427126884460449,0.9665848612785339,Transcriptome_and_KG
7254,C[C@H](/C=C/[C@H](C)C(C)C)[C@H]1CC[C@@H]\2[C@@]1(CCC/C2=C\C=C/3\C[C@H](CCC3=C)O)C,4850,DB00153,0.0585763156414032,0.017761893570423126,-3.895641565322876,0.9606331586837769,Transcriptome_and_KG
7254,COC1=CC=CC=C1N2CCN(CC2)CC(COC3=CC=CC4=CC=CC=C43)O,4679,DB12092,0.05810333788394928,0.04070848226547241,-7.993124008178711,0.9762953519821167,Transcriptome_and_KG
7254,COC1=CC=CC=C1O,4683,DB11359,0.05800306797027588,0.00799846462905407,-4.624208450317383,0.9685156941413879,Transcriptome_and_KG
7254,C1=CC(=C(C(=C1)Cl)Cl)C2=C(N=C(N=N2)N)N,203,DB00555,0.05791792273521423,0.03658999130129814,-4.142192840576172,0.9575982689857483,Transcriptome_and_KG
7254,CNCC1C2=C(CCO1)C=CS2,4497,DB15665,0.05785518139600754,-0.025431541725993156,-2.338780164718628,0.9571945667266846,Transcriptome_and_KG
7254,CC(C)C(=O)OCC(=O)C12C(CC3C1(CC(C4C3CCC5=CC(=O)C=CC45C)O)C)OC(O2)C6CCCCC6,1619,DB01410,0.05782388150691986,0.0546141155064106,-5.1528472900390625,0.9612812399864197,Transcriptome_and_KG
7254,CCN1CCCC1CNC(=O)C2=CC(=C(C=C2OC)N)S(=O)(=O)CC,3823,DB06288,0.05764487385749817,-0.009855907410383224,-3.7796308994293213,0.967315673828125,Transcriptome_and_KG
7254,CNC1CC2=C3C(=CC=C2)NC(=O)N3C1,4482,DB06477,0.05705434828996658,-0.05247051641345024,-1.6056545972824097,0.9574843049049377,Transcriptome_and_KG
7254,CCOC1=CC=CC=C1OCCN[C@H](C)CC2=CC(=C(C=C2)OC)S(=O)(=O)N,3981,DB00706,0.05700622498989105,0.07032032310962677,-12.201729774475098,0.9811515212059021,Transcriptome_and_KG
7254,CC(C)CC1CN2CCC3=CC(=C(C=C3C2CC1=O)OC)OC,1775,DB12161,0.056972406804561615,-0.06173482537269592,-0.8939411044120789,0.942183792591095,Transcriptome_and_KG
7254,CCOC1C(CC(=O)O1)NC(=O)C2CCCN3N2C(=O)C(CCC3=O)NC(=O)C4=NC=CC5=CC=CC=C54,3992,DB04875,0.05690348893404007,0.014578688889741898,-0.08606946468353271,0.6847629547119141,Transcriptome_and_KG
7254,C([C@@H]1[C@H]([C@@H]([C@H]([C@H](O1)O[C@]2([C@H]([C@@H]([C@H](O2)CO)O)O)CO[C@]3([C@H]([C@@H]([C@H](O3)CO)O)O)CO[C@]4([C@H]([C@@H]([C@H](O4)CO)O)O)CO[C@]5([C@H]([C@@H]([C@H](O5)CO)O)O)CO[C@]6([C@H]([C@@H]([C@H](O6)CO)O)O)CO[C@]7([C@H]([C@@H]([C@H](O7)CO)O)O)CO[C@]8([C@H]([C@@H]([C@H](O8)CO)O)O)CO[C@]9([C@H]([C@@H]([C@H](O9)CO)O)O)CO[C@]1([C@H]([C@@H]([C@H](O1)CO)O)O)CO[C@]1([C@H]([C@@H]([C@H](O1)CO)O)O)CO[C@]1([C@H]([C@@H]([C@H](O1)CO)O)O)CO[C@]1([C@H]([C@@H]([C@H](O1)CO)O)O)CO[C@]1([C@H]([C@@H]([C@H](O1)CO)O)O)CO[C@]1([C@H]([C@@H]([C@H](O1)CO)O)O)CO[C@]1([C@H]([C@@H]([C@H](O1)CO)O)O)CO[C@]1([C@H]([C@@H]([C@H](O1)CO)O)O)CO[C@]1([C@H]([C@@H]([C@H](O1)CO)O)O)CO[C@]1([C@H]([C@@H]([C@H](O1)CO)O)O)CO[C@]1([C@H]([C@@H]([C@H](O1)CO)O)O)CO[C@]1([C@H]([C@@H]([C@H](O1)CO)O)O)CO[C@]1([C@H]([C@@H]([C@H](O1)CO)O)O)CO[C@]1([C@H]([C@@H]([C@H](O1)CO)O)O)CO[C@]1([C@H]([C@@H]([C@H](O1)CO)O)O)CO[C@]1([C@H]([C@@H]([C@H](O1)CO)O)O)CO[C@]1([C@H]([C@@H]([C@H](O1)CO)O)O)CO[C@]1([C@H]([C@@H]([C@H](O1)CO)O)O)CO[C@]1([C@H]([C@@H]([C@H](O1)CO)O)O)CO[C@]1([C@H]([C@@H]([C@H](O1)CO)O)O)CO[C@]1([C@H]([C@@H]([C@H](O1)CO)O)O)CO[C@]1([C@H]([C@@H]([C@H](O1)CO)O)O)CO[C@]1([C@H]([C@@H]([C@H](O1)CO)O)O)CO[C@]1([C@H]([C@@H]([C@H](O1)CO)O)O)CO[C@]1([C@H]([C@@H]([C@H](O1)CO)O)O)CO[C@]1([C@H]([C@@H]([C@H](O1)CO)O)O)CO[C@]1([C@H]([C@@H]([C@H](O1)CO)O)O)CO[C@]1([C@H]([C@@H]([C@H](O1)CO)O)O)CO[C@]1([C@H]([C@@H]([C@H](O1)CO)O)O)CO)O)O)O)O,135,DB00638,0.05679035559296608,-0.07246865332126617,-1.3508777618408203,0.9652823805809021,Transcriptome_and_KG
7254,CC1CC(=O)C2(C(O1)OC3C(C(C(C(C3O2)NC)O)NC)O)O,2919,DB00919,0.0566888153553009,0.035496391355991364,-2.3116283416748047,0.9297351837158203,Transcriptome_and_KG
7254,C1=CC=C2C(=C1)NC(=N2)C3=CSC=N3,537,DB00730,0.05640934407711029,0.019778801128268242,-2.417942762374878,0.9386776089668274,Transcriptome_and_KG
7254,C[C@H]1C[C@@H]2[C@H](CC[C@]3([C@H]2CC[C@@]3(C(=O)C)OC(=O)C)C)[C@@]4(C1=CC(=O)CC4)C,4892,DB00603,0.056401073932647705,-0.01679689809679985,-3.133794069290161,0.9633630514144897,Transcriptome_and_KG
7254,CCN(CC)CCNC(=O)C1=CC=C(C=C1)N,3757,DB01035,0.056361760944128036,-0.102265365421772,-1.7533493041992188,0.9896144270896912,Transcriptome_and_KG
7254,CC1=CC(=NO1)NS(=O)(=O)C2=CC=C(C=C2)N,2603,DB01015,0.055993154644966125,0.02041790634393692,-6.46849250793457,0.9743601083755493,Transcriptome_and_KG
7254,CCCN(CCC)S(=O)(=O)C1=CC=C(C=C1)C(=O)O,3642,DB01032,0.055835746228694916,-0.037240371108055115,-2.9274678230285645,0.9684370756149292,Transcriptome_and_KG
7254,C1=CC=C(C=C1)CCCC(=O)[O-].[Na+],458,DB06819,0.05576777458190918,0.062513068318367,-3.951953411102295,0.9481736421585083,Transcriptome_and_KG
7254,COC1=C(C(=C(C=C1)C=CC2=CC(=C(C(=C2)OC)OC)OC)OP(=O)([O-])[O-])OP(=O)([O-])[O-].[Na+].[Na+].[Na+].[Na+],4555,DB05143,0.05566895380616188,-0.11578738689422607,0.18569567799568176,0.9499088525772095,Transcriptome_and_KG
7254,CC1=NC=C(N1CCO)[N+](=O)[O-],2793,DB00916,0.05546313524246216,0.037502795457839966,-3.7420732975006104,0.9526488184928894,Transcriptome_and_KG
7254,C[C@]12CC[C@H]3[C@H]([C@@H]1CC[C@]2(C)O)CC[C@@H]4[C@@]3(C/C(=C/O)/C(=O)C4)C,4944,DB06412,0.055419206619262695,0.008051231503486633,-3.338331699371338,0.9570046663284302,Transcriptome_and_KG
7254,CN1CCC2=C3C1CC4=C(C3=CC=C2)C(=C(C=C4)O)O,4371,DB00714,0.05496878921985626,0.05048973113298416,-6.456416606903076,0.9687935709953308,Transcriptome_and_KG
7254,CC(C)(CC1=CC=C(C=C1)OC)NCC(C2=C3C(=CC(=C2)O)NC(=O)CO3)O,1583,DB09080,0.05480934679508209,0.012757530435919762,-5.337307929992676,0.9707505702972412,Transcriptome_and_KG
7254,CON=C1CN(CC1CN)C2=C(C=C3C(=O)C(=CN(C3=N2)C4CC4)C(=O)O)F,4747,DB01155,0.054508134722709656,0.011835332959890366,-2.5180373191833496,0.9432054758071899,Transcriptome_and_KG
7254,CCCC1OC2CC3C4CCC5=CC(=O)C=CC5(C4C(CC3(C2(O1)C(=O)CO)C)O)C,3413,DB01222,0.05428260564804077,0.0006384872831404209,-3.7198433876037598,0.9628102779388428,Transcriptome_and_KG
7254,CCCCOC1=NC2=CC=CC=C2C(=C1)C(=O)NCCN(CC)CC,3624,DB00527,0.054024405777454376,-0.09674642235040665,-1.8458569049835205,0.9855954647064209,Transcriptome_and_KG
7254,CC(=O)C1CCC2C1(CCC3C2CCC4C3(CCC(C4)O)C)C,1287,DB11859,0.053808435797691345,0.03478430211544037,-3.846343994140625,0.9541124105453491,Transcriptome_and_KG
7254,CCOC(=O)C(CCC1=CC=CC=C1)NC2CCCN3CCCC(N3C2=O)C(=O)O,3873,DB01340,0.05316430330276489,-0.10003108531236649,-0.8458918333053589,0.9757933020591736,Transcriptome_and_KG
7254,C([C@H]([C@H]([C@@H]([C@H](C(=O)[O-])O)O)O)O)O.[K+],144,DB13620,0.05282659828662872,-0.06102908030152321,-3.826198101043701,0.98139488697052,Transcriptome_and_KG
7254,CC1(CC(=O)N(C(=O)C1)CCCCN2CCN(CC2)C3=NC=CC=N3)C,2097,DB12184,0.05270407348871231,-0.010096508078277111,-2.4385766983032227,0.9500952959060669,Transcriptome_and_KG
7254,CC(CNC1CCCCC1)OC(=O)C2=CC=CC=C2,2016,DB00473,0.05224555358290672,-0.07341444492340088,-2.8471012115478516,0.9803133606910706,Transcriptome_and_KG
7254,COC1C(C(C(C(O1)COS(=O)(=O)[O-])OC2C(C(C(C(O2)C(=O)[O-])OC3C(C(C(C(O3)COS(=O)(=O)[O-])OC4C(C(C(C(O4)C(=O)[O-])OC5C(C(C(C(O5)COS(=O)(=O)[O-])O)O)NS(=O)(=O)[O-])O)O)OS(=O)(=O)[O-])NS(=O)(=O)[O-])O)OS(=O)(=O)[O-])O)NS(=O)(=O)[O-].[Na+].[Na+].[Na+].[Na+].[Na+].[Na+].[Na+].[Na+].[Na+].[Na+],4696,DB00569,0.05213621258735657,0.004122158512473106,-4.8093366622924805,0.969251275062561,Transcriptome_and_KG
7254,CCC(=O)OC(C(C)C)OP(=O)(CCCCC1=CC=CC=C1)CC(=O)N2CC(CC2C(=O)O)C3CCCCC3,3078,DB00492,0.05144372582435608,-0.05630539730191231,-4.18905782699585,0.9812353849411011,Transcriptome_and_KG
7254,CC(C)N(CCC(C1=CC=CC=C1)(C2=CC=CC=N2)C(=O)N)C(C)C,1811,DB00280,0.0512542724609375,-0.06504194438457489,-3.707034111022949,0.9816362857818604,Transcriptome_and_KG
7254,CC(C)NCC(COC1=CC=CC2=C1OC(=C2)C(=O)C)O,1859,DB09013,0.05123245716094971,-0.03925829380750656,-2.190988063812256,0.9583128690719604,Transcriptome_and_KG
7254,CCC1(C(=O)N(C(=O)O1)C)C,3221,DB00617,0.05110061168670654,0.017475886270403862,-4.520046710968018,0.9639189839363098,Transcriptome_and_KG
7254,CC(=O)CCC1=CC2=C(C=C1)C=C(C=C2)OC,1290,DB00461,0.05097441375255585,0.0012250235304236412,-4.291574478149414,0.9663543701171875,Transcriptome_and_KG
7254,C1CCNC(C1)C(C2=CC(=NC3=C2C=CC=C3C(F)(F)F)C(F)(F)F)O,961,DB00358,0.050820305943489075,0.02117493748664856,-5.321460723876953,0.9680822491645813,Transcriptome_and_KG
7254,CN1C(NC2=CC(=C(C=C2S1(=O)=O)S(=O)(=O)N)Cl)CCl,4263,DB00232,0.050518110394477844,-0.043709270656108856,-3.20688533782959,0.9714145064353943,Transcriptome_and_KG
7254,C1C(=C(N2C(S1)C(C2=O)NC(=O)C(C3=CC=CC=C3)N)C(=O)O)Cl,606,DB00833,0.05011400580406189,0.09258612990379333,-4.906996250152588,0.9494174122810364,Transcriptome_and_KG
7254,CC(C)NCC(COC1=CC=CC2=C1C=CN2)O,1858,DB00960,0.049795567989349365,-0.006278514862060547,-3.845984697341919,0.9646830558776855,Transcriptome_and_KG
7254,CC1=C(C=CN=C1C[S@@](=O)C2=NC3=CC=CC=C3N2)OCCCOC,2419,DB13762,0.049152687191963196,0.03675273805856705,-3.876394748687744,0.9526535272598267,Transcriptome_and_KG
7254,CN1CCN2C(C1)C3=CC=CC=C3CC4=C2N=CC=C4,4432,DB00370,0.04914318025112152,0.03386794030666351,-5.71784782409668,0.9672940373420715,Transcriptome_and_KG
7254,CCC1C(C(C(C(=O)C(CC(C(C(C(C(C(=O)O1)C)OC2CC(C(C(O2)C)O)(C)OC)C)OC3C(C(CC(O3)C)N(C)C)O)(C)O)C)C)O)(C)O,3321,DB00199,0.048830851912498474,0.015712954103946686,-4.554636001586914,0.9640787243843079,Transcriptome_and_KG
7254,CC(C)CN(C[C@H]([C@H](CC1=CC=CC=C1)NC(=O)O[C@H]2CCOC2)OP(=O)(O)O)S(=O)(=O)C3=CC=C(C=C3)N,1794,DB01319,0.04869430512189865,-0.06445039808750153,-1.272290825843811,0.9518101215362549,Transcriptome_and_KG
7254,C1=CC(=C(C=C1C(CN)O)O)O,213,DB00368,0.04789958894252777,0.046705350279808044,-6.826053619384766,0.9698967337608337,Transcriptome_and_KG
7254,CC(C)CN(CC(C(CC1=CC=CC=C1)NC(=O)OC2COC3C2CCO3)O)S(=O)(=O)C4=CC=C(C=C4)N,1790,DB01264,0.04661138355731964,-0.0482991486787796,-1.6611493825912476,0.95024573802948,Transcriptome_and_KG
7254,CCCNC(C)C(=O)NC1=CC=CC=C1C,3675,DB00750,0.04630179703235626,0.039127688854932785,-7.177328109741211,0.9722566604614258,Transcriptome_and_KG
7254,CCOC(=O)C(CCC1=CC=CC=C1)NC(C)C(=O)N2C3CCCCC3CC2C(=O)O,3867,DB00519,0.04609324038028717,-0.051668014377355576,-4.161187171936035,0.978486180305481,Transcriptome_and_KG
7254,CC1=C(C(=NO1)C2=CC=CC=C2)C(=O)NC3C4N(C3=O)C(C(S4)(C)C)C(=O)O,2255,DB00713,0.045677393674850464,-0.0005022212862968445,-2.232391357421875,0.9388562440872192,Transcriptome_and_KG
7254,CC1CC2C3CCC(C3(CC(C2C4(C1=CC(=O)CC4)C)O)C)C(=O)C,2963,DB00253,0.04541859030723572,0.03691604360938072,-5.655073642730713,0.9656515121459961,Transcriptome_and_KG
7254,CC1=NS(=O)(=O)C2=C(N1)C=CC(=C2)Cl,2834,DB01119,0.04474082589149475,0.010475215502083302,-3.0054738521575928,0.9484494924545288,Transcriptome_and_KG
7254,CC(C)NCC(COC1=CC=C(C=C1)CCC(=O)OC)O,1853,DB00187,0.04471717029809952,-0.08647118508815765,-5.501832962036133,0.9905939102172852,Transcriptome_and_KG
7254,CC(C(=O)N)NCC1=CC=C(C=C1)OCC2=CC(=CC=C2)F,1410,DB06654,0.04442305862903595,-0.02966294251382351,-3.741873025894165,0.969229519367218,Transcriptome_and_KG
7254,CN(C)CC(COC1=CC=CC=C1CCC2=CC(=CC=C2)OC)OC(=O)CCC(=O)O,4114,DB12163,0.044409140944480896,-0.08556334674358368,-1.3176500797271729,0.9656976461410522,Transcriptome_and_KG
7254,C1=CC(=CC=C1N)S(=O)(=O)NC2=NC=CS2,334,DB06147,0.044323429465293884,-0.04183527082204819,-1.6107232570648193,0.9437426924705505,Transcriptome_and_KG
7254,CCN(C)C(=O)OC1=CC=CC(=C1)C(C)N(C)C,3705,DB00989,0.04388634115457535,-0.028808267787098885,-3.7269890308380127,0.968713641166687,Transcriptome_and_KG
7254,C1[C@H]([C@@H]([C@H]([C@H]1O)C/C=C\CCCC(=O)OCCCCO[N+](=O)[O-])CC[C@H](CCC2=CC=CC=C2)O)O,1193,DB11660,0.043334100395441055,-0.07155279815196991,-1.1217596530914307,0.9485123157501221,Transcriptome_and_KG
7254,CCC1C(C(C(N(CC(CC(C(C(C(C(C(=O)O1)C)OC2CC(C(C(O2)C)O)(C)OC)C)OC3C(C(CC(O3)C)N(C)C)O)(C)O)C)C)C)O)(C)O,3325,DB00207,0.04302161931991577,0.04215241223573685,-5.3068695068359375,0.9620026350021362,Transcriptome_and_KG
7254,C1=CC(=C(C=C1CCN)O)O,224,DB00988,0.04238352179527283,0.05235458165407181,-9.0820894241333,0.9755979776382446,Transcriptome_and_KG
7254,C[N+](C)(C)CCO,4955,DB00122,0.04231327772140503,-0.030677111819386482,-4.059272766113281,0.9711592793464661,Transcriptome_and_KG
7254,CC(C)NCC(COC1=CC=C(C=C1)CCOCC2CC2)O,1856,DB00195,0.041954174637794495,0.01009560376405716,-3.741968870162964,0.9568626284599304,Transcriptome_and_KG
7254,C1CCN(CC1)C(=O)C2=CC3=NC=CN=C3C=C2,944,DB06247,0.04177141934633255,-0.0772010087966919,-0.8726083040237427,0.9420320391654968,Transcriptome_and_KG
7254,CCN1CCN(C(=O)C1=O)C(=O)NC(C2=CC=CC=C2)C(=O)NC3C4N(C3=O)C(C(S4)(C)C)C(=O)O,3826,DB00319,0.04173838719725609,-0.093136727809906,-1.0704957246780396,0.9640675187110901,Transcriptome_and_KG
7254,CC1=C(C(=CC=C1)C)OCC(=O)N[C@@H](CC2=CC=CC=C2)[C@H](C[C@H](CC3=CC=CC=C3)NC(=O)[C@H](C(C)C)N4CCCNC4=O)O,2238,DB01601,0.04156680405139923,0.02124243602156639,-2.9663732051849365,0.943010151386261,Transcriptome_and_KG
7254,CCC(=O)OC1(C(CC2C1(CC(C3(C2CCC4=CC(=O)C=CC43C)F)O)C)C)C(=O)CCl,3080,DB01013,0.0415172278881073,-0.031051814556121826,-1.9213323593139648,0.9443155527114868,Transcriptome_and_KG
7254,CNC1CCC(C2=CC=CC=C12)C3=CC(=C(C=C3)Cl)Cl,4483,DB01104,0.04149690270423889,0.04855133593082428,-6.8672637939453125,0.9687573909759521,Transcriptome_and_KG
7254,CC1=C(SC=N1)CCCl,2474,DB06470,0.04148362576961517,0.007863936014473438,-3.595358371734619,0.955834150314331,Transcriptome_and_KG
7254,B(C(CC(C)C)NC(=O)C(CC1=CC=CC=C1)NC(=O)C2=NC=CN=C2)(O)O,0,DB00188,0.041300371289253235,-0.10458588600158691,-0.7569637298583984,0.9661983251571655,Transcriptome_and_KG
7254,C[C@]([C@H]1C[C@@]23CC[C@@]1([C@H]4[C@@]25CCN([C@@H]3CC6=C5C(=C(C=C6)O)O4)CC7CC7)OC)(C(C)(C)C)O,4914,DB00921,0.04122565686702728,0.026701156049966812,-3.1086699962615967,0.9433401823043823,Transcriptome_and_KG
7254,C1=COC(=C1)CNC2=CC(=C(C=C2C(=O)O)S(=O)(=O)N)Cl,573,DB00695,0.041044726967811584,-0.039099376648664474,-4.008906364440918,0.9728626012802124,Transcriptome_and_KG
7254,COC1=C(C(=NC=C1)CS(=O)C2=NC3=C(N2)C=C(C=C3)OC(F)F)OC,4559,DB00213,0.04085291177034378,-0.04492216929793358,-4.466433525085449,0.9768677949905396,Transcriptome_and_KG
7254,CC(=O)N1CC(CC1C(=O)NC(CCCN=C(N)N)C(=O)C2=NC3=CC=CC=C3S2)O,1296,DB02812,0.04059213399887085,-0.13361945748329163,0.2690783143043518,0.9466626644134521,Transcriptome_and_KG
7254,CCN(CC)C(=O)NC1=CC(=C(C=C1)OCC(CNC(C)(C)C)O)C(=O)C,3720,DB04846,0.04050114378333092,-0.09647191315889359,-1.6797038316726685,0.9764115214347839,Transcriptome_and_KG
7254,CNC1(CCCCC1=O)C2=CC=CC=C2Cl,4476,DB01221,0.0399637445807457,-0.07320992648601532,-5.619546890258789,0.987063467502594,Transcriptome_and_KG
7254,C(CC(=O)O)C(=O)O,87,DB00139,0.039319105446338654,-0.03872380033135414,-2.111921548843384,0.9512463808059692,Transcriptome_and_KG
7254,CN1CCCC(CC1)N2C(=O)C3=CC=CC=C3C(=N2)CC4=CC=C(C=C4)Cl,4383,DB00972,0.038643330335617065,0.08875057101249695,-7.94396448135376,0.9665073156356812,Transcriptome_and_KG
7254,C1N(CSC(=S)N1CC2=CC=CC=C2)CC3=CC=CC=C3,1160,DB13671,0.03839398920536041,0.04660148173570633,-2.1032021045684814,0.9109365344047546,Transcriptome_and_KG
7254,CC1=CN(C(=O)NC1=O)[C@@H]2C[C@H]([C@@H](O2)CO)O,2726,DB01265,0.03833485394716263,-0.037053659558296204,-1.3456134796142578,0.9278374314308167,Transcriptome_and_KG
7254,CC(C)C(CC1=CC(=C(C=C1)OC)OCCCOC)CC(C(CC(C(C)C)C(=O)NCC(C)(C)C(=O)N)O)N,1666,DB09026,0.03820075839757919,-0.07375941425561905,-2.219738483428955,0.9693472385406494,Transcriptome_and_KG
7254,CN1CC2C(C1)C3=C(C=CC(=C3)Cl)OC4=CC=CC=C24,4342,DB06216,0.03770597279071808,0.012723764404654503,-7.1787495613098145,0.9752426147460938,Transcriptome_and_KG
7254,C(C(=O)[O-])C(CC(=O)[O-])(C(=O)[O-])O.[K+].[K+].[K+],53,DB09125,0.03728552907705307,-0.035515397787094116,-4.1439104080200195,0.9717408418655396,Transcriptome_and_KG
7254,C([C@@H](C(=O)O)N)O,129,DB00133,0.03716445714235306,-0.045297734439373016,-3.5793049335479736,0.9707239270210266,Transcriptome_and_KG
7254,CC(C)N=C(N)N=C(N)NC1=CC=C(C=C1)Cl,1835,DB01131,0.03562776744365692,-0.009863074868917465,-3.2371811866760254,0.9555542469024658,Transcriptome_and_KG
7254,CC(C)(CO)[C@H](C(=O)NCCC(=O)O)O,1602,DB01783,0.035302191972732544,-0.006119002588093281,-5.252853870391846,0.9704688191413879,Transcriptome_and_KG
7254,CCNC(=O)CCCC=CCC1C(CC(C1C=CC(CCC2=CC=CC=C2)O)O)O,3843,DB00905,0.03520568460226059,-0.032139137387275696,-2.5969669818878174,0.9549170136451721,Transcriptome_and_KG
7254,CN(C)CCC=C1C2=CC=CC=C2COC3=CC=CC=C31,4151,DB01142,0.03511950373649597,0.0350315198302269,-7.163765907287598,0.9711885452270508,Transcriptome_and_KG
7254,C1=CC=C2C(=C1)C(=O)O[Bi]O2.O,521,DB01294,0.03488588333129883,0.10749734938144684,-9.363242149353027,0.9685418605804443,Transcriptome_and_KG
7254,CN1CCC23C4C1CC5=C2C(=C(C=C5)OC)OC3C(C=C4)O,4361,DB00318,0.03485032916069031,0.10117380321025848,-8.826337814331055,0.967566967010498,Transcriptome_and_KG
7254,COC1=C(C=C2C(=C1)C(=NC(=N2)N3CCN(CC3)C(=O)C4=CC=CO4)N)OC,4588,DB00457,0.03484135866165161,-0.04327870532870293,-4.8066205978393555,0.9766606688499451,Transcriptome_and_KG
7254,C[C@@H](CO)NC(=O)[C@H]1CN([C@@H]2CC3=CNC4=CC=CC(=C34)C2=C1)C,4804,DB01253,0.03406476601958275,-0.09340398758649826,-2.8878965377807617,0.9818166494369507,Transcriptome_and_KG
7254,CC(C)(C)C1=CC=C(C=C1)S(=O)(=O)NC2=C(C(=NC(=N2)C3=NC=CC=N3)OCCO)OC4=CC=CC=C4OC,1512,DB00559,0.03404395282268524,0.004922749474644661,-6.427445411682129,0.9733282327651978,Transcriptome_and_KG
7254,CN1C2=C(C(=O)N(C1=O)C)N(C=N2)CC(=O)O,4266,DB13573,0.03343788534402847,-0.02878689020872116,-2.325568914413452,0.9481797814369202,Transcriptome_and_KG
7254,CCC(C)C(=O)OC1CC(C=C2C1C(C(C=C2)C)CCC3CC(CC(=O)O3)O)C,3128,DB00227,0.03275282680988312,-0.011907961219549179,-4.466033935546875,0.9665718078613281,Transcriptome_and_KG
7254,C1CC2=CC=CC=C2C(C3=CC=CC=C31)NCCCCCCC(=O)O,855,DB04836,0.0320671945810318,0.045082129538059235,-7.202596664428711,0.9692664742469788,Transcriptome_and_KG
7254,C1=CC(=C(C(=C1)Cl)CC(=O)N=C(N)N)Cl,200,DB01018,0.03151150047779083,0.051068052649497986,-8.723235130310059,0.9734668135643005,Transcriptome_and_KG
7254,C1=CC(=C(C=C1C(C(C(=O)O)N)O)O)O,212,DB06262,0.030819088220596313,0.011549328453838825,-5.3164896965026855,0.9661226272583008,Transcriptome_and_KG
7254,C[C@@H]1C[C@H]2[C@@H]3C[C@@H](C4=CC(=O)C=C[C@@]4([C@]3([C@H](C[C@@]2([C@]1(C(=O)SCF)OC(=O)C5=CC=CO5)C)O)F)C)F,4831,DB08906,0.030614227056503296,0.03989248350262642,-5.075648307800293,0.9583550095558167,Transcriptome_and_KG
7254,CC(=O)O[C@H](CC(=O)[O-])C[N+](C)(C)C,1396,DB08842,0.030593253672122955,-0.060718148946762085,-3.0624594688415527,0.9696511030197144,Transcriptome_and_KG
7254,CCOC(=O)C(CCC1=CC=CC=C1)NC(C)C(=O)N2CC3=CC=CC=C3CC2C(=O)O,3870,DB00881,0.030430376529693604,-0.05098710209131241,-4.180866241455078,0.9744380712509155,Transcriptome_and_KG
7254,C=C1[C@H](C[C@@H]([C@H]1CO)O)N2C=NC3=C2N=C(NC3=O)N,1203,DB00442,0.03038019686937332,-0.033599693328142166,-1.7883847951889038,0.9364456534385681,Transcriptome_and_KG
7254,CN1C(=NN=N1)SCC2=C(N3C(C(C3=O)(NC(=O)C4SC(=C(C(=O)N)C(=O)O)S4)OC)SC2)C(=O)O,4244,DB01330,0.030195295810699463,-0.01635952852666378,-2.754599094390869,0.9492986798286438,Transcriptome_and_KG
7254,C[C@H](CC1=CC2=C(C(=C1)C(=O)N)N(CC2)CCCO)NCCOC3=CC=CC=C3OCC(F)(F)F,4859,DB06207,0.029489144682884216,0.05275502800941467,-11.740612030029297,0.9796477556228638,Transcriptome_and_KG
7254,C1=C(NC=N1)CC(C(=O)O)[N-]C(=O)CCN.[Zn],182,DB09221,0.02946735918521881,-0.03260859102010727,-3.1716558933258057,0.9605000615119934,Transcriptome_and_KG
7254,CC1=C(C(C(=C(N1)C)C(=O)OC)C2=CC=CC=C2[N+](=O)[O-])C(=O)OC,2289,DB01115,0.029377326369285583,0.03319666162133217,-8.659534454345703,0.9754326939582825,Transcriptome_and_KG
7254,CC(C(CN1C=NC=N1)(C2=C(C=C(C=C2)F)F)O)N3CCC(=C)CC3,1457,DB09040,0.029153764247894287,0.03433345630764961,-2.8902454376220703,0.9328270554542542,Transcriptome_and_KG
7254,CC(C)NNC(=O)COC1=CC=C(C=C1)Cl,1869,DB09247,0.029107779264450073,0.034827571362257004,-5.195405960083008,0.9600164294242859,Transcriptome_and_KG
7254,CCOC(=O)C1(CCN(CC1)CCC(C#N)(C2=CC=CC=C2)C3=CC=CC=C3)C4=CC=CC=C4,3877,DB01081,0.028709053993225098,0.04874444380402565,-10.502701759338379,0.9777290225028992,Transcriptome_and_KG
7254,CC(CCCN)NC1=C2C(=CC(=C1)OC)C=CC=N2,2004,DB01087,0.02853246033191681,-0.03378302976489067,-5.711320877075195,0.977003276348114,Transcriptome_and_KG
7254,CC1=C(N2C(C(C2=O)NC(=O)C(C3=CC=CC=C3)N)SC1)C(=O)O,2428,DB00567,0.028532162308692932,-0.03327910602092743,-1.6424932479858398,0.9306510090827942,Transcriptome_and_KG
7254,CN1CCCN=C1COC(=O)C(C2CCCCC2)(C3=CC=CC=C3)O,4394,DB00383,0.028252780437469482,0.07228652387857437,-6.734315395355225,0.9620657563209534,Transcriptome_and_KG
7254,C1=CC(=C(C=C1F)F)C(CN2C=NC=N2)(CN3C=NC=N3)O,235,DB00196,0.027702048420906067,0.011107091791927814,-3.9864299297332764,0.9552717208862305,Transcriptome_and_KG
7254,CC1(OC2CC3C4CC(C5=CC(=O)C=CC5(C4C(CC3(C2(O1)C(=O)CO)C)O)C)F)C,2141,DB00180,0.02746690809726715,-0.010190449655056,-4.6212334632873535,0.9659783244132996,Transcriptome_and_KG
7254,CC1=CC=CN2C1=NC=C(C2=O)C3=NNN=N3,2707,DB00885,0.027396991848945618,0.0654686763882637,-4.802257537841797,0.9496641755104065,Transcriptome_and_KG
7254,CCN[C@H]1CN(S(=O)(=O)C2=C1C=C(S2)S(=O)(=O)N)CCCOC,3856,DB01194,0.027014512568712234,-0.11024995893239975,-0.6290489435195923,0.951235830783844,Transcriptome_and_KG
7254,OP(=O)(O)[O-].[Na+],4994,DB09449,0.026407137513160706,0.02488456480205059,-4.703206539154053,0.9579535722732544,Transcriptome_and_KG
7254,C1C2=CC=CC=C2OC(=O)N1CC(=O)N,699,DB09254,0.026340648531913757,0.046154048293828964,-5.3029704093933105,0.9578263759613037,Transcriptome_and_KG
7254,CC(C)NC1=C(N=CC=C1)N2CCN(CC2)C(=O)C3=CC4=C(N3)C=CC(=C4)NS(=O)(=O)C,1841,DB00705,0.025997832417488098,0.009253842756152153,-4.531221389770508,0.9602283835411072,Transcriptome_and_KG
7254,C1C2=CC=CC=C2N(C3=CC=CC=C3C1=O)C(=O)N,698,DB00776,0.025949418544769287,0.06671454012393951,-4.092063903808594,0.9412208199501038,Transcriptome_and_KG
7254,CC1=CC2=C(S1)NC3=CC=CC=C3N=C2N4CCN(CC4)C,2644,DB00334,0.025805026292800903,0.04943770170211792,-5.602972984313965,0.9591453075408936,Transcriptome_and_KG
7254,CC1=C(C=CN=C1CS(=O)C2=NC3=CC=CC=C3N2)OCCCOC,2417,DB01129,0.02547624707221985,0.007023666985332966,-3.968973159790039,0.9556384682655334,Transcriptome_and_KG
7254,CC[N+](C)(CC)CCOC(=O)C1C2=CC=CC=C2OC3=CC=CC=C13,4058,DB00940,0.02524542808532715,0.00644298642873764,-6.599876403808594,0.9722791910171509,Transcriptome_and_KG
7254,C[C@H](CCC(=O)O)[C@H]1CC[C@@H]2[C@@]1(CC[C@H]3[C@H]2[C@@H](C[C@H]4[C@@]3(CC[C@H](C4)O)C)O)C,4865,DB06777,0.0251779705286026,-0.02314666286110878,-1.9117878675460815,0.9318808913230896,Transcriptome_and_KG
7254,C#CCNC1CCC2=CC=CC=C12,24,DB01367,0.024749577045440674,-0.012191399931907654,-5.642655372619629,0.9716037511825562,Transcriptome_and_KG
7254,CC1=CN(C(=O)NC1=O)[C@H]2C[C@@H]([C@H](O2)CO)N=[N+]=[N-],2728,DB00495,0.024721696972846985,0.06463756412267685,-2.8717198371887207,0.9203515648841858,Transcriptome_and_KG
7254,CC1=CC=C(C=C1)N(CC2=NCCN2)C3=CC(=CC=C3)O,2671,DB00692,0.024461716413497925,0.09337162971496582,-7.823192596435547,0.9634017944335938,Transcriptome_and_KG
7254,CC1=C(C(C(=C(N1)C)C(=O)OC(C)C)C2=CC=CC3=NON=C32)C(=O)OC,2285,DB00270,0.024025365710258484,-0.05103881284594536,-3.667876720428467,0.9693809747695923,Transcriptome_and_KG
7254,C(=O)([O-])[O-].[Mg+2],37,DB09481,0.023674264550209045,0.044216662645339966,-6.469610214233398,0.9647965431213379,Transcriptome_and_KG
7254,CC1(C(N2C(S1)C(C2=O)NC(=O)C(C3=CC=CC=C3)N)C(=O)O)C,2065,DB00415,0.023612886667251587,0.044080592691898346,-4.8121337890625,0.9538055062294006,Transcriptome_and_KG
7254,CN1C(=NN=N1)SCC2=C(N3C(C(C3=O)NC(=O)C(C4=CC=CC=C4)O)SC2)C(=O)O,4248,DB01326,0.023372210562229156,-0.0276079960167408,-1.9748539924621582,0.9350442290306091,Transcriptome_and_KG
7254,CC1C2C(C(=O)N2C(=C1SC3CC(NC3)C(=O)N(C)C)C(=O)O)C(C)O,2891,DB00760,0.022833436727523804,0.027195189148187637,-4.718779563903809,0.9567461609840393,Transcriptome_and_KG
7254,CCN(CC)C(C)C(=O)C1=CC=CC=C1,3727,DB00937,0.022186890244483948,0.004012520425021648,-8.65744400024414,0.9784946441650391,Transcriptome_and_KG
7254,C1=CN=CC=C1N,569,DB06637,0.02197904884815216,-0.025144832208752632,-2.6088240146636963,0.9472266435623169,Transcriptome_and_KG
7254,CN=C1CN(C(=C2C=C(C=CC2=N1)Cl)C3=CC=CC=C3)O,4454,DB00475,0.021345824003219604,0.03520207852125168,-5.787428855895996,0.9622992277145386,Transcriptome_and_KG
7254,CCN(CC)CC#CCOC(=O)C(C1CCCCC1)(C2=CC=CC=C2)O,3732,DB01062,0.021104738116264343,-0.013574839569628239,-4.834468841552734,0.9667595028877258,Transcriptome_and_KG
7254,C([C@H]([C@H]([C@@H]([C@H](C(=O)[O-])O)O)O)O)O.C([C@H]([C@H]([C@@H]([C@H](C(=O)[O-])O)O)O)O)O.[Fe+2],142,DB14488,0.020704880356788635,-0.06886063516139984,-1.3247654438018799,0.9372617602348328,Transcriptome_and_KG
7254,CCCCOC1=CC=C(C=C1)OCCCN2CCOCC2,3621,DB09345,0.02032528817653656,0.023732246831059456,-5.625442028045654,0.9634064435958862,Transcriptome_and_KG
7254,C1=CC=C(C(=C1)C(=O)N)O,384,DB08797,0.01993069052696228,0.09402425587177277,-5.593994140625,0.9491491913795471,Transcriptome_and_KG
7254,CC(C(=O)NCC(=O)O)S,1425,DB06823,0.019553199410438538,-0.03443600982427597,-3.2813119888305664,0.9591851234436035,Transcriptome_and_KG
7254,COC1=CC=CC=C1OCCNCC(COC2=CC=CC3=C2C4=CC=CC=C4N3)O,4686,DB01136,0.01919785887002945,-0.039231982082128525,-4.395177841186523,0.9698390364646912,Transcriptome_and_KG
7254,CC1=C(C(CCC1)(C)C)/C=C/C(=C/C=C/C(=C/CO)/C)/C,2307,DB00162,0.01898840069770813,0.03662930801510811,-5.141426086425781,0.9571734666824341,Transcriptome_and_KG
7254,C1CCC(CC1)C(CCN2CCCCC2)(C3=CC=CC=C3)O,898,DB00376,0.01887744665145874,0.06931100785732269,-7.331549644470215,0.9640430212020874,Transcriptome_and_KG
7254,CNCCON=C1C2=CC=CC=C2C=CC3=CC=CC=C31,4507,DB08998,0.01867617666721344,0.025763850659132004,-5.6035003662109375,0.9625523090362549,Transcriptome_and_KG
7254,C1=CC(=CC=C1C(=O)O)N,286,DB02362,0.018375635147094727,-0.020178314298391342,-4.4318623542785645,0.9650214314460754,Transcriptome_and_KG
7254,CC1C(C(CC(O1)OC2C(OC(CC2O)OC3C(OC(CC3O)OC4CCC5(C(C4)CCC6C5CC(C7(C6(CCC7C8=CC(=O)OC8)O)C)O)C)C)C)O)O,2862,DB00390,0.018371671438217163,0.0009280722588300705,-5.650101184844971,0.9677730202674866,Transcriptome_and_KG
7254,C1CC(N(C1)C(=O)C(CCCCN)NC(CCC2=CC=CC=C2)C(=O)O)C(=O)O,785,DB00722,0.018313243985176086,-0.024757804349064827,-4.978813171386719,0.9696080684661865,Transcriptome_and_KG
7254,CC1C2C(C(=O)N2C(=C1SC3CC(NC3)C(=O)NC4=CC=CC(=C4)C(=O)O)C(=O)O)C(C)O,2892,DB00303,0.018222138285636902,0.011989384889602661,-2.6947848796844482,0.9330780506134033,Transcriptome_and_KG
7254,CC(=O)OCC(=O)NCCCOC1=CC=CC(=C1)CN2CCCCC2,1373,DB08806,0.016864925622940063,-0.037727028131484985,-3.12685489654541,0.9576520919799805,Transcriptome_and_KG
7254,CCOC(=O)C(CCC1=CC=CC=C1)NC2CCC3=CC=CC=C3N(C2=O)CC(=O)O,3872,DB00542,0.016833141446113586,-0.07612772285938263,-4.161623001098633,0.9777752757072449,Transcriptome_and_KG
7254,C1NC2=C(C=C(C(=C2)C(F)(F)F)S(=O)(=O)N)S(=O)(=O)N1,1162,DB00774,0.016132459044456482,-0.03039691410958767,-3.2376954555511475,0.956257700920105,Transcriptome_and_KG
7254,CN1CCN(CC1)CCCN2C3=CC=CC=C3SC4=C2C=C(C=C4)C(F)(F)F,4427,DB00831,0.015728607773780823,-0.02839178964495659,-5.787346839904785,0.973825991153717,Transcriptome_and_KG
7254,CC(C)N(CCNC(=O)CN1CCCC1=O)C(C)C,1815,DB13247,0.0156220942735672,-0.05477719381451607,-2.385066509246826,0.9532472491264343,Transcriptome_and_KG
7254,C(CCCC(=O)O)CCCC(=O)O,99,DB00548,0.015195168554782867,-0.07880416512489319,-3.2533926963806152,0.972547709941864,Transcriptome_and_KG
7254,CCC(C)(CCC1=CC=CC=C1)O,3126,DB05468,0.015053890645503998,0.011902287602424622,-0.116413414478302,0.6205710768699646,Transcriptome_and_KG
7254,CC1=CC=C(C=C1)C(=CCN2CCCC2)C3=CC=CC(=N3)C=CC(=O)O,2652,DB09488,0.014806181192398071,0.07689350843429565,-9.484979629516602,0.9703809022903442,Transcriptome_and_KG
7254,CN(C)C1C2CC3C(C4=C(C=CC(=C4C(=C3C(=O)C2(C(=C(C1=O)C(=O)N)O)O)O)O)Cl)O,4106,DB00618,0.014063343405723572,0.03206338360905647,-4.052284240722656,0.946841835975647,Transcriptome_and_KG
7254,CCN[C@H]1C[C@@H](S(=O)(=O)C2=C1C=C(S2)S(=O)(=O)N)C,3857,DB00869,0.013613387942314148,-0.03731093555688858,-2.438081741333008,0.9458160400390625,Transcriptome_and_KG
7254,C1COCCN1CCNC(=O)C2=CC=C(C=C2)Cl,1143,DB01171,0.013397440314292908,0.0029771490953862667,-6.055685997009277,0.9685184955596924,Transcriptome_and_KG
7254,C1=CN(C=N1)CC(O)(P(=O)(O)O)P(=O)(O)O,559,DB00399,0.013194076716899872,-0.040198855102062225,-3.5649120807647705,0.9620469808578491,Transcriptome_and_KG
7254,CCS(=O)(=O)CCN1C(=NC=C1[N+](=O)[O-])C,4010,DB00911,0.012529805302619934,-0.03077668510377407,-2.7799153327941895,0.9487876296043396,Transcriptome_and_KG
7254,CC1C=CC=CC=CC=CC=CC=CC=CC(CC2C(C(CC(O2)(CC(CC(C(CCC(CC(CC(=O)OC(C(C1O)C)C)O)O)O)O)O)O)O)C(=O)O)OC3C(C(C(C(O3)C)O)N)O,2914,DB00681,0.012107625603675842,-0.01924184337258339,-4.6397905349731445,0.9648087620735168,Transcriptome_and_KG
7254,CC=CC1=C(N2C(C(C2=O)NC(=O)C(C3=CC=C(C=C3)O)N)SC1)C(=O)O,3054,DB01150,0.011094599962234497,-0.01244019903242588,-4.457403182983398,0.9615429043769836,Transcriptome_and_KG
7254,CC1(C(=O)N(C(=O)O1)C)C,2036,DB00347,0.010925248265266418,0.015313618816435337,-6.475218296051025,0.9678244590759277,Transcriptome_and_KG
7254,CC1(CC1C(=O)NC(=CCCCCSCC(C(=O)O)N)C(=O)O)C,2104,DB01597,0.010272383689880371,-0.02727116085588932,-5.255475044250488,0.9700095057487488,Transcriptome_and_KG
7254,CC#CCC(C)C(C=CC1C(CC2C1CC(=CCCCC(=O)O)C2)O)O,1237,DB01088,0.010065533220767975,-0.04246741160750389,-2.4661965370178223,0.9470970630645752,Transcriptome_and_KG
7254,CC1=C(N=CN1)CSCCNC(=NC)NC#N,2446,DB00501,0.009557388722896576,-0.048729073256254196,-4.640017509460449,0.9714381098747253,Transcriptome_and_KG
7254,C1C(C(C(C(C1N)OC2C(C(C(C(O2)CO)O)O)N)OC3C(C(C(O3)CO)OC4C(C(C(C(O4)CN)O)O)N)O)O)N,633,DB01421,0.00833699107170105,0.022444546222686768,-6.547185897827148,0.9664798378944397,Transcriptome_and_KG
7254,CN(CCCN1C2=CC=CC=C2CCC3=CC=CC=C31)CC(=O)C4=CC=C(C=C4)Cl,4216,DB13411,0.008334994316101074,0.03688272088766098,-5.261092185974121,0.9558809995651245,Transcriptome_and_KG
7254,CC(C)C(=O)OC(C)OC(=O)NCC1(CCCCC1)CC(=O)O,1614,DB08872,0.00824332982301712,-0.056501489132642746,-2.452892541885376,0.9521041512489319,Transcriptome_and_KG
7254,CCN1C=C(C(=O)C2=CC(=C(C(=C21)F)N3CCNC(C3)C)F)C(=O)O,3809,DB00978,0.007746309041976929,0.01956825517117977,-4.438809394836426,0.9526264071464539,Transcriptome_and_KG
7254,CN1CCC23C4C1CC5=C2C(=C(C=C5)OC)OC3C(CC4)O,4362,DB01551,0.007692083716392517,0.04962814599275589,-6.923814296722412,0.9635838270187378,Transcriptome_and_KG
7254,CCCC(C)C1(C(=O)NC(=O)NC1=O)CC,3369,DB00312,0.00767187774181366,0.03585977479815483,-8.44331169128418,0.9716729521751404,Transcriptome_and_KG
7254,CC(C1=CC2=CC=CC=C2S1)N(C(=O)N)O,1927,DB00744,0.007126465439796448,-0.022175274789333344,-4.008430480957031,0.9592912793159485,Transcriptome_and_KG
7254,CC1=C(C=CC=C1O)C(=O)N[C@@H](CSC2=CC=CC=C2)[C@@H](CN3C[C@H]4CCCC[C@H]4C[C@H]3C(=O)NC(C)(C)C)O,2412,DB00220,0.00652661919593811,-0.01971563696861267,-3.0572919845581055,0.9470502138137817,Transcriptome_and_KG
7254,CN(C)CCCN1C2=CC=CC=C2SC3=C1C=C(C=C3)Cl,4157,DB00477,0.0061292946338653564,0.023431777954101562,-5.801010608673096,0.9618876576423645,Transcriptome_and_KG
7254,CC1=CC2=C(N=C(N=C2S1)N3CCNCC3)C4=CC=CC=C4F.O.Cl,2642,DB05642,0.005261912941932678,-0.05139418691396713,-1.6088371276855469,0.9267802834510803,Transcriptome_and_KG
7254,CCC1(C(=O)NCNC1=O)C2=CC=CC=C2,3226,DB00794,0.005205564200878143,-0.0687568187713623,-2.332833766937256,0.9541886448860168,Transcriptome_and_KG
7254,CC1=C(C(C(=C(N1)C)C(=O)OC(C)C)C2=CC(=CC=C2)[N+](=O)[O-])C(=O)OCCOC,2283,DB00393,0.004716634750366211,-0.043423302471637726,-5.495231628417969,0.9735363125801086,Transcriptome_and_KG
7254,CC(C)CCOC1=CC=C(C=C1)NC(=S)NC2=CC=C(C=C2)OCCC(C)C,1786,DB13608,0.0047037675976753235,-0.06096258386969566,0.0,0.624447762966156,Transcriptome_and_KG
7254,C([C@H]([C@H]([C@@H]([C@H](C(=O)[O-])O)O)O)O)O.C([C@H]([C@H]([C@@H]([C@H](C(=O)[O-])O)O)O)O)O.[Zn+2],143,DB11248,0.004571706056594849,-0.03562448173761368,-5.451728820800781,0.9716590046882629,Transcriptome_and_KG
7254,CN1CCC23C4C1CC5=C2C(=C(C=C5)OC)OC3C(=O)CC4,4360,DB00956,0.004414722323417664,0.03419499099254608,-6.659399032592773,0.9643540382385254,Transcriptome_and_KG
7254,CC(C(=O)N1CCCC1C(=O)O)NC(CCC2=CC=CC=C2)C(=O)O,1414,DB09477,0.004258736968040466,-0.06386852264404297,-3.6784250736236572,0.9677474498748779,Transcriptome_and_KG
7254,CN1C(NC2=CC(=C(C=C2S1(=O)=O)S(=O)(=O)N)Cl)CSCC(F)(F)F,4264,DB01324,0.0036301463842391968,-0.06619127839803696,-4.417028427124023,0.9731945395469666,Transcriptome_and_KG
7254,CC1C(C(=O)N1S(=O)(=O)O)NC(=O)C(=NOC(C)(C)C(=O)O)C2=CSC(=N2)N,2847,DB00355,0.0030817538499832153,-0.012377481907606125,-4.251359939575195,0.9578572511672974,Transcriptome_and_KG
7254,C1=CC(=CC=C1CSC(CN2C=CN=C2)C3=C(C=C(C=C3)Cl)Cl)Cl,329,DB06820,0.002519458532333374,0.08701808005571365,-4.873284816741943,0.9402493834495544,Transcriptome_and_KG
7254,CCCCCN(C)CCC(O)(P(=O)(O)O)P(=O)(O)O,3572,DB00710,0.002487868070602417,-0.041261181235313416,-4.851286888122559,0.9692780375480652,Transcriptome_and_KG
7254,CN1CCN(CC1)C2=NC3=CC=CC=C3OC4=C2C=C(C=C4)Cl,4418,DB00408,0.002378031611442566,-0.007344290614128113,-10.581194877624512,0.9814696311950684,Transcriptome_and_KG
7254,CN[C@@H]1CCC2=C(C1)C3=C(N2)C=CC(=C3)C(=O)N,4514,DB00998,0.0021634846925735474,0.007698792032897472,-7.100337505340576,0.9703983068466187,Transcriptome_and_KG
7254,CC1=CC(=C(C=C1)SC2=CC=CC=C2N3CCNCC3)C,2531,DB09068,0.0019257515668869019,-0.04539341852068901,-2.8650054931640625,0.9518109560012817,Transcriptome_and_KG
7254,CC(C1=CC(=CC=C1)OC2=CC=CC=C2)C(=O)O,1918,DB00573,0.0015503913164138794,-0.02189551666378975,-4.333582878112793,0.9606615304946899,Transcriptome_and_KG
7254,COCCCN1CCC(CC1)NC(=O)C2=CC(=C(C3=C2OCC3)N)Cl,4718,DB06480,0.0015425682067871094,-0.012545745819807053,-4.858182907104492,0.9624096751213074,Transcriptome_and_KG
7254,CC1=C(C(=O)N2CCCC(C2=N1)O)CCN3CCC(CC3)C4=NOC5=C4C=CC(=C5)F,2275,DB01267,0.0013761967420578003,0.03346778452396393,-8.578322410583496,0.971622884273529,Transcriptome_and_KG
7254,CCC1(C(=O)NC(=O)N(C1=O)C)CC,3223,DB00463,0.0005054324865341187,0.011585984379053116,-5.001057147979736,0.9577621817588806,Transcriptome_and_KG
7254,CC1=CC(=CC=C1)NC2=C(C=NC=C2)S(=O)(=O)NC(=O)NC(C)C,2575,DB00214,-0.00017630308866500854,-0.08560699224472046,-2.7942917346954346,0.9655376076698303,Transcriptome_and_KG
7254,CC(=O)OCC(=O)[C@]1(CC[C@@H]2[C@@]1(C[C@@H]([C@]3([C@H]2CCC4=CC(=O)C=C[C@@]43C)F)O)C)O,1380,DB14640,-0.0001882612705230713,-0.013301433995366096,-6.169158935546875,0.9697326421737671,Transcriptome_and_KG
7254,CC(C)C1=C(C(=C(C(=N1)C(C)C)COC)C2=CC=C(C=C2)F)/C=C/[C@H](C[C@H](CC(=O)O)O)O,1676,DB00439,-0.00027993321418762207,-0.04730945825576782,-2.6277334690093994,0.9479268193244934,Transcriptome_and_KG
7254,CON=C(C1=CC=CO1)C(=O)NC2C3N(C2=O)C(=C(CS3)COC(=O)N)C(=O)O,4739,DB01112,-0.0007020682096481323,-0.01274530403316021,-2.544236183166504,0.932235062122345,Transcriptome_and_KG
7254,CCOC(=O)C1=C(NC(=C(C1C2=CC=CC=C2Cl)C(=O)OC)C)COCCN,3888,DB00381,-0.0007446110248565674,-0.00041398918256163597,-6.5510969161987305,0.9690235257148743,Transcriptome_and_KG
7254,CC(CC1=CC=CC=C1)N(C)CC#C,1985,DB01037,-0.0008703917264938354,0.011392817832529545,-5.593071937561035,0.9616798162460327,Transcriptome_and_KG
7254,C1=CC=C(C=C1)C(C2=CC=CC=C2)S(=O)CC(=O)N,419,DB06413,-0.0011234134435653687,0.05162310600280762,-7.393660068511963,0.9641597270965576,Transcriptome_and_KG
7254,C1=NNC2=C1C(=O)NC=N2,599,DB00437,-0.0015162676572799683,-0.034361664205789566,-2.205303430557251,0.9328873753547668,Transcriptome_and_KG
7254,CCOC(=O)C(CCC1=CC=CC=C1)NC(C)C(=O)N2CCCC2C(=O)O,3871,DB00584,-0.0018083080649375916,-0.08173535019159317,-3.064952850341797,0.966334879398346,Transcriptome_and_KG
7254,CNCCCCOC1=CC=CC=C1CC2=CC=CC=C2,4505,DB13550,-0.0018736869096755981,-0.01017543114721775,-3.840825319290161,0.9518309235572815,Transcriptome_and_KG
7254,C1=C(N=C(S1)N=C(N)N)CSCCC(=NS(=O)(=O)N)N,179,DB00927,-0.0019069910049438477,-0.029363756999373436,-4.5930986404418945,0.9637392163276672,Transcriptome_and_KG
7254,C[C@H]1[C@@H](OCCN1C)C2=CC=CC=C2,4898,DB01579,-0.0020678341388702393,-0.0031515080481767654,-8.708614349365234,0.976540744304657,Transcriptome_and_KG
7254,C1C(C(C(C(C1N)OC2C(C(C(C(O2)CN)O)O)O)O)OC3C(C(C(C(O3)CO)O)N)O)N,631,DB01172,-0.0021103769540786743,-0.014603076502680779,-3.4405925273895264,0.9481469988822937,Transcriptome_and_KG
7254,CCN[C@@H](C)CC1=CC(=CC=C1)C(F)(F)F,3854,DB01191,-0.002871483564376831,-0.04657338559627533,-7.645750522613525,0.9800326228141785,Transcriptome_and_KG
7254,C1CC(CCC1C2=CC=C(C=C2)Cl)C3=C(C4=CC=CC=C4C(=O)C3=O)O,768,DB01117,-0.002886742353439331,0.12186229228973389,-10.638664245605469,0.9666774272918701,Transcriptome_and_KG
7254,C[C@@H](CC1=CC=CC=C1)N(C)CC2=CC=CC=C2,4800,DB00865,-0.003638431429862976,0.0163363479077816,-7.437583923339844,0.9694697260856628,Transcriptome_and_KG
7254,CC(C)CC(C1(CCC1)C2=CC=C(C=C2)Cl)N(C)C,1754,DB01105,-0.0054262131452560425,-0.010734491050243378,-8.329485893249512,0.9761582612991333,Transcriptome_and_KG
7254,CCCCN(CCCC)CCC(C1=C2C=CC(=CC2=C3C=C(C=C(C3=C1)Cl)Cl)C(F)(F)F)O,3600,DB01218,-0.006310358643531799,0.025685196742415428,-5.6056694984436035,0.957854151725769,Transcriptome_and_KG
7254,CC(C)(C)[C@@H](C(=O)N[C@@H](CC1=CC=CC=C1)[C@H](CN(CC2=CC=C(C=C2)C3=CC=CC=N3)NC(=O)[C@H](C(C)(C)C)NC(=O)OC)O)NC(=O)OC,1564,DB01072,-0.00788300484418869,-0.05427198112010956,-2.1956586837768555,0.9389968514442444,Transcriptome_and_KG
7254,CCC(=O)C1(C(CC2C1(CC(C3C2CCC4=CC(=O)C=CC34C)O)C)C)C,3069,DB00896,-0.00874154269695282,-0.01017485186457634,-5.659572601318359,0.9649457335472107,Transcriptome_and_KG
7254,CC(C)OC(=O)CCCC=CCC1C(CC(C1CCC(CCC2=CC=CC=C2)O)O)O,1881,DB00654,-0.009280815720558167,-0.02701752260327339,-3.879354476928711,0.9550364017486572,Transcriptome_and_KG
7254,CCCSC1=NC(=C2C(=N1)N(N=N2)C3CC(C(C3O)O)OCCO)NC4CC4C5=CC(=C(C=C5)F)F,3696,DB08816,-0.009369656443595886,0.01493812445551157,-6.918862819671631,0.9666613340377808,Transcriptome_and_KG
7254,CC(C)NCC(COC1=CC=C(C=C1)CC(=O)N)O,1852,DB00335,-0.010139033198356628,-0.01289657223969698,-5.092895984649658,0.9616537094116211,Transcriptome_and_KG
7254,CN(C)CCCC1(C2=C(CO1)C=C(C=C2)C#N)C3=CC=C(C=C3)F,4153,DB00215,-0.01025591790676117,0.020957399159669876,-6.728117942810059,0.964606523513794,Transcriptome_and_KG
7254,CCN1C(=O)C(NC1=O)C2=CC=CC=C2,3788,DB00754,-0.010595753788948059,-0.06433802843093872,-2.5651419162750244,0.9497774243354797,Transcriptome_and_KG
7254,CC(C)CC(CC(=O)O)CN,1756,DB00230,-0.010933473706245422,-0.05090456083416939,-3.10638165473938,0.9528259038925171,Transcriptome_and_KG
7254,C1=C(C=C(C(=C1S(=O)(=O)N)Cl)Cl)S(=O)(=O)N,174,DB01144,-0.01151205599308014,0.03004756011068821,-5.252889633178711,0.9532850384712219,Transcriptome_and_KG
7254,CC1CC2C3CCC(C3(CC(C2(C4(C1=CC(=O)C=C4)C)F)O)C)(C(=O)C)O,2960,DB00324,-0.011624902486801147,-0.004580853506922722,-6.201285362243652,0.9662768840789795,Transcriptome_and_KG
7254,C(C(=O)O)C(CC(=O)O)(C(=O)O)O,43,DB04272,-0.013264447450637817,-0.017004847526550293,-6.632182598114014,0.9702379107475281,Transcriptome_and_KG
7254,CN1CCN(CC1)C(C2=CC=CC=C2)C3=CC=C(C=C3)Cl,4402,DB08936,-0.013380885124206543,0.0625477284193039,-8.868378639221191,0.9668675065040588,Transcriptome_and_KG
7254,C1CCN(CC1)CCC(C2CCCC2)(C3=CC=CC=C3)O,955,DB00942,-0.01412750780582428,0.01831667497754097,-6.341232776641846,0.9624135494232178,Transcriptome_and_KG
7254,CC(C)CN(CC(C(CC1=CC=CC=C1)NC(=O)OC2CCOC2)O)S(=O)(=O)C3=CC=C(C=C3)N,1789,DB00701,-0.01416829228401184,-0.07096059620380402,-2.7359867095947266,0.9538278579711914,Transcriptome_and_KG
7254,C1CC1N2C=C(C(=O)C3=CC(=C(C=C32)N4CCNCC4)F)C(=O)O,832,DB00537,-0.0146474689245224,0.03696775436401367,-4.86961030960083,0.9476975202560425,Transcriptome_and_KG
7254,C1CCN(CC1)CCCOCCCC2=CC=C(C=C2)Cl,957,DB11642,-0.014786124229431152,0.03599212318658829,-5.886925220489502,0.9562170505523682,Transcriptome_and_KG
7254,CCN(CC)CCOCCOC(=O)C1(CCCC1)C2=CC=CC=C2,3771,DB11186,-0.015793785452842712,-0.027397172525525093,-6.997676849365234,0.9730479121208191,Transcriptome_and_KG
7254,CC(C)NC[C@@H](COC1=CC=C(C=C1)CCOCC2CC2)O,1867,DB09351,-0.01583467423915863,-0.04750824347138405,-2.492023468017578,0.9393042922019958,Transcriptome_and_KG
7254,CC(=O)CC(C1=CC=CC=C1)C2=C(C3=CC=CC=C3OC2=O)O,1289,DB00682,-0.01621115207672119,-0.029813673347234726,-4.567267417907715,0.9603502750396729,Transcriptome_and_KG
7254,CCCCNC1=C(C(=CC(=C1)C(=O)O)S(=O)(=O)N)OC2=CC=CC=C2,3614,DB00887,-0.017310619354248047,-0.04902089014649391,-3.9916934967041016,0.9601998329162598,Transcriptome_and_KG
7254,CC(=O)[O-].CC(=O)[O-].[Zn+2],1403,DB14487,-0.01760244369506836,-0.013941309414803982,-3.150031328201294,0.9387044310569763,Transcriptome_and_KG
7254,C[C@@H](C1=NC=NC=C1F)[C@](CN2C=NC=N2)(C3=C(C=C(C=C3)F)F)O,4798,DB00582,-0.017708420753479004,-0.048086415976285934,-2.8191444873809814,0.9450700283050537,Transcriptome_and_KG
7254,CC(C)NCC(C1=CC(=CC(=C1)O)O)O.CC(C)NCC(C1=CC(=CC(=C1)O)O)O.OS(=O)(=O)O,1849,DB00816,-0.017804771661758423,-0.0690932422876358,-5.418269634246826,0.974202573299408,Transcriptome_and_KG
7254,CCN(CC)C(=O)NC1CN(C2CC3=CNC4=CC=CC(=C34)C2=C1)C,3723,DB00589,-0.018375791609287262,-0.07864175736904144,-2.9539413452148438,0.9582516551017761,Transcriptome_and_KG
7254,CC1=CC(=CC=C1)N2CC(OC2=O)CO,2573,DB09245,-0.01880122721195221,-0.007349727675318718,-5.214166164398193,0.9595118165016174,Transcriptome_and_KG
7254,CCC(C(CC(C)N(C)C)(C1=CC=CC=C1)C2=CC=CC=C2)OC(=O)C,3114,DB01433,-0.01931042969226837,0.003050633706152439,-3.5881497859954834,0.9398561716079712,Transcriptome_and_KG
7254,CN(C)CCCN1C2=CC=CC=C2CCC3=CC=CC=C31,4155,DB00458,-0.019371256232261658,0.06015383079648018,-7.633453845977783,0.9613581895828247,Transcriptome_and_KG
7254,CCOC(=O)C1C(=O)NC2=C(C=C(C=C2)Cl)C(=N1)C3=CC=CC=C3F,3898,DB01545,-0.019377142190933228,-0.005987958982586861,-7.202121734619141,0.9697614312171936,Transcriptome_and_KG
7254,CN1C2CCC1CC(C2)OC(C3=CC=CC=C3)C4=CC=CC=C4,4299,DB00245,-0.01967066526412964,0.03581634908914566,-6.861504077911377,0.9612959623336792,Transcriptome_and_KG
7254,CN(C)CC(C1=CC=C(C=C1)OC)C2(CCCCC2)O,4113,DB00285,-0.019971102476119995,-0.004942349623888731,-5.48577880859375,0.9606485366821289,Transcriptome_and_KG
7254,CC1=CC=C(C=C1)C(=CCN2CCCC2)C3=CC=CC=N3,2653,DB00427,-0.020383596420288086,0.13682310283184052,-8.828142166137695,0.9562051296234131,Transcriptome_and_KG
7254,CN(C)C(=O)OC1=CC=CC(=C1)[N+](C)(C)C,4094,DB01400,-0.020817026495933533,-0.034536585211753845,-5.524748802185059,0.9668505191802979,Transcriptome_and_KG
7254,CC(C1C(O1)CC2COC(C(C2O)O)CC(=CC(=O)OCCCCCCCCC(=O)O)C)C(C)O,1951,DB00410,-0.02103300765156746,-0.1283637285232544,-1.3340764045715332,0.951911985874176,Transcriptome_and_KG
7254,CCNC(=O)N(CCCN(C)C)C(=O)[C@@H]1C[C@H]2[C@@H](CC3=CNC4=CC=CC2=C34)N(C1)CC=C,3844,DB00248,-0.021572023630142212,-0.025250621140003204,-4.109933376312256,0.953730046749115,Transcriptome_and_KG
7254,CNCCC(C1=CC=CS1)OC2=CC=CC3=CC=CC=C32,4500,DB00476,-0.021802306175231934,-0.026354791596531868,-5.023632526397705,0.961725115776062,Transcriptome_and_KG
7254,CC1([C@@H](N2[C@H](S1)[C@@H](C2=O)NC(=O)[C@@H](C3=CC=C(C=C3)O)N)C(=O)O)C,2154,DB01060,-0.022988125681877136,0.03326556086540222,-4.284018516540527,0.9401840567588806,Transcriptome_and_KG
7254,C[N+]1(C2CC(CC1C3C2O3)OC(=O)C(C4=CC=CS4)(C5=CC=CS5)O)C,4960,DB01409,-0.023117616772651672,0.020736975595355034,-5.673192977905273,0.9561519622802734,Transcriptome_and_KG
7254,CN1C(=O)CC(C1=O)C2=CC=CC=C2,4259,DB00832,-0.023242220282554626,-0.020241016522049904,-3.978086233139038,0.9505169987678528,Transcriptome_and_KG
7254,C1=CC(=C(C=C1Cl)CC2=C(C=CC(=C2)Cl)O)O,227,DB11396,-0.02394220232963562,0.027930554002523422,-4.870788097381592,0.9477471113204956,Transcriptome_and_KG
7254,CON=C(C1=CSC(=N1)N)C(=O)NC2C3N(C2=O)C(=CCS3)C(=O)O,4744,DB01332,-0.02457420527935028,-0.009181457571685314,-2.9824984073638916,0.9316657781600952,Transcriptome_and_KG
7254,CC(=O)N=C1N(N=C(S1)S(=O)(=O)N)C,1307,DB00703,-0.024659588932991028,0.039974652230739594,-5.34636926651001,0.9493817687034607,Transcriptome_and_KG
7254,C(C(=O)O)N,45,DB00145,-0.025037124752998352,0.04842235893011093,-6.689070701599121,0.957365870475769,Transcriptome_and_KG
7254,COC1=C(C=C2C(=C1)C(=NC(=N2)N3CCN(CC3)C(=O)C4COC5=CC=CC=C5O4)N)OC,4590,DB00590,-0.02505439519882202,-0.003001024015247822,-11.653358459472656,0.9800581932067871,Transcriptome_and_KG
7254,CC(C)(C)NCC(COC1=CC=CC2=C1CCC(=O)N2)O,1545,DB00521,-0.025129839777946472,-0.037166379392147064,-4.529356002807617,0.9597851037979126,Transcriptome_and_KG
7254,CNCCC(C1=CC=CC=C1)OC2=CC=C(C=C2)C(F)(F)F,4499,DB00472,-0.025225892663002014,-0.013038583099842072,-8.350502967834473,0.973947286605835,Transcriptome_and_KG
7254,CCCCN(CCCC)CCCOC(=O)C1=CC=C(C=C1)N,3601,DB11502,-0.025574609637260437,-0.020814578980207443,-3.5766401290893555,0.9450296759605408,Transcriptome_and_KG
7254,C1=CC2=C(C(=C(C=C2Cl)I)O)N=C1,355,DB04815,-0.025891944766044617,0.03847643733024597,-5.93501091003418,0.9540868997573853,Transcriptome_and_KG
7254,CN1CCC23CCCCC2C1CC4=C3C=C(C=C4)OC,4366,DB00514,-0.026384934782981873,0.036247290670871735,-6.862356662750244,0.9601782560348511,Transcriptome_and_KG
7254,CCCCCCCCCCCCCCCC(=O)OCC(COP(=O)([O-])OCC[N+](C)(C)C)OC(=O)CCCCCCCCCCCCCCC,3532,DB09114,-0.02646104246377945,-0.10526494681835175,-4.592380046844482,0.9769649505615234,Transcriptome_and_KG
7254,CCCC(=O)NC1=CC(=C(C=C1)OCC(CNC(C)C)O)C(=O)C,3353,DB01193,-0.02666661888360977,-0.0746721550822258,-3.9077682495117188,0.9642513990402222,Transcriptome_and_KG
7254,CCN(CC1=CC=NC=C1)C(=O)C(CO)C2=CC=CC=C2,3777,DB00809,-0.0267581045627594,-0.04214742034673691,-5.610884666442871,0.9677485227584839,Transcriptome_and_KG
7254,C[C@H](CCC(=O)O)[C@H]1CC[C@@H]2[C@@]1([C@H](C[C@H]3[C@H]2[C@@H](C[C@H]4[C@@]3(CC[C@H](C4)O)C)O)O)C,4867,DB02659,-0.02757367491722107,-0.04612434282898903,-2.4745330810546875,0.9336177706718445,Transcriptome_and_KG
7254,CCCC(CCC)C(=O)OC1CC2CCC(C1)[N+]2(C)C.[Br-],3376,DB00517,-0.02840389311313629,0.010163026861846447,-6.539905071258545,0.9625621438026428,Transcriptome_and_KG
7254,CN1C=CNC1=S,4319,DB00763,-0.029119089245796204,-0.044380929321050644,-6.051568984985352,0.9699651598930359,Transcriptome_and_KG
7254,CC1=CC(=CC2=C1NN=C2)CC(C(=O)N3CCN(CC3)C4CCN(CC4)C)NC(=O)N5CCC(CC5)C6=CC7=CC=CC=C7NC6=O,2567,DB15688,-0.029318571090698242,0.03720696270465851,-0.6013985276222229,0.7252479791641235,Transcriptome_and_KG
7254,CCC1C(COC1=O)CC2=CN=CN2C,3329,DB01085,-0.02981601655483246,-0.024836456403136253,-4.118022441864014,0.9516064524650574,Transcriptome_and_KG
7254,CC(C)C(=O)OC1=C(C=C(C=C1)CO)[C@H](CCN(C(C)C)C(C)C)C2=CC=CC=C2,1618,DB06702,-0.030175089836120605,-0.0388563871383667,-3.9472219944000244,0.9535157084465027,Transcriptome_and_KG
7254,CC(C1=CC=CC=C1)NN,1941,DB09248,-0.03090547025203705,0.018184959888458252,-5.470422744750977,0.9536650776863098,Transcriptome_and_KG
7254,CCCC(C)C1(C(=O)NC(=O)NC1=O)CC=C,3370,DB00418,-0.03203283250331879,0.031588226556777954,-6.223128318786621,0.9562560319900513,Transcriptome_and_KG
7254,CC1=C(C=CN=C1CS(=O)C2=NC3=CC=CC=C3N2)OCC(F)(F)F,2416,DB05351,-0.03204387426376343,-0.07581500709056854,-5.2398271560668945,0.9719355702400208,Transcriptome_and_KG
7254,CC1COC2=C3N1C=C(C(=O)C3=CC(=C2N4CCN(CC4)C)F)C(=O)O,3036,DB01165,-0.03228309750556946,0.041566841304302216,-4.077336311340332,0.9329612255096436,Transcriptome_and_KG
7254,CCN(CC)CCCC(C)NC1=C2C=CC(=CC2=NC=C1)Cl,3740,DB00608,-0.033004485070705414,-0.0855850800871849,-2.820091724395752,0.9538175463676453,Transcriptome_and_KG
7254,COC(CC1=CC=C(C=C1)OCCCOC2=CC=C(C=C2)OC3=CC=CC=C3)C(=O)O,4550,DB12662,-0.033244259655475616,-0.044842079281806946,-0.13058656454086304,0.6099581718444824,Transcriptome_and_KG
7254,C1=CC(=CC=C1N)S(=O)(=O)N,333,DB00259,-0.03333723545074463,-0.01816130243241787,-4.193037033081055,0.9497633576393127,Transcriptome_and_KG
7254,C1CN(CCN1CCCN2C3=CC=CC=C3C=CC4=CC=CC=C42)CCO,1054,DB12930,-0.03379502892494202,-0.017594441771507263,-5.2599358558654785,0.9590036273002625,Transcriptome_and_KG
7254,C1CN(CCN1CCCN2C3=CC=CC=C3SC4=C2C=C(C=C4)C(F)(F)F)CCO,1055,DB00623,-0.03438474237918854,0.025767210870981216,-7.007343769073486,0.9614318013191223,Transcriptome_and_KG
7254,CC(C)(C)NC[C@@H](COC1=CC=CC2=C1CCCC2=O)O,1553,DB01210,-0.03462296724319458,-0.026055792346596718,-4.387600421905518,0.9534865617752075,Transcriptome_and_KG
7254,C1C[C@@H](O[C@@H]1CO)N2C=NC3=C2N=CNC3=O,1150,DB00900,-0.035090357065200806,-0.019932366907596588,-3.127652645111084,0.9346545934677124,Transcriptome_and_KG
7254,CC(C)(C)NCC(COC1=NSN=C1N2CCOCC2)O,1551,DB00373,-0.03637237101793289,-0.05563253164291382,-4.950483322143555,0.9647804498672485,Transcriptome_and_KG
7254,CCCC1=CC(=O)NC(=S)N1,3393,DB00550,-0.03672419488430023,0.005976138636469841,-5.536186695098877,0.9555314779281616,Transcriptome_and_KG
7254,CN(C)CCOC(=O)C(C1=CC=CC=C1)C2(CCCC2)O,4169,DB00979,-0.037890926003456116,-0.041680630296468735,-5.836612224578857,0.9667704105377197,Transcriptome_and_KG
7254,C1CN(CCN1CCOCCO)C(C2=CC=CC=C2)C3=CC=C(C=C3)Cl,1065,DB00557,-0.03807744383811951,0.06725285202264786,-7.286416530609131,0.9557759761810303,Transcriptome_and_KG
7254,CCCC(CCC)C(=O)O.CCCC(CCC)C(=O)[O-].[Na+],3375,DB00313,-0.03963075578212738,-0.010662971995770931,-7.789624214172363,0.9697934985160828,Transcriptome_and_KG
7254,CC(C)(CC1=CC=C(C=C1)Cl)N,1581,DB01556,-0.040026724338531494,0.015992943197488785,-6.823557376861572,0.9612075090408325,Transcriptome_and_KG
7254,CC1=CC2=C(C=C1C)N(C3=NC(=O)NC(=O)C3=N2)CC(C(C(CO)O)O)O,2627,DB00140,-0.04139110445976257,-0.03737565129995346,-6.90476131439209,0.9703631401062012,Transcriptome_and_KG
7254,CC(CS)C(=O)N1CCCC1C(=O)O,2023,DB01197,-0.04179050773382187,-0.11306716501712799,-3.0088906288146973,0.9634990096092224,Transcriptome_and_KG
7254,CN(C)CC1CCCCC1(C2=CC(=CC=C2)OC)O,4129,DB00193,-0.04182015359401703,-0.033586062490940094,-5.747136116027832,0.9639308452606201,Transcriptome_and_KG
7254,CN1C(=NC(=O)C(=O)N1)SCC2=C(N3C(C(C3=O)NC(=O)C(=NOC)C4=CSC(=N4)N)SC2)C(=O)O,4236,DB01212,-0.04228106141090393,-0.023621942847967148,-5.0004801750183105,0.9565897583961487,Transcriptome_and_KG
7254,CC(C(=O)C1=CC(=CC=C1)Cl)NC(C)(C)C,1407,DB01156,-0.0425187349319458,0.0179857537150383,-8.299896240234375,0.9671444892883301,Transcriptome_and_KG
7254,C[C@H]1[C@@H]2CC[C@]3([C@H]([C@]2(CC[C@H]1O)C)[C@@H](C[C@@H]\\4[C@@]3(C[C@@H](/C4=C(/CCC=C(C)C)\\C(=O)O)OC(=O)C)C)O)C,4902,DB02703,-0.04257361590862274,0.016370106488466263,-4.330461502075195,0.9402802586555481,Transcriptome_and_KG
7254,CCCC(C)(COC(=O)N)COC(=O)N,3367,DB00371,-0.04276855289936066,-0.03491029143333435,-5.449533939361572,0.9621830582618713,Transcriptome_and_KG
7254,C1[C@H](O[C@H](S1)CO)N2C=C(C(=NC2=O)N)F,1188,DB00879,-0.04331889748573303,-0.006162311416119337,-3.806692600250244,0.9390450716018677,Transcriptome_and_KG
7254,CC(C)NCC(COC1=CC=C(C=C1)COCCOC(C)C)O,1857,DB00612,-0.04332803189754486,-0.06655303388834,-4.534006595611572,0.9628804922103882,Transcriptome_and_KG
7254,CCOC(=O)C(CCC1=CC=CC=C1)NC(C)C(=O)N2C3CCCC3CC2C(=O)O,3866,DB00178,-0.04333332180976868,-0.01730198599398136,-8.867305755615234,0.9737254977226257,Transcriptome_and_KG
7254,C(C(=O)[O-])C(CC(=O)[O-])(C(=O)[O-])O.C(C(=O)[O-])C(CC(=O)[O-])(C(=O)[O-])O.[Mg+2].[Mg+2].[Mg+2],50,DB11110,-0.04378236085176468,-0.06384320557117462,-4.528156280517578,0.9620498418807983,Transcriptome_and_KG
7254,CCCNCC(COC1=CC=CC=C1C(=O)CCC2=CC=CC=C2)O,3680,DB01182,-0.04382379353046417,-0.005596669390797615,-5.7760701179504395,0.9582018852233887,Transcriptome_and_KG
7254,CC(=O)OCC1=C(N2C(C(C2=O)NC(=O)C(=NOC)C3=CSC(=N3)N)SC1)C(=O)O,1382,DB00493,-0.04396681487560272,-0.03100426495075226,-5.257619857788086,0.9598101377487183,Transcriptome_and_KG
7254,CCC1(CC(=O)NC1=O)C,3235,DB00593,-0.044735804200172424,-0.017779916524887085,-6.710659980773926,0.9656237363815308,Transcriptome_and_KG
7254,CC1=NN(C(=O)C1)C2=CC=CC=C2,2805,DB12243,-0.04493062198162079,0.05262942239642143,-5.958377838134766,0.9482108354568481,Transcriptome_and_KG
7254,CC(C)(C)NCC(C1=CC(=CC(=C1)O)O)O,1538,DB00871,-0.045029133558273315,-0.015016617253422737,-6.2882537841796875,0.9629008173942566,Transcriptome_and_KG
7254,C1C2CC3CC1CC(C2)(C3)N,715,DB00915,-0.04526917636394501,0.019212763756513596,-7.315278053283691,0.9623814821243286,Transcriptome_and_KG
7254,CN(C)C1C2CC3CC4=C(C=CC(=C4C(=C3C(=O)C2(C(=C(C1=O)C(=O)N)O)O)O)O)N(C)C,4108,DB01017,-0.04535059630870819,-0.024638447910547256,-4.6177873611450195,0.9528229832649231,Transcriptome_and_KG
7254,CN(C)C(=O)C(CCN1CCC(CC1)(C2=CC=C(C=C2)Cl)O)(C3=CC=CC=C3)C4=CC=CC=C4,4081,DB00836,-0.045431867241859436,0.021170245483517647,-9.770155906677246,0.9711573719978333,Transcriptome_and_KG
7254,CC(C)(CC1=CC=CC=C1)N,1587,DB00191,-0.045674800872802734,-0.022752486169338226,-8.317727088928223,0.9725342988967896,Transcriptome_and_KG
7254,CN1CCC2=C(C1)C3=CC=CC=C3CC4=CC=CC=C24,4369,DB09304,-0.04850324988365173,0.025081414729356766,-6.786967754364014,0.9581388235092163,Transcriptome_and_KG
7254,C1CN=C(N1)NC2=C(C=C(C=C2Cl)N)Cl,1092,DB00964,-0.0491163432598114,-0.010910007171332836,-4.183675765991211,0.9438222050666809,Transcriptome_and_KG
7254,C([C@@H]1[C@@H]([C@@H]([C@H]([C@@H](O1)O[C@@H]2[C@H](O[C@@]([C@H]2O)(CO)O)CO)O)O)O)O,133,DB00581,-0.04922240972518921,-0.05036815628409386,-3.858140468597412,0.9506586194038391,Transcriptome_and_KG
7254,CC1=C(ON=C1C)NS(=O)(=O)C2=CC=C(C=C2)N,2452,DB00263,-0.04936416447162628,-0.01891586370766163,-5.797840595245361,0.9599352478981018,Transcriptome_and_KG
7254,CC1(CC(=O)N(C1=O)C)C2=CC=CC=C2,2098,DB05246,-0.04964280128479004,0.015159658156335354,-7.148664951324463,0.9615476727485657,Transcriptome_and_KG
7254,CC(C1C2CC(=C(N2C1=O)C(=O)O)SCCN=CN)O,1954,DB01598,-0.04968322068452835,-0.07470288872718811,-3.5226645469665527,0.9538456797599792,Transcriptome_and_KG
7254,CC(C)NNC(=O)C1=CC=NC=C1,1868,DB04818,-0.05002234876155853,-0.02064165472984314,-5.689190864562988,0.959442138671875,Transcriptome_and_KG
7254,C1=NC2=C(N1COCCO)N=C(NC2=O)N,594,DB00787,-0.05160589516162872,-0.031840331852436066,-2.732104778289795,0.9248329997062683,Transcriptome_and_KG
7254,CC1=CN(C(=O)NC1=O)[C@H]2C=C[C@H](O2)CO,2727,DB00649,-0.05171839892864227,-0.008853072300553322,-3.1046552658081055,0.9250805377960205,Transcriptome_and_KG
7254,C[C@H](CCC(=O)O)[C@H]1CC[C@@H]2[C@@]1(C(=O)C[C@H]3[C@H]2C(=O)C[C@H]4[C@@]3(CCC(=O)C4)C)C,4864,DB11622,-0.05216023325920105,-0.0648166611790657,-3.5930581092834473,0.9509103894233704,Transcriptome_and_KG
7254,C(C(C(C(C(CO)O)O)O)O)O,63,DB00742,-0.053238630294799805,0.01897486299276352,-5.5842413902282715,0.9501335024833679,Transcriptome_and_KG
7254,CC12CCC3C(C1CCC2C(=O)NC(C)(C)C)CCC4C3(C=CC(=O)N4)C,2203,DB01216,-0.05345435440540314,0.0058280667290091515,-9.790114402770996,0.9721630215644836,Transcriptome_and_KG
7254,C1=NC2=C(N1COC(CO)CO)N=C(NC2=O)N,593,DB01004,-0.05393717437982559,-0.05412744730710983,-2.8094534873962402,0.9340733289718628,Transcriptome_and_KG
7254,CC1C(OCCN1)C2=CC=CC=C2,2881,DB00830,-0.05455070734024048,-0.015316599048674107,-8.178037643432617,0.9698318243026733,Transcriptome_and_KG
7254,CC1=C(N2C(C(C2=O)NC(=O)C(C3=CCC=CC3)N)SC1)C(=O)O,2429,DB01333,-0.055223554372787476,-0.035444509238004684,-3.370415210723877,0.9376236796379089,Transcriptome_and_KG
7254,CC(C)OC(=O)CCC/C=C\C[C@H]1[C@H](C[C@H]([C@@H]1/C=C/[C@H](COC2=CC=CC(=C2)C(F)(F)F)O)O)O,1877,DB00287,-0.05649960786104202,-0.0570807084441185,-3.4543569087982178,0.9453684687614441,Transcriptome_and_KG
7254,CNCCCC12CCC(C3=CC=CC=C31)C4=CC=CC=C24,4503,DB00934,-0.05728466808795929,0.04326113685965538,-8.686263084411621,0.9632949829101562,Transcriptome_and_KG
7254,C(CC(=O)[O-])CO.[Na+],93,DB09072,-0.05776774883270264,-0.01804598793387413,-6.179440498352051,0.9606298804283142,Transcriptome_and_KG
7254,CCOC(=O)N1CCC(=C2C3=C(CCC4=C2N=CC=C4)C=C(C=C3)Cl)CC1,3911,DB00455,-0.05805923044681549,0.00556947011500597,-7.897305488586426,0.9652463793754578,Transcriptome_and_KG
7254,CC(CC1C2=CC=CC=C2CCC3=CC=CC=C13)CN(C)C,1989,DB09016,-0.05877584218978882,0.0076065948233008385,-7.124577045440674,0.961258053779602,Transcriptome_and_KG
7254,CCN(CCCCOC(=O)C1=CC(=C(C=C1)OC)OC)C(C)CC2=CC=C(C=C2)OC,3782,DB12554,-0.058941856026649475,-0.0015204395167529583,-5.873899459838867,0.955309271812439,Transcriptome_and_KG
7254,CC1(C2C(C3C(C(=O)C(=C(C3(C(=O)C2=C(C4=C1C=CC=C4O)O)O)O)C(=O)N)N(C)C)O)O,2082,DB00595,-0.059119001030921936,-0.0054703946225345135,-4.454505920410156,0.9432497024536133,Transcriptome_and_KG
7254,CCN(CC)CCNC(=O)C1=CC(=C(C=C1OC)N)Cl,3755,DB01233,-0.059250280261039734,-0.023812780156731606,-6.016684055328369,0.9604624509811401,Transcriptome_and_KG
7254,CC(CC1=CC=CC=C1)NC,1987,DB01577,-0.05958612263202667,-0.0016615618951618671,-8.684526443481445,0.9690283536911011,Transcriptome_and_KG
7254,C=CCCCCCCCCC(=O)O,1217,DB11117,-0.05961783230304718,-0.036737170070409775,-4.520997047424316,0.9515368342399597,Transcriptome_and_KG
7254,COC1=CC(=C(C=C1)OC)C(CNC(=O)CN)O,4623,DB00211,-0.060002341866493225,-0.04916440322995186,-8.72697639465332,0.9755476117134094,Transcriptome_and_KG
7254,CC(C)(CC1=CC=CC=C1)NC,1588,DB01365,-0.06105697154998779,0.007910910993814468,-7.5138139724731445,0.9627776145935059,Transcriptome_and_KG
7254,C1CN2CCC1[C@H](C2)OC(=O)N3CCC4=CC=CC=C4[C@@H]3C5=CC=CC=C5,1085,DB01591,-0.06125485897064209,0.08849912881851196,-6.5636701583862305,0.9439058899879456,Transcriptome_and_KG
7254,CC(C)(C)NCC(C1=NC(=C(C=C1)O)CO)O,1542,DB01291,-0.06380745768547058,-0.009959151037037373,-6.738111972808838,0.9613552689552307,Transcriptome_and_KG
7254,CCOC1=CC=CC=C1OCC2CNCCO2,3980,DB09185,-0.06390030682086945,-0.04164547473192215,-7.0832037925720215,0.9683127999305725,Transcriptome_and_KG
7254,CCC1(C(=O)NC(=O)NC1=O)C2=CC=CC=C2,3224,DB01174,-0.06403228640556335,-0.04501824080944061,-4.368090629577637,0.9510157108306885,Transcriptome_and_KG
7254,CC(C(=O)[O-])O.CC(C(=O)[O-])O.[Ca+2],1432,DB13231,-0.0643567144870758,-0.038613393902778625,-4.582785606384277,0.9515005946159363,Transcriptome_and_KG
7254,CC(C)NCC(COC1=CC=C(C=C1)CCOC)O,1855,DB00264,-0.06474937498569489,-0.0118460888043046,-5.467401027679443,0.953217625617981,Transcriptome_and_KG
7254,C1CN=C(N1)NC2=C(C=CC=C2Cl)Cl,1094,DB00575,-0.0651061087846756,0.025050144642591476,-7.494800567626953,0.9594708681106567,Transcriptome_and_KG
7254,CC(CN1C2=CC=CC=C2SC3=CC=CC=C31)N(C)C,2012,DB01069,-0.06659398972988129,0.006431480869650841,-7.365503311157227,0.9614874720573425,Transcriptome_and_KG
7254,CC(=O)[O-].CC(=O)[O-].[Ca+2],1402,DB00258,-0.06816999614238739,-0.019943684339523315,-4.948908805847168,0.9497854709625244,Transcriptome_and_KG
7254,C([C@H]([C@H]([C@@H]([C@H](C(=O)[O-])O)O)O)O)O.C([C@H]([C@H]([C@@H]([C@H](C(=O)[O-])O)O)O)O)O.[Ca+2],141,DB11126,-0.06940150260925293,-0.03534812480211258,-4.351409912109375,0.9470768570899963,Transcriptome_and_KG
7254,CC1C(O1)P(=O)(O)O,2878,DB00828,-0.07076548039913177,0.01309278979897499,-7.230186462402344,0.9591254591941833,Transcriptome_and_KG
7254,CNCCC=C1C2=CC=CC=C2CCC3=CC=CC=C31,4502,DB00540,-0.07093775272369385,0.07621787488460541,-9.906639099121094,0.9622209072113037,Transcriptome_and_KG
7254,CCCCCC(C=CC1C(CC2C1CC(=CCCCC(=O)O)O2)O)O,3477,DB01240,-0.07152485847473145,0.008948320522904396,-6.167723655700684,0.9531881809234619,Transcriptome_and_KG
7254,CCCN(CCC)CCC1=C2CC(=O)NC2=CC=C1,3640,DB00268,-0.07183601707220078,-0.05708693712949753,-7.203720569610596,0.9701236486434937,Transcriptome_and_KG
7254,CNC(=C[N+](=O)[O-])NCCSCC1=CC=C(O1)CN(C)C,4455,DB00863,-0.07190805673599243,-0.04889555275440216,-5.1691365242004395,0.957312285900116,Transcriptome_and_KG
7254,C1CCC(CC1)(CC(=O)O)CN,893,DB00996,-0.07211428880691528,-0.022676022723317146,-4.305319309234619,0.9426596760749817,Transcriptome_and_KG
7254,CN(C)CCCN1C2=CC=CC=C2SC3=CC=CC=C31,4158,DB00420,-0.07237504422664642,0.04799484461545944,-6.079948902130127,0.9452225565910339,Transcriptome_and_KG
7254,CC(=O)OC1C(SC2=CC=CC=C2N(C1=O)CCN(C)C)C3=CC=C(C=C3)OC,1365,DB00343,-0.07243543863296509,0.026768594980239868,-8.46853256225586,0.96271151304245,Transcriptome_and_KG
7254,CCN1C=C(C(=O)C2=CC(=C(C=C21)N3CCNCC3)F)C(=O)O,3810,DB01059,-0.0734138935804367,-0.015943679958581924,-4.204189300537109,0.9393337965011597,Transcriptome_and_KG
7254,CC(COC1=CC=CC=C1)N(CCCl)CC2=CC=CC=C2,2020,DB00925,-0.07350192964076996,0.02603902854025364,-5.7588653564453125,0.9464238882064819,Transcriptome_and_KG
7254,CCCN(CCC1=CC=CS1)C2CCC3=C(C2)C=CC=C3O,3643,DB05271,-0.07482515275478363,-0.019555311650037766,-7.618454456329346,0.9654775857925415,Transcriptome_and_KG
7254,CCN1C(=O)C(OC1=O)(C)C,3789,DB13799,-0.07544182240962982,-0.04541745036840439,-5.3526763916015625,0.9572333097457886,Transcriptome_and_KG
7254,CC1(C(N2C(S1)C(C2=O)NC(=O)COC3=CC=CC=C3)C(=O)O)C,2075,DB00417,-0.07672165334224701,0.011616209521889687,-5.175047397613525,0.9432860612869263,Transcriptome_and_KG
7254,C1CN2C(=CC=C2C(=O)C3=CC=CC=C3)C1C(=O)O,1072,DB00465,-0.07688067853450775,0.05522503703832626,-7.814276218414307,0.9549800753593445,Transcriptome_and_KG
7254,CN1CCN(CC1)C(C2=CC=CC=C2)C3=CC=CC=C3,4403,DB01176,-0.07695697247982025,0.024174191057682037,-7.089572906494141,0.9556354284286499,Transcriptome_and_KG
7254,C([C@@H]([C@@H]1C(=C(C(=O)O1)O)O)O)O,131,DB00126,-0.07773061096668243,0.01348885428160429,-4.762191295623779,0.9381401538848877,Transcriptome_and_KG
7254,CCN(CC)C(=O)C(=CC1=CC(=C(C(=C1)O)O)[N+](=O)[O-])C#N,3716,DB00494,-0.07781019806861877,-0.024266913533210754,-6.323986053466797,0.9591820240020752,Transcriptome_and_KG
7254,CC(C)[N+]1([C@@H]2CC[C@H]1CC(C2)OC(=O)C(CO)C3=CC=CC=C3)C,1903,DB00332,-0.07819879055023193,-0.021396774798631668,-7.468809604644775,0.9646161794662476,Transcriptome_and_KG
7254,CCCC(C)C1(C(=O)NC(=S)NC1=O)CC,3371,DB00599,-0.07903687655925751,0.018068594858050346,-8.764634132385254,0.9642406105995178,Transcriptome_and_KG
7254,CN1C2CC(CC1C3C2O3)OC(=O)C(CO)C4=CC=CC=C4,4294,DB00747,-0.07951998710632324,0.015523374080657959,-8.605010032653809,0.9638932943344116,Transcriptome_and_KG
7254,C[N+]1(CCCC(C1)OC(=O)C(C2=CC=CC=C2)(C3=CC=CC=C3)O)C,4967,DB04843,-0.0800597071647644,0.004953790456056595,-9.296751976013184,0.9677244424819946,Transcriptome_and_KG
7254,CC(CC1=CC=CC=C1)N,1984,DB01576,-0.08010689914226532,0.021590279415249825,-9.394338607788086,0.9659634232521057,Transcriptome_and_KG
7254,C1CCC(CC1)C(CCN2CCCC2)(C3=CC=CC=C3)O,897,DB00387,-0.08016914129257202,0.05830440670251846,-6.738306522369385,0.9472565054893494,Transcriptome_and_KG
7254,CC(=O)NO,1348,DB00551,-0.08074021339416504,-0.04126424714922905,-5.863306999206543,0.9589478373527527,Transcriptome_and_KG
7254,C1CCC2=C(C1)C=CC=C2NC3=NCCN3,919,DB13064,-0.0809025764465332,0.05176903307437897,-7.9203290939331055,0.9554965496063232,Transcriptome_and_KG
7254,CC1=CC(=C(C(=C1OC(=O)C)C)C)OCC(CNC(C)C)O,2514,DB01214,-0.08265139162540436,0.04589127004146576,-6.129362106323242,0.9442300796508789,Transcriptome_and_KG
7254,CC(C(C1=C(C=CC(=C1)OC)OC)O)N,1444,DB00723,-0.08287537097930908,-0.009321831166744232,-6.744090557098389,0.9582221508026123,Transcriptome_and_KG
7254,C(CN(CC(=O)O)CC(=O)O)N(CC(=O)O)CC(=O)O,107,DB00974,-0.08307546377182007,-0.08009651303291321,-4.341552734375,0.9551255702972412,Transcriptome_and_KG
7254,CC(C1=CC2=C(C=C1)C=C(C=C2)OC)C(=O)O,1922,DB00788,-0.08311742544174194,-0.043623339384794235,-4.790167331695557,0.9504489302635193,Transcriptome_and_KG
7254,C[N+]12CCC(CC1)C(C2)OC(=O)C(C3=CC=CC=C3)(C4=CC=CC=C4)O,4973,DB00771,-0.08483122289180756,0.04935251548886299,-9.720142364501953,0.9631832838058472,Transcriptome_and_KG
7254,CCC1(C(=O)NC(=O)NC1=O)CCC(C)C,3225,DB01351,-0.08528575301170349,1.2875068932771683e-05,-6.124626159667969,0.9521200656890869,Transcriptome_and_KG
7254,CN1CCC2=C(C1)C3=CC=CC=C3N2CC4=CC=CC=C4,4370,DB13808,-0.08537660539150238,0.001506549771875143,-5.843477249145508,0.94967120885849,Transcriptome_and_KG
7254,CN(C)CCCN1C2=CC=CC=C2SC3=C1C=C(C=C3)C(F)(F)F,4156,DB00508,-0.0864463597536087,0.01805875077843666,-6.61698055267334,0.9521791934967041,Transcriptome_and_KG
7254,C1C=C(N2[C@H](S1)[C@@H](C2=O)NC(=O)/C(=C\CC(=O)O)/C3=CSC(=N3)N)C(=O)O,725,DB01415,-0.0864468514919281,0.012483269907534122,-5.4643144607543945,0.9439960718154907,Transcriptome_and_KG
7254,C1CN=C(N1)CC2=CC=CC=C2,1089,DB00797,-0.08686697483062744,-0.017823895439505577,-4.627163410186768,0.9418063759803772,Transcriptome_and_KG
7254,CNC(=C[N+](=O)[O-])NCCSCC1=CSC(=N1)CN(C)C,4456,DB00585,-0.08868635445833206,-0.0776071697473526,-6.876632213592529,0.9695911407470703,Transcriptome_and_KG
7254,C1CC1CN2CC[C@]34[C@@H]5C(=O)CC[C@]3([C@H]2CC6=C4C(=C(C=C6)O)O5)O,821,DB00704,-0.08985331654548645,0.02572544291615486,-9.326868057250977,0.9640675187110901,Transcriptome_and_KG
7254,CC(C1=CC=CC=C1)(C2=CC=C(C=C2)Cl)OCCC3CCCN3C,1935,DB00283,-0.09034496545791626,0.026013333350419998,-9.461112022399902,0.9644611477851868,Transcriptome_and_KG
7254,CN(C)CCC1=CNC2=C1C=C(C=C2)CS(=O)(=O)N3CCCC3,4146,DB00918,-0.09181644022464752,-0.006988824345171452,-7.132808208465576,0.9586367011070251,Transcriptome_and_KG
7254,C1C(OC(S1)CO)N2C=CC(=NC2=O)N,680,DB00709,-0.09199833869934082,-0.06412706524133682,-2.9923393726348877,0.9281527400016785,Transcriptome_and_KG
7254,CN(C)CC[C@@H](C1=CC=C(C=C1)Cl)C2=CC=CC=N2,4179,DB13679,-0.09331181645393372,0.023815346881747246,-8.066671371459961,0.9585668444633484,Transcriptome_and_KG
7254,CN1C2=C(C(=O)N(C1=O)C)N(C=N2)CC(CO)O,4267,DB00651,-0.09361395984888077,-0.07638778537511826,-4.678968906402588,0.9548342227935791,Transcriptome_and_KG
7254,CC(C)NCC(C1=CC(=C(C=C1)O)O)O,1847,DB01064,-0.09434211254119873,-0.009792570024728775,-6.004031181335449,0.9514479041099548,Transcriptome_and_KG
7254,C[C@H](CN1C=NC2=C(N=CN=C21)N)OCP(=O)(O)O,4872,DB14126,-0.0945746973156929,-0.11586743593215942,-2.858283042907715,0.9435530304908752,Transcriptome_and_KG
7254,C1CCN(CC1)CCC(C2CC3CC2C=C3)(C4=CC=CC=C4)O,954,DB00810,-0.09474821388721466,0.031307026743888855,-6.7267165184021,0.9493578672409058,Transcriptome_and_KG
7254,CN(CCCNC(=O)C1CCCO1)C2=NC3=CC(=C(C=C3C(=N2)N)OC)OC,4217,DB00346,-0.09641195833683014,-0.08232314884662628,-12.1951904296875,0.9822615385055542,Transcriptome_and_KG
7254,C1=CC=C(C=C1)CN2C(=O)N(SC2=O)C3=CC=CC4=CC=CC=C43,472,DB12129,-0.09674221277236938,0.07025791704654694,-0.6989115476608276,0.658787727355957,Transcriptome_and_KG
7254,CCCC1=C2C(=CC3=C1OC(=CC3=O)C(=O)O)C(=O)C=C(N2CC)C(=O)O,3390,DB00716,-0.09829862415790558,-0.013439154252409935,-5.25710391998291,0.9450300335884094,Transcriptome_and_KG
7254,C1N2CN3CN1CN(C2)C3,1161,DB06799,-0.0983828753232956,-0.005348059348762035,-6.438716888427734,0.9530642032623291,Transcriptome_and_KG
7254,C1CN(CCN1CCOCCO)C2=NC3=CC=CC=C3SC4=CC=CC=C42,1066,DB01224,-0.09844048321247101,0.022100292146205902,-8.472009658813477,0.9600213766098022,Transcriptome_and_KG
7254,C(C(CO)OP(=O)([O-])[O-])O.[Ca+2],67,DB11264,-0.09982182085514069,-0.03490529581904411,-5.232541084289551,0.9490630626678467,Transcriptome_and_KG
7254,CC1(C2CC3C(C(=O)C(=C(C3(C(=O)C2=C(C4=C1C=CC=C4O)O)O)O)C(=O)N)N(C)C)O,2086,DB00759,-0.10122336447238922,-0.0464065745472908,-4.2849225997924805,0.9413312077522278,Transcriptome_and_KG
7254,C([C@H]([C@H]([C@@H]([C@H](C(C(=O)[O-])O)O)O)O)O)O.C([C@H]([C@H]([C@@H]([C@H](C(C(=O)[O-])O)O)O)O)O)O.[Ca+2],145,DB00326,-0.10290640592575073,-0.05214393883943558,-4.788681983947754,0.9480209350585938,Transcriptome_and_KG
7254,CN1[C@@H]2CC[C@H]1CC(C2)OC(=O)C(C3=CC=CC=C3)O,4449,DB11181,-0.10400716960430145,0.015670619904994965,-7.618954181671143,0.9559749960899353,Transcriptome_and_KG
7254,CCC=CCC=CCC=CCC=CCC=CCCCC(=O)OCC,3351,DB08887,-0.1040785014629364,-0.04202774912118912,-6.23775053024292,0.9573606252670288,Transcriptome_and_KG
7254,C1CCC2=NC3=CC=CC=C3C(=C2C1)N,921,DB00382,-0.10476838797330856,-0.0642288401722908,-3.40159273147583,0.9321126937866211,Transcriptome_and_KG
7254,CCN(CC)C(=O)C1(CC1CN)C2=CC=CC=C2,3717,DB04896,-0.10662541538476944,-0.10779360681772232,-7.062676429748535,0.9726124405860901,Transcriptome_and_KG
7254,CN(C)CCC(C1=CC=C(C=C1)Cl)C2=CC=CC=N2,4139,DB01114,-0.10724049806594849,-0.0025388356298208237,-6.9344892501831055,0.954380989074707,Transcriptome_and_KG
7254,CC[N+]1([C@@H]2CC(C[C@H]1[C@H]3[C@@H]2O3)OC(=O)[C@H](CO)C4=CC=CC=C4)C,4065,DB12086,-0.10751434415578842,-0.08554819226264954,-4.891544342041016,0.9557444453239441,Transcriptome_and_KG
7254,CCC(C(=O)N)N1CCCC1=O,3102,DB01202,-0.10759944468736649,-0.07708704471588135,-4.640267848968506,0.9514244198799133,Transcriptome_and_KG
7254,CC1=CC2=C(C=C1)N3CCNC4C3=C2CCC4,2620,DB09244,-0.10763894021511078,-0.014948640950024128,-6.059542179107666,0.9504676461219788,Transcriptome_and_KG
7254,C1CN2CCC1C(C2)C(C3=CC=CC=C3)(C4=CC=CC=C4)O,1077,DB13713,-0.1083034873008728,0.02722218446433544,-5.710562705993652,0.9393041729927063,Transcriptome_and_KG
7254,CC1=C(N2C(C(C2=O)NC(=O)C(C3=CC=C(C=C3)O)N)SC1)C(=O)O,2427,DB01140,-0.10892195999622345,-0.03980702906847,-3.373903274536133,0.9226426482200623,Transcriptome_and_KG
7254,CNS(=O)(=O)CCC1=CC2=C(C=C1)NC=C2C3CCN(CC3)C,4513,DB00952,-0.10907529294490814,-0.006004146300256252,-7.743905067443848,0.9591578245162964,Transcriptome_and_KG
7254,C[N+]1(C2CCC1CC(C2)OC(=O)C(C3=CC=CC=C3)O)C.[Br-],4963,DB00725,-0.1116967499256134,0.015843428671360016,-8.682092666625977,0.9601093530654907,Transcriptome_and_KG
7254,COC1=C(C=CC(=C1)C2=NNC(=O)C=C2)OC(F)F,4598,DB02918,-0.11245995759963989,-0.06950314342975616,-0.35654985904693604,0.6331858038902283,Transcriptome_and_KG
7254,CC1([C@@H](N2[C@H](S1)[C@@H](C2=O)NC(=O)C(C3=CC=CC=C3)C(=O)O)C(=O)O)C,2149,DB00578,-0.11266978085041046,0.049746543169021606,-4.531715393066406,0.9187270402908325,Transcriptome_and_KG
7254,C[C@H]1[C@@H]([C@H]([C@H]([C@@H](O1)OC[C@@H]2[C@H]([C@@H]([C@H]([C@@H](O2)OC3=C(OC4=CC(=CC(=C4C3=O)O)O)C5=CC(=C(C=C5)O)O)O)O)O)O)O)O,4900,DB01698,-0.1127181276679039,-0.07936785370111465,-4.437710762023926,0.9487062692642212,Transcriptome_and_KG
7254,CN(C)CCOC(C1=CC=CC=C1)C2=CC=CC=C2,4172,DB01075,-0.11319047212600708,-0.04938746243715286,-6.703948020935059,0.9599567651748657,Transcriptome_and_KG
7254,CCOCCN1C2=CC=CC=C2N=C1N3CCCN(CC3)C,3997,DB01084,-0.11390401422977448,0.03836515173316002,-8.25778579711914,0.9547394514083862,Transcriptome_and_KG
7254,C[C@@H](CC1=CC=CC=C1)NC(=O)[C@H](CCCCN)N,4802,DB01255,-0.11531957983970642,-0.00341701228171587,-8.514583587646484,0.9615234136581421,Transcriptome_and_KG
7254,CC1=CC=CC=C1OC(CCNC)C2=CC=CC=C2,2700,DB00289,-0.11950984597206116,-0.03986942395567894,-9.07992172241211,0.9680190086364746,Transcriptome_and_KG
7254,CN(C)CCC(C1=CC=CC=C1)C2=CC=CC=N2,4144,DB01620,-0.12261594831943512,0.031146634370088577,-7.23255729675293,0.948553740978241,Transcriptome_and_KG
7254,CC1(C(N2C(S1)C(C2=O)NC(=O)C3(CCCCC3)N)C(=O)O)C,2070,DB01000,-0.12342841923236847,0.009504743851721287,-6.795269966125488,0.9489189982414246,Transcriptome_and_KG
7254,CC1=NN=C(S1)NS(=O)(=O)C2=CC=C(C=C2)N,2820,DB00576,-0.12351617962121964,-0.05272560194134712,-6.414878845214844,0.9571006298065186,Transcriptome_and_KG
7254,CN1CCC2=C(C1)C(C3=CC=CC=C23)C4=CC=CC=C4,4367,DB01619,-0.12436872720718384,0.02302030473947525,-7.132183074951172,0.9488979578018188,Transcriptome_and_KG
7254,CN(C)CCN(CC1=CC=CC=C1)C2=CC=CC=N2,4163,DB00792,-0.1254424899816513,0.04952980950474739,-8.840202331542969,0.9546933770179749,Transcriptome_and_KG
7254,CN(C)CCC1=CNC2=C1C=C(C=C2)C[C@H]3COC(=O)N3,4147,DB00315,-0.12639792263507843,-0.004156970418989658,-7.108755111694336,0.9527764916419983,Transcriptome_and_KG
7254,CC(C)[N+](C)(CCOC(=O)C1C2=CC=CC=C2OC3=CC=CC=C13)C(C)C,1901,DB00782,-0.12641094624996185,0.030765676870942116,-9.568872451782227,0.9601370692253113,Transcriptome_and_KG
7254,C[C@@]1(C(=O)N2[C@H](C(=O)N3CCC[C@H]3[C@@]2(O1)O)CC4=CC=CC=C4)NC(=O)[C@@H]5C[C@H]6[C@@H](CC7=CNC8=CC=CC6=C78)N(C5)C,4843,DB00320,-0.12743942439556122,0.021071158349514008,-5.703174591064453,0.9368557333946228,Transcriptome_and_KG
7254,C[C@@]1(C(=O)N2[C@H](C(=O)N3CCC[C@H]3[C@@]2(O1)O)CC4=CC=CC=C4)NC(=O)[C@H]5CN([C@@H]6CC7=CNC8=CC=CC(=C78)C6=C5)C,4844,DB00696,-0.12912888824939728,0.02444443106651306,-6.228792667388916,0.9409257173538208,Transcriptome_and_KG
7254,C1CN(CCN1)C2=NC3=CC=CC=C3OC4=C2C=C(C=C4)Cl,1026,DB00543,-0.12974712252616882,0.018633175641298294,-9.59263801574707,0.961322546005249,Transcriptome_and_KG
7254,CN1CCC(CC1)OC(C2=CC=CC=C2)C3=CC=CC=C3,4355,DB01146,-0.13280808925628662,0.015722215175628662,-8.884328842163086,0.9583923816680908,Transcriptome_and_KG
7254,CC(=O)CCCCN1C(=O)C2=C(N=CN2C)N(C1=O)C,1291,DB00806,-0.1335093230009079,-0.010044192895293236,-7.907817363739014,0.9571828842163086,Transcriptome_and_KG
7254,CN(C)CCOC1=CC=CC=C1CC2=CC=CC=C2,4176,DB11160,-0.13371586799621582,-0.03235559165477753,-6.525006294250488,0.9525094628334045,Transcriptome_and_KG
7254,CC1=NN=C(S1)SCC2=C(N3C(C(C3=O)NC(=O)CN4C=NN=N4)SC2)C(=O)O,2821,DB01327,-0.137640118598938,-0.09769514203071594,-3.721456289291382,0.9379655718803406,Transcriptome_and_KG
7254,CC(=O)NS(=O)(=O)C1=CC=C(C=C1)N,1349,DB00634,-0.1376875340938568,-0.08231401443481445,-5.124433994293213,0.9505585432052612,Transcriptome_and_KG
7254,CN1C=NC2=C1C(=O)N(C(=O)N2C)C,4322,DB00201,-0.13785548508167267,-0.02587282657623291,-6.300785064697266,0.949039876461029,Transcriptome_and_KG
7254,CC(C1=CC=CC=C1)(C2=CC=CC=N2)OCCN(C)C,1936,DB00366,-0.13831235468387604,0.017945896834135056,-8.310354232788086,0.9546376466751099,Transcriptome_and_KG
7254,CC(=O)NC1=NN=C(S1)S(=O)(=O)N,1324,DB00819,-0.13845087587833405,-0.03447484225034714,-5.607827186584473,0.9447656273841858,Transcriptome_and_KG
7254,C1=CC=C(C=C1)CCNN,468,DB00780,-0.13961860537528992,0.021143753081560135,-9.426779747009277,0.9592167139053345,Transcriptome_and_KG
7254,CN1C2=C(C(=O)N(C1=O)C)NC=N2,4272,DB00277,-0.14037534594535828,-0.05899703875184059,-4.528482437133789,0.9381335377693176,Transcriptome_and_KG
7254,CC1C2C(C3C(C(=O)C(=C(C3(C(=O)C2=C(C4=C1C=CC=C4O)O)O)O)C(=O)N)N(C)C)O,2899,DB00254,-0.14082539081573486,-0.08207148313522339,-5.525922775268555,0.9532840847969055,Transcriptome_and_KG
7254,CNS(=O)(=O)CC1=CC2=C(C=C1)NC=C2CCN(C)C,4512,DB00669,-0.14155213534832,-0.048287853598594666,-5.1030755043029785,0.9420497417449951,Transcriptome_and_KG
7254,CN(C)CCOC(C1=CC=CC=C1)C2=CC=C(C=C2)Br,4171,DB01237,-0.1441316306591034,-0.05381837114691734,-6.884201526641846,0.9567951560020447,Transcriptome_and_KG
7254,CC(CC1=CC(=C(C=C1)O)O)(C(=O)O)NN,1972,DB00190,-0.14478439092636108,0.027015799656510353,-8.175385475158691,0.9517964720726013,Transcriptome_and_KG
7254,CCOC(=O)O[C@@]1(CC[C@@H]2[C@@]1(C[C@@H]([C@H]3[C@H]2CCC4=CC(=O)C=C[C@]34C)O)C)C(=O)OCCl,3924,DB14596,-0.14594006538391113,-0.11762869358062744,-6.126237392425537,0.9634609818458557,Transcriptome_and_KG
7254,CN(C)CCN(CC1=CC=C(C=C1)OC)C2=CC=CC=N2,4162,DB06691,-0.1460193395614624,0.008934805169701576,-6.511117458343506,0.9431998133659363,Transcriptome_and_KG
7254,C=CCN1CC2=CC=CC=C2C3=CC=CC=C3C1,1221,DB13727,-0.14640061557292938,-0.008632205426692963,-5.8811116218566895,0.9407914876937866,Transcriptome_and_KG
7254,CN(C)CCOC(C1=CC=C(C=C1)Cl)C2=CC=CC=N2,4170,DB00748,-0.14865857362747192,-0.0006797406822443008,-8.63559627532959,0.9574451446533203,Transcriptome_and_KG
7254,CC(C(C1=CC=CC=C1)O)N,1449,DB00397,-0.1498495638370514,-0.03131788596510887,-10.42308521270752,0.9677969217300415,Transcriptome_and_KG
7254,CC(=O)NC(CS)C(=O)O,1313,DB06151,-0.15063902735710144,-0.08465927094221115,-6.491689682006836,0.9587093591690063,Transcriptome_and_KG
7254,CC1([C@@H](N2[C@H](S1)[C@@H](C2=O)NC(=O)CC3=CC=CC=C3)C(=O)O)C,2152,DB01053,-0.1515849232673645,-0.02747921831905842,-5.612992286682129,0.9409066438674927,Transcriptome_and_KG
7254,CC(=O)OCC(=O)[C@]1(CC[C@@H]2[C@@]1(C[C@@H]([C@H]3[C@H]2CCC4=CC(=O)C=C[C@]34C)O)C)O,1378,DB15566,-0.1528119444847107,-0.04313692823052406,-5.337233543395996,0.9410828351974487,Transcriptome_and_KG
7254,CCC(C)SSC1=NC=CN1,3188,DB05448,-0.1532551497220993,-0.03146862983703613,-0.3097382187843323,0.4983542561531067,Transcriptome_and_KG
7254,C1CN=C(N1)NC2=C(C3=NC=CN=C3C=C2)Br,1091,DB00484,-0.1538487672805786,-0.06917227059602737,-4.860788822174072,0.9414398074150085,Transcriptome_and_KG
7254,C1=NC(=C2C(=N1)N(C=N2)[C@H]3[C@@H]([C@@H]([C@H](O3)CO)O)O)N,583,DB00640,-0.15786217153072357,-0.005925264209508896,-7.195949554443359,0.9488556385040283,Transcriptome_and_KG
7254,CN(C)C1=CC2=C(C=C1)N=C3C=CC(=[N+](C)C)C=C3S2.[Cl-],4097,DB09241,-0.15821518003940582,-0.022873584181070328,-6.6448869705200195,0.9476972818374634,Transcriptome_and_KG
7254,CC[N+](CC)(CC)CCC(C1CCCCC1)(C2=CC=CC=C2)O,4060,DB00505,-0.1588881015777588,-0.04133526235818863,-7.579015254974365,0.9565315842628479,Transcriptome_and_KG
7254,CC(C)C(CCCN(C)CCC1=CC(=C(C=C1)OC)OC)(C#N)C2=CC(=C(C=C2)OC)OC,1671,DB00661,-0.16067661345005035,-0.0019244803115725517,-8.856788635253906,0.9571354389190674,Transcriptome_and_KG
7254,COC(=O)[C@@H]([C@H]1CCCCN1)C2=CC=CC=C2,4545,DB06701,-0.1606799215078354,-0.06695035099983215,-9.647072792053223,0.9684343934059143,Transcriptome_and_KG
7254,COC1=CC(=CC(=C1OC)OC)CC2=CN=C(N=C2N)N,4636,DB00440,-0.1630740463733673,-0.015542497858405113,-8.396932601928711,0.9564646482467651,Transcriptome_and_KG
7254,CN(C)CCC=C1C2=CC=CC=C2CCC3=CC=CC=C31,4150,DB00321,-0.1650775969028473,0.023295434191823006,-9.99966049194336,0.958404541015625,Transcriptome_and_KG
7254,CC(CC1=CC=C(C=C1)O)(C(=O)O)N,1976,DB00765,-0.16587433218955994,-0.09985504299402237,-4.397908687591553,0.9405405521392822,Transcriptome_and_KG
7254,CN1CCC(C1)CN2C3=CC=CC=C3SC4=CC=CC=C42,4351,DB00902,-0.16648739576339722,-0.021641023457050323,-6.206521034240723,0.942567765712738,Transcriptome_and_KG
7254,CC(C(C1=CC=CC=C1)O)NC,1450,DB01364,-0.17366579174995422,-0.01182109396904707,-7.641925811767578,0.950315535068512,Transcriptome_and_KG
7254,CN1CCC(=C2C3=CC=CC=C3C=CC4=CC=CC=C42)CC1,4347,DB00434,-0.17448949813842773,0.06330053508281708,-9.47459602355957,0.9502590894699097,Transcriptome_and_KG
7254,CNCC(C1=CC(=C(C=C1)O)O)O,4490,DB00668,-0.175763800740242,-0.045857932418584824,-7.495426177978516,0.954305112361908,Transcriptome_and_KG
7254,CN(C)CC(C1=CC=C(C=C1)O)C2(CCCCC2)O,4111,DB06700,-0.17842774093151093,-0.061423055827617645,-7.1916184425354,0.9545601606369019,Transcriptome_and_KG
7254,CNCCCN1C2=CC=CC=C2CCC3=CC=CC=C31,4506,DB01151,-0.1801992654800415,0.027044009417295456,-10.334810256958008,0.9576648473739624,Transcriptome_and_KG
7254,C1=CC(=C(C=C1CC(C(=O)O)N)O)O,221,DB01235,-0.18641193211078644,0.0029030414298176765,-8.109654426574707,0.9492421746253967,Transcriptome_and_KG
7254,CC(=O)NC1=CC=C(C=C1)O,1320,DB00316,-0.18730071187019348,-0.005296327173709869,-7.38774299621582,0.9456868171691895,Transcriptome_and_KG
7254,COC(=O)C(C1CCCCN1)C2=CC=CC=C2,4522,DB00422,-0.18755611777305603,-0.06590862572193146,-10.997873306274414,0.9693590998649597,Transcriptome_and_KG
7254,C1CC2=C(C=CC(=C2)Cl)C(=C3CCNCC3)C4=C1C=CC=N4,846,DB00967,-0.18823541700839996,0.005595829337835312,-8.284993171691895,0.949650228023529,Transcriptome_and_KG
7254,CC(CN1C2=CC=CC=C2CCC3=CC=CC=C31)CN(C)C,2009,DB00726,-0.18867270648479462,-0.020182307809591293,-10.869470596313477,0.9639036059379578,Transcriptome_and_KG
7254,COCCOCC(CC1(CCCC1)C(=O)NC2CCC(CC2)C(=O)O)C(=O)O,4733,DB11623,-0.18927350640296936,-0.03614410012960434,-0.5497574806213379,0.5859798789024353,Transcriptome_and_KG
7254,C[C@@]12CCN([C@@H]1N(C3=C2C=C(C=C3)OC(=O)NC)C)C,4848,DB00981,-0.18937693536281586,-0.05538441613316536,-5.5608086585998535,0.9386882185935974,Transcriptome_and_KG
7254,[Li+].[Li+].[Li+].C(C(=O)[O-])C(CC(=O)[O-])(C(=O)[O-])O,5015,DB14507,-0.19227147102355957,-0.04452039301395416,-8.574177742004395,0.9575134515762329,Transcriptome_and_KG
7254,CC(=O)C1=CC2=C(C=C1)SC3=CC=CC=C3N2CCCN4CCN(CC4)CCO,1277,DB01063,-0.19293943047523499,-0.019473358988761902,-5.884367942810059,0.9343859553337097,Transcriptome_and_KG
7254,CN1C2CCC1CC(C2)OC(=O)C(CO)C3=CC=CC=C3,4297,DB00424,-0.19669833779335022,-0.02053152583539486,-8.909374237060547,0.9553646445274353,Transcriptome_and_KG
7254,C[N+]1([C@@H]2CC(C[C@H]1[C@H]3[C@@H]2O3)OC(=O)[C@H](CO)C4=CC=CC=C4)C,4971,DB11315,-0.19966182112693787,-0.03895294666290283,-7.884608268737793,0.9521239399909973,Transcriptome_and_KG
7254,CN(C)CCC(C1=CC=C(C=C1)Br)C2=CC=CC=N2,4138,DB00835,-0.20032893121242523,-0.00294448621571064,-8.567078590393066,0.9508302807807922,Transcriptome_and_KG
7254,COC1=C(C=C2C(=C1)C(=NC(=N2)N3CCN(CC3)C(=O)C4CCCO4)N)OC,4589,DB01162,-0.20177266001701355,-0.07339011132717133,-12.142234802246094,0.9715983271598816,Transcriptome_and_KG
7254,COC1=C(C=C(C=C1)CC2=NC=CC3=CC(=C(C=C32)OC)OC)OC,4575,DB01113,-0.2038520872592926,-0.03547751158475876,-8.217841148376465,0.9529303908348083,Transcriptome_and_KG
7254,CN(C)CCC1=CNC2=C1C=C(C=C2)CN3C=NC=N3,4145,DB00953,-0.20742763578891754,-0.06255453824996948,-7.690494537353516,0.9534082412719727,Transcriptome_and_KG
7254,C1CN=C(N1)CN(CC2=CC=CC=C2)C3=CC=CC=C3,1090,DB08799,-0.21274521946907043,-0.002900896593928337,-8.777520179748535,0.9503995180130005,Transcriptome_and_KG
7254,CNCC(C1=CC(=CC=C1)O)O,4491,DB00388,-0.22156134247779846,-0.04436137154698372,-7.723309516906738,0.9488726258277893,Transcriptome_and_KG
7254,CC1=CC(=C(C=C1)O)[C@H](CCN(C(C)C)C(C)C)C2=CC=CC=C2,2529,DB01036,-0.22585195302963257,-0.06730920076370239,-6.882985591888428,0.9460735321044922,Transcriptome_and_KG
7254,CN(C)CCN(CC1=CC=CS1)C2=CC=CC=N2,4164,DB04819,-0.23463258147239685,-0.02448010817170143,-7.76200532913208,0.9443406462669373,Transcriptome_and_KG
7254,CCN(CC)CCOC(=O)C1(CCCCC1)C2CCCCC2,3761,DB00804,-0.23745353519916534,-0.0416698232293129,-9.837203979492188,0.957347571849823,Transcriptome_and_KG
7254,CC(C)[N+](C)(CCC(C1=CC=CC=C1)(C2=CC=CC=C2)C(=O)N)C(C)C,1899,DB01625,-0.24695450067520142,-0.08042468875646591,-7.321866035461426,0.9480590224266052,Transcriptome_and_KG
7254,CN1CCC(=C2C3=CC=CC=C3CCC4=C2N=CC=C4)CC1,4348,DB00719,-0.25301116704940796,0.006128629669547081,-7.9176106452941895,0.9384584426879883,Transcriptome_and_KG
7254,CC(CN1C2=CC=CC=C2SC3=CC=CC=C31)CN(C)C,2011,DB01246,-0.2653747498989105,-0.03876660764217377,-7.715915679931641,0.941780149936676,Transcriptome_and_KG
7254,C=CC1=C(N2C(C(C2=O)NC(=O)C(=NOCC(=O)O)C3=CSC(=N3)N)SC1)C(=O)O,1211,DB00671,-0.2699725031852722,-0.04406905919313431,-6.124639987945557,0.9276919364929199,Transcriptome_and_KG
7254,CN(C)CCC(C1=CC=CC=C1)(C2=CC=CC=C2Cl)O,4143,DB04837,-0.28927984833717346,-0.05095189809799194,-7.390024185180664,0.9376739859580994,Transcriptome_and_KG
7254,CN1CCN(CC1)CC2=CN(C3=C2C=C(C=C3)OC)S(=O)(=O)C4=CC=CC=C4Br,4424,DB06140,-0.3142208456993103,0.05988737940788269,-2.8043341636657715,0.8028879761695862,Transcriptome_and_KG
7254,CNCC(C1=CC=C(C=C1)O)O,4492,DB09203,-0.3194284439086914,-0.029864422976970673,-10.772263526916504,0.9512025713920593,Transcriptome_and_KG
7254,C1CC(C2=CC=CC=C2C1)C3=NCCN3,763,DB06764,-0.36954542994499207,-0.029822036623954773,-10.612419128417969,0.9452598094940186,Transcriptome_and_KG
7254,CC1=CC(=CC(=C1CC2=NCCN2)C)C(C)(C)C,2552,DB06694,-0.37146949768066406,0.013448952697217464,-9.828415870666504,0.9358141422271729,Transcriptome_and_KG
7254,CC1=CC(=C(C(=C1CC2=NCCN2)C)O)C(C)(C)C,2513,DB00935,-0.3894360065460205,0.022904470562934875,-9.611719131469727,0.9312690496444702,Transcriptome_and_KG
