Drug1,Drug2,Cell.line,Drug1_smiles,Drug2_smiles,label_cont,label_bin,CCSynergy_predict,matchmaker_predict,DeepSynergy_predict,y_cont_pred,y_logit_pred,y_prob_pred
bortezomib,dasatinib,A2780,B(C(CC(C)C)NC(=O)C(CC1=CC=CC=C1)NC(=O)C2=NC=CN=C2)(O)O,CC1=C(C(=CC=C1)Cl)NC(=O)C2=CN=C(S2)NC3=NC(=NC(=C3)N4CCN(CC4)CCO)C,4.815,1,-4.7764997,-0.02065,10.646782,-0.7133185863494873,3.404782295227051,0.9678536057472229
bortezomib,dasatinib,A375,B(C(CC(C)C)NC(=O)C(CC1=CC=CC=C1)NC(=O)C2=NC=CN=C2)(O)O,CC1=C(C(=CC=C1)Cl)NC(=O)C2=CN=C(S2)NC3=NC(=NC(=C3)N4CCN(CC4)CCO)C,-1.735,0,-3.7427373,-0.0628,7.404594,-1.3522199392318726,1.3516372442245483,0.7943971753120422
bortezomib,dasatinib,A427,B(C(CC(C)C)NC(=O)C(CC1=CC=CC=C1)NC(=O)C2=NC=CN=C2)(O)O,CC1=C(C(=CC=C1)Cl)NC(=O)C2=CN=C(S2)NC3=NC(=NC(=C3)N4CCN(CC4)CCO)C,1.105,1,2.73712,-0.0342,4.8716354,-0.34305134415626526,2.8576481342315674,0.9457127451896667
bortezomib,dasatinib,ES2,B(C(CC(C)C)NC(=O)C(CC1=CC=CC=C1)NC(=O)C2=NC=CN=C2)(O)O,CC1=C(C(=CC=C1)Cl)NC(=O)C2=CN=C(S2)NC3=NC(=NC(=C3)N4CCN(CC4)CCO)C,5.75,1,-20.50211,-0.02105,3.7268467,-1.4610366821289062,2.06445574760437,0.8874001502990723
bortezomib,dasatinib,HT144,B(C(CC(C)C)NC(=O)C(CC1=CC=CC=C1)NC(=O)C2=NC=CN=C2)(O)O,CC1=C(C(=CC=C1)Cl)NC(=O)C2=CN=C(S2)NC3=NC(=NC(=C3)N4CCN(CC4)CCO)C,5.275,1,-60.844093,-0.0427,-7.2818227,-1.6631451845169067,4.199942588806152,0.9852251410484314
bortezomib,dasatinib,NCIH2122,B(C(CC(C)C)NC(=O)C(CC1=CC=CC=C1)NC(=O)C2=NC=CN=C2)(O)O,CC1=C(C(=CC=C1)Cl)NC(=O)C2=CN=C(S2)NC3=NC(=NC(=C3)N4CCN(CC4)CCO)C,14.04,1,-72.32526,-0.0396,-7.5030365,-1.4574530124664307,3.5770440101623535,0.9728021025657654
bortezomib,dasatinib,NCIH23,B(C(CC(C)C)NC(=O)C(CC1=CC=CC=C1)NC(=O)C2=NC=CN=C2)(O)O,CC1=C(C(=CC=C1)Cl)NC(=O)C2=CN=C(S2)NC3=NC(=NC(=C3)N4CCN(CC4)CCO)C,-14.31,0,-51.187733,-0.0238,-10.379863,-1.6130037307739258,-0.3887439966201782,0.40401968359947205
bortezomib,dasatinib,NCIH520,B(C(CC(C)C)NC(=O)C(CC1=CC=CC=C1)NC(=O)C2=NC=CN=C2)(O)O,CC1=C(C(=CC=C1)Cl)NC(=O)C2=CN=C(S2)NC3=NC(=NC(=C3)N4CCN(CC4)CCO)C,0.595,1,-5.1980968,-0.0618,3.6325607,-1.2962355613708496,1.5870133638381958,0.8301954865455627
bortezomib,dasatinib,SKMES1,B(C(CC(C)C)NC(=O)C(CC1=CC=CC=C1)NC(=O)C2=NC=CN=C2)(O)O,CC1=C(C(=CC=C1)Cl)NC(=O)C2=CN=C(S2)NC3=NC(=NC(=C3)N4CCN(CC4)CCO)C,0.265,1,1.5715107,-0.0206,2.295376,0.6057026982307434,-0.6386270523071289,0.34555694460868835
bortezomib,dasatinib,SKOV3,B(C(CC(C)C)NC(=O)C(CC1=CC=CC=C1)NC(=O)C2=NC=CN=C2)(O)O,CC1=C(C(=CC=C1)Cl)NC(=O)C2=CN=C(S2)NC3=NC(=NC(=C3)N4CCN(CC4)CCO)C,-3.3425,0,-4.325576,-0.0367,5.244768,0.43174639344215393,-0.9444268345832825,0.280007004737854
bortezomib,dasatinib,SW837,B(C(CC(C)C)NC(=O)C(CC1=CC=CC=C1)NC(=O)C2=NC=CN=C2)(O)O,CC1=C(C(=CC=C1)Cl)NC(=O)C2=CN=C(S2)NC3=NC(=NC(=C3)N4CCN(CC4)CCO)C,1.685,1,8.916083,-0.0206,4.187048,-0.8471492528915405,4.089458465576172,0.9835276007652283
bortezomib,dinaciclib,A2058,B(C(CC(C)C)NC(=O)C(CC1=CC=CC=C1)NC(=O)C2=NC=CN=C2)(O)O,CCC1=C2N=C(C=C(N2N=C1)NCC3=C[N+](=CC=C3)[O-])N4CCCCC4CCO,1.525,1,-1.6870373,-0.03105,-10.419038,-1.0823132991790771,2.687502861022949,0.9362851977348328
bortezomib,dinaciclib,A2780,B(C(CC(C)C)NC(=O)C(CC1=CC=CC=C1)NC(=O)C2=NC=CN=C2)(O)O,CCC1=C2N=C(C=C(N2N=C1)NCC3=C[N+](=CC=C3)[O-])N4CCCCC4CCO,0.785,1,-4.15335,-0.02425,-12.480396,-0.6301466822624207,5.3295392990112305,0.9951770305633545
bortezomib,dinaciclib,A375,B(C(CC(C)C)NC(=O)C(CC1=CC=CC=C1)NC(=O)C2=NC=CN=C2)(O)O,CCC1=C2N=C(C=C(N2N=C1)NCC3=C[N+](=CC=C3)[O-])N4CCCCC4CCO,3.345,1,-3.8625755,-0.0206,-9.969104,-0.5304583311080933,0.6083506941795349,0.6475644707679749
bortezomib,dinaciclib,ES2,B(C(CC(C)C)NC(=O)C(CC1=CC=CC=C1)NC(=O)C2=NC=CN=C2)(O)O,CCC1=C2N=C(C=C(N2N=C1)NCC3=C[N+](=CC=C3)[O-])N4CCCCC4CCO,4.34,1,-2.211029,-0.02295,-10.793463,-0.5084311366081238,1.9268760681152344,0.8729032278060913
bortezomib,dinaciclib,HT144,B(C(CC(C)C)NC(=O)C(CC1=CC=CC=C1)NC(=O)C2=NC=CN=C2)(O)O,CCC1=C2N=C(C=C(N2N=C1)NCC3=C[N+](=CC=C3)[O-])N4CCCCC4CCO,0.135,1,-4.566471,-0.0206,-18.58323,0.5710029006004333,-3.845525026321411,0.02092783898115158
bortezomib,dinaciclib,HT29,B(C(CC(C)C)NC(=O)C(CC1=CC=CC=C1)NC(=O)C2=NC=CN=C2)(O)O,CCC1=C2N=C(C=C(N2N=C1)NCC3=C[N+](=CC=C3)[O-])N4CCCCC4CCO,1.16,1,-2.843583,-0.03915,-14.085756,0.032167404890060425,0.5431190133094788,0.6325376629829407
bortezomib,dinaciclib,NCIH1650,B(C(CC(C)C)NC(=O)C(CC1=CC=CC=C1)NC(=O)C2=NC=CN=C2)(O)O,CCC1=C2N=C(C=C(N2N=C1)NCC3=C[N+](=CC=C3)[O-])N4CCCCC4CCO,0.865,1,-5.428673,-0.0206,-17.532604,-0.06111401319503784,-2.7164766788482666,0.0620080828666687
bortezomib,dinaciclib,NCIH2122,B(C(CC(C)C)NC(=O)C(CC1=CC=CC=C1)NC(=O)C2=NC=CN=C2)(O)O,CCC1=C2N=C(C=C(N2N=C1)NCC3=C[N+](=CC=C3)[O-])N4CCCCC4CCO,4.085,1,-0.32038996,-0.0206,-18.743555,0.22350409626960754,3.423133611679077,0.9684197902679443
bortezomib,dinaciclib,NCIH23,B(C(CC(C)C)NC(=O)C(CC1=CC=CC=C1)NC(=O)C2=NC=CN=C2)(O)O,CCC1=C2N=C(C=C(N2N=C1)NCC3=C[N+](=CC=C3)[O-])N4CCCCC4CCO,-0.775,0,-3.908755,-0.04265,-24.81215,-1.8332335948944092,-0.10986237227916718,0.4725620150566101
bortezomib,dinaciclib,RKO,B(C(CC(C)C)NC(=O)C(CC1=CC=CC=C1)NC(=O)C2=NC=CN=C2)(O)O,CCC1=C2N=C(C=C(N2N=C1)NCC3=C[N+](=CC=C3)[O-])N4CCCCC4CCO,-0.115,0,-2.8842125,-0.0206,-9.881254,0.3570747673511505,1.990161657333374,0.8797602653503418
bortezomib,dinaciclib,SKMES1,B(C(CC(C)C)NC(=O)C(CC1=CC=CC=C1)NC(=O)C2=NC=CN=C2)(O)O,CCC1=C2N=C(C=C(N2N=C1)NCC3=C[N+](=CC=C3)[O-])N4CCCCC4CCO,-0.345,0,-4.879233,-0.0206,-14.086985,0.3674392104148865,1.5431795120239258,0.8239264488220215
bortezomib,dinaciclib,SKOV3,B(C(CC(C)C)NC(=O)C(CC1=CC=CC=C1)NC(=O)C2=NC=CN=C2)(O)O,CCC1=C2N=C(C=C(N2N=C1)NCC3=C[N+](=CC=C3)[O-])N4CCCCC4CCO,0.37,1,-8.193917,-0.0236,-11.355734,0.45198678970336914,0.16037017107009888,0.5400068759918213
bortezomib,dinaciclib,SW620,B(C(CC(C)C)NC(=O)C(CC1=CC=CC=C1)NC(=O)C2=NC=CN=C2)(O)O,CCC1=C2N=C(C=C(N2N=C1)NCC3=C[N+](=CC=C3)[O-])N4CCCCC4CCO,1.72,1,-3.7766829,-0.0206,-11.300818,0.04213753342628479,0.793700098991394,0.6886252164840698
bortezomib,dinaciclib,T47D,B(C(CC(C)C)NC(=O)C(CC1=CC=CC=C1)NC(=O)C2=NC=CN=C2)(O)O,CCC1=C2N=C(C=C(N2N=C1)NCC3=C[N+](=CC=C3)[O-])N4CCCCC4CCO,2.005,1,-4.253281,-0.0206,-20.308931,0.8411605358123779,-0.41157031059265137,0.3985356390476227
bortezomib,geldanamycin,A2058,B(C(CC(C)C)NC(=O)C(CC1=CC=CC=C1)NC(=O)C2=NC=CN=C2)(O)O,CC1CC(C(C(C=C(C(C(C=CC=C(C(=O)NC2=CC(=O)C(=C(C1)C2=O)OC)C)OC)OC(=O)N)C)C)O)OC,3.42,1,0.18211262,-0.0206,-12.796386,-0.37629738450050354,3.1296586990356445,0.9580996632575989
bortezomib,geldanamycin,A2780,B(C(CC(C)C)NC(=O)C(CC1=CC=CC=C1)NC(=O)C2=NC=CN=C2)(O)O,CC1CC(C(C(C=C(C(C(C=CC=C(C(=O)NC2=CC(=O)C(=C(C1)C2=O)OC)C)OC)OC(=O)N)C)C)O)OC,2.905,1,-0.48183605,-0.0206,-15.617815,-0.3914397060871124,5.667579174041748,0.9965556859970093
bortezomib,geldanamycin,A427,B(C(CC(C)C)NC(=O)C(CC1=CC=CC=C1)NC(=O)C2=NC=CN=C2)(O)O,CC1CC(C(C(C=C(C(C(C=CC=C(C(=O)NC2=CC(=O)C(=C(C1)C2=O)OC)C)OC)OC(=O)N)C)C)O)OC,2.295,1,-2.788171,-0.0206,-18.03698,-0.8690613508224487,3.4049856662750244,0.9678599834442139
bortezomib,geldanamycin,ES2,B(C(CC(C)C)NC(=O)C(CC1=CC=CC=C1)NC(=O)C2=NC=CN=C2)(O)O,CC1CC(C(C(C=C(C(C(C=CC=C(C(=O)NC2=CC(=O)C(=C(C1)C2=O)OC)C)OC)OC(=O)N)C)C)O)OC,5.245,1,2.7837133,-0.0206,-12.605167,-1.066322684288025,2.529351234436035,0.926173985004425
bortezomib,geldanamycin,HT144,B(C(CC(C)C)NC(=O)C(CC1=CC=CC=C1)NC(=O)C2=NC=CN=C2)(O)O,CC1CC(C(C(C=C(C(C(C=CC=C(C(=O)NC2=CC(=O)C(=C(C1)C2=O)OC)C)OC)OC(=O)N)C)C)O)OC,1.585,1,-10.559088,-0.0206,-19.824821,0.4724443554878235,1.7474967241287231,0.8516368269920349
bortezomib,geldanamycin,HT29,B(C(CC(C)C)NC(=O)C(CC1=CC=CC=C1)NC(=O)C2=NC=CN=C2)(O)O,CC1CC(C(C(C=C(C(C(C=CC=C(C(=O)NC2=CC(=O)C(=C(C1)C2=O)OC)C)OC)OC(=O)N)C)C)O)OC,-0.595,0,-5.5629597,-0.0206,-19.925251,0.6419527530670166,0.1913749873638153,0.5476982593536377
bortezomib,geldanamycin,LOVO,B(C(CC(C)C)NC(=O)C(CC1=CC=CC=C1)NC(=O)C2=NC=CN=C2)(O)O,CC1CC(C(C(C=C(C(C(C=CC=C(C(=O)NC2=CC(=O)C(=C(C1)C2=O)OC)C)OC)OC(=O)N)C)C)O)OC,2.34,1,-5.0387297,-0.0206,-15.010399,0.5278528332710266,1.9331635236740112,0.873599112033844
bortezomib,geldanamycin,MDAMB436,B(C(CC(C)C)NC(=O)C(CC1=CC=CC=C1)NC(=O)C2=NC=CN=C2)(O)O,CC1CC(C(C(C=C(C(C(C=CC=C(C(=O)NC2=CC(=O)C(=C(C1)C2=O)OC)C)OC)OC(=O)N)C)C)O)OC,2.68,1,-2.4039638,-0.0206,-11.017859,-0.6957038044929504,1.8375532627105713,0.8626590371131897
bortezomib,geldanamycin,NCIH1650,B(C(CC(C)C)NC(=O)C(CC1=CC=CC=C1)NC(=O)C2=NC=CN=C2)(O)O,CC1CC(C(C(C=C(C(C(C=CC=C(C(=O)NC2=CC(=O)C(=C(C1)C2=O)OC)C)OC)OC(=O)N)C)C)O)OC,-2.16,0,-7.234217,-0.0393,-22.480434,-0.910435140132904,1.0383877754211426,0.7385388016700745
bortezomib,geldanamycin,NCIH2122,B(C(CC(C)C)NC(=O)C(CC1=CC=CC=C1)NC(=O)C2=NC=CN=C2)(O)O,CC1CC(C(C(C=C(C(C(C=CC=C(C(=O)NC2=CC(=O)C(=C(C1)C2=O)OC)C)OC)OC(=O)N)C)C)O)OC,5.49,1,-2.8559184,-0.0206,-28.302227,-0.06793540716171265,4.050796031951904,0.9828893542289734
bortezomib,geldanamycin,NCIH23,B(C(CC(C)C)NC(=O)C(CC1=CC=CC=C1)NC(=O)C2=NC=CN=C2)(O)O,CC1CC(C(C(C=C(C(C(C=CC=C(C(=O)NC2=CC(=O)C(=C(C1)C2=O)OC)C)OC)OC(=O)N)C)C)O)OC,-2.425,0,-4.9115334,-0.04555,-31.101896,-1.3991060256958008,0.4339323043823242,0.6068122982978821
bortezomib,geldanamycin,NCIH520,B(C(CC(C)C)NC(=O)C(CC1=CC=CC=C1)NC(=O)C2=NC=CN=C2)(O)O,CC1CC(C(C(C=C(C(C(C=CC=C(C(=O)NC2=CC(=O)C(=C(C1)C2=O)OC)C)OC)OC(=O)N)C)C)O)OC,0.72,1,-9.5276575,-0.0206,-21.043768,-1.241155982017517,3.141724109649658,0.9585813879966736
bortezomib,geldanamycin,OV90,B(C(CC(C)C)NC(=O)C(CC1=CC=CC=C1)NC(=O)C2=NC=CN=C2)(O)O,CC1CC(C(C(C=C(C(C(C=CC=C(C(=O)NC2=CC(=O)C(=C(C1)C2=O)OC)C)OC)OC(=O)N)C)C)O)OC,1.54,1,-3.7636418,-0.02425,-17.755707,1.3369050025939941,2.6532676219940186,0.9342120885848999
bortezomib,geldanamycin,RKO,B(C(CC(C)C)NC(=O)C(CC1=CC=CC=C1)NC(=O)C2=NC=CN=C2)(O)O,CC1CC(C(C(C=C(C(C(C=CC=C(C(=O)NC2=CC(=O)C(=C(C1)C2=O)OC)C)OC)OC(=O)N)C)C)O)OC,5.585,1,-1.3782228,-0.02245,-11.859632,0.08242908120155334,0.386444628238678,0.5954264998435974
bortezomib,geldanamycin,SKMES1,B(C(CC(C)C)NC(=O)C(CC1=CC=CC=C1)NC(=O)C2=NC=CN=C2)(O)O,CC1CC(C(C(C=C(C(C(C=CC=C(C(=O)NC2=CC(=O)C(=C(C1)C2=O)OC)C)OC)OC(=O)N)C)C)O)OC,0.455,1,-2.0630445,-0.0206,-15.663321,-0.2653546929359436,-0.2664603590965271,0.43377625942230225
bortezomib,geldanamycin,SKOV3,B(C(CC(C)C)NC(=O)C(CC1=CC=CC=C1)NC(=O)C2=NC=CN=C2)(O)O,CC1CC(C(C(C=C(C(C(C=CC=C(C(=O)NC2=CC(=O)C(=C(C1)C2=O)OC)C)OC)OC(=O)N)C)C)O)OC,3.66,1,-1.8155284,-0.0206,-14.264992,0.21694165468215942,-0.17302533984184265,0.4568512737751007
bortezomib,geldanamycin,SW620,B(C(CC(C)C)NC(=O)C(CC1=CC=CC=C1)NC(=O)C2=NC=CN=C2)(O)O,CC1CC(C(C(C=C(C(C(C=CC=C(C(=O)NC2=CC(=O)C(=C(C1)C2=O)OC)C)OC)OC(=O)N)C)C)O)OC,2.64,1,2.2353258,-0.0206,-14.4591055,-0.013260811567306519,1.2625548839569092,0.7794656157493591
bortezomib,geldanamycin,T47D,B(C(CC(C)C)NC(=O)C(CC1=CC=CC=C1)NC(=O)C2=NC=CN=C2)(O)O,CC1CC(C(C(C=C(C(C(C=CC=C(C(=O)NC2=CC(=O)C(=C(C1)C2=O)OC)C)OC)OC(=O)N)C)C)O)OC,1.87,1,-13.039168,-0.0393,-23.142967,1.0274511575698853,0.2802182137966156,0.5695997476577759
bortezomib,sorafenib,A375,B(C(CC(C)C)NC(=O)C(CC1=CC=CC=C1)NC(=O)C2=NC=CN=C2)(O)O,CNC(=O)C1=NC=CC(=C1)OC2=CC=C(C=C2)NC(=O)NC3=CC(=C(C=C3)Cl)C(F)(F)F,8.49,1,-1.1610594,-0.0206,-7.9066978,-0.37790584564208984,1.5723856687545776,0.8281234502792358
bortezomib,sorafenib,A427,B(C(CC(C)C)NC(=O)C(CC1=CC=CC=C1)NC(=O)C2=NC=CN=C2)(O)O,CNC(=O)C1=NC=CC(=C1)OC2=CC=C(C=C2)NC(=O)NC3=CC(=C(C=C3)Cl)C(F)(F)F,0.735,1,-1.0229493,-0.0206,-13.333699,0.23847341537475586,3.25061297416687,0.9626951813697815
bortezomib,sorafenib,ES2,B(C(CC(C)C)NC(=O)C(CC1=CC=CC=C1)NC(=O)C2=NC=CN=C2)(O)O,CNC(=O)C1=NC=CC(=C1)OC2=CC=C(C=C2)NC(=O)NC3=CC(=C(C=C3)Cl)C(F)(F)F,6.11,1,1.1589228,-0.0206,-10.398652,-1.0602184534072876,3.816891670227051,0.978477418422699
bortezomib,sorafenib,HCT116,B(C(CC(C)C)NC(=O)C(CC1=CC=CC=C1)NC(=O)C2=NC=CN=C2)(O)O,CNC(=O)C1=NC=CC(=C1)OC2=CC=C(C=C2)NC(=O)NC3=CC(=C(C=C3)Cl)C(F)(F)F,2.01,1,-5.669816,-0.0206,-11.65023,-0.32837289571762085,0.41002440452575684,0.6010937094688416
bortezomib,sorafenib,HT29,B(C(CC(C)C)NC(=O)C(CC1=CC=CC=C1)NC(=O)C2=NC=CN=C2)(O)O,CNC(=O)C1=NC=CC(=C1)OC2=CC=C(C=C2)NC(=O)NC3=CC(=C(C=C3)Cl)C(F)(F)F,0.705,1,-7.190427,-0.0743,-11.838176,-0.24813571572303772,0.27582138776779175,0.5685214996337891
bortezomib,sorafenib,LOVO,B(C(CC(C)C)NC(=O)C(CC1=CC=CC=C1)NC(=O)C2=NC=CN=C2)(O)O,CNC(=O)C1=NC=CC(=C1)OC2=CC=C(C=C2)NC(=O)NC3=CC(=C(C=C3)Cl)C(F)(F)F,-0.76,0,-9.706418,-0.0206,-11.495083,-0.6436103582382202,-1.3274214267730713,0.2095862179994583
bortezomib,sorafenib,MDAMB436,B(C(CC(C)C)NC(=O)C(CC1=CC=CC=C1)NC(=O)C2=NC=CN=C2)(O)O,CNC(=O)C1=NC=CC(=C1)OC2=CC=C(C=C2)NC(=O)NC3=CC(=C(C=C3)Cl)C(F)(F)F,-0.935,0,-6.417598502,-0.0206,-8.499495,-0.5199548602104187,1.7746026515960693,0.8550291657447815
bortezomib,sorafenib,NCIH2122,B(C(CC(C)C)NC(=O)C(CC1=CC=CC=C1)NC(=O)C2=NC=CN=C2)(O)O,CNC(=O)C1=NC=CC(=C1)OC2=CC=C(C=C2)NC(=O)NC3=CC(=C(C=C3)Cl)C(F)(F)F,3.27,1,-13.652689,-0.03505,-18.125885,-1.2180054187774658,0.28050947189331055,0.5696711540222168
bortezomib,sorafenib,NCIH23,B(C(CC(C)C)NC(=O)C(CC1=CC=CC=C1)NC(=O)C2=NC=CN=C2)(O)O,CNC(=O)C1=NC=CC(=C1)OC2=CC=C(C=C2)NC(=O)NC3=CC(=C(C=C3)Cl)C(F)(F)F,5.085,1,-7.2639403,-0.109525,-22.883717,-1.220812439918518,0.5815107822418213,0.6414149403572083
bortezomib,sorafenib,NCIH520,B(C(CC(C)C)NC(=O)C(CC1=CC=CC=C1)NC(=O)C2=NC=CN=C2)(O)O,CNC(=O)C1=NC=CC(=C1)OC2=CC=C(C=C2)NC(=O)NC3=CC(=C(C=C3)Cl)C(F)(F)F,3.625,1,-4.0117455,-0.02425,-16.19777,-1.5726003646850586,2.8461086750030518,0.9451172351837158
bortezomib,sorafenib,OV90,B(C(CC(C)C)NC(=O)C(CC1=CC=CC=C1)NC(=O)C2=NC=CN=C2)(O)O,CNC(=O)C1=NC=CC(=C1)OC2=CC=C(C=C2)NC(=O)NC3=CC(=C(C=C3)Cl)C(F)(F)F,1.015,1,-2.4037542,-0.0628,-14.037129,1.1139570474624634,3.8925137519836426,0.9800136089324951
bortezomib,sorafenib,SKMES1,B(C(CC(C)C)NC(=O)C(CC1=CC=CC=C1)NC(=O)C2=NC=CN=C2)(O)O,CNC(=O)C1=NC=CC(=C1)OC2=CC=C(C=C2)NC(=O)NC3=CC(=C(C=C3)Cl)C(F)(F)F,2.445,1,-2.5661824,-0.0206,-12.712221,0.17499595880508423,1.0503507852554321,0.7408422827720642
bortezomib,sorafenib,SW620,B(C(CC(C)C)NC(=O)C(CC1=CC=CC=C1)NC(=O)C2=NC=CN=C2)(O)O,CNC(=O)C1=NC=CC(=C1)OC2=CC=C(C=C2)NC(=O)NC3=CC(=C(C=C3)Cl)C(F)(F)F,5.61,1,-2.6135454,-0.0206,-9.922356,-0.4346386194229126,0.23207512497901917,0.5577598214149475
bortezomib,sorafenib,SW837,B(C(CC(C)C)NC(=O)C(CC1=CC=CC=C1)NC(=O)C2=NC=CN=C2)(O)O,CNC(=O)C1=NC=CC(=C1)OC2=CC=C(C=C2)NC(=O)NC3=CC(=C(C=C3)Cl)C(F)(F)F,3.715,1,-6.841464,-0.0393,-15.431442,-0.6415541172027588,2.8770461082458496,0.9466999769210815
bortezomib,sorafenib,T47D,B(C(CC(C)C)NC(=O)C(CC1=CC=CC=C1)NC(=O)C2=NC=CN=C2)(O)O,CNC(=O)C1=NC=CC(=C1)OC2=CC=C(C=C2)NC(=O)NC3=CC(=C(C=C3)Cl)C(F)(F)F,6.1,1,0.1928768175,-0.0206,-16.934687,0.5179871320724487,-0.2560058534145355,0.43634578585624695
cyclophosphamide,bortezomib,A2058,C1CNP(=O)(OC1)N(CCCl)CCCl,B(C(CC(C)C)NC(=O)C(CC1=CC=CC=C1)NC(=O)C2=NC=CN=C2)(O)O,4.37,1,-53.181057,-0.0966,-4.228403,-0.896398663520813,2.9876859188079834,0.952014684677124
cyclophosphamide,bortezomib,A2780,C1CNP(=O)(OC1)N(CCCl)CCCl,B(C(CC(C)C)NC(=O)C(CC1=CC=CC=C1)NC(=O)C2=NC=CN=C2)(O)O,1.345,1,-24.054045,-0.0397,-8.516996,-1.5898487567901611,2.3819689750671387,0.9154419898986816
cyclophosphamide,bortezomib,A375,C1CNP(=O)(OC1)N(CCCl)CCCl,B(C(CC(C)C)NC(=O)C(CC1=CC=CC=C1)NC(=O)C2=NC=CN=C2)(O)O,4.715,1,-54.575634,-0.0372,-7.2873936,-1.437713384628296,3.6409912109375,0.9744439721107483
cyclophosphamide,bortezomib,A427,C1CNP(=O)(OC1)N(CCCl)CCCl,B(C(CC(C)C)NC(=O)C(CC1=CC=CC=C1)NC(=O)C2=NC=CN=C2)(O)O,-0.24,0,-31.327278,-0.1215,-13.172064,-1.4372817277908325,-1.6357531547546387,0.1630437672138214
cyclophosphamide,bortezomib,ES2,C1CNP(=O)(OC1)N(CCCl)CCCl,B(C(CC(C)C)NC(=O)C(CC1=CC=CC=C1)NC(=O)C2=NC=CN=C2)(O)O,8.775,1,-59.342476,-0.228,-8.219713,-1.2837978601455688,4.442939758300781,0.9883754253387451
cyclophosphamide,bortezomib,HCT116,C1CNP(=O)(OC1)N(CCCl)CCCl,B(C(CC(C)C)NC(=O)C(CC1=CC=CC=C1)NC(=O)C2=NC=CN=C2)(O)O,1.32,1,-49.693237,-0.229,-9.009506,-0.3872726261615753,-0.1497407853603363,0.4626345932483673
cyclophosphamide,bortezomib,HT144,C1CNP(=O)(OC1)N(CCCl)CCCl,B(C(CC(C)C)NC(=O)C(CC1=CC=CC=C1)NC(=O)C2=NC=CN=C2)(O)O,1.53,1,-55.27351,-0.07195,-15.365554,-1.0495375394821167,0.8509264588356018,0.7007614374160767
cyclophosphamide,bortezomib,HT29,C1CNP(=O)(OC1)N(CCCl)CCCl,B(C(CC(C)C)NC(=O)C(CC1=CC=CC=C1)NC(=O)C2=NC=CN=C2)(O)O,1.95,1,-51.97318,-0.0499,-7.983854,-0.001682192087173462,-0.08278699219226837,0.4793150722980499
cyclophosphamide,bortezomib,LOVO,C1CNP(=O)(OC1)N(CCCl)CCCl,B(C(CC(C)C)NC(=O)C(CC1=CC=CC=C1)NC(=O)C2=NC=CN=C2)(O)O,0.515,1,-40.39925,-0.09825,-10.236647,0.5980424880981445,-0.1024375706911087,0.4744129776954651
cyclophosphamide,bortezomib,MDAMB436,C1CNP(=O)(OC1)N(CCCl)CCCl,B(C(CC(C)C)NC(=O)C(CC1=CC=CC=C1)NC(=O)C2=NC=CN=C2)(O)O,2.965,1,-50.365078,-0.02565,-5.1364307,-0.44532209634780884,2.4112064838409424,0.9176778793334961
cyclophosphamide,bortezomib,NCIH1650,C1CNP(=O)(OC1)N(CCCl)CCCl,B(C(CC(C)C)NC(=O)C(CC1=CC=CC=C1)NC(=O)C2=NC=CN=C2)(O)O,1.31,1,-39.81278,-0.042,-16.249378,0.0219762921333313,-4.696401596069336,0.009045496582984924
cyclophosphamide,bortezomib,NCIH2122,C1CNP(=O)(OC1)N(CCCl)CCCl,B(C(CC(C)C)NC(=O)C(CC1=CC=CC=C1)NC(=O)C2=NC=CN=C2)(O)O,10.35,1,-52.05286,-0.06375,-9.219776,-0.3942224085330963,5.870544910430908,0.9971866011619568
cyclophosphamide,bortezomib,NCIH23,C1CNP(=O)(OC1)N(CCCl)CCCl,B(C(CC(C)C)NC(=O)C(CC1=CC=CC=C1)NC(=O)C2=NC=CN=C2)(O)O,1.56,1,-46.576263,-0.258,-17.210178,-1.5791847705841064,0.5184713006019592,0.6267902255058289
cyclophosphamide,bortezomib,NCIH520,C1CNP(=O)(OC1)N(CCCl)CCCl,B(C(CC(C)C)NC(=O)C(CC1=CC=CC=C1)NC(=O)C2=NC=CN=C2)(O)O,2.24,1,-47.576813,-0.214,-13.433701,-2.0010275840759277,6.110528945922852,0.9977855682373047
cyclophosphamide,bortezomib,OV90,C1CNP(=O)(OC1)N(CCCl)CCCl,B(C(CC(C)C)NC(=O)C(CC1=CC=CC=C1)NC(=O)C2=NC=CN=C2)(O)O,0.225,1,-50.529606,-0.19605,-10.222607,1.2679388523101807,0.006462756544351578,0.5016157031059265
cyclophosphamide,bortezomib,RKO,C1CNP(=O)(OC1)N(CCCl)CCCl,B(C(CC(C)C)NC(=O)C(CC1=CC=CC=C1)NC(=O)C2=NC=CN=C2)(O)O,4.96,1,-44.425655,-0.06735,-5.66761,-0.8386150002479553,4.501326560974121,0.9890275001525879
cyclophosphamide,bortezomib,SKMES1,C1CNP(=O)(OC1)N(CCCl)CCCl,B(C(CC(C)C)NC(=O)C(CC1=CC=CC=C1)NC(=O)C2=NC=CN=C2)(O)O,2.385,1,-46.120308,-0.3425,-10.015933,-0.8042711019515991,0.2987031936645508,0.5741254687309265
cyclophosphamide,bortezomib,SKOV3,C1CNP(=O)(OC1)N(CCCl)CCCl,B(C(CC(C)C)NC(=O)C(CC1=CC=CC=C1)NC(=O)C2=NC=CN=C2)(O)O,2.95,1,-60.6886,-0.258,-6.4333158,0.060249119997024536,-0.01251855120062828,0.4968704283237457
cyclophosphamide,bortezomib,SW620,C1CNP(=O)(OC1)N(CCCl)CCCl,B(C(CC(C)C)NC(=O)C(CC1=CC=CC=C1)NC(=O)C2=NC=CN=C2)(O)O,4.83,1,-52.379917,-0.179,-7.6714463,-0.0818401575088501,0.10868330299854279,0.5271441340446472
cyclophosphamide,bortezomib,T47D,C1CNP(=O)(OC1)N(CCCl)CCCl,B(C(CC(C)C)NC(=O)C(CC1=CC=CC=C1)NC(=O)C2=NC=CN=C2)(O)O,2.03,1,-65.12964,-0.123,-17.256804,0.4007228910923004,-0.2149638533592224,0.44646501541137695
cyclophosphamide,dasatinib,A2780,C1CNP(=O)(OC1)N(CCCl)CCCl,CC1=C(C(=CC=C1)Cl)NC(=O)C2=CN=C(S2)NC3=NC(=NC(=C3)N4CCN(CC4)CCO)C,8.03,1,8.881923,-0.5675,19.468449,-0.6889727711677551,3.386979818344116,0.9672951698303223
cyclophosphamide,dasatinib,A427,C1CNP(=O)(OC1)N(CCCl)CCCl,CC1=C(C(=CC=C1)Cl)NC(=O)C2=CN=C(S2)NC3=NC(=NC(=C3)N4CCN(CC4)CCO)C,2.725,1,-0.9918508,-0.519,13.756235,-0.5204070806503296,1.1065475940704346,0.7514848709106445
cyclophosphamide,dasatinib,ES2,C1CNP(=O)(OC1)N(CCCl)CCCl,CC1=C(C(=CC=C1)Cl)NC(=O)C2=CN=C(S2)NC3=NC(=NC(=C3)N4CCN(CC4)CCO)C,-1.0,0,-6.8476872,-0.376,10.830662,0.5773415565490723,2.1578965187072754,0.8964043855667114
cyclophosphamide,dasatinib,HCT116,C1CNP(=O)(OC1)N(CCCl)CCCl,CC1=C(C(=CC=C1)Cl)NC(=O)C2=CN=C(S2)NC3=NC(=NC(=C3)N4CCN(CC4)CCO)C,3.16,1,-11.890956,-0.2367,11.332476,-0.6144172549247742,-0.22834520041942596,0.44316044449806213
cyclophosphamide,dasatinib,HT144,C1CNP(=O)(OC1)N(CCCl)CCCl,CC1=C(C(=CC=C1)Cl)NC(=O)C2=CN=C(S2)NC3=NC(=NC(=C3)N4CCN(CC4)CCO)C,5.85,1,-10.425996,-0.5125,1.761611,0.44382187724113464,2.5257861614227295,0.9259299039840698
cyclophosphamide,dasatinib,LOVO,C1CNP(=O)(OC1)N(CCCl)CCCl,CC1=C(C(=CC=C1)Cl)NC(=O)C2=CN=C(S2)NC3=NC(=NC(=C3)N4CCN(CC4)CCO)C,1.05,1,-10.2580805,-0.07195,13.941134,1.3660874366760254,-1.4800869226455688,0.18541429936885834
cyclophosphamide,dasatinib,MDAMB436,C1CNP(=O)(OC1)N(CCCl)CCCl,CC1=C(C(=CC=C1)Cl)NC(=O)C2=CN=C(S2)NC3=NC(=NC(=C3)N4CCN(CC4)CCO)C,0.875,1,-2.098734,-0.1172,16.450918,0.00012323260307312012,0.9294843077659607,0.7169706225395203
cyclophosphamide,dasatinib,NCIH1650,C1CNP(=O)(OC1)N(CCCl)CCCl,CC1=C(C(=CC=C1)Cl)NC(=O)C2=CN=C(S2)NC3=NC(=NC(=C3)N4CCN(CC4)CCO)C,3.165,1,-9.243687,-0.0598,14.052246,-0.39759957790374756,1.939284324645996,0.8742735385894775
cyclophosphamide,dasatinib,NCIH2122,C1CNP(=O)(OC1)N(CCCl)CCCl,CC1=C(C(=CC=C1)Cl)NC(=O)C2=CN=C(S2)NC3=NC(=NC(=C3)N4CCN(CC4)CCO)C,16.09,1,-22.963955,-0.08305,7.790084,-0.6391735076904297,3.756647825241089,0.9771714210510254
cyclophosphamide,dasatinib,NCIH520,C1CNP(=O)(OC1)N(CCCl)CCCl,CC1=C(C(=CC=C1)Cl)NC(=O)C2=CN=C(S2)NC3=NC(=NC(=C3)N4CCN(CC4)CCO)C,1.085,1,-1.9865872,-0.02565,14.070482,-0.9510860443115234,2.0662760734558105,0.8875819444656372
cyclophosphamide,dasatinib,OV90,C1CNP(=O)(OC1)N(CCCl)CCCl,CC1=C(C(=CC=C1)Cl)NC(=O)C2=CN=C(S2)NC3=NC(=NC(=C3)N4CCN(CC4)CCO)C,-3.0,0,-10.571881,-0.0285,11.180861,0.965359091758728,-0.08391401171684265,0.47903379797935486
cyclophosphamide,dasatinib,RKO,C1CNP(=O)(OC1)N(CCCl)CCCl,CC1=C(C(=CC=C1)Cl)NC(=O)C2=CN=C(S2)NC3=NC(=NC(=C3)N4CCN(CC4)CCO)C,-2.89,0,-9.6855955,-0.228,15.303115,-0.520847737789154,0.9640634655952454,0.7239346504211426
cyclophosphamide,dasatinib,SKMES1,C1CNP(=O)(OC1)N(CCCl)CCCl,CC1=C(C(=CC=C1)Cl)NC(=O)C2=CN=C(S2)NC3=NC(=NC(=C3)N4CCN(CC4)CCO)C,4.16,1,-17.623129,-0.2365,11.192858,1.0174158811569214,1.808259129524231,0.8591513633728027
cyclophosphamide,dasatinib,SW837,C1CNP(=O)(OC1)N(CCCl)CCCl,CC1=C(C(=CC=C1)Cl)NC(=O)C2=CN=C(S2)NC3=NC(=NC(=C3)N4CCN(CC4)CCO)C,-1.12,0,-10.932621,-0.0942,9.713911,-0.24490922689437866,1.4951800107955933,0.8168544769287109
cyclophosphamide,dasatinib,T47D,C1CNP(=O)(OC1)N(CCCl)CCCl,CC1=C(C(=CC=C1)Cl)NC(=O)C2=CN=C(S2)NC3=NC(=NC(=C3)N4CCN(CC4)CCO)C,0.58,1,-13.755297,-0.1205,11.018072,0.47449299693107605,-0.2537152171134949,0.4369092583656311
cyclophosphamide,dinaciclib,A2058,C1CNP(=O)(OC1)N(CCCl)CCCl,CCC1=C2N=C(C=C(N2N=C1)NCC3=C[N+](=CC=C3)[O-])N4CCCCC4CCO,8.455,1,-57.94798,-0.1097,2.1446898,0.3181992173194885,3.2390811443328857,0.9622787237167358
cyclophosphamide,dinaciclib,A2780,C1CNP(=O)(OC1)N(CCCl)CCCl,CCC1=C2N=C(C=C(N2N=C1)NCC3=C[N+](=CC=C3)[O-])N4CCCCC4CCO,1.1,1,-50.967236,-0.09365,0.27955535,-1.0742253065109253,2.965437173843384,0.9509879946708679
cyclophosphamide,dinaciclib,A375,C1CNP(=O)(OC1)N(CCCl)CCCl,CCC1=C2N=C(C=C(N2N=C1)NCC3=C[N+](=CC=C3)[O-])N4CCCCC4CCO,7.86,1,-56.06902,-0.2565,-0.12692197,-0.1851852834224701,4.6164069175720215,0.9902085065841675
cyclophosphamide,dinaciclib,ES2,C1CNP(=O)(OC1)N(CCCl)CCCl,CCC1=C2N=C(C=C(N2N=C1)NCC3=C[N+](=CC=C3)[O-])N4CCCCC4CCO,2.7,1,-57.869957,-0.289,-2.4238508,0.11168655753135681,3.457862138748169,0.9694647789001465
cyclophosphamide,dinaciclib,HCT116,C1CNP(=O)(OC1)N(CCCl)CCCl,CCC1=C2N=C(C=C(N2N=C1)NCC3=C[N+](=CC=C3)[O-])N4CCCCC4CCO,2.13,1,-55.117184,-0.1475,-3.4271548,-0.5652847290039062,-0.09658390283584595,0.4758727550506592
cyclophosphamide,dinaciclib,HT144,C1CNP(=O)(OC1)N(CCCl)CCCl,CCC1=C2N=C(C=C(N2N=C1)NCC3=C[N+](=CC=C3)[O-])N4CCCCC4CCO,1.66,1,-66.196884,-0.2165,-9.06752,-0.6184797286987305,-0.6194844841957092,0.34989869594573975
cyclophosphamide,dinaciclib,HT29,C1CNP(=O)(OC1)N(CCCl)CCCl,CCC1=C2N=C(C=C(N2N=C1)NCC3=C[N+](=CC=C3)[O-])N4CCCCC4CCO,5.41,1,-53.479904,-0.13515,-1.2131833,0.17240625619888306,0.38274911046028137,0.5945360064506531
cyclophosphamide,dinaciclib,LOVO,C1CNP(=O)(OC1)N(CCCl)CCCl,CCC1=C2N=C(C=C(N2N=C1)NCC3=C[N+](=CC=C3)[O-])N4CCCCC4CCO,3.43,1,-49.431484,-0.0797,-4.4500294,1.564613699913025,1.0790667533874512,0.7463173270225525
cyclophosphamide,dinaciclib,MDAMB436,C1CNP(=O)(OC1)N(CCCl)CCCl,CCC1=C2N=C(C=C(N2N=C1)NCC3=C[N+](=CC=C3)[O-])N4CCCCC4CCO,4.73,1,-42.76074,-0.241,2.3463306,0.6150560975074768,3.538858652114868,0.9717734456062317
cyclophosphamide,dinaciclib,NCIH1650,C1CNP(=O)(OC1)N(CCCl)CCCl,CCC1=C2N=C(C=C(N2N=C1)NCC3=C[N+](=CC=C3)[O-])N4CCCCC4CCO,5.205,1,-60.323483,-0.1071,-5.85207,1.2579115629196167,1.529952049255371,0.8219993114471436
cyclophosphamide,dinaciclib,NCIH2122,C1CNP(=O)(OC1)N(CCCl)CCCl,CCC1=C2N=C(C=C(N2N=C1)NCC3=C[N+](=CC=C3)[O-])N4CCCCC4CCO,4.585,1,-53.678493,-0.0471,-3.2214758,0.9134109020233154,3.1622729301452637,0.9593895673751831
cyclophosphamide,dinaciclib,NCIH23,C1CNP(=O)(OC1)N(CCCl)CCCl,CCC1=C2N=C(C=C(N2N=C1)NCC3=C[N+](=CC=C3)[O-])N4CCCCC4CCO,1.125,1,-54.77469,-0.07935,-9.40694,-1.4393434524536133,0.5900629162788391,0.6433795690536499
cyclophosphamide,dinaciclib,NCIH520,C1CNP(=O)(OC1)N(CCCl)CCCl,CCC1=C2N=C(C=C(N2N=C1)NCC3=C[N+](=CC=C3)[O-])N4CCCCC4CCO,3.61,1,-53.565205,-0.163,-3.8672984,-1.1605281829833984,2.0369222164154053,0.8846195340156555
cyclophosphamide,dinaciclib,OV90,C1CNP(=O)(OC1)N(CCCl)CCCl,CCC1=C2N=C(C=C(N2N=C1)NCC3=C[N+](=CC=C3)[O-])N4CCCCC4CCO,0.985,1,-42.37061,-0.2565,-3.6510472,1.0529450178146362,2.613206148147583,0.9317066669464111
cyclophosphamide,dinaciclib,RKO,C1CNP(=O)(OC1)N(CCCl)CCCl,CCC1=C2N=C(C=C(N2N=C1)NCC3=C[N+](=CC=C3)[O-])N4CCCCC4CCO,4.745,1,-58.31061,-0.364,0.5153238,-0.12077905982732773,3.763134241104126,0.9773156642913818
cyclophosphamide,dinaciclib,SKMES1,C1CNP(=O)(OC1)N(CCCl)CCCl,CCC1=C2N=C(C=C(N2N=C1)NCC3=C[N+](=CC=C3)[O-])N4CCCCC4CCO,3.1,1,-50.66062,-0.613,-3.254166,-0.22158768773078918,2.8031013011932373,0.9428431987762451
cyclophosphamide,dinaciclib,SKOV3,C1CNP(=O)(OC1)N(CCCl)CCCl,CCC1=C2N=C(C=C(N2N=C1)NCC3=C[N+](=CC=C3)[O-])N4CCCCC4CCO,5.35,1,-53.501537,-0.562,-1.1802735,-0.022214949131011963,0.4244069755077362,0.604537308216095
cyclophosphamide,dinaciclib,SW620,C1CNP(=O)(OC1)N(CCCl)CCCl,CCC1=C2N=C(C=C(N2N=C1)NCC3=C[N+](=CC=C3)[O-])N4CCCCC4CCO,5.1,1,-41.488197,-0.718,-2.296939,0.02006596326828003,0.9745916724205017,0.7260337471961975
cyclophosphamide,dinaciclib,SW837,C1CNP(=O)(OC1)N(CCCl)CCCl,CCC1=C2N=C(C=C(N2N=C1)NCC3=C[N+](=CC=C3)[O-])N4CCCCC4CCO,-0.77,0,-34.810593,-0.769,-10.961355,-1.140670657157898,3.1852004528045654,0.9602735638618469
cyclophosphamide,dinaciclib,T47D,C1CNP(=O)(OC1)N(CCCl)CCCl,CCC1=C2N=C(C=C(N2N=C1)NCC3=C[N+](=CC=C3)[O-])N4CCCCC4CCO,4.625,1,-43.704647,-0.597,-8.655838,0.4919392168521881,-0.061112187802791595,0.4847266674041748
cyclophosphamide,erlotinib,A2058,C1CNP(=O)(OC1)N(CCCl)CCCl,COCCOC1=C(C=C2C(=C1)C(=NC=N2)NC3=CC=CC(=C3)C#C)OCCOC,-2.22,0,-33.243553,-0.6565,6.087782,0.7923612594604492,3.6089026927948,0.9736325740814209
cyclophosphamide,erlotinib,A2780,C1CNP(=O)(OC1)N(CCCl)CCCl,COCCOC1=C(C=C2C(=C1)C(=NC=N2)NC3=CC=CC(=C3)C#C)OCCOC,3.05,1,-25.546755,-0.6565,4.603593,-1.059281826019287,1.369498610496521,0.7972990870475769
cyclophosphamide,erlotinib,A375,C1CNP(=O)(OC1)N(CCCl)CCCl,COCCOC1=C(C=C2C(=C1)C(=NC=N2)NC3=CC=CC(=C3)C#C)OCCOC,-3.46,0,-26.942997,-0.807,4.8863597,-1.1298179626464844,0.6760424971580505,0.662854790687561
cyclophosphamide,erlotinib,A427,C1CNP(=O)(OC1)N(CCCl)CCCl,COCCOC1=C(C=C2C(=C1)C(=NC=N2)NC3=CC=CC(=C3)C#C)OCCOC,0.96,1,-16.547935,-0.273,0.60417444,-1.3054925203323364,0.7922132015228271,0.6883063316345215
cyclophosphamide,erlotinib,ES2,C1CNP(=O)(OC1)N(CCCl)CCCl,COCCOC1=C(C=C2C(=C1)C(=NC=N2)NC3=CC=CC(=C3)C#C)OCCOC,5.355,1,-17.32644,-0.143,0.5349032,-0.04221826791763306,5.087560176849365,0.9938648343086243
cyclophosphamide,erlotinib,HCT116,C1CNP(=O)(OC1)N(CCCl)CCCl,COCCOC1=C(C=C2C(=C1)C(=NC=N2)NC3=CC=CC(=C3)C#C)OCCOC,-4.66,0,-35.566013,-0.1172,4.0146184,-0.7531781196594238,-0.21388250589370728,0.4467322528362274
cyclophosphamide,erlotinib,HT144,C1CNP(=O)(OC1)N(CCCl)CCCl,COCCOC1=C(C=C2C(=C1)C(=NC=N2)NC3=CC=CC(=C3)C#C)OCCOC,-7.95,0,-36.548523,-0.05595,-4.658603,0.6029524803161621,0.13360637426376343,0.5333519577980042
cyclophosphamide,erlotinib,MDAMB436,C1CNP(=O)(OC1)N(CCCl)CCCl,COCCOC1=C(C=C2C(=C1)C(=NC=N2)NC3=CC=CC(=C3)C#C)OCCOC,-5.21,0,-21.287777,-0.0397,5.2687626,0.608261227607727,1.7378520965576172,0.8504140377044678
cyclophosphamide,erlotinib,NCIH1650,C1CNP(=O)(OC1)N(CCCl)CCCl,COCCOC1=C(C=C2C(=C1)C(=NC=N2)NC3=CC=CC(=C3)C#C)OCCOC,3.12,1,-7.6576853,-0.02265,0.74517447,-0.5340541005134583,-0.614320695400238,0.35107421875
cyclophosphamide,erlotinib,NCIH2122,C1CNP(=O)(OC1)N(CCCl)CCCl,COCCOC1=C(C=C2C(=C1)C(=NC=N2)NC3=CC=CC(=C3)C#C)OCCOC,1.17,1,-32.848618,-0.0604,4.222975,-0.7305949330329895,0.7858123779296875,0.6869314908981323
cyclophosphamide,erlotinib,NCIH23,C1CNP(=O)(OC1)N(CCCl)CCCl,COCCOC1=C(C=C2C(=C1)C(=NC=N2)NC3=CC=CC(=C3)C#C)OCCOC,-5.565,0,-25.431662,-0.2071,-6.7324038,-1.6352126598358154,-0.6785202622413635,0.3365916311740875
cyclophosphamide,erlotinib,NCIH520,C1CNP(=O)(OC1)N(CCCl)CCCl,COCCOC1=C(C=C2C(=C1)C(=NC=N2)NC3=CC=CC(=C3)C#C)OCCOC,1.075,1,-10.908149,-0.2565,0.7316477,-0.2019173800945282,0.2760504484176636,0.5685777068138123
cyclophosphamide,erlotinib,OV90,C1CNP(=O)(OC1)N(CCCl)CCCl,COCCOC1=C(C=C2C(=C1)C(=NC=N2)NC3=CC=CC(=C3)C#C)OCCOC,-3.025,0,-13.823714,-0.234,0.1347379,0.22783830761909485,-2.671495199203491,0.06467646360397339
cyclophosphamide,erlotinib,RKO,C1CNP(=O)(OC1)N(CCCl)CCCl,COCCOC1=C(C=C2C(=C1)C(=NC=N2)NC3=CC=CC(=C3)C#C)OCCOC,-3.93,0,-6.0070415,-0.1705,4.0120053,-0.8936970233917236,-0.26121455430984497,0.4350651502609253
cyclophosphamide,erlotinib,SKMES1,C1CNP(=O)(OC1)N(CCCl)CCCl,COCCOC1=C(C=C2C(=C1)C(=NC=N2)NC3=CC=CC(=C3)C#C)OCCOC,2.12,1,-13.647284,-0.2895,2.4113908,-0.2991853356361389,0.17482271790504456,0.5435947179794312
cyclophosphamide,erlotinib,SKOV3,C1CNP(=O)(OC1)N(CCCl)CCCl,COCCOC1=C(C=C2C(=C1)C(=NC=N2)NC3=CC=CC(=C3)C#C)OCCOC,5.36,1,-25.253014,-0.1491,6.158845,0.20393326878547668,-0.2381216585636139,0.44074925780296326
cyclophosphamide,erlotinib,SW620,C1CNP(=O)(OC1)N(CCCl)CCCl,COCCOC1=C(C=C2C(=C1)C(=NC=N2)NC3=CC=CC(=C3)C#C)OCCOC,5.055,1,-15.71024,-0.1205,2.1503544,-0.0010617971420288086,0.09958377480506897,0.5248754024505615
cyclophosphamide,erlotinib,SW837,C1CNP(=O)(OC1)N(CCCl)CCCl,COCCOC1=C(C=C2C(=C1)C(=NC=N2)NC3=CC=CC(=C3)C#C)OCCOC,-2.665,0,-14.378633,-0.1172,0.7552595,0.19948288798332214,-1.206430435180664,0.23033325374126434
cyclophosphamide,erlotinib,T47D,C1CNP(=O)(OC1)N(CCCl)CCCl,COCCOC1=C(C=C2C(=C1)C(=NC=N2)NC3=CC=CC(=C3)C#C)OCCOC,-5.13,0,-23.890436,-0.1645,-1.8379761,0.19708579778671265,-0.5492767691612244,0.366032212972641
cyclophosphamide,geldanamycin,A2058,C1CNP(=O)(OC1)N(CCCl)CCCl,CC1CC(C(C(C=C(C(C(C=CC=C(C(=O)NC2=CC(=O)C(=C(C1)C2=O)OC)C)OC)OC(=O)N)C)C)O)OC,10.28,1,-30.761894,-0.3975,-1.0441309,0.8615825176239014,4.107400894165039,0.9838157296180725
cyclophosphamide,geldanamycin,A2780,C1CNP(=O)(OC1)N(CCCl)CCCl,CC1CC(C(C(C=C(C(C(C=CC=C(C(=O)NC2=CC(=O)C(=C(C1)C2=O)OC)C)OC)OC(=O)N)C)C)O)OC,1.825,1,-34.651398,-0.1475,-3.8623803,-0.33734044432640076,1.2581571340560913,0.7787086963653564
cyclophosphamide,geldanamycin,A375,C1CNP(=O)(OC1)N(CCCl)CCCl,CC1CC(C(C(C=C(C(C(C=CC=C(C(=O)NC2=CC(=O)C(=C(C1)C2=O)OC)C)OC)OC(=O)N)C)C)O)OC,3.41,1,-42.83838,-0.1915,-2.715419,0.05694383382797241,3.317113161087036,0.9650112390518188
cyclophosphamide,geldanamycin,A427,C1CNP(=O)(OC1)N(CCCl)CCCl,CC1CC(C(C(C=C(C(C(C=CC=C(C(=O)NC2=CC(=O)C(=C(C1)C2=O)OC)C)OC)OC(=O)N)C)C)O)OC,3.425,1,-21.960857,-0.1383,-6.9145927,-0.47996529936790466,1.1651090383529663,0.7622597813606262
cyclophosphamide,geldanamycin,ES2,C1CNP(=O)(OC1)N(CCCl)CCCl,CC1CC(C(C(C=C(C(C(C=CC=C(C(=O)NC2=CC(=O)C(=C(C1)C2=O)OC)C)OC)OC(=O)N)C)C)O)OC,1.2,1,-51.47593,-0.05595,-3.8032265,0.9284380078315735,-0.48359182476997375,0.381404310464859
cyclophosphamide,geldanamycin,HCT116,C1CNP(=O)(OC1)N(CCCl)CCCl,CC1CC(C(C(C=C(C(C(C=CC=C(C(=O)NC2=CC(=O)C(=C(C1)C2=O)OC)C)OC)OC(=O)N)C)C)O)OC,4.25,1,-42.624714,-0.16475,-6.445871,-0.6556186676025391,0.5488353371620178,0.6338653564453125
cyclophosphamide,geldanamycin,HT144,C1CNP(=O)(OC1)N(CCCl)CCCl,CC1CC(C(C(C=C(C(C(C=CC=C(C(=O)NC2=CC(=O)C(=C(C1)C2=O)OC)C)OC)OC(=O)N)C)C)O)OC,3.24,1,-37.206963,-0.0966,-11.045807,0.6194317936897278,2.3913495540618896,0.916165292263031
cyclophosphamide,geldanamycin,HT29,C1CNP(=O)(OC1)N(CCCl)CCCl,CC1CC(C(C(C=C(C(C(C=CC=C(C(=O)NC2=CC(=O)C(=C(C1)C2=O)OC)C)OC)OC(=O)N)C)C)O)OC,4.81,1,-22.059967,-0.0397,-7.034311,0.5657529830932617,-0.08550702035427094,0.4786362648010254
cyclophosphamide,geldanamycin,LOVO,C1CNP(=O)(OC1)N(CCCl)CCCl,CC1CC(C(C(C=C(C(C(C=CC=C(C(=O)NC2=CC(=O)C(=C(C1)C2=O)OC)C)OC)OC(=O)N)C)C)O)OC,5.35,1,-41.31721,-0.05385,-7.641584,1.0172390937805176,2.9963343143463135,0.9524082541465759
cyclophosphamide,geldanamycin,MDAMB436,C1CNP(=O)(OC1)N(CCCl)CCCl,CC1CC(C(C(C=C(C(C(C=CC=C(C(=O)NC2=CC(=O)C(=C(C1)C2=O)OC)C)OC)OC(=O)N)C)C)O)OC,7.115,1,-26.776386,-0.1034,-1.6644088,1.3698455095291138,4.139270305633545,0.9843154549598694
cyclophosphamide,geldanamycin,NCIH1650,C1CNP(=O)(OC1)N(CCCl)CCCl,CC1CC(C(C(C=C(C(C(C=CC=C(C(=O)NC2=CC(=O)C(=C(C1)C2=O)OC)C)OC)OC(=O)N)C)C)O)OC,7.245,1,-34.19905,-0.2151,-10.2926445,-0.3052000105381012,2.6036489009857178,0.9310960173606873
cyclophosphamide,geldanamycin,NCIH2122,C1CNP(=O)(OC1)N(CCCl)CCCl,CC1CC(C(C(C=C(C(C(C=CC=C(C(=O)NC2=CC(=O)C(=C(C1)C2=O)OC)C)OC)OC(=O)N)C)C)O)OC,8.21,1,-23.33966,-0.1985,-12.483564,0.3431921899318695,4.233534336090088,0.9857062101364136
cyclophosphamide,geldanamycin,NCIH23,C1CNP(=O)(OC1)N(CCCl)CCCl,CC1CC(C(C(C=C(C(C(C=CC=C(C(=O)NC2=CC(=O)C(=C(C1)C2=O)OC)C)OC)OC(=O)N)C)C)O)OC,4.58,1,-26.794903,-0.228,-15.764587,-1.5239510536193848,-0.18505588173866272,0.4538676142692566
cyclophosphamide,geldanamycin,NCIH520,C1CNP(=O)(OC1)N(CCCl)CCCl,CC1CC(C(C(C=C(C(C(C=CC=C(C(=O)NC2=CC(=O)C(=C(C1)C2=O)OC)C)OC)OC(=O)N)C)C)O)OC,4.07,1,-30.366795,-0.2535,-8.409519,-1.1443766355514526,2.7755720615386963,0.9413414597511292
cyclophosphamide,geldanamycin,OV90,C1CNP(=O)(OC1)N(CCCl)CCCl,CC1CC(C(C(C=C(C(C(C=CC=C(C(=O)NC2=CC(=O)C(=C(C1)C2=O)OC)C)OC)OC(=O)N)C)C)O)OC,5.2,1,-31.738655,-0.164,-7.4970293,1.2884420156478882,2.0117008686065674,0.8820201754570007
cyclophosphamide,geldanamycin,RKO,C1CNP(=O)(OC1)N(CCCl)CCCl,CC1CC(C(C(C=C(C(C(C=CC=C(C(=O)NC2=CC(=O)C(=C(C1)C2=O)OC)C)OC)OC(=O)N)C)C)O)OC,2.67,1,-51.243984,-0.094,-2.138896,0.22039666771888733,3.5977134704589844,0.9733437299728394
cyclophosphamide,geldanamycin,SKMES1,C1CNP(=O)(OC1)N(CCCl)CCCl,CC1CC(C(C(C=C(C(C(C=CC=C(C(=O)NC2=CC(=O)C(=C(C1)C2=O)OC)C)OC)OC(=O)N)C)C)O)OC,6.54,1,-38.419926,-0.0601,-5.6019754,-0.19099396467208862,1.3372154235839844,0.7920315861701965
cyclophosphamide,geldanamycin,SKOV3,C1CNP(=O)(OC1)N(CCCl)CCCl,CC1CC(C(C(C=C(C(C(C=CC=C(C(=O)NC2=CC(=O)C(=C(C1)C2=O)OC)C)OC)OC(=O)N)C)C)O)OC,9.34,1,-29.542171,-0.0367,-5.0662966,0.11178624629974365,0.3670847713947296,0.5907543897628784
cyclophosphamide,geldanamycin,SW620,C1CNP(=O)(OC1)N(CCCl)CCCl,CC1CC(C(C(C=C(C(C(C=CC=C(C(=O)NC2=CC(=O)C(=C(C1)C2=O)OC)C)OC)OC(=O)N)C)C)O)OC,8.485,1,-35.359524,-0.0618,-5.800123,-0.077098548412323,0.2090935856103897,0.5520837903022766
cyclophosphamide,geldanamycin,SW837,C1CNP(=O)(OC1)N(CCCl)CCCl,CC1CC(C(C(C=C(C(C(C=CC=C(C(=O)NC2=CC(=O)C(=C(C1)C2=O)OC)C)OC)OC(=O)N)C)C)O)OC,5.145,1,-9.624941,-0.06375,-13.705099,0.012953400611877441,1.2278987169265747,0.7734505534172058
cyclophosphamide,geldanamycin,T47D,C1CNP(=O)(OC1)N(CCCl)CCCl,CC1CC(C(C(C=C(C(C(C=CC=C(C(=O)NC2=CC(=O)C(=C(C1)C2=O)OC)C)OC)OC(=O)N)C)C)O)OC,2.995,1,-18.641445,-0.29,-12.6072035,0.5199213027954102,0.216457337141037,0.5539040565490723
cyclophosphamide,lapatinib,A2058,C1CNP(=O)(OC1)N(CCCl)CCCl,CS(=O)(=O)CCNCC1=CC=C(O1)C2=CC3=C(C=C2)N=CN=C3NC4=CC(=C(C=C4)OCC5=CC(=CC=C5)F)Cl,2.815,1,-16.108185,-0.208,2.973167,0.4534562826156616,2.6698994636535645,0.9352269768714905
cyclophosphamide,lapatinib,A375,C1CNP(=O)(OC1)N(CCCl)CCCl,CS(=O)(=O)CCNCC1=CC=C(O1)C2=CC3=C(C=C2)N=CN=C3NC4=CC(=C(C=C4)OCC5=CC(=CC=C5)F)Cl,0.26,1,-11.036182,-0.1665,3.286164,0.3281053900718689,3.1272425651550293,0.9580026268959045
cyclophosphamide,lapatinib,A427,C1CNP(=O)(OC1)N(CCCl)CCCl,CS(=O)(=O)CCNCC1=CC=C(O1)C2=CC3=C(C=C2)N=CN=C3NC4=CC(=C(C=C4)OCC5=CC(=CC=C5)F)Cl,-2.11,0,-9.391925,-0.05595,-3.0826359,-1.021756887435913,-0.8990404605865479,0.2892477214336395
cyclophosphamide,lapatinib,ES2,C1CNP(=O)(OC1)N(CCCl)CCCl,CS(=O)(=O)CCNCC1=CC=C(O1)C2=CC3=C(C=C2)N=CN=C3NC4=CC(=C(C=C4)OCC5=CC(=CC=C5)F)Cl,-0.33,0,-17.677294,-0.2435,-1.1069827,-0.2813675105571747,-2.23127818107605,0.09697664529085159
cyclophosphamide,lapatinib,HT144,C1CNP(=O)(OC1)N(CCCl)CCCl,CS(=O)(=O)CCNCC1=CC=C(O1)C2=CC3=C(C=C2)N=CN=C3NC4=CC(=C(C=C4)OCC5=CC(=CC=C5)F)Cl,-1.94,0,-28.260365,-0.02565,-5.087735,-0.08746863156557083,-0.3529026508331299,0.41267871856689453
cyclophosphamide,lapatinib,HT29,C1CNP(=O)(OC1)N(CCCl)CCCl,CS(=O)(=O)CCNCC1=CC=C(O1)C2=CC3=C(C=C2)N=CN=C3NC4=CC(=C(C=C4)OCC5=CC(=CC=C5)F)Cl,4.85,1,-18.028513,-0.09125,5.5213304,-0.19899719953536987,0.02850772812962532,0.5071264505386353
cyclophosphamide,lapatinib,LOVO,C1CNP(=O)(OC1)N(CCCl)CCCl,CS(=O)(=O)CCNCC1=CC=C(O1)C2=CC3=C(C=C2)N=CN=C3NC4=CC(=C(C=C4)OCC5=CC(=CC=C5)F)Cl,-0.835,0,-10.384666,-0.09765,4.97984,0.012657523155212402,-0.64943927526474,0.343115895986557
cyclophosphamide,lapatinib,MDAMB436,C1CNP(=O)(OC1)N(CCCl)CCCl,CS(=O)(=O)CCNCC1=CC=C(O1)C2=CC3=C(C=C2)N=CN=C3NC4=CC(=C(C=C4)OCC5=CC(=CC=C5)F)Cl,-0.42,0,-14.307066,-0.292,3.2833357,-0.5415363311767578,-1.6645275354385376,0.15915516018867493
cyclophosphamide,lapatinib,NCIH1650,C1CNP(=O)(OC1)N(CCCl)CCCl,CS(=O)(=O)CCNCC1=CC=C(O1)C2=CC3=C(C=C2)N=CN=C3NC4=CC(=C(C=C4)OCC5=CC(=CC=C5)F)Cl,3.505,1,-12.598756,-0.274,0.6125174,-0.8329474925994873,0.7393491864204407,0.6768535375595093
cyclophosphamide,lapatinib,NCIH2122,C1CNP(=O)(OC1)N(CCCl)CCCl,CS(=O)(=O)CCNCC1=CC=C(O1)C2=CC3=C(C=C2)N=CN=C3NC4=CC(=C(C=C4)OCC5=CC(=CC=C5)F)Cl,-3.825,0,-23.77147,-0.12175,-1.1240525,-0.8777337074279785,2.2608747482299805,0.905584454536438
cyclophosphamide,lapatinib,NCIH23,C1CNP(=O)(OC1)N(CCCl)CCCl,CS(=O)(=O)CCNCC1=CC=C(O1)C2=CC3=C(C=C2)N=CN=C3NC4=CC(=C(C=C4)OCC5=CC(=CC=C5)F)Cl,-3.895,0,-17.515759,-0.2725,-10.122908,-1.9987354278564453,-0.051484134048223495,0.4871317744255066
cyclophosphamide,lapatinib,OV90,C1CNP(=O)(OC1)N(CCCl)CCCl,CS(=O)(=O)CCNCC1=CC=C(O1)C2=CC3=C(C=C2)N=CN=C3NC4=CC(=C(C=C4)OCC5=CC(=CC=C5)F)Cl,-3.88,0,-3.490261,-0.1172,-1.3641073,0.06265082955360413,-3.9459950923919678,0.018965331837534904
cyclophosphamide,lapatinib,RKO,C1CNP(=O)(OC1)N(CCCl)CCCl,CS(=O)(=O)CCNCC1=CC=C(O1)C2=CC3=C(C=C2)N=CN=C3NC4=CC(=C(C=C4)OCC5=CC(=CC=C5)F)Cl,-3.59,0,-30.48055,-0.1675,0.98689157,-1.1318670511245728,2.3532228469848633,0.9131900668144226
cyclophosphamide,lapatinib,SKMES1,C1CNP(=O)(OC1)N(CCCl)CCCl,CS(=O)(=O)CCNCC1=CC=C(O1)C2=CC3=C(C=C2)N=CN=C3NC4=CC(=C(C=C4)OCC5=CC(=CC=C5)F)Cl,1.91,1,-9.828236,-0.1253,0.66792923,-0.055405259132385254,-0.5501167178153992,0.36583730578422546
cyclophosphamide,lapatinib,SW620,C1CNP(=O)(OC1)N(CCCl)CCCl,CS(=O)(=O)CCNCC1=CC=C(O1)C2=CC3=C(C=C2)N=CN=C3NC4=CC(=C(C=C4)OCC5=CC(=CC=C5)F)Cl,2.97,1,-5.502783,-0.1648,-0.11653694,-0.3071655333042145,0.7441049218177795,0.6778928637504578
cyclophosphamide,lapatinib,SW837,C1CNP(=O)(OC1)N(CCCl)CCCl,CS(=O)(=O)CCNCC1=CC=C(O1)C2=CC3=C(C=C2)N=CN=C3NC4=CC(=C(C=C4)OCC5=CC(=CC=C5)F)Cl,-4.71,0,-8.274518,-0.274,1.1090785,-0.7668312788009644,-1.889176845550537,0.13133834302425385
cyclophosphamide,mk2206,A2058,C1CNP(=O)(OC1)N(CCCl)CCCl,C1CC(C1)(C2=CC=C(C=C2)C3=C(C=C4C(=N3)C=CN5C4=NNC5=O)C6=CC=CC=C6)N,4.185,1,-16.301601,-0.2175,14.198017,0.6902070641517639,4.536281585693359,0.989400327205658
cyclophosphamide,mk2206,A2780,C1CNP(=O)(OC1)N(CCCl)CCCl,C1CC(C1)(C2=CC=C(C=C2)C3=C(C=C4C(=N3)C=CN5C4=NNC5=O)C6=CC=CC=C6)N,7.41,1,-15.184065,-0.0772,13.831028,0.8011181354522705,2.7881112098693848,0.9420299530029297
cyclophosphamide,mk2206,A375,C1CNP(=O)(OC1)N(CCCl)CCCl,C1CC(C1)(C2=CC=C(C=C2)C3=C(C=C4C(=N3)C=CN5C4=NNC5=O)C6=CC=CC=C6)N,5.66,1,-22.859615,-0.4205,13.298196,-0.4974772036075592,1.221191644668579,0.7722731828689575
cyclophosphamide,mk2206,A427,C1CNP(=O)(OC1)N(CCCl)CCCl,C1CC(C1)(C2=CC=C(C=C2)C3=C(C=C4C(=N3)C=CN5C4=NNC5=O)C6=CC=CC=C6)N,-4.795,0,-10.179161,-0.18,8.602228,-1.3385487794876099,-3.560396671295166,0.02764176018536091
cyclophosphamide,mk2206,ES2,C1CNP(=O)(OC1)N(CCCl)CCCl,C1CC(C1)(C2=CC=C(C=C2)C3=C(C=C4C(=N3)C=CN5C4=NNC5=O)C6=CC=CC=C6)N,-1.115,0,-6.49181,-0.1995,7.1861434,0.9289937019348145,-1.2678112983703613,0.21963216364383698
cyclophosphamide,mk2206,HT29,C1CNP(=O)(OC1)N(CCCl)CCCl,C1CC(C1)(C2=CC=C(C=C2)C3=C(C=C4C(=N3)C=CN5C4=NNC5=O)C6=CC=CC=C6)N,5.94,1,-15.029856,-0.2035,11.991539,0.06948074698448181,0.4759030342102051,0.6167799830436707
cyclophosphamide,mk2206,LOVO,C1CNP(=O)(OC1)N(CCCl)CCCl,C1CC(C1)(C2=CC=C(C=C2)C3=C(C=C4C(=N3)C=CN5C4=NNC5=O)C6=CC=CC=C6)N,-0.925,0,-16.644472,-0.18305,8.715576,1.57232666015625,-1.143464207649231,0.24168488383293152
cyclophosphamide,mk2206,MDAMB436,C1CNP(=O)(OC1)N(CCCl)CCCl,C1CC(C1)(C2=CC=C(C=C2)C3=C(C=C4C(=N3)C=CN5C4=NNC5=O)C6=CC=CC=C6)N,0.655,1,-13.802108,-0.3265,12.511194,-0.6707707643508911,2.282564640045166,0.9074227809906006
cyclophosphamide,mk2206,NCIH1650,C1CNP(=O)(OC1)N(CCCl)CCCl,C1CC(C1)(C2=CC=C(C=C2)C3=C(C=C4C(=N3)C=CN5C4=NNC5=O)C6=CC=CC=C6)N,1.905,1,-11.346466,-0.254,7.477804,-0.301440954208374,1.9379533529281616,0.8741270899772644
cyclophosphamide,mk2206,NCIH2122,C1CNP(=O)(OC1)N(CCCl)CCCl,C1CC(C1)(C2=CC=C(C=C2)C3=C(C=C4C(=N3)C=CN5C4=NNC5=O)C6=CC=CC=C6)N,-1.99,0,-20.812954,-0.438,10.027882,-0.7155100107192993,1.7403260469436646,0.850728452205658
cyclophosphamide,mk2206,NCIH23,C1CNP(=O)(OC1)N(CCCl)CCCl,C1CC(C1)(C2=CC=C(C=C2)C3=C(C=C4C(=N3)C=CN5C4=NNC5=O)C6=CC=CC=C6)N,-2.235,0,-10.068708,-0.334,2.256374,-1.6159560680389404,-0.2972773313522339,0.4262232184410095
cyclophosphamide,mk2206,NCIH520,C1CNP(=O)(OC1)N(CCCl)CCCl,C1CC(C1)(C2=CC=C(C=C2)C3=C(C=C4C(=N3)C=CN5C4=NNC5=O)C6=CC=CC=C6)N,2.84,1,-21.829767,-0.29,6.8049693,-1.2631381750106812,0.06395620107650757,0.5159835815429688
cyclophosphamide,mk2206,OV90,C1CNP(=O)(OC1)N(CCCl)CCCl,C1CC(C1)(C2=CC=C(C=C2)C3=C(C=C4C(=N3)C=CN5C4=NNC5=O)C6=CC=CC=C6)N,1.35,1,-13.74089,-0.0777,7.3272862,0.9844089150428772,-2.3275535106658936,0.08886655420064926
cyclophosphamide,mk2206,RKO,C1CNP(=O)(OC1)N(CCCl)CCCl,C1CC(C1)(C2=CC=C(C=C2)C3=C(C=C4C(=N3)C=CN5C4=NNC5=O)C6=CC=CC=C6)N,5.86,1,-13.250679,-0.0575,11.823704,0.007345139980316162,2.8439581394195557,0.9450055360794067
cyclophosphamide,mk2206,SKMES1,C1CNP(=O)(OC1)N(CCCl)CCCl,C1CC(C1)(C2=CC=C(C=C2)C3=C(C=C4C(=N3)C=CN5C4=NNC5=O)C6=CC=CC=C6)N,4.9,1,-5.395258,-0.0367,9.973545,-0.41971102356910706,0.12728804349899292,0.5317791104316711
cyclophosphamide,mk2206,SKOV3,C1CNP(=O)(OC1)N(CCCl)CCCl,C1CC(C1)(C2=CC=C(C=C2)C3=C(C=C4C(=N3)C=CN5C4=NNC5=O)C6=CC=CC=C6)N,7.525,1,-18.015926,-0.0777,12.757454,0.16884717345237732,0.4759671688079834,0.6167951226234436
cyclophosphamide,mk2206,SW620,C1CNP(=O)(OC1)N(CCCl)CCCl,C1CC(C1)(C2=CC=C(C=C2)C3=C(C=C4C(=N3)C=CN5C4=NNC5=O)C6=CC=CC=C6)N,-2.39,0,-12.819514,-0.0853,8.881235,-0.19100144505500793,0.12014856934547424,0.5300011038780212
cyclophosphamide,mk2206,SW837,C1CNP(=O)(OC1)N(CCCl)CCCl,C1CC(C1)(C2=CC=C(C=C2)C3=C(C=C4C(=N3)C=CN5C4=NNC5=O)C6=CC=CC=C6)N,-4.24,0,-3.2509866,-0.298,3.5971508,-0.37771838903427124,-3.7250542640686035,0.023544101044535637
cyclophosphamide,mk2206,T47D,C1CNP(=O)(OC1)N(CCCl)CCCl,C1CC(C1)(C2=CC=C(C=C2)C3=C(C=C4C(=N3)C=CN5C4=NNC5=O)C6=CC=CC=C6)N,-3.83,0,-15.7337675,-0.228,6.6268644,0.28526270389556885,0.09617127478122711,0.5240243077278137
cyclophosphamide,mk5108,A2058,C1CNP(=O)(OC1)N(CCCl)CCCl,C1CC(CCC1OC2=C(C(=CC=C2)Cl)F)(CC3=NC(=CC=C3)NC4=NC=CS4)C(=O)O,4.655,1,-61.376377,-0.1172,2.9708805,0.048469603061676025,3.8593156337738037,0.9793528914451599
cyclophosphamide,mk5108,A2780,C1CNP(=O)(OC1)N(CCCl)CCCl,C1CC(CCC1OC2=C(C(=CC=C2)Cl)F)(CC3=NC(=CC=C3)NC4=NC=CS4)C(=O)O,3.825,1,-32.71197,-0.05595,2.004133,-0.40145713090896606,3.2060916423797607,0.9610628485679626
cyclophosphamide,mk5108,A375,C1CNP(=O)(OC1)N(CCCl)CCCl,C1CC(CCC1OC2=C(C(=CC=C2)Cl)F)(CC3=NC(=CC=C3)NC4=NC=CS4)C(=O)O,2.5,1,-26.10572,-0.0925,0.8950845,-0.49925071001052856,1.9959399700164795,0.8803701400756836
cyclophosphamide,mk5108,A427,C1CNP(=O)(OC1)N(CCCl)CCCl,C1CC(CCC1OC2=C(C(=CC=C2)Cl)F)(CC3=NC(=CC=C3)NC4=NC=CS4)C(=O)O,1.99,1,-14.954905,-0.0766,-1.9897184,-0.9660648107528687,-0.57248455286026,0.3606637120246887
cyclophosphamide,mk5108,ES2,C1CNP(=O)(OC1)N(CCCl)CCCl,C1CC(CCC1OC2=C(C(=CC=C2)Cl)F)(CC3=NC(=CC=C3)NC4=NC=CS4)C(=O)O,-2.16,0,-21.130568,-0.0397,-1.0392449,0.023314490914344788,0.11665788292884827,0.5291314125061035
cyclophosphamide,mk5108,HCT116,C1CNP(=O)(OC1)N(CCCl)CCCl,C1CC(CCC1OC2=C(C(=CC=C2)Cl)F)(CC3=NC(=CC=C3)NC4=NC=CS4)C(=O)O,1.325,1,-22.89294,-0.02265,0.81154907,-0.8987873792648315,-0.5052355527877808,0.3763110935688019
cyclophosphamide,mk5108,MDAMB436,C1CNP(=O)(OC1)N(CCCl)CCCl,C1CC(CCC1OC2=C(C(=CC=C2)Cl)F)(CC3=NC(=CC=C3)NC4=NC=CS4)C(=O)O,0.695,1,-34.011017,-0.2565,2.9905417,-0.9793612957000732,-0.9504151940345764,0.2788013219833374
cyclophosphamide,mk5108,NCIH2122,C1CNP(=O)(OC1)N(CCCl)CCCl,C1CC(CCC1OC2=C(C(=CC=C2)Cl)F)(CC3=NC(=CC=C3)NC4=NC=CS4)C(=O)O,3.79,1,-32.31628,-0.2025,-1.8206533,-0.11965727806091309,1.6840838193893433,0.8434445858001709
cyclophosphamide,mk5108,NCIH23,C1CNP(=O)(OC1)N(CCCl)CCCl,C1CC(CCC1OC2=C(C(=CC=C2)Cl)F)(CC3=NC(=CC=C3)NC4=NC=CS4)C(=O)O,1.885,1,-30.141613,-0.163,-6.46879,-1.4259555339813232,0.151985764503479,0.5379235148429871
cyclophosphamide,mk5108,NCIH520,C1CNP(=O)(OC1)N(CCCl)CCCl,C1CC(CCC1OC2=C(C(=CC=C2)Cl)F)(CC3=NC(=CC=C3)NC4=NC=CS4)C(=O)O,6.24,1,-40.255363,-0.216,-4.1111403,-0.9016485214233398,1.9456822872161865,0.8749750256538391
cyclophosphamide,mk5108,OV90,C1CNP(=O)(OC1)N(CCCl)CCCl,C1CC(CCC1OC2=C(C(=CC=C2)Cl)F)(CC3=NC(=CC=C3)NC4=NC=CS4)C(=O)O,-2.33,0,-25.034029,-0.0897,-1.9090852,0.45680972933769226,-3.5634613037109375,0.02755950763821602
cyclophosphamide,mk5108,RKO,C1CNP(=O)(OC1)N(CCCl)CCCl,C1CC(CCC1OC2=C(C(=CC=C2)Cl)F)(CC3=NC(=CC=C3)NC4=NC=CS4)C(=O)O,12.02,1,-30.591423,-0.2265,2.466513,-1.324936032295227,1.5620203018188477,0.8266431093215942
cyclophosphamide,mk5108,SKMES1,C1CNP(=O)(OC1)N(CCCl)CCCl,C1CC(CCC1OC2=C(C(=CC=C2)Cl)F)(CC3=NC(=CC=C3)NC4=NC=CS4)C(=O)O,4.5,1,-27.597794,-0.269,-2.6182032,-0.6661092042922974,0.9880883097648621,0.7287101149559021
cyclophosphamide,mk5108,SKOV3,C1CNP(=O)(OC1)N(CCCl)CCCl,C1CC(CCC1OC2=C(C(=CC=C2)Cl)F)(CC3=NC(=CC=C3)NC4=NC=CS4)C(=O)O,8.645,1,-21.426212,-0.1178,2.047186,0.20991796255111694,0.298165887594223,0.5739941000938416
cyclophosphamide,mk5108,SW837,C1CNP(=O)(OC1)N(CCCl)CCCl,C1CC(CCC1OC2=C(C(=CC=C2)Cl)F)(CC3=NC(=CC=C3)NC4=NC=CS4)C(=O)O,-1.14,0,-16.621695,-0.377,-5.562568,-0.7730448246002197,-4.291770935058594,0.013496041297912598
cyclophosphamide,mk5108,T47D,C1CNP(=O)(OC1)N(CCCl)CCCl,C1CC(CCC1OC2=C(C(=CC=C2)Cl)F)(CC3=NC(=CC=C3)NC4=NC=CS4)C(=O)O,-2.77,0,-28.63411,-0.3,-5.9786267,0.38651522994041443,-0.02599615976214409,0.49350130558013916
cyclophosphamide,sorafenib,A2058,C1CNP(=O)(OC1)N(CCCl)CCCl,CNC(=O)C1=NC=CC(=C1)OC2=CC=C(C=C2)NC(=O)NC3=CC(=C(C=C3)Cl)C(F)(F)F,11.325,1,-7.821087,-0.173,2.0762155,0.05609869956970215,-0.13715070486068726,0.46576595306396484
cyclophosphamide,sorafenib,A2780,C1CNP(=O)(OC1)N(CCCl)CCCl,CNC(=O)C1=NC=CC(=C1)OC2=CC=C(C=C2)NC(=O)NC3=CC(=C(C=C3)Cl)C(F)(F)F,2.645,1,-12.828855,-0.183,0.77825314,0.2572830319404602,1.6580296754837036,0.8399733304977417
cyclophosphamide,sorafenib,A375,C1CNP(=O)(OC1)N(CCCl)CCCl,CNC(=O)C1=NC=CC(=C1)OC2=CC=C(C=C2)NC(=O)NC3=CC(=C(C=C3)Cl)C(F)(F)F,12.485,1,-8.472917,-0.183,0.93219376,-0.4485156536102295,4.059378147125244,0.9830331206321716
cyclophosphamide,sorafenib,A427,C1CNP(=O)(OC1)N(CCCl)CCCl,CNC(=O)C1=NC=CC(=C1)OC2=CC=C(C=C2)NC(=O)NC3=CC(=C(C=C3)Cl)C(F)(F)F,0.895,1,-7.476052,-0.07305,-3.107638,0.10757768154144287,-0.44495755434036255,0.3905603289604187
cyclophosphamide,sorafenib,ES2,C1CNP(=O)(OC1)N(CCCl)CCCl,CNC(=O)C1=NC=CC(=C1)OC2=CC=C(C=C2)NC(=O)NC3=CC(=C(C=C3)Cl)C(F)(F)F,6.035,1,-5.349604,-0.3225,-2.8978748,0.9129530191421509,5.279608726501465,0.9949313998222351
cyclophosphamide,sorafenib,HCT116,C1CNP(=O)(OC1)N(CCCl)CCCl,CNC(=O)C1=NC=CC(=C1)OC2=CC=C(C=C2)NC(=O)NC3=CC(=C(C=C3)Cl)C(F)(F)F,3.6375,1,-15.409438,-0.162,-1.2557534,-0.7252770662307739,0.3453153967857361,0.5854811072349548
cyclophosphamide,sorafenib,HT144,C1CNP(=O)(OC1)N(CCCl)CCCl,CNC(=O)C1=NC=CC(=C1)OC2=CC=C(C=C2)NC(=O)NC3=CC(=C(C=C3)Cl)C(F)(F)F,5.925,1,-10.245892,-0.342,-7.188293,0.8728623390197754,-0.037222202867269516,0.4906955361366272
cyclophosphamide,sorafenib,HT29,C1CNP(=O)(OC1)N(CCCl)CCCl,CNC(=O)C1=NC=CC(=C1)OC2=CC=C(C=C2)NC(=O)NC3=CC(=C(C=C3)Cl)C(F)(F)F,3.47,1,-6.741361,-0.3765,0.37332502,0.14914119243621826,0.08334453403949738,0.5208240747451782
cyclophosphamide,sorafenib,LOVO,C1CNP(=O)(OC1)N(CCCl)CCCl,CNC(=O)C1=NC=CC(=C1)OC2=CC=C(C=C2)NC(=O)NC3=CC(=C(C=C3)Cl)C(F)(F)F,1.045,1,-21.875443,-0.1625,-4.803487,0.3767216205596924,-1.2575325965881348,0.22139893472194672
cyclophosphamide,sorafenib,MDAMB436,C1CNP(=O)(OC1)N(CCCl)CCCl,CNC(=O)C1=NC=CC(=C1)OC2=CC=C(C=C2)NC(=O)NC3=CC(=C(C=C3)Cl)C(F)(F)F,2.545,1,-17.84727,-0.2165,1.518505,-0.11124462634325027,1.8587373495101929,0.8651496767997742
cyclophosphamide,sorafenib,NCIH1650,C1CNP(=O)(OC1)N(CCCl)CCCl,CNC(=O)C1=NC=CC(=C1)OC2=CC=C(C=C2)NC(=O)NC3=CC(=C(C=C3)Cl)C(F)(F)F,5.21,1,-12.13243,-0.1172,-6.1734333,0.2824418544769287,-0.1687840223312378,0.4579038619995117
cyclophosphamide,sorafenib,NCIH2122,C1CNP(=O)(OC1)N(CCCl)CCCl,CNC(=O)C1=NC=CC(=C1)OC2=CC=C(C=C2)NC(=O)NC3=CC(=C(C=C3)Cl)C(F)(F)F,0.825,1,-15.240206,-0.05595,-2.8188386,0.1530437171459198,-1.757028579711914,0.14716286957263947
cyclophosphamide,sorafenib,NCIH520,C1CNP(=O)(OC1)N(CCCl)CCCl,CNC(=O)C1=NC=CC(=C1)OC2=CC=C(C=C2)NC(=O)NC3=CC(=C(C=C3)Cl)C(F)(F)F,8.29,1,-15.203433,-0.0766,-4.217352,-0.8653174638748169,4.885445594787598,0.9925009608268738
cyclophosphamide,sorafenib,OV90,C1CNP(=O)(OC1)N(CCCl)CCCl,CNC(=O)C1=NC=CC(=C1)OC2=CC=C(C=C2)NC(=O)NC3=CC(=C(C=C3)Cl)C(F)(F)F,2.675,1,-12.532767,-0.02265,-3.7943707,0.9634743928909302,1.3463209867477417,0.7935275435447693
cyclophosphamide,sorafenib,RKO,C1CNP(=O)(OC1)N(CCCl)CCCl,CNC(=O)C1=NC=CC(=C1)OC2=CC=C(C=C2)NC(=O)NC3=CC(=C(C=C3)Cl)C(F)(F)F,2.555,1,-16.494587,-0.2565,-0.10574075,-0.4967665672302246,2.8422040939331055,0.9449142813682556
cyclophosphamide,sorafenib,SKMES1,C1CNP(=O)(OC1)N(CCCl)CCCl,CNC(=O)C1=NC=CC(=C1)OC2=CC=C(C=C2)NC(=O)NC3=CC(=C(C=C3)Cl)C(F)(F)F,11.935,1,-6.169133,-0.2085,-3.2946393,-0.3083977997303009,4.226498603820801,0.9856067895889282
cyclophosphamide,sorafenib,SW620,C1CNP(=O)(OC1)N(CCCl)CCCl,CNC(=O)C1=NC=CC(=C1)OC2=CC=C(C=C2)NC(=O)NC3=CC(=C(C=C3)Cl)C(F)(F)F,8.225,1,-10.749637,-0.3195,-1.8118423,-0.47082632780075073,0.5364810824394226,0.6309934854507446
cyclophosphamide,sorafenib,T47D,C1CNP(=O)(OC1)N(CCCl)CCCl,CNC(=O)C1=NC=CC(=C1)OC2=CC=C(C=C2)NC(=O)NC3=CC(=C(C=C3)Cl)C(F)(F)F,4.06,1,-9.104221,-0.309725,-6.266687,0.3807004392147064,-0.10996465384960175,0.47253650426864624
cyclophosphamide,sunitinib,A2058,C1CNP(=O)(OC1)N(CCCl)CCCl,CCN(CC)CCNC(=O)C1=C(NC(=C1C)C=C2C3=C(C=CC(=C3)F)NC2=O)C,12.73,1,-34.821804,-0.0367,7.631027,-0.17323708534240723,5.121407508850098,0.9940677881240845
cyclophosphamide,sunitinib,A2780,C1CNP(=O)(OC1)N(CCCl)CCCl,CCN(CC)CCNC(=O)C1=C(NC(=C1C)C=C2C3=C(C=CC(=C3)F)NC2=O)C,9.135,1,-28.98697,-0.0688,5.674061,-0.6650638580322266,1.743178367614746,0.8510903120040894
cyclophosphamide,sunitinib,A375,C1CNP(=O)(OC1)N(CCCl)CCCl,CCN(CC)CCNC(=O)C1=C(NC(=C1C)C=C2C3=C(C=CC(=C3)F)NC2=O)C,6.295,1,-42.063713,-0.0887,5.2834826,-0.43894684314727783,4.997819423675537,0.9932926893234253
cyclophosphamide,sunitinib,A427,C1CNP(=O)(OC1)N(CCCl)CCCl,CCN(CC)CCNC(=O)C1=C(NC(=C1C)C=C2C3=C(C=CC(=C3)F)NC2=O)C,6.945,1,-22.282324,-0.29,2.0277927,-0.9022153615951538,1.3246713876724243,0.7899578213691711
cyclophosphamide,sunitinib,ES2,C1CNP(=O)(OC1)N(CCCl)CCCl,CCN(CC)CCNC(=O)C1=C(NC(=C1C)C=C2C3=C(C=CC(=C3)F)NC2=O)C,2.885,1,-47.23692,-0.216,2.5444577,0.6860959529876709,4.075334072113037,0.9832972288131714
cyclophosphamide,sunitinib,LOVO,C1CNP(=O)(OC1)N(CCCl)CCCl,CCN(CC)CCNC(=O)C1=C(NC(=C1C)C=C2C3=C(C=CC(=C3)F)NC2=O)C,4.345,1,-37.735344,-0.07195,1.836992,0.047142744064331055,2.312190294265747,0.909881591796875
cyclophosphamide,sunitinib,NCIH1650,C1CNP(=O)(OC1)N(CCCl)CCCl,CCN(CC)CCNC(=O)C1=C(NC(=C1C)C=C2C3=C(C=CC(=C3)F)NC2=O)C,1.505,1,-33.733578,-0.0885,-0.6140633,2.0925350189208984,-1.9541085958480835,0.12410604953765869
cyclophosphamide,sunitinib,NCIH2122,C1CNP(=O)(OC1)N(CCCl)CCCl,CCN(CC)CCNC(=O)C1=C(NC(=C1C)C=C2C3=C(C=CC(=C3)F)NC2=O)C,18.545,1,-9.432526,-0.04535,1.7725414,0.3314516842365265,4.352585792541504,0.98729008436203
cyclophosphamide,sunitinib,NCIH520,C1CNP(=O)(OC1)N(CCCl)CCCl,CCN(CC)CCNC(=O)C1=C(NC(=C1C)C=C2C3=C(C=CC(=C3)F)NC2=O)C,12.02,1,-36.82763,-0.0367,1.726422,-1.5059183835983276,6.409093379974365,0.9983561635017395
cyclophosphamide,sunitinib,RKO,C1CNP(=O)(OC1)N(CCCl)CCCl,CCN(CC)CCNC(=O)C1=C(NC(=C1C)C=C2C3=C(C=CC(=C3)F)NC2=O)C,3.935,1,-44.31517,-0.214,4.860947,-0.3744153380393982,3.87597393989563,0.979686975479126
cyclophosphamide,sunitinib,SKMES1,C1CNP(=O)(OC1)N(CCCl)CCCl,CCN(CC)CCNC(=O)C1=C(NC(=C1C)C=C2C3=C(C=CC(=C3)F)NC2=O)C,5.535,1,-45.019924,-0.1475,2.0746958,-0.7978096008300781,4.04116678237915,0.9827266931533813
cyclophosphamide,sunitinib,SKOV3,C1CNP(=O)(OC1)N(CCCl)CCCl,CCN(CC)CCNC(=O)C1=C(NC(=C1C)C=C2C3=C(C=CC(=C3)F)NC2=O)C,4.81,1,-38.046604,-0.1885,4.2120466,0.4119661748409271,0.03904828801751137,0.509760856628418
cyclophosphamide,sunitinib,SW620,C1CNP(=O)(OC1)N(CCCl)CCCl,CCN(CC)CCNC(=O)C1=C(NC(=C1C)C=C2C3=C(C=CC(=C3)F)NC2=O)C,4.425,1,-35.125397,-0.1471,2.777787,-0.2236841320991516,0.03145076707005501,0.5078620314598083
cyclophosphamide,sunitinib,SW837,C1CNP(=O)(OC1)N(CCCl)CCCl,CCN(CC)CCNC(=O)C1=C(NC(=C1C)C=C2C3=C(C=CC(=C3)F)NC2=O)C,-2.52,0,-28.676523,-0.05595,-5.4146543,1.1528477668762207,-4.088558197021484,0.016487006098031998
cyclophosphamide,sunitinib,T47D,C1CNP(=O)(OC1)N(CCCl)CCCl,CCN(CC)CCNC(=O)C1=C(NC(=C1C)C=C2C3=C(C=CC(=C3)F)NC2=O)C,7.79,1,-9.332874,-0.064475,-2.6122046,0.3064092993736267,0.11575749516487122,0.528907060623169
cyclophosphamide,temozolomide,A2058,C1CNP(=O)(OC1)N(CCCl)CCCl,CN1C(=O)N2C=NC(=C2N=N1)C(=O)N,10.77,1,2.7309704,-0.04255,9.285824,0.08737584948539734,2.024723768234253,0.8833686113357544
cyclophosphamide,temozolomide,A2780,C1CNP(=O)(OC1)N(CCCl)CCCl,CN1C(=O)N2C=NC(=C2N=N1)C(=O)N,5.39,1,2.4615946,-0.2071,6.6358156,-0.438892126083374,2.658545970916748,0.9345357418060303
cyclophosphamide,temozolomide,A427,C1CNP(=O)(OC1)N(CCCl)CCCl,CN1C(=O)N2C=NC(=C2N=N1)C(=O)N,-3.45,0,-4.380013,-0.2565,2.5724306,-0.6850508451461792,-1.7419588565826416,0.14906428754329681
cyclophosphamide,temozolomide,ES2,C1CNP(=O)(OC1)N(CCCl)CCCl,CN1C(=O)N2C=NC(=C2N=N1)C(=O)N,2.385,1,-2.7950418,-0.228,3.1273284,0.4068291187286377,0.8223158121109009,0.6947277188301086
cyclophosphamide,temozolomide,HT29,C1CNP(=O)(OC1)N(CCCl)CCCl,CN1C(=O)N2C=NC(=C2N=N1)C(=O)N,3.84,1,1.2049801,-0.112,5.220742,-0.11090069264173508,0.37181520462036133,0.5918974876403809
cyclophosphamide,temozolomide,LOVO,C1CNP(=O)(OC1)N(CCCl)CCCl,CN1C(=O)N2C=NC(=C2N=N1)C(=O)N,1.325,1,2.477302,-0.1815,-1.463742,0.4479621648788452,-2.1506528854370117,0.10427022725343704
cyclophosphamide,temozolomide,MDAMB436,C1CNP(=O)(OC1)N(CCCl)CCCl,CN1C(=O)N2C=NC(=C2N=N1)C(=O)N,2.725,1,-0.71309036,-0.163,8.2807255,-0.8170170783996582,2.4892923831939697,0.9233877062797546
cyclophosphamide,temozolomide,NCIH1650,C1CNP(=O)(OC1)N(CCCl)CCCl,CN1C(=O)N2C=NC(=C2N=N1)C(=O)N,6.24,1,-4.8580413,-0.1195,-5.032888,-0.21378451585769653,0.4281553030014038,0.6054330468177795
cyclophosphamide,temozolomide,NCIH520,C1CNP(=O)(OC1)N(CCCl)CCCl,CN1C(=O)N2C=NC(=C2N=N1)C(=O)N,3.69,1,1.0411986,-0.07365,1.4514383,-0.5347081422805786,3.409619092941284,0.9680038094520569
cyclophosphamide,temozolomide,OV90,C1CNP(=O)(OC1)N(CCCl)CCCl,CN1C(=O)N2C=NC(=C2N=N1)C(=O)N,-1.695,0,1.8341012,-0.06735,1.5836676,0.5652972459793091,-1.1459358930587769,0.24123218655586243
cyclophosphamide,temozolomide,RKO,C1CNP(=O)(OC1)N(CCCl)CCCl,CN1C(=O)N2C=NC(=C2N=N1)C(=O)N,7.23,1,2.9592443,-0.0397,6.0077815,-0.5361704230308533,3.2235045433044434,0.9617092609405518
cyclophosphamide,temozolomide,SKMES1,C1CNP(=O)(OC1)N(CCCl)CCCl,CN1C(=O)N2C=NC(=C2N=N1)C(=O)N,6.895,1,2.3159084,-0.06375,2.118507,-0.3196893334388733,1.1031215190887451,0.7508445382118225
cyclophosphamide,temozolomide,SKOV3,C1CNP(=O)(OC1)N(CCCl)CCCl,CN1C(=O)N2C=NC(=C2N=N1)C(=O)N,4.505,1,1.3140006,-0.5605,1.8516234,-0.3830417990684509,0.24959272146224976,0.5620762705802917
cyclophosphamide,temozolomide,SW837,C1CNP(=O)(OC1)N(CCCl)CCCl,CN1C(=O)N2C=NC(=C2N=N1)C(=O)N,0.9,1,-8.02038,-0.136,-8.784613,-1.2386422157287598,0.9855558276176453,0.7282091975212097
cyclophosphamide,temozolomide,T47D,C1CNP(=O)(OC1)N(CCCl)CCCl,CN1C(=O)N2C=NC(=C2N=N1)C(=O)N,6.0575,1,-2.5595417,-0.5155,-5.4606943,0.3813062012195587,0.39895686507225037,0.5984370112419128
dasatinib,bortezomib,T47D,CC1=C(C(=CC=C1)Cl)NC(=O)C2=CN=C(S2)NC3=NC(=NC(=C3)N4CCN(CC4)CCO)C,B(C(CC(C)C)NC(=O)C(CC1=CC=CC=C1)NC(=O)C2=NC=CN=C2)(O)O,-2.78,0,-3.7868605,-0.0325,2.0265784,0.5399508476257324,-0.5321393013000488,0.37001803517341614
dasatinib,cyclophosphamide,SW620,CC1=C(C(=CC=C1)Cl)NC(=O)C2=CN=C(S2)NC3=NC(=NC(=C3)N4CCN(CC4)CCO)C,C1CNP(=O)(OC1)N(CCCl)CCCl,-0.91,0,4.63749,-0.1865,13.356714,-0.025069355964660645,-0.5039640069007874,0.37660959362983704
dasatinib,dinaciclib,A2058,CC1=C(C(=CC=C1)Cl)NC(=O)C2=CN=C(S2)NC3=NC(=NC(=C3)N4CCN(CC4)CCO)C,CCC1=C2N=C(C=C(N2N=C1)NCC3=C[N+](=CC=C3)[O-])N4CCCCC4CCO,7.335,1,0.3925583,-0.1502,18.032375,1.5698480606079102,0.6393585801124573,0.654608428478241
dasatinib,dinaciclib,A2780,CC1=C(C(=CC=C1)Cl)NC(=O)C2=CN=C(S2)NC3=NC(=NC(=C3)N4CCN(CC4)CCO)C,CCC1=C2N=C(C=C(N2N=C1)NCC3=C[N+](=CC=C3)[O-])N4CCCCC4CCO,6.53,1,1.681436,-0.1051,24.987602,-0.4173993170261383,5.2518534660339355,0.9947894811630249
dasatinib,dinaciclib,A375,CC1=C(C(=CC=C1)Cl)NC(=O)C2=CN=C(S2)NC3=NC(=NC(=C3)N4CCN(CC4)CCO)C,CCC1=C2N=C(C=C(N2N=C1)NCC3=C[N+](=CC=C3)[O-])N4CCCCC4CCO,1.495,1,1.46811,-0.1221,19.677343,0.5140184760093689,2.0004732608795166,0.8808467388153076
dasatinib,dinaciclib,ES2,CC1=C(C(=CC=C1)Cl)NC(=O)C2=CN=C(S2)NC3=NC(=NC(=C3)N4CCN(CC4)CCO)C,CCC1=C2N=C(C=C(N2N=C1)NCC3=C[N+](=CC=C3)[O-])N4CCCCC4CCO,2.115,1,-13.655536,-0.205,13.924582,0.7543840408325195,1.8299835920333862,0.8617598414421082
dasatinib,dinaciclib,HCT116,CC1=C(C(=CC=C1)Cl)NC(=O)C2=CN=C(S2)NC3=NC(=NC(=C3)N4CCN(CC4)CCO)C,CCC1=C2N=C(C=C(N2N=C1)NCC3=C[N+](=CC=C3)[O-])N4CCCCC4CCO,3.925,1,-27.980972,-0.16695,12.663839,-0.011224783957004547,0.0382138229906559,0.5095522999763489
dasatinib,dinaciclib,HT144,CC1=C(C(=CC=C1)Cl)NC(=O)C2=CN=C(S2)NC3=NC(=NC(=C3)N4CCN(CC4)CCO)C,CCC1=C2N=C(C=C(N2N=C1)NCC3=C[N+](=CC=C3)[O-])N4CCCCC4CCO,6.84,1,-59.851856,-0.06535,4.5093,0.576230525970459,1.6675300598144531,0.8412462472915649
dasatinib,dinaciclib,LOVO,CC1=C(C(=CC=C1)Cl)NC(=O)C2=CN=C(S2)NC3=NC(=NC(=C3)N4CCN(CC4)CCO)C,CCC1=C2N=C(C=C(N2N=C1)NCC3=C[N+](=CC=C3)[O-])N4CCCCC4CCO,-1.57,0,4.240852,-0.10245,19.684208,2.228620767593384,-0.9508264660835266,0.27871862053871155
dasatinib,dinaciclib,NCIH1650,CC1=C(C(=CC=C1)Cl)NC(=O)C2=CN=C(S2)NC3=NC(=NC(=C3)N4CCN(CC4)CCO)C,CCC1=C2N=C(C=C(N2N=C1)NCC3=C[N+](=CC=C3)[O-])N4CCCCC4CCO,0.6,1,4.676421,-0.257,20.117954,0.251910924911499,2.306056261062622,0.90937739610672
dasatinib,dinaciclib,NCIH2122,CC1=C(C(=CC=C1)Cl)NC(=O)C2=CN=C(S2)NC3=NC(=NC(=C3)N4CCN(CC4)CCO)C,CCC1=C2N=C(C=C(N2N=C1)NCC3=C[N+](=CC=C3)[O-])N4CCCCC4CCO,11.075,1,-67.04137,-0.227,2.067998,0.9879472255706787,4.154178142547607,0.9845439791679382
dasatinib,dinaciclib,NCIH520,CC1=C(C(=CC=C1)Cl)NC(=O)C2=CN=C(S2)NC3=NC(=NC(=C3)N4CCN(CC4)CCO)C,CCC1=C2N=C(C=C(N2N=C1)NCC3=C[N+](=CC=C3)[O-])N4CCCCC4CCO,-0.96,0,-5.259039,-0.3425,19.115728,-0.7654988169670105,3.094376802444458,0.9566602110862732
dasatinib,dinaciclib,OV90,CC1=C(C(=CC=C1)Cl)NC(=O)C2=CN=C(S2)NC3=NC(=NC(=C3)N4CCN(CC4)CCO)C,CCC1=C2N=C(C=C(N2N=C1)NCC3=C[N+](=CC=C3)[O-])N4CCCCC4CCO,-3.66,0,2.4869502,-0.3295,14.593681,2.359405040740967,0.674639880657196,0.6625413298606873
dasatinib,dinaciclib,SKMES1,CC1=C(C(=CC=C1)Cl)NC(=O)C2=CN=C(S2)NC3=NC(=NC(=C3)N4CCN(CC4)CCO)C,CCC1=C2N=C(C=C(N2N=C1)NCC3=C[N+](=CC=C3)[O-])N4CCCCC4CCO,-2.35,0,1.3832885,-0.2065,15.206972,0.7939984798431396,0.02944907918572426,0.5073617696762085
dasatinib,dinaciclib,SKOV3,CC1=C(C(=CC=C1)Cl)NC(=O)C2=CN=C(S2)NC3=NC(=NC(=C3)N4CCN(CC4)CCO)C,CCC1=C2N=C(C=C(N2N=C1)NCC3=C[N+](=CC=C3)[O-])N4CCCCC4CCO,-1.64,0,0.34770098,-0.15395,16.051014,0.7486941814422607,-0.06756602227687836,0.48311489820480347
dasatinib,dinaciclib,SW620,CC1=C(C(=CC=C1)Cl)NC(=O)C2=CN=C(S2)NC3=NC(=NC(=C3)N4CCN(CC4)CCO)C,CCC1=C2N=C(C=C(N2N=C1)NCC3=C[N+](=CC=C3)[O-])N4CCCCC4CCO,2.88,1,-16.554918,-0.06535,16.907896,0.6014688611030579,0.7363471984863281,0.6761965751647949
dasatinib,geldanamycin,A2058,CC1=C(C(=CC=C1)Cl)NC(=O)C2=CN=C(S2)NC3=NC(=NC(=C3)N4CCN(CC4)CCO)C,CC1CC(C(C(C=C(C(C(C=CC=C(C(=O)NC2=CC(=O)C(=C(C1)C2=O)OC)C)OC)OC(=O)N)C)C)O)OC,-1.72,0,-1.9600513,-0.287,17.807358,-0.7129336595535278,-0.5134187340736389,0.37439244985580444
dasatinib,geldanamycin,A2780,CC1=C(C(=CC=C1)Cl)NC(=O)C2=CN=C(S2)NC3=NC(=NC(=C3)N4CCN(CC4)CCO)C,CC1CC(C(C(C=C(C(C(C=CC=C(C(=O)NC2=CC(=O)C(=C(C1)C2=O)OC)C)OC)OC(=O)N)C)C)O)OC,6.705,1,3.3056583,-0.34,23.710258,-0.06487157940864563,3.7930891513824463,0.97797030210495
dasatinib,geldanamycin,A375,CC1=C(C(=CC=C1)Cl)NC(=O)C2=CN=C(S2)NC3=NC(=NC(=C3)N4CCN(CC4)CCO)C,CC1CC(C(C(C=C(C(C(C=CC=C(C(=O)NC2=CC(=O)C(=C(C1)C2=O)OC)C)OC)OC(=O)N)C)C)O)OC,9.92,1,5.8516626,-0.1575,21.692463,-1.0008790493011475,0.6361944675445557,0.6538927555084229
dasatinib,geldanamycin,A427,CC1=C(C(=CC=C1)Cl)NC(=O)C2=CN=C(S2)NC3=NC(=NC(=C3)N4CCN(CC4)CCO)C,CC1CC(C(C(C=C(C(C(C=CC=C(C(=O)NC2=CC(=O)C(=C(C1)C2=O)OC)C)OC)OC(=O)N)C)C)O)OC,-0.565,0,7.064975,-0.3285,19.457592,-0.6146255731582642,2.438649892807007,0.9197274446487427
dasatinib,geldanamycin,HCT116,CC1=C(C(=CC=C1)Cl)NC(=O)C2=CN=C(S2)NC3=NC(=NC(=C3)N4CCN(CC4)CCO)C,CC1CC(C(C(C=C(C(C(C=CC=C(C(=O)NC2=CC(=O)C(=C(C1)C2=O)OC)C)OC)OC(=O)N)C)C)O)OC,14.69,1,-23.959444,-0.0941,13.210453,-0.7774608135223389,0.4609658122062683,0.6132432818412781
dasatinib,geldanamycin,HT144,CC1=C(C(=CC=C1)Cl)NC(=O)C2=CN=C(S2)NC3=NC(=NC(=C3)N4CCN(CC4)CCO)C,CC1CC(C(C(C=C(C(C(C=CC=C(C(=O)NC2=CC(=O)C(=C(C1)C2=O)OC)C)OC)OC(=O)N)C)C)O)OC,0.865,1,-36.703,-0.143,6.4903755,-0.8281655311584473,3.43351411819458,0.9687356948852539
dasatinib,geldanamycin,HT29,CC1=C(C(=CC=C1)Cl)NC(=O)C2=CN=C(S2)NC3=NC(=NC(=C3)N4CCN(CC4)CCO)C,CC1CC(C(C(C=C(C(C(C=CC=C(C(=O)NC2=CC(=O)C(=C(C1)C2=O)OC)C)OC)OC(=O)N)C)C)O)OC,2.595,1,8.637616,-0.12245,14.503793,0.18438592553138733,-0.11884406208992004,0.4703238606452942
dasatinib,geldanamycin,LOVO,CC1=C(C(=CC=C1)Cl)NC(=O)C2=CN=C(S2)NC3=NC(=NC(=C3)N4CCN(CC4)CCO)C,CC1CC(C(C(C=C(C(C(C=CC=C(C(=O)NC2=CC(=O)C(=C(C1)C2=O)OC)C)OC)OC(=O)N)C)C)O)OC,0.895,1,3.8978994,-0.06535,18.211151,-0.093109130859375,-0.49354350566864014,0.37905916571617126
dasatinib,geldanamycin,MDAMB436,CC1=C(C(=CC=C1)Cl)NC(=O)C2=CN=C(S2)NC3=NC(=NC(=C3)N4CCN(CC4)CCO)C,CC1CC(C(C(C=C(C(C(C=CC=C(C(=O)NC2=CC(=O)C(=C(C1)C2=O)OC)C)OC)OC(=O)N)C)C)O)OC,-1.53,0,-0.549685,-0.0372,18.069496,-0.4888900816440582,3.2523412704467773,0.9627571702003479
dasatinib,geldanamycin,NCIH1650,CC1=C(C(=CC=C1)Cl)NC(=O)C2=CN=C(S2)NC3=NC(=NC(=C3)N4CCN(CC4)CCO)C,CC1CC(C(C(C=C(C(C(C=CC=C(C(=O)NC2=CC(=O)C(=C(C1)C2=O)OC)C)OC)OC(=O)N)C)C)O)OC,4.3,1,8.219039,-0.0806,18.214746,-0.2447950839996338,1.1414071321487427,0.7579379081726074
dasatinib,geldanamycin,NCIH2122,CC1=C(C(=CC=C1)Cl)NC(=O)C2=CN=C(S2)NC3=NC(=NC(=C3)N4CCN(CC4)CCO)C,CC1CC(C(C(C=C(C(C(C=CC=C(C(=O)NC2=CC(=O)C(=C(C1)C2=O)OC)C)OC)OC(=O)N)C)C)O)OC,15.835,1,-32.266743,-0.2195,-4.591579,-0.6705292463302612,4.858744144439697,0.9922996163368225
dasatinib,geldanamycin,NCIH23,CC1=C(C(=CC=C1)Cl)NC(=O)C2=CN=C(S2)NC3=NC(=NC(=C3)N4CCN(CC4)CCO)C,CC1CC(C(C(C=C(C(C(C=CC=C(C(=O)NC2=CC(=O)C(=C(C1)C2=O)OC)C)OC)OC(=O)N)C)C)O)OC,2.54,1,-4.761648,-0.286,-1.6193751,-1.845808744430542,-0.7080710530281067,0.33002522587776184
dasatinib,geldanamycin,NCIH520,CC1=C(C(=CC=C1)Cl)NC(=O)C2=CN=C(S2)NC3=NC(=NC(=C3)N4CCN(CC4)CCO)C,CC1CC(C(C(C=C(C(C(C=CC=C(C(=O)NC2=CC(=O)C(=C(C1)C2=O)OC)C)OC)OC(=O)N)C)C)O)OC,-10.045,0,1.4034585,-0.2575,17.161274,-0.06204962730407715,-0.2625659108161926,0.4347330331802368
dasatinib,geldanamycin,OV90,CC1=C(C(=CC=C1)Cl)NC(=O)C2=CN=C(S2)NC3=NC(=NC(=C3)N4CCN(CC4)CCO)C,CC1CC(C(C(C=C(C(C(C=CC=C(C(=O)NC2=CC(=O)C(=C(C1)C2=O)OC)C)OC)OC(=O)N)C)C)O)OC,3.68,1,0.61943954,-0.34,13.588662,0.8370968103408813,2.9609029293060303,0.9507762789726257
dasatinib,geldanamycin,RKO,CC1=C(C(=CC=C1)Cl)NC(=O)C2=CN=C(S2)NC3=NC(=NC(=C3)N4CCN(CC4)CCO)C,CC1CC(C(C(C=C(C(C(C=CC=C(C(=O)NC2=CC(=O)C(=C(C1)C2=O)OC)C)OC)OC(=O)N)C)C)O)OC,0.855,1,2.4790983,-0.1495,17.997578,-0.000924527645111084,0.5140281319618225,0.6257503032684326
dasatinib,geldanamycin,SKMES1,CC1=C(C(=CC=C1)Cl)NC(=O)C2=CN=C(S2)NC3=NC(=NC(=C3)N4CCN(CC4)CCO)C,CC1CC(C(C(C=C(C(C(C=CC=C(C(=O)NC2=CC(=O)C(=C(C1)C2=O)OC)C)OC)OC(=O)N)C)C)O)OC,4.09,1,4.944798,-0.136,16.56457,-0.4383785128593445,1.153762936592102,0.7601975202560425
dasatinib,geldanamycin,SKOV3,CC1=C(C(=CC=C1)Cl)NC(=O)C2=CN=C(S2)NC3=NC(=NC(=C3)N4CCN(CC4)CCO)C,CC1CC(C(C(C=C(C(C(C=CC=C(C(=O)NC2=CC(=O)C(=C(C1)C2=O)OC)C)OC)OC(=O)N)C)C)O)OC,-4.04,0,3.279371,-0.11295,16.028145,0.16131865978240967,-0.4641602635383606,0.3859993815422058
dasatinib,geldanamycin,SW620,CC1=C(C(=CC=C1)Cl)NC(=O)C2=CN=C(S2)NC3=NC(=NC(=C3)N4CCN(CC4)CCO)C,CC1CC(C(C(C=C(C(C(C=CC=C(C(=O)NC2=CC(=O)C(=C(C1)C2=O)OC)C)OC)OC(=O)N)C)C)O)OC,6.515,1,-0.16676007,-0.1229,16.022346,-0.4366905987262726,-0.3060414493083954,0.42408129572868347
dasatinib,geldanamycin,SW837,CC1=C(C(=CC=C1)Cl)NC(=O)C2=CN=C(S2)NC3=NC(=NC(=C3)N4CCN(CC4)CCO)C,CC1CC(C(C(C=C(C(C(C=CC=C(C(=O)NC2=CC(=O)C(=C(C1)C2=O)OC)C)OC)OC(=O)N)C)C)O)OC,1.33,1,11.518679,-0.0715,14.852043,-0.20923545956611633,1.7149134874343872,0.8474724888801575
dasatinib,lapatinib,HT29,CC1=C(C(=CC=C1)Cl)NC(=O)C2=CN=C(S2)NC3=NC(=NC(=C3)N4CCN(CC4)CCO)C,CS(=O)(=O)CCNCC1=CC=C(O1)C2=CC3=C(C=C2)N=CN=C3NC4=CC(=C(C=C4)OCC5=CC(=CC=C5)F)Cl,6.0775,1,10.902452,-0.29075,31.568752,0.02133283019065857,0.716345489025116,0.671801745891571
dasatinib,lapatinib,NCIH23,CC1=C(C(=CC=C1)Cl)NC(=O)C2=CN=C(S2)NC3=NC(=NC(=C3)N4CCN(CC4)CCO)C,CS(=O)(=O)CCNCC1=CC=C(O1)C2=CC3=C(C=C2)N=CN=C3NC4=CC(=C(C=C4)OCC5=CC(=CC=C5)F)Cl,-2.745,0,4.061473,-0.063175,10.043377,-2.0994558334350586,-0.514143705368042,0.37422266602516174
dasatinib,lapatinib,SW620,CC1=C(C(=CC=C1)Cl)NC(=O)C2=CN=C(S2)NC3=NC(=NC(=C3)N4CCN(CC4)CCO)C,CS(=O)(=O)CCNCC1=CC=C(O1)C2=CC3=C(C=C2)N=CN=C3NC4=CC(=C(C=C4)OCC5=CC(=CC=C5)F)Cl,-1.745,0,-0.8983069,-0.028925,26.553623,-0.35077035427093506,0.1469881236553192,0.5366809964179993
dasatinib,methotrexate,SKOV3,CC1=C(C(=CC=C1)Cl)NC(=O)C2=CN=C(S2)NC3=NC(=NC(=C3)N4CCN(CC4)CCO)C,CN(CC1=CN=C2C(=N1)C(=NC(=N2)N)N)C3=CC=C(C=C3)C(=O)NC(CCC(=O)O)C(=O)O,-2.6225,0,2.3283825,-0.233,5.399441,0.09952983260154724,-0.35409849882125854,0.4123888611793518
dasatinib,methotrexate,T47D,CC1=C(C(=CC=C1)Cl)NC(=O)C2=CN=C(S2)NC3=NC(=NC(=C3)N4CCN(CC4)CCO)C,CN(CC1=CN=C2C(=N1)C(=NC(=N2)N)N)C3=CC=C(C=C3)C(=O)NC(CCC(=O)O)C(=O)O,-2.6475,0,-3.1800554,-0.1524,3.721394,0.21567866206169128,0.10567617416381836,0.5263944864273071
dasatinib,sorafenib,A2058,CC1=C(C(=CC=C1)Cl)NC(=O)C2=CN=C(S2)NC3=NC(=NC(=C3)N4CCN(CC4)CCO)C,CNC(=O)C1=NC=CC(=C1)OC2=CC=C(C=C2)NC(=O)NC3=CC(=C(C=C3)Cl)C(F)(F)F,11.44,1,8.002959,-0.213,17.74555,-0.5954720973968506,0.24915316700935364,0.5619680285453796
dasatinib,sorafenib,A2780,CC1=C(C(=CC=C1)Cl)NC(=O)C2=CN=C(S2)NC3=NC(=NC(=C3)N4CCN(CC4)CCO)C,CNC(=O)C1=NC=CC(=C1)OC2=CC=C(C=C2)NC(=O)NC3=CC(=C(C=C3)Cl)C(F)(F)F,13.375,1,10.766329,-0.15445,25.098602,0.1827544867992401,2.6296942234039307,0.9327483773231506
dasatinib,sorafenib,A375,CC1=C(C(=CC=C1)Cl)NC(=O)C2=CN=C(S2)NC3=NC(=NC(=C3)N4CCN(CC4)CCO)C,CNC(=O)C1=NC=CC(=C1)OC2=CC=C(C=C2)NC(=O)NC3=CC(=C(C=C3)Cl)C(F)(F)F,12.915,1,8.2860985,-0.132,20.928392,-1.1172926425933838,2.632373571395874,0.9329162240028381
dasatinib,sorafenib,A427,CC1=C(C(=CC=C1)Cl)NC(=O)C2=CN=C(S2)NC3=NC(=NC(=C3)N4CCN(CC4)CCO)C,CNC(=O)C1=NC=CC(=C1)OC2=CC=C(C=C2)NC(=O)NC3=CC(=C(C=C3)Cl)C(F)(F)F,0.58,1,10.841896,-0.16845,21.02968,-0.9203848242759705,2.1996264457702637,0.9002159237861633
dasatinib,sorafenib,ES2,CC1=C(C(=CC=C1)Cl)NC(=O)C2=CN=C(S2)NC3=NC(=NC(=C3)N4CCN(CC4)CCO)C,CNC(=O)C1=NC=CC(=C1)OC2=CC=C(C=C2)NC(=O)NC3=CC(=C(C=C3)Cl)C(F)(F)F,7.525,1,5.8841066,-0.2685,13.590635,-0.14672869443893433,2.8743388652801514,0.9465632438659668
dasatinib,sorafenib,HCT116,CC1=C(C(=CC=C1)Cl)NC(=O)C2=CN=C(S2)NC3=NC(=NC(=C3)N4CCN(CC4)CCO)C,CNC(=O)C1=NC=CC(=C1)OC2=CC=C(C=C2)NC(=O)NC3=CC(=C(C=C3)Cl)C(F)(F)F,10.7,1,0.37519887,-0.252,15.586994,-0.8755205273628235,0.5323441624641418,0.6300296783447266
dasatinib,sorafenib,HT144,CC1=C(C(=CC=C1)Cl)NC(=O)C2=CN=C(S2)NC3=NC(=NC(=C3)N4CCN(CC4)CCO)C,CNC(=O)C1=NC=CC(=C1)OC2=CC=C(C=C2)NC(=O)NC3=CC(=C(C=C3)Cl)C(F)(F)F,12.235,1,-3.301347,-0.2405,6.1030264,-0.6320368051528931,2.151432514190674,0.8958025574684143
dasatinib,sorafenib,HT29,CC1=C(C(=CC=C1)Cl)NC(=O)C2=CN=C(S2)NC3=NC(=NC(=C3)N4CCN(CC4)CCO)C,CNC(=O)C1=NC=CC(=C1)OC2=CC=C(C=C2)NC(=O)NC3=CC(=C(C=C3)Cl)C(F)(F)F,4.59,1,7.9741993,-0.272,19.52118,0.24868664145469666,-0.14652425050735474,0.4634343087673187
dasatinib,sorafenib,MDAMB436,CC1=C(C(=CC=C1)Cl)NC(=O)C2=CN=C(S2)NC3=NC(=NC(=C3)N4CCN(CC4)CCO)C,CNC(=O)C1=NC=CC(=C1)OC2=CC=C(C=C2)NC(=O)NC3=CC(=C(C=C3)Cl)C(F)(F)F,1.42,1,3.4319923,-0.2695,17.64088,-0.4568958282470703,-0.9893540740013123,0.2710396647453308
dasatinib,sorafenib,NCIH1650,CC1=C(C(=CC=C1)Cl)NC(=O)C2=CN=C(S2)NC3=NC(=NC(=C3)N4CCN(CC4)CCO)C,CNC(=O)C1=NC=CC(=C1)OC2=CC=C(C=C2)NC(=O)NC3=CC(=C(C=C3)Cl)C(F)(F)F,1.295,1,3.8456547,-0.2355,18.920341,0.48311859369277954,0.9396730065345764,0.7190336585044861
dasatinib,sorafenib,NCIH2122,CC1=C(C(=CC=C1)Cl)NC(=O)C2=CN=C(S2)NC3=NC(=NC(=C3)N4CCN(CC4)CCO)C,CNC(=O)C1=NC=CC(=C1)OC2=CC=C(C=C2)NC(=O)NC3=CC(=C(C=C3)Cl)C(F)(F)F,12.66,1,-15.851661,-0.3145,3.0967321,-0.8010890483856201,1.3298335075378418,0.7908130288124084
dasatinib,sorafenib,NCIH23,CC1=C(C(=CC=C1)Cl)NC(=O)C2=CN=C(S2)NC3=NC(=NC(=C3)N4CCN(CC4)CCO)C,CNC(=O)C1=NC=CC(=C1)OC2=CC=C(C=C2)NC(=O)NC3=CC(=C(C=C3)Cl)C(F)(F)F,2.2,1,6.7738404,-0.233,4.5326357,-1.5781481266021729,-0.5246629118919373,0.37176254391670227
dasatinib,sorafenib,NCIH520,CC1=C(C(=CC=C1)Cl)NC(=O)C2=CN=C(S2)NC3=NC(=NC(=C3)N4CCN(CC4)CCO)C,CNC(=O)C1=NC=CC(=C1)OC2=CC=C(C=C2)NC(=O)NC3=CC(=C(C=C3)Cl)C(F)(F)F,1.22,1,9.02226,-0.28,18.304401,-1.0802266597747803,0.1010323166847229,0.5252366065979004
dasatinib,sorafenib,OV90,CC1=C(C(=CC=C1)Cl)NC(=O)C2=CN=C(S2)NC3=NC(=NC(=C3)N4CCN(CC4)CCO)C,CNC(=O)C1=NC=CC(=C1)OC2=CC=C(C=C2)NC(=O)NC3=CC(=C(C=C3)Cl)C(F)(F)F,4.06,1,7.3217263,-0.502,14.104373,1.3561251163482666,2.4368746280670166,0.9195963144302368
dasatinib,sorafenib,SKMES1,CC1=C(C(=CC=C1)Cl)NC(=O)C2=CN=C(S2)NC3=NC(=NC(=C3)N4CCN(CC4)CCO)C,CNC(=O)C1=NC=CC(=C1)OC2=CC=C(C=C2)NC(=O)NC3=CC(=C(C=C3)Cl)C(F)(F)F,1.24,1,3.2504303,-0.08405,14.37396,-0.051333874464035034,1.8427010774612427,0.8632677793502808
dasatinib,sorafenib,SKOV3,CC1=C(C(=CC=C1)Cl)NC(=O)C2=CN=C(S2)NC3=NC(=NC(=C3)N4CCN(CC4)CCO)C,CNC(=O)C1=NC=CC(=C1)OC2=CC=C(C=C2)NC(=O)NC3=CC(=C(C=C3)Cl)C(F)(F)F,7.11,1,4.996076,-0.105,17.042042,0.12351656705141068,-0.6424737572669983,0.3446875512599945
dasatinib,sorafenib,SW620,CC1=C(C(=CC=C1)Cl)NC(=O)C2=CN=C(S2)NC3=NC(=NC(=C3)N4CCN(CC4)CCO)C,CNC(=O)C1=NC=CC(=C1)OC2=CC=C(C=C2)NC(=O)NC3=CC(=C(C=C3)Cl)C(F)(F)F,6.54,1,10.528556,-0.334,17.413544,-0.2743876874446869,-0.6303327679634094,0.3474350869655609
dasatinib,sorafenib,SW837,CC1=C(C(=CC=C1)Cl)NC(=O)C2=CN=C(S2)NC3=NC(=NC(=C3)N4CCN(CC4)CCO)C,CNC(=O)C1=NC=CC(=C1)OC2=CC=C(C=C2)NC(=O)NC3=CC(=C(C=C3)Cl)C(F)(F)F,-1.345,0,1.8667806,-0.2265,17.36098,0.014607153832912445,0.2869489789009094,0.5712490081787109
dasatinib,sorafenib,T47D,CC1=C(C(=CC=C1)Cl)NC(=O)C2=CN=C(S2)NC3=NC(=NC(=C3)N4CCN(CC4)CCO)C,CNC(=O)C1=NC=CC(=C1)OC2=CC=C(C=C2)NC(=O)NC3=CC(=C(C=C3)Cl)C(F)(F)F,0.57,1,6.620972,-0.28,18.77973,0.33000168204307556,-0.08622738718986511,0.4784565269947052
dasatinib,sunitinib,HCT116,CC1=C(C(=CC=C1)Cl)NC(=O)C2=CN=C(S2)NC3=NC(=NC(=C3)N4CCN(CC4)CCO)C,CCN(CC)CCNC(=O)C1=C(NC(=C1C)C=C2C3=C(C=CC(=C3)F)NC2=O)C,12.05,1,2.585435,-0.175625,19.43968,-0.7045631408691406,-0.11472217738628387,0.4713508188724518
dasatinib,sunitinib,HT29,CC1=C(C(=CC=C1)Cl)NC(=O)C2=CN=C(S2)NC3=NC(=NC(=C3)N4CCN(CC4)CCO)C,CCN(CC)CCNC(=O)C1=C(NC(=C1C)C=C2C3=C(C=CC(=C3)F)NC2=O)C,10.975,1,20.273928,-0.0628,24.395435,0.2963620126247406,0.07709309458732605,0.519263744354248
dasatinib,sunitinib,SKOV3,CC1=C(C(=CC=C1)Cl)NC(=O)C2=CN=C(S2)NC3=NC(=NC(=C3)N4CCN(CC4)CCO)C,CCN(CC)CCNC(=O)C1=C(NC(=C1C)C=C2C3=C(C=CC(=C3)F)NC2=O)C,1.2025,1,6.3892603,-0.0217,20.973934,0.43109288811683655,-0.6874906420707703,0.33459150791168213
dasatinib,sunitinib,T47D,CC1=C(C(=CC=C1)Cl)NC(=O)C2=CN=C(S2)NC3=NC(=NC(=C3)N4CCN(CC4)CCO)C,CCN(CC)CCNC(=O)C1=C(NC(=C1C)C=C2C3=C(C=CC(=C3)F)NC2=O)C,3.475,1,2.5817742,-0.172675,22.581343,0.32382428646087646,0.11704647541046143,0.5292282700538635
dexamethasone,bortezomib,A2058,CC1CC2C3CCC4=CC(=O)C=CC4(C3(C(CC2(C1(C(=O)CO)O)C)O)F)C,B(C(CC(C)C)NC(=O)C(CC1=CC=CC=C1)NC(=O)C2=NC=CN=C2)(O)O,5.465,1,-56.126446,-0.3325,-9.623203,-1.26091468334198,4.221127510070801,0.9855303764343262
dexamethasone,bortezomib,A2780,CC1CC2C3CCC4=CC(=O)C=CC4(C3(C(CC2(C1(C(=O)CO)O)C)O)F)C,B(C(CC(C)C)NC(=O)C(CC1=CC=CC=C1)NC(=O)C2=NC=CN=C2)(O)O,1.335,1,-30.124596,-0.063,-10.811716,-0.921517550945282,1.9670147895812988,0.8772901296615601
dexamethasone,bortezomib,A375,CC1CC2C3CCC4=CC(=O)C=CC4(C3(C(CC2(C1(C(=O)CO)O)C)O)F)C,B(C(CC(C)C)NC(=O)C(CC1=CC=CC=C1)NC(=O)C2=NC=CN=C2)(O)O,2.885,1,-50.185745,-0.1398,-8.434019,-1.0913071632385254,3.6864006519317627,0.975550651550293
dexamethasone,bortezomib,A427,CC1CC2C3CCC4=CC(=O)C=CC4(C3(C(CC2(C1(C(=O)CO)O)C)O)F)C,B(C(CC(C)C)NC(=O)C(CC1=CC=CC=C1)NC(=O)C2=NC=CN=C2)(O)O,0.265,1,-51.35471,-0.2305,-14.253263,-1.8730446100234985,-1.4479172229766846,0.19032230973243713
dexamethasone,bortezomib,ES2,CC1CC2C3CCC4=CC(=O)C=CC4(C3(C(CC2(C1(C(=O)CO)O)C)O)F)C,B(C(CC(C)C)NC(=O)C(CC1=CC=CC=C1)NC(=O)C2=NC=CN=C2)(O)O,13.71,1,-73.3887,-0.4505,-10.863309,-0.3841179609298706,3.463853120803833,0.9696416258811951
dexamethasone,bortezomib,HCT116,CC1CC2C3CCC4=CC(=O)C=CC4(C3(C(CC2(C1(C(=O)CO)O)C)O)F)C,B(C(CC(C)C)NC(=O)C(CC1=CC=CC=C1)NC(=O)C2=NC=CN=C2)(O)O,0.555,1,-51.01894,-0.3625,-11.787985,-0.4047682583332062,-0.9321609139442444,0.28248652815818787
dexamethasone,bortezomib,HT144,CC1CC2C3CCC4=CC(=O)C=CC4(C3(C(CC2(C1(C(=O)CO)O)C)O)F)C,B(C(CC(C)C)NC(=O)C(CC1=CC=CC=C1)NC(=O)C2=NC=CN=C2)(O)O,2.985,1,-60.433662,-0.3115,-16.17463,-0.8577788472175598,2.6907150745391846,0.936476469039917
dexamethasone,bortezomib,HT29,CC1CC2C3CCC4=CC(=O)C=CC4(C3(C(CC2(C1(C(=O)CO)O)C)O)F)C,B(C(CC(C)C)NC(=O)C(CC1=CC=CC=C1)NC(=O)C2=NC=CN=C2)(O)O,0.15,1,-51.01693,-0.3165,-9.478013,0.018711179494857788,0.15434452891349792,0.538509726524353
dexamethasone,bortezomib,LOVO,CC1CC2C3CCC4=CC(=O)C=CC4(C3(C(CC2(C1(C(=O)CO)O)C)O)F)C,B(C(CC(C)C)NC(=O)C(CC1=CC=CC=C1)NC(=O)C2=NC=CN=C2)(O)O,-4.545,0,-1.6014038,-0.2235,-7.032254,-1.0684442520141602,-2.014920711517334,0.11764521151781082
dexamethasone,bortezomib,MDAMB436,CC1CC2C3CCC4=CC(=O)C=CC4(C3(C(CC2(C1(C(=O)CO)O)C)O)F)C,B(C(CC(C)C)NC(=O)C(CC1=CC=CC=C1)NC(=O)C2=NC=CN=C2)(O)O,2.49,1,-31.15834,-0.2595,-6.4989758,-0.06772208213806152,1.7543519735336304,0.8525009155273438
dexamethasone,bortezomib,NCIH1650,CC1CC2C3CCC4=CC(=O)C=CC4(C3(C(CC2(C1(C(=O)CO)O)C)O)F)C,B(C(CC(C)C)NC(=O)C(CC1=CC=CC=C1)NC(=O)C2=NC=CN=C2)(O)O,-1.54,0,-32.51917,-0.15505,-14.406261,-0.8837294578552246,-6.315779209136963,0.0018042952287942171
dexamethasone,bortezomib,NCIH2122,CC1CC2C3CCC4=CC(=O)C=CC4(C3(C(CC2(C1(C(=O)CO)O)C)O)F)C,B(C(CC(C)C)NC(=O)C(CC1=CC=CC=C1)NC(=O)C2=NC=CN=C2)(O)O,0.995,1,-5.0868073,-0.1675,-13.222517,-0.8982950448989868,0.5608144402503967,0.6366409659385681
dexamethasone,bortezomib,NCIH23,CC1CC2C3CCC4=CC(=O)C=CC4(C3(C(CC2(C1(C(=O)CO)O)C)O)F)C,B(C(CC(C)C)NC(=O)C(CC1=CC=CC=C1)NC(=O)C2=NC=CN=C2)(O)O,0.145,1,-35.2354,-0.2785,-21.09999,-1.6454880237579346,-0.7651826739311218,0.3175221085548401
dexamethasone,bortezomib,NCIH520,CC1CC2C3CCC4=CC(=O)C=CC4(C3(C(CC2(C1(C(=O)CO)O)C)O)F)C,B(C(CC(C)C)NC(=O)C(CC1=CC=CC=C1)NC(=O)C2=NC=CN=C2)(O)O,0.985,1,-30.950493,-0.1915,-14.626494,-2.3466672897338867,1.7646710872650146,0.853793740272522
dexamethasone,bortezomib,OV90,CC1CC2C3CCC4=CC(=O)C=CC4(C3(C(CC2(C1(C(=O)CO)O)C)O)F)C,B(C(CC(C)C)NC(=O)C(CC1=CC=CC=C1)NC(=O)C2=NC=CN=C2)(O)O,-0.57,0,-1.6555091,-0.0605848415978253,-10.900589,1.4905797243118286,-6.246645450592041,0.0019331962103024125
dexamethasone,bortezomib,RKO,CC1CC2C3CCC4=CC(=O)C=CC4(C3(C(CC2(C1(C(=O)CO)O)C)O)F)C,B(C(CC(C)C)NC(=O)C(CC1=CC=CC=C1)NC(=O)C2=NC=CN=C2)(O)O,3.925,1,-51.287384,-0.4565,-8.031863,-0.22716334462165833,2.4086222648620605,0.9174824357032776
dexamethasone,bortezomib,SKMES1,CC1CC2C3CCC4=CC(=O)C=CC4(C3(C(CC2(C1(C(=O)CO)O)C)O)F)C,B(C(CC(C)C)NC(=O)C(CC1=CC=CC=C1)NC(=O)C2=NC=CN=C2)(O)O,-1.655,0,-19.369955,-0.3155,-10.713166,-1.275800108909607,-3.9860565662384033,0.018234150484204292
dexamethasone,bortezomib,SKOV3,CC1CC2C3CCC4=CC(=O)C=CC4(C3(C(CC2(C1(C(=O)CO)O)C)O)F)C,B(C(CC(C)C)NC(=O)C(CC1=CC=CC=C1)NC(=O)C2=NC=CN=C2)(O)O,-1.12,0,-8.513329,-0.5475,-4.211018,-0.1568043828010559,-0.8268544673919678,0.3043105900287628
dexamethasone,bortezomib,SW620,CC1CC2C3CCC4=CC(=O)C=CC4(C3(C(CC2(C1(C(=O)CO)O)C)O)F)C,B(C(CC(C)C)NC(=O)C(CC1=CC=CC=C1)NC(=O)C2=NC=CN=C2)(O)O,3.75,1,-50.74447,-0.1905,-8.918097,0.11933225393295288,-0.18613092601299286,0.4536011815071106
dexamethasone,bortezomib,SW837,CC1CC2C3CCC4=CC(=O)C=CC4(C3(C(CC2(C1(C(=O)CO)O)C)O)F)C,B(C(CC(C)C)NC(=O)C(CC1=CC=CC=C1)NC(=O)C2=NC=CN=C2)(O)O,7.84,1,-25.467773,-0.2385,-14.424143,-0.39646127820014954,2.7672441005706787,0.9408798217773438
dexamethasone,bortezomib,T47D,CC1CC2C3CCC4=CC(=O)C=CC4(C3(C(CC2(C1(C(=O)CO)O)C)O)F)C,B(C(CC(C)C)NC(=O)C(CC1=CC=CC=C1)NC(=O)C2=NC=CN=C2)(O)O,4.91,1,-67.344,-0.2515,-19.594948,0.810422956943512,-0.6118555665016174,0.35163602232933044
dexamethasone,dasatinib,A2058,CC1CC2C3CCC4=CC(=O)C=CC4(C3(C(CC2(C1(C(=O)CO)O)C)O)F)C,CC1=C(C(=CC=C1)Cl)NC(=O)C2=CN=C(S2)NC3=NC(=NC(=C3)N4CCN(CC4)CCO)C,1.845,1,-8.654806,-0.1335,13.742428,-0.33325377106666565,2.617021083831787,0.9319490194320679
dexamethasone,dasatinib,A2780,CC1CC2C3CCC4=CC(=O)C=CC4(C3(C(CC2(C1(C(=O)CO)O)C)O)F)C,CC1=C(C(=CC=C1)Cl)NC(=O)C2=CN=C(S2)NC3=NC(=NC(=C3)N4CCN(CC4)CCO)C,7.08,1,3.6497576,-0.2255,21.487799,-0.8643686175346375,4.233166217803955,0.9857010841369629
dexamethasone,dasatinib,A375,CC1CC2C3CCC4=CC(=O)C=CC4(C3(C(CC2(C1(C(=O)CO)O)C)O)F)C,CC1=C(C(=CC=C1)Cl)NC(=O)C2=CN=C(S2)NC3=NC(=NC(=C3)N4CCN(CC4)CCO)C,13.6,1,-19.780983,-0.29,16.559097,-0.44004616141319275,3.4741337299346924,0.9699427485466003
dexamethasone,dasatinib,A427,CC1CC2C3CCC4=CC(=O)C=CC4(C3(C(CC2(C1(C(=O)CO)O)C)O)F)C,CC1=C(C(=CC=C1)Cl)NC(=O)C2=CN=C(S2)NC3=NC(=NC(=C3)N4CCN(CC4)CCO)C,-0.525,0,-7.6962743,-0.4675,15.654823,-0.8278409242630005,1.386946678161621,0.8001043200492859
dexamethasone,dasatinib,ES2,CC1CC2C3CCC4=CC(=O)C=CC4(C3(C(CC2(C1(C(=O)CO)O)C)O)F)C,CC1=C(C(=CC=C1)Cl)NC(=O)C2=CN=C(S2)NC3=NC(=NC(=C3)N4CCN(CC4)CCO)C,3.98,1,-23.86201,-0.3835,9.98644,0.8232427835464478,3.256993055343628,0.9629235863685608
dexamethasone,dasatinib,HCT116,CC1CC2C3CCC4=CC(=O)C=CC4(C3(C(CC2(C1(C(=O)CO)O)C)O)F)C,CC1=C(C(=CC=C1)Cl)NC(=O)C2=CN=C(S2)NC3=NC(=NC(=C3)N4CCN(CC4)CCO)C,1.18,1,-16.44221,-0.3725,11.435656,-0.6013091802597046,-0.5649207234382629,0.36240965127944946
dexamethasone,dasatinib,HT29,CC1CC2C3CCC4=CC(=O)C=CC4(C3(C(CC2(C1(C(=O)CO)O)C)O)F)C,CC1=C(C(=CC=C1)Cl)NC(=O)C2=CN=C(S2)NC3=NC(=NC(=C3)N4CCN(CC4)CCO)C,3.91,1,-12.430285,-0.498,18.860483,0.17905458807945251,-0.22511067986488342,0.44395875930786133
dexamethasone,dasatinib,LOVO,CC1CC2C3CCC4=CC(=O)C=CC4(C3(C(CC2(C1(C(=O)CO)O)C)O)F)C,CC1=C(C(=CC=C1)Cl)NC(=O)C2=CN=C(S2)NC3=NC(=NC(=C3)N4CCN(CC4)CCO)C,6.64,1,3.2133853,-0.2235,20.944035,-0.09974946081638336,0.005895797163248062,0.5014739632606506
dexamethasone,dasatinib,MDAMB436,CC1CC2C3CCC4=CC(=O)C=CC4(C3(C(CC2(C1(C(=O)CO)O)C)O)F)C,CC1=C(C(=CC=C1)Cl)NC(=O)C2=CN=C(S2)NC3=NC(=NC(=C3)N4CCN(CC4)CCO)C,-3.77,0,-8.543445,-0.269,17.058952,0.0408748984336853,-1.5331084728240967,0.17753931879997253
dexamethasone,dasatinib,NCIH1650,CC1CC2C3CCC4=CC(=O)C=CC4(C3(C(CC2(C1(C(=O)CO)O)C)O)F)C,CC1=C(C(=CC=C1)Cl)NC(=O)C2=CN=C(S2)NC3=NC(=NC(=C3)N4CCN(CC4)CCO)C,-3.0,0,-9.1822815,-0.286,20.598345,-0.5454687476158142,-2.402813196182251,0.08295842260122299
dexamethasone,dasatinib,NCIH2122,CC1CC2C3CCC4=CC(=O)C=CC4(C3(C(CC2(C1(C(=O)CO)O)C)O)F)C,CC1=C(C(=CC=C1)Cl)NC(=O)C2=CN=C(S2)NC3=NC(=NC(=C3)N4CCN(CC4)CCO)C,40.005,1,23.047407,-0.213,6.08458,-0.37892016768455505,3.29797625541687,0.9643593430519104
dexamethasone,dasatinib,NCIH23,CC1CC2C3CCC4=CC(=O)C=CC4(C3(C(CC2(C1(C(=O)CO)O)C)O)F)C,CC1=C(C(=CC=C1)Cl)NC(=O)C2=CN=C(S2)NC3=NC(=NC(=C3)N4CCN(CC4)CCO)C,-3.165,0,-5.518401,-0.4445,3.7139611,-1.5973210334777832,-0.05818062648177147,0.48545894026756287
dexamethasone,dasatinib,NCIH520,CC1CC2C3CCC4=CC(=O)C=CC4(C3(C(CC2(C1(C(=O)CO)O)C)O)F)C,CC1=C(C(=CC=C1)Cl)NC(=O)C2=CN=C(S2)NC3=NC(=NC(=C3)N4CCN(CC4)CCO)C,4.355,1,2.6485953,-0.293,16.397816,-1.1600826978683472,-1.3219385147094727,0.2104959785938263
dexamethasone,dasatinib,OV90,CC1CC2C3CCC4=CC(=O)C=CC4(C3(C(CC2(C1(C(=O)CO)O)C)O)F)C,CC1=C(C(=CC=C1)Cl)NC(=O)C2=CN=C(S2)NC3=NC(=NC(=C3)N4CCN(CC4)CCO)C,-8.2,0,-6.6974707,-0.292,13.86632,-0.03325796127319336,-1.2322347164154053,0.22579054534435272
dexamethasone,dasatinib,RKO,CC1CC2C3CCC4=CC(=O)C=CC4(C3(C(CC2(C1(C(=O)CO)O)C)O)F)C,CC1=C(C(=CC=C1)Cl)NC(=O)C2=CN=C(S2)NC3=NC(=NC(=C3)N4CCN(CC4)CCO)C,-2.285,0,-11.588665,-0.461,15.471188,0.32851481437683105,0.06617480516433716,0.5165376663208008
dexamethasone,dasatinib,SKMES1,CC1CC2C3CCC4=CC(=O)C=CC4(C3(C(CC2(C1(C(=O)CO)O)C)O)F)C,CC1=C(C(=CC=C1)Cl)NC(=O)C2=CN=C(S2)NC3=NC(=NC(=C3)N4CCN(CC4)CCO)C,14.97,1,-9.6581,-0.415,14.893256,-0.6232340931892395,0.09049537777900696,0.5226083993911743
dexamethasone,dasatinib,SKOV3,CC1CC2C3CCC4=CC(=O)C=CC4(C3(C(CC2(C1(C(=O)CO)O)C)O)F)C,CC1=C(C(=CC=C1)Cl)NC(=O)C2=CN=C(S2)NC3=NC(=NC(=C3)N4CCN(CC4)CCO)C,7.46,1,-6.169388,-0.4395,18.800629,0.26201170682907104,-0.6050230860710144,0.35319533944129944
dexamethasone,dasatinib,SW620,CC1CC2C3CCC4=CC(=O)C=CC4(C3(C(CC2(C1(C(=O)CO)O)C)O)F)C,CC1=C(C(=CC=C1)Cl)NC(=O)C2=CN=C(S2)NC3=NC(=NC(=C3)N4CCN(CC4)CCO)C,-2.0,0,2.4427898,-0.223,14.871724,-0.07024392485618591,-0.3148723244667053,0.42192593216896057
dexamethasone,dasatinib,SW837,CC1CC2C3CCC4=CC(=O)C=CC4(C3(C(CC2(C1(C(=O)CO)O)C)O)F)C,CC1=C(C(=CC=C1)Cl)NC(=O)C2=CN=C(S2)NC3=NC(=NC(=C3)N4CCN(CC4)CCO)C,2.14,1,-12.6286745,-0.1463,16.690804,-0.41503605246543884,3.882957696914673,0.9798255562782288
dexamethasone,dasatinib,T47D,CC1CC2C3CCC4=CC(=O)C=CC4(C3(C(CC2(C1(C(=O)CO)O)C)O)F)C,CC1=C(C(=CC=C1)Cl)NC(=O)C2=CN=C(S2)NC3=NC(=NC(=C3)N4CCN(CC4)CCO)C,-7.55,0,-16.394926,-0.0766,12.035326,0.46109843254089355,-0.35560667514801025,0.4120234549045563
dexamethasone,dinaciclib,A2058,CC1CC2C3CCC4=CC(=O)C=CC4(C3(C(CC2(C1(C(=O)CO)O)C)O)F)C,CCC1=C2N=C(C=C(N2N=C1)NCC3=C[N+](=CC=C3)[O-])N4CCCCC4CCO,7.545,1,-64.581825,-0.07915,-3.2133408,0.7688724994659424,5.061029434204102,0.9937008619308472
dexamethasone,dinaciclib,A2780,CC1CC2C3CCC4=CC(=O)C=CC4(C3(C(CC2(C1(C(=O)CO)O)C)O)F)C,CCC1=C2N=C(C=C(N2N=C1)NCC3=C[N+](=CC=C3)[O-])N4CCCCC4CCO,0.955,1,-50.125233,-0.119,-1.9888762,-0.26672136783599854,-0.11889243125915527,0.47031185030937195
dexamethasone,dinaciclib,A375,CC1CC2C3CCC4=CC(=O)C=CC4(C3(C(CC2(C1(C(=O)CO)O)C)O)F)C,CCC1=C2N=C(C=C(N2N=C1)NCC3=C[N+](=CC=C3)[O-])N4CCCCC4CCO,5.13,1,-61.848217,-0.3455,-1.993254,0.27991676330566406,3.3141443729400635,0.9649108648300171
dexamethasone,dinaciclib,A427,CC1CC2C3CCC4=CC(=O)C=CC4(C3(C(CC2(C1(C(=O)CO)O)C)O)F)C,CCC1=C2N=C(C=C(N2N=C1)NCC3=C[N+](=CC=C3)[O-])N4CCCCC4CCO,0.59,1,-57.80866,-0.4565,-6.1335945,0.41911551356315613,-2.831146478652954,0.05566410347819328
dexamethasone,dinaciclib,ES2,CC1CC2C3CCC4=CC(=O)C=CC4(C3(C(CC2(C1(C(=O)CO)O)C)O)F)C,CCC1=C2N=C(C=C(N2N=C1)NCC3=C[N+](=CC=C3)[O-])N4CCCCC4CCO,8.06,1,-65.05814,-0.326,-5.88857,0.5632944703102112,4.641137599945068,0.9904453754425049
dexamethasone,dinaciclib,HCT116,CC1CC2C3CCC4=CC(=O)C=CC4(C3(C(CC2(C1(C(=O)CO)O)C)O)F)C,CCC1=C2N=C(C=C(N2N=C1)NCC3=C[N+](=CC=C3)[O-])N4CCCCC4CCO,0.145,1,-48.468834,-0.376,-6.182641,-0.03895275294780731,-0.518295168876648,0.37325096130371094
dexamethasone,dinaciclib,HT144,CC1CC2C3CCC4=CC(=O)C=CC4(C3(C(CC2(C1(C(=O)CO)O)C)O)F)C,CCC1=C2N=C(C=C(N2N=C1)NCC3=C[N+](=CC=C3)[O-])N4CCCCC4CCO,2.645,1,-73.89415,-0.3955,-10.579422,0.18837684392929077,2.380323648452759,0.9153145551681519
dexamethasone,dinaciclib,HT29,CC1CC2C3CCC4=CC(=O)C=CC4(C3(C(CC2(C1(C(=O)CO)O)C)O)F)C,CCC1=C2N=C(C=C(N2N=C1)NCC3=C[N+](=CC=C3)[O-])N4CCCCC4CCO,1.995,1,-55.370186,-0.2005,-2.796509,0.276875764131546,1.0358099937438965,0.7380407452583313
dexamethasone,dinaciclib,LOVO,CC1CC2C3CCC4=CC(=O)C=CC4(C3(C(CC2(C1(C(=O)CO)O)C)O)F)C,CCC1=C2N=C(C=C(N2N=C1)NCC3=C[N+](=CC=C3)[O-])N4CCCCC4CCO,-3.93,0,-7.448644,-0.1463,-1.3654286,1.147053599357605,-3.227684259414673,0.038137104362249374
dexamethasone,dinaciclib,MDAMB436,CC1CC2C3CCC4=CC(=O)C=CC4(C3(C(CC2(C1(C(=O)CO)O)C)O)F)C,CCC1=C2N=C(C=C(N2N=C1)NCC3=C[N+](=CC=C3)[O-])N4CCCCC4CCO,4.155,1,-23.833479,-0.07815,-0.06064447,0.6484206914901733,1.1716539859771729,0.7634438276290894
dexamethasone,dinaciclib,NCIH23,CC1CC2C3CCC4=CC(=O)C=CC4(C3(C(CC2(C1(C(=O)CO)O)C)O)F)C,CCC1=C2N=C(C=C(N2N=C1)NCC3=C[N+](=CC=C3)[O-])N4CCCCC4CCO,1.01,1,-54.32025,-0.1845,-13.441799,-1.1457157135009766,-1.2897264957427979,0.21589910984039307
dexamethasone,dinaciclib,NCIH520,CC1CC2C3CCC4=CC(=O)C=CC4(C3(C(CC2(C1(C(=O)CO)O)C)O)F)C,CCC1=C2N=C(C=C(N2N=C1)NCC3=C[N+](=CC=C3)[O-])N4CCCCC4CCO,2.36,1,-30.46543,-0.07915,-5.7388067,-0.5324292778968811,0.3626200556755066,0.5896745324134827
dexamethasone,dinaciclib,OV90,CC1CC2C3CCC4=CC(=O)C=CC4(C3(C(CC2(C1(C(=O)CO)O)C)O)F)C,CCC1=C2N=C(C=C(N2N=C1)NCC3=C[N+](=CC=C3)[O-])N4CCCCC4CCO,-1.31,0,-7.2763743,-0.18715,-5.1080275,0.12321066111326218,-3.7004458904266357,0.024116525426506996
dexamethasone,dinaciclib,RKO,CC1CC2C3CCC4=CC(=O)C=CC4(C3(C(CC2(C1(C(=O)CO)O)C)O)F)C,CCC1=C2N=C(C=C(N2N=C1)NCC3=C[N+](=CC=C3)[O-])N4CCCCC4CCO,1.275,1,-62.657005,-0.287,-1.9984908,0.9530153274536133,2.8858344554901123,0.9471417665481567
dexamethasone,dinaciclib,SKMES1,CC1CC2C3CCC4=CC(=O)C=CC4(C3(C(CC2(C1(C(=O)CO)O)C)O)F)C,CCC1=C2N=C(C=C(N2N=C1)NCC3=C[N+](=CC=C3)[O-])N4CCCCC4CCO,-2.945,0,-23.370419,-0.138,-4.0923133,-0.34940189123153687,-0.8115819096565247,0.3075534999370575
dexamethasone,dinaciclib,SKOV3,CC1CC2C3CCC4=CC(=O)C=CC4(C3(C(CC2(C1(C(=O)CO)O)C)O)F)C,CCC1=C2N=C(C=C(N2N=C1)NCC3=C[N+](=CC=C3)[O-])N4CCCCC4CCO,-0.63,0,-16.8312,-0.1258,0.10695151,0.5030547380447388,0.732616662979126,0.67537921667099
dexamethasone,dinaciclib,SW620,CC1CC2C3CCC4=CC(=O)C=CC4(C3(C(CC2(C1(C(=O)CO)O)C)O)F)C,CCC1=C2N=C(C=C(N2N=C1)NCC3=C[N+](=CC=C3)[O-])N4CCCCC4CCO,3.745,1,-38.035442,-0.182,-3.792982,0.5528468489646912,0.5507763624191284,0.6343156695365906
dexamethasone,dinaciclib,SW837,CC1CC2C3CCC4=CC(=O)C=CC4(C3(C(CC2(C1(C(=O)CO)O)C)O)F)C,CCC1=C2N=C(C=C(N2N=C1)NCC3=C[N+](=CC=C3)[O-])N4CCCCC4CCO,4.325,1,-74.373344,-0.143,-8.620909,0.013185590505599976,2.4779860973358154,0.9225841164588928
dexamethasone,erlotinib,A2058,CC1CC2C3CCC4=CC(=O)C=CC4(C3(C(CC2(C1(C(=O)CO)O)C)O)F)C,COCCOC1=C(C=C2C(=C1)C(=NC=N2)NC3=CC=CC(=C3)C#C)OCCOC,-0.745,0,-31.381245,-0.18715,5.031499,-0.24069011211395264,2.7202489376068115,0.9382109642028809
dexamethasone,erlotinib,A2780,CC1CC2C3CCC4=CC(=O)C=CC4(C3(C(CC2(C1(C(=O)CO)O)C)O)F)C,COCCOC1=C(C=C2C(=C1)C(=NC=N2)NC3=CC=CC(=C3)C#C)OCCOC,3.365,1,-27.730614,-0.4335,7.071578,-1.2973932027816772,-0.7770320773124695,0.31495988368988037
dexamethasone,erlotinib,A375,CC1CC2C3CCC4=CC(=O)C=CC4(C3(C(CC2(C1(C(=O)CO)O)C)O)F)C,COCCOC1=C(C=C2C(=C1)C(=NC=N2)NC3=CC=CC(=C3)C#C)OCCOC,-1.745,0,-25.41925,-0.3625,7.5209303,-1.6631278991699219,0.07782641053199768,0.5194467306137085
dexamethasone,erlotinib,ES2,CC1CC2C3CCC4=CC(=O)C=CC4(C3(C(CC2(C1(C(=O)CO)O)C)O)F)C,COCCOC1=C(C=C2C(=C1)C(=NC=N2)NC3=CC=CC(=C3)C#C)OCCOC,9.145,1,-28.671137,-0.29,0.58478564,0.6008467078208923,4.612666130065918,0.9901722073554993
dexamethasone,erlotinib,HCT116,CC1CC2C3CCC4=CC(=O)C=CC4(C3(C(CC2(C1(C(=O)CO)O)C)O)F)C,COCCOC1=C(C=C2C(=C1)C(=NC=N2)NC3=CC=CC(=C3)C#C)OCCOC,-5.295,0,-33.80565,-0.175,5.443371,-0.6657638549804688,-0.6745333671569824,0.3374824821949005
dexamethasone,erlotinib,HT144,CC1CC2C3CCC4=CC(=O)C=CC4(C3(C(CC2(C1(C(=O)CO)O)C)O)F)C,COCCOC1=C(C=C2C(=C1)C(=NC=N2)NC3=CC=CC(=C3)C#C)OCCOC,-1.855,0,-38.574795,-0.2595,-1.5160587,-0.6902986168861389,1.0017836093902588,0.7314091324806213
dexamethasone,erlotinib,HT29,CC1CC2C3CCC4=CC(=O)C=CC4(C3(C(CC2(C1(C(=O)CO)O)C)O)F)C,COCCOC1=C(C=C2C(=C1)C(=NC=N2)NC3=CC=CC(=C3)C#C)OCCOC,3.04,1,-18.8693,-0.0999151895046234,10.367611,-0.2250099778175354,0.09940704703330994,0.5248313546180725
dexamethasone,erlotinib,LOVO,CC1CC2C3CCC4=CC(=O)C=CC4(C3(C(CC2(C1(C(=O)CO)O)C)O)F)C,COCCOC1=C(C=C2C(=C1)C(=NC=N2)NC3=CC=CC(=C3)C#C)OCCOC,-2.885,0,-4.1452384,-0.162,12.673476,-0.590406596660614,-2.0467021465301514,0.11438603699207306
dexamethasone,erlotinib,MDAMB436,CC1CC2C3CCC4=CC(=O)C=CC4(C3(C(CC2(C1(C(=O)CO)O)C)O)F)C,COCCOC1=C(C=C2C(=C1)C(=NC=N2)NC3=CC=CC(=C3)C#C)OCCOC,-3.705,0,-19.118084,-0.2625,5.831282,-0.18431302905082703,-3.691540241241455,0.024327008053660393
dexamethasone,erlotinib,NCIH1650,CC1CC2C3CCC4=CC(=O)C=CC4(C3(C(CC2(C1(C(=O)CO)O)C)O)F)C,COCCOC1=C(C=C2C(=C1)C(=NC=N2)NC3=CC=CC(=C3)C#C)OCCOC,8.875,1,2.12142,-0.1795,7.834996,-1.1052422523498535,-1.9027491807937622,0.12979763746261597
dexamethasone,erlotinib,NCIH2122,CC1CC2C3CCC4=CC(=O)C=CC4(C3(C(CC2(C1(C(=O)CO)O)C)O)F)C,COCCOC1=C(C=C2C(=C1)C(=NC=N2)NC3=CC=CC(=C3)C#C)OCCOC,7.65,1,10.061492,-0.19265,4.1783123,-0.9052523970603943,-1.4443981647491455,0.1908651888370514
dexamethasone,erlotinib,NCIH23,CC1CC2C3CCC4=CC(=O)C=CC4(C3(C(CC2(C1(C(=O)CO)O)C)O)F)C,COCCOC1=C(C=C2C(=C1)C(=NC=N2)NC3=CC=CC(=C3)C#C)OCCOC,-1.5,0,-25.228033,-0.0605848415978253,-7.1512613,-1.8550140857696533,-1.5812039375305176,0.17062503099441528
dexamethasone,erlotinib,OV90,CC1CC2C3CCC4=CC(=O)C=CC4(C3(C(CC2(C1(C(=O)CO)O)C)O)F)C,COCCOC1=C(C=C2C(=C1)C(=NC=N2)NC3=CC=CC(=C3)C#C)OCCOC,-3.93,0,-2.8466709,-0.4565,3.1656387,-0.2141662836074829,-5.4661865234375,0.004209526814520359
dexamethasone,erlotinib,RKO,CC1CC2C3CCC4=CC(=O)C=CC4(C3(C(CC2(C1(C(=O)CO)O)C)O)F)C,COCCOC1=C(C=C2C(=C1)C(=NC=N2)NC3=CC=CC(=C3)C#C)OCCOC,-4.4,0,-8.290359,-0.5025,5.293938,-0.17800548672676086,-1.787772536277771,0.14334602653980255
dexamethasone,erlotinib,SKMES1,CC1CC2C3CCC4=CC(=O)C=CC4(C3(C(CC2(C1(C(=O)CO)O)C)O)F)C,COCCOC1=C(C=C2C(=C1)C(=NC=N2)NC3=CC=CC(=C3)C#C)OCCOC,3.16,1,-9.102838,-0.1418,6.5941677,-1.3303219079971313,-3.1930112838745117,0.039429567754268646
dexamethasone,erlotinib,SKOV3,CC1CC2C3CCC4=CC(=O)C=CC4(C3(C(CC2(C1(C(=O)CO)O)C)O)F)C,COCCOC1=C(C=C2C(=C1)C(=NC=N2)NC3=CC=CC(=C3)C#C)OCCOC,6.815,1,-2.4168332,-0.1679,12.518845,-0.16268470883369446,-1.0631217956542969,0.256713330745697
dexamethasone,erlotinib,SW620,CC1CC2C3CCC4=CC(=O)C=CC4(C3(C(CC2(C1(C(=O)CO)O)C)O)F)C,COCCOC1=C(C=C2C(=C1)C(=NC=N2)NC3=CC=CC(=C3)C#C)OCCOC,3.46,1,-12.171045,-0.143,4.986437,0.09361284971237183,-0.003910239785909653,0.4990224242210388
dexamethasone,erlotinib,SW837,CC1CC2C3CCC4=CC(=O)C=CC4(C3(C(CC2(C1(C(=O)CO)O)C)O)F)C,COCCOC1=C(C=C2C(=C1)C(=NC=N2)NC3=CC=CC(=C3)C#C)OCCOC,5.98,1,-13.936686,-0.1835,7.5749807,0.34410640597343445,2.518969774246216,0.9254609942436218
dexamethasone,erlotinib,T47D,CC1CC2C3CCC4=CC(=O)C=CC4(C3(C(CC2(C1(C(=O)CO)O)C)O)F)C,COCCOC1=C(C=C2C(=C1)C(=NC=N2)NC3=CC=CC(=C3)C#C)OCCOC,-5.515,0,-31.529963,-0.271,0.18103246,0.2764066755771637,-0.5842182040214539,0.35796257853507996
dexamethasone,geldanamycin,A2058,CC1CC2C3CCC4=CC(=O)C=CC4(C3(C(CC2(C1(C(=O)CO)O)C)O)F)C,CC1CC(C(C(C=C(C(C(C=CC=C(C(=O)NC2=CC(=O)C(=C(C1)C2=O)OC)C)OC)OC(=O)N)C)C)O)OC,11.385,1,-33.668316,-0.4335,-3.8183904,-0.5183049440383911,3.998260259628296,0.9819830656051636
dexamethasone,geldanamycin,A2780,CC1CC2C3CCC4=CC(=O)C=CC4(C3(C(CC2(C1(C(=O)CO)O)C)O)F)C,CC1CC(C(C(C=C(C(C(C=CC=C(C(=O)NC2=CC(=O)C(=C(C1)C2=O)OC)C)OC)OC(=O)N)C)C)O)OC,3.075,1,-28.310028,-0.3625,-3.7368119,-0.14202842116355896,2.1518051624298096,0.8958373069763184
dexamethasone,geldanamycin,A375,CC1CC2C3CCC4=CC(=O)C=CC4(C3(C(CC2(C1(C(=O)CO)O)C)O)F)C,CC1CC(C(C(C=C(C(C(C=CC=C(C(=O)NC2=CC(=O)C(=C(C1)C2=O)OC)C)OC)OC(=O)N)C)C)O)OC,4.155,1,-34.750553,-0.3,-1.7305295,-0.4493316113948822,3.6153595447540283,0.9737977981567383
dexamethasone,geldanamycin,A427,CC1CC2C3CCC4=CC(=O)C=CC4(C3(C(CC2(C1(C(=O)CO)O)C)O)F)C,CC1CC(C(C(C=C(C(C(C=CC=C(C(=O)NC2=CC(=O)C(=C(C1)C2=O)OC)C)OC)OC(=O)N)C)C)O)OC,3.705,1,-23.110262,-0.23945,-6.574362,-0.3095617890357971,0.4289570748806,0.6056246161460876
dexamethasone,geldanamycin,ES2,CC1CC2C3CCC4=CC(=O)C=CC4(C3(C(CC2(C1(C(=O)CO)O)C)O)F)C,CC1CC(C(C(C=C(C(C(C=CC=C(C(=O)NC2=CC(=O)C(=C(C1)C2=O)OC)C)OC)OC(=O)N)C)C)O)OC,10.96,1,-50.341022,-0.175,-5.477977,0.2545400857925415,3.943824291229248,0.9809942245483398
dexamethasone,geldanamycin,HT144,CC1CC2C3CCC4=CC(=O)C=CC4(C3(C(CC2(C1(C(=O)CO)O)C)O)F)C,CC1CC(C(C(C=C(C(C(C=CC=C(C(=O)NC2=CC(=O)C(=C(C1)C2=O)OC)C)OC)OC(=O)N)C)C)O)OC,6.035,1,-35.53913,-0.271,-9.5114,-0.004855513572692871,4.59113073348999,0.9899604320526123
dexamethasone,geldanamycin,HT29,CC1CC2C3CCC4=CC(=O)C=CC4(C3(C(CC2(C1(C(=O)CO)O)C)O)F)C,CC1CC(C(C(C=C(C(C(C=CC=C(C(=O)NC2=CC(=O)C(=C(C1)C2=O)OC)C)OC)OC(=O)N)C)C)O)OC,0.985,1,-19.139023,-0.186,-6.040669,0.20752650499343872,0.2969534993171692,0.5736976265907288
dexamethasone,geldanamycin,LOVO,CC1CC2C3CCC4=CC(=O)C=CC4(C3(C(CC2(C1(C(=O)CO)O)C)O)F)C,CC1CC(C(C(C=C(C(C(C=CC=C(C(=O)NC2=CC(=O)C(=C(C1)C2=O)OC)C)OC)OC(=O)N)C)C)O)OC,-8.005,0,-8.468508,-0.328,-3.1881547,-0.2209329903125763,3.1080949306488037,0.9572254419326782
dexamethasone,geldanamycin,MDAMB436,CC1CC2C3CCC4=CC(=O)C=CC4(C3(C(CC2(C1(C(=O)CO)O)C)O)F)C,CC1CC(C(C(C=C(C(C(C=CC=C(C(=O)NC2=CC(=O)C(=C(C1)C2=O)OC)C)OC)OC(=O)N)C)C)O)OC,4.955,1,-13.722539,-0.282,-2.0507607,0.1476498246192932,3.2025458812713623,0.9609299302101135
dexamethasone,geldanamycin,NCIH1650,CC1CC2C3CCC4=CC(=O)C=CC4(C3(C(CC2(C1(C(=O)CO)O)C)O)F)C,CC1CC(C(C(C=C(C(C(C=CC=C(C(=O)NC2=CC(=O)C(=C(C1)C2=O)OC)C)OC)OC(=O)N)C)C)O)OC,1.455,1,-30.360382,-0.338,-6.099102,-0.5450617671012878,1.2028758525848389,0.7690359950065613
dexamethasone,geldanamycin,NCIH2122,CC1CC2C3CCC4=CC(=O)C=CC4(C3(C(CC2(C1(C(=O)CO)O)C)O)F)C,CC1CC(C(C(C=C(C(C(C=CC=C(C(=O)NC2=CC(=O)C(=C(C1)C2=O)OC)C)OC)OC(=O)N)C)C)O)OC,-3.395,0,-3.697202,-0.2735,-15.056307,-0.7338066101074219,1.6293063163757324,0.8360745906829834
dexamethasone,geldanamycin,NCIH23,CC1CC2C3CCC4=CC(=O)C=CC4(C3(C(CC2(C1(C(=O)CO)O)C)O)F)C,CC1CC(C(C(C=C(C(C(C=CC=C(C(=O)NC2=CC(=O)C(=C(C1)C2=O)OC)C)OC)OC(=O)N)C)C)O)OC,0.6,1,-29.174896,-0.3485,-18.657883,-1.6480598449707031,0.004305634647607803,0.5010764002799988
dexamethasone,geldanamycin,RKO,CC1CC2C3CCC4=CC(=O)C=CC4(C3(C(CC2(C1(C(=O)CO)O)C)O)F)C,CC1CC(C(C(C=C(C(C(C=CC=C(C(=O)NC2=CC(=O)C(=C(C1)C2=O)OC)C)OC)OC(=O)N)C)C)O)OC,4.405,1,-50.27581,-0.215,-3.132287,0.4597274959087372,2.5332353115081787,0.926439106464386
dexamethasone,geldanamycin,SKMES1,CC1CC2C3CCC4=CC(=O)C=CC4(C3(C(CC2(C1(C(=O)CO)O)C)O)F)C,CC1CC(C(C(C=C(C(C(C=CC=C(C(=O)NC2=CC(=O)C(=C(C1)C2=O)OC)C)OC)OC(=O)N)C)C)O)OC,2.6,1,-11.740404,-0.1703,-3.930064,-0.9100704789161682,1.3429343700408936,0.7929720878601074
dexamethasone,geldanamycin,SW620,CC1CC2C3CCC4=CC(=O)C=CC4(C3(C(CC2(C1(C(=O)CO)O)C)O)F)C,CC1CC(C(C(C=C(C(C(C=CC=C(C(=O)NC2=CC(=O)C(=C(C1)C2=O)OC)C)OC)OC(=O)N)C)C)O)OC,5.015,1,-28.98157,-0.1905,-5.6025076,0.2048693597316742,0.9008678793907166,0.7111278176307678
dexamethasone,geldanamycin,SW837,CC1CC2C3CCC4=CC(=O)C=CC4(C3(C(CC2(C1(C(=O)CO)O)C)O)F)C,CC1CC(C(C(C=C(C(C(C=CC=C(C(=O)NC2=CC(=O)C(=C(C1)C2=O)OC)C)OC)OC(=O)N)C)C)O)OC,8.695,1,-16.58718,-0.2985,-8.836885,-0.15412229299545288,4.247797012329102,0.9859057664871216
dexamethasone,lapatinib,A2058,CC1CC2C3CCC4=CC(=O)C=CC4(C3(C(CC2(C1(C(=O)CO)O)C)O)F)C,CS(=O)(=O)CCNCC1=CC=C(O1)C2=CC3=C(C=C2)N=CN=C3NC4=CC(=C(C=C4)OCC5=CC(=CC=C5)F)Cl,2.32,1,-16.11215,-0.5115,3.8223982,0.24989816546440125,3.9852592945098877,0.9817516207695007
dexamethasone,lapatinib,A2780,CC1CC2C3CCC4=CC(=O)C=CC4(C3(C(CC2(C1(C(=O)CO)O)C)O)F)C,CS(=O)(=O)CCNCC1=CC=C(O1)C2=CC3=C(C=C2)N=CN=C3NC4=CC(=C(C=C4)OCC5=CC(=CC=C5)F)Cl,4.405,1,-9.15511,-0.3535,5.98652,-0.14832773804664612,4.599149227142334,0.9900397658348083
dexamethasone,lapatinib,A375,CC1CC2C3CCC4=CC(=O)C=CC4(C3(C(CC2(C1(C(=O)CO)O)C)O)F)C,CS(=O)(=O)CCNCC1=CC=C(O1)C2=CC3=C(C=C2)N=CN=C3NC4=CC(=C(C=C4)OCC5=CC(=CC=C5)F)Cl,0.11,1,-2.4073663,-0.314,7.523424,-0.2298002541065216,0.03341043367981911,0.5083518028259277
dexamethasone,lapatinib,A427,CC1CC2C3CCC4=CC(=O)C=CC4(C3(C(CC2(C1(C(=O)CO)O)C)O)F)C,CS(=O)(=O)CCNCC1=CC=C(O1)C2=CC3=C(C=C2)N=CN=C3NC4=CC(=C(C=C4)OCC5=CC(=CC=C5)F)Cl,-3.01,0,-21.398207,-0.373,0.32548413,-1.5486921072006226,-1.8937824964523315,0.13081379234790802
dexamethasone,lapatinib,ES2,CC1CC2C3CCC4=CC(=O)C=CC4(C3(C(CC2(C1(C(=O)CO)O)C)O)F)C,CS(=O)(=O)CCNCC1=CC=C(O1)C2=CC3=C(C=C2)N=CN=C3NC4=CC(=C(C=C4)OCC5=CC(=CC=C5)F)Cl,3.95,1,-19.36265,-0.174,-0.07712444,-0.7778745293617249,-2.2067530155181885,0.09914571046829224
dexamethasone,lapatinib,HCT116,CC1CC2C3CCC4=CC(=O)C=CC4(C3(C(CC2(C1(C(=O)CO)O)C)O)F)C,CS(=O)(=O)CCNCC1=CC=C(O1)C2=CC3=C(C=C2)N=CN=C3NC4=CC(=C(C=C4)OCC5=CC(=CC=C5)F)Cl,-4.47,0,-4.6854396,-0.3105,2.8543723,-0.6327143907546997,0.1316421926021576,0.5328630805015564
dexamethasone,lapatinib,HT144,CC1CC2C3CCC4=CC(=O)C=CC4(C3(C(CC2(C1(C(=O)CO)O)C)O)F)C,CS(=O)(=O)CCNCC1=CC=C(O1)C2=CC3=C(C=C2)N=CN=C3NC4=CC(=C(C=C4)OCC5=CC(=CC=C5)F)Cl,1.21,1,-21.204723,-0.127415189504623,-0.40975916,-0.061999619007110596,1.5244290828704834,0.8211897611618042
dexamethasone,lapatinib,HT29,CC1CC2C3CCC4=CC(=O)C=CC4(C3(C(CC2(C1(C(=O)CO)O)C)O)F)C,CS(=O)(=O)CCNCC1=CC=C(O1)C2=CC3=C(C=C2)N=CN=C3NC4=CC(=C(C=C4)OCC5=CC(=CC=C5)F)Cl,5.69,1,-25.484335,-0.0926,8.854313,-0.07915437966585159,0.5892906785011292,0.6432023644447327
dexamethasone,lapatinib,MDAMB436,CC1CC2C3CCC4=CC(=O)C=CC4(C3(C(CC2(C1(C(=O)CO)O)C)O)F)C,CS(=O)(=O)CCNCC1=CC=C(O1)C2=CC3=C(C=C2)N=CN=C3NC4=CC(=C(C=C4)OCC5=CC(=CC=C5)F)Cl,-1.32,0,-11.193061,-0.211,4.9118547,0.3318200409412384,-2.124095916748047,0.10677678138017654
dexamethasone,lapatinib,NCIH1650,CC1CC2C3CCC4=CC(=O)C=CC4(C3(C(CC2(C1(C(=O)CO)O)C)O)F)C,CS(=O)(=O)CCNCC1=CC=C(O1)C2=CC3=C(C=C2)N=CN=C3NC4=CC(=C(C=C4)OCC5=CC(=CC=C5)F)Cl,5.585,1,-4.038812,-0.2005,8.687979,-1.0811740159988403,-1.0449894666671753,0.26018843054771423
dexamethasone,lapatinib,NCIH2122,CC1CC2C3CCC4=CC(=O)C=CC4(C3(C(CC2(C1(C(=O)CO)O)C)O)F)C,CS(=O)(=O)CCNCC1=CC=C(O1)C2=CC3=C(C=C2)N=CN=C3NC4=CC(=C(C=C4)OCC5=CC(=CC=C5)F)Cl,4.14,1,9.427505,-0.02595,-0.46401343,-0.5646898746490479,0.5566006302833557,0.6356655955314636
dexamethasone,lapatinib,NCIH23,CC1CC2C3CCC4=CC(=O)C=CC4(C3(C(CC2(C1(C(=O)CO)O)C)O)F)C,CS(=O)(=O)CCNCC1=CC=C(O1)C2=CC3=C(C=C2)N=CN=C3NC4=CC(=C(C=C4)OCC5=CC(=CC=C5)F)Cl,-5.56,0,-15.435626,-0.1107,-10.124327,-2.084648609161377,-0.710978627204895,0.32938265800476074
dexamethasone,lapatinib,OV90,CC1CC2C3CCC4=CC(=O)C=CC4(C3(C(CC2(C1(C(=O)CO)O)C)O)F)C,CS(=O)(=O)CCNCC1=CC=C(O1)C2=CC3=C(C=C2)N=CN=C3NC4=CC(=C(C=C4)OCC5=CC(=CC=C5)F)Cl,-4.84,0,-4.828581,-0.3455,2.7135112,-0.20990923047065735,-5.09404993057251,0.006095744203776121
dexamethasone,lapatinib,RKO,CC1CC2C3CCC4=CC(=O)C=CC4(C3(C(CC2(C1(C(=O)CO)O)C)O)F)C,CS(=O)(=O)CCNCC1=CC=C(O1)C2=CC3=C(C=C2)N=CN=C3NC4=CC(=C(C=C4)OCC5=CC(=CC=C5)F)Cl,-5.99,0,-27.052395,-0.2555,3.3276353,-0.6353967189788818,2.5028231143951416,0.9243394732475281
dexamethasone,lapatinib,SKMES1,CC1CC2C3CCC4=CC(=O)C=CC4(C3(C(CC2(C1(C(=O)CO)O)C)O)F)C,CS(=O)(=O)CCNCC1=CC=C(O1)C2=CC3=C(C=C2)N=CN=C3NC4=CC(=C(C=C4)OCC5=CC(=CC=C5)F)Cl,0.46,1,-9.779875,-0.2595,6.076695,-1.350928544998169,-2.9357662200927734,0.05041356757283211
dexamethasone,lapatinib,SKOV3,CC1CC2C3CCC4=CC(=O)C=CC4(C3(C(CC2(C1(C(=O)CO)O)C)O)F)C,CS(=O)(=O)CCNCC1=CC=C(O1)C2=CC3=C(C=C2)N=CN=C3NC4=CC(=C(C=C4)OCC5=CC(=CC=C5)F)Cl,9.125,1,4.093218,-0.1463,10.80032,0.3908534646034241,-0.1724686622619629,0.4569894075393677
dexamethasone,lapatinib,SW837,CC1CC2C3CCC4=CC(=O)C=CC4(C3(C(CC2(C1(C(=O)CO)O)C)O)F)C,CS(=O)(=O)CCNCC1=CC=C(O1)C2=CC3=C(C=C2)N=CN=C3NC4=CC(=C(C=C4)OCC5=CC(=CC=C5)F)Cl,7.695,1,-11.43979,-0.0687,9.794245,-0.8693245053291321,-0.9804888963699341,0.27279478311538696
dexamethasone,lapatinib,T47D,CC1CC2C3CCC4=CC(=O)C=CC4(C3(C(CC2(C1(C(=O)CO)O)C)O)F)C,CS(=O)(=O)CCNCC1=CC=C(O1)C2=CC3=C(C=C2)N=CN=C3NC4=CC(=C(C=C4)OCC5=CC(=CC=C5)F)Cl,-8.06,0,-18.797632,-0.1825,0.85555536,0.7782167196273804,0.21039165556430817,0.5524047613143921
dexamethasone,mk2206,A2058,CC1CC2C3CCC4=CC(=O)C=CC4(C3(C(CC2(C1(C(=O)CO)O)C)O)F)C,C1CC(C1)(C2=CC=C(C=C2)C3=C(C=C4C(=N3)C=CN5C4=NNC5=O)C6=CC=CC=C6)N,7.315,1,-26.77739,-0.05745,14.29933,0.2533908188343048,6.267811298370361,0.9981071949005127
dexamethasone,mk2206,A2780,CC1CC2C3CCC4=CC(=O)C=CC4(C3(C(CC2(C1(C(=O)CO)O)C)O)F)C,C1CC(C1)(C2=CC=C(C=C2)C3=C(C=C4C(=N3)C=CN5C4=NNC5=O)C6=CC=CC=C6)N,6.38,1,-16.138784,-0.18715,15.664579,0.7853937149047852,4.950965404510498,0.9929730892181396
dexamethasone,mk2206,A375,CC1CC2C3CCC4=CC(=O)C=CC4(C3(C(CC2(C1(C(=O)CO)O)C)O)F)C,C1CC(C1)(C2=CC=C(C=C2)C3=C(C=C4C(=N3)C=CN5C4=NNC5=O)C6=CC=CC=C6)N,1.38,1,-8.162699,-0.5115,15.583876,-0.25545012950897217,3.7508327960968018,0.9770413041114807
dexamethasone,mk2206,A427,CC1CC2C3CCC4=CC(=O)C=CC4(C3(C(CC2(C1(C(=O)CO)O)C)O)F)C,C1CC(C1)(C2=CC=C(C=C2)C3=C(C=C4C(=N3)C=CN5C4=NNC5=O)C6=CC=CC=C6)N,-5.66,0,-20.726606,-0.3535,11.470306,-1.1873157024383545,1.4243907928466797,0.8060258030891418
dexamethasone,mk2206,ES2,CC1CC2C3CCC4=CC(=O)C=CC4(C3(C(CC2(C1(C(=O)CO)O)C)O)F)C,C1CC(C1)(C2=CC=C(C=C2)C3=C(C=C4C(=N3)C=CN5C4=NNC5=O)C6=CC=CC=C6)N,3.4,1,-27.160393,-0.31,7.506228,0.8657222986221313,4.948385715484619,0.9929551482200623
dexamethasone,mk2206,HCT116,CC1CC2C3CCC4=CC(=O)C=CC4(C3(C(CC2(C1(C(=O)CO)O)C)O)F)C,C1CC(C1)(C2=CC=C(C=C2)C3=C(C=C4C(=N3)C=CN5C4=NNC5=O)C6=CC=CC=C6)N,-2.215,0,-4.2401843,-0.32685,11.407653,-0.7964150309562683,0.13981907069683075,0.5348979234695435
dexamethasone,mk2206,HT144,CC1CC2C3CCC4=CC(=O)C=CC4(C3(C(CC2(C1(C(=O)CO)O)C)O)F)C,C1CC(C1)(C2=CC=C(C=C2)C3=C(C=C4C(=N3)C=CN5C4=NNC5=O)C6=CC=CC=C6)N,-1.39,0,-17.261133,-0.174,6.7611613,0.0165061354637146,4.031941890716553,0.9825693368911743
dexamethasone,mk2206,HT29,CC1CC2C3CCC4=CC(=O)C=CC4(C3(C(CC2(C1(C(=O)CO)O)C)O)F)C,C1CC(C1)(C2=CC=C(C=C2)C3=C(C=C4C(=N3)C=CN5C4=NNC5=O)C6=CC=CC=C6)N,4.915,1,-16.765676,-0.317,14.591887,-0.23113387823104858,1.8081858158111572,0.8591424822807312
dexamethasone,mk2206,MDAMB436,CC1CC2C3CCC4=CC(=O)C=CC4(C3(C(CC2(C1(C(=O)CO)O)C)O)F)C,C1CC(C1)(C2=CC=C(C=C2)C3=C(C=C4C(=N3)C=CN5C4=NNC5=O)C6=CC=CC=C6)N,-2.595,0,-15.833548,-0.16145,13.463655,-0.36606264114379883,0.6703383326530457,0.6615789532661438
dexamethasone,mk2206,NCIH2122,CC1CC2C3CCC4=CC(=O)C=CC4(C3(C(CC2(C1(C(=O)CO)O)C)O)F)C,C1CC(C1)(C2=CC=C(C=C2)C3=C(C=C4C(=N3)C=CN5C4=NNC5=O)C6=CC=CC=C6)N,22.605,1,10.483153,-0.3245,9.769992,-0.5204541087150574,1.020615577697754,0.7350925207138062
dexamethasone,mk2206,NCIH23,CC1CC2C3CCC4=CC(=O)C=CC4(C3(C(CC2(C1(C(=O)CO)O)C)O)F)C,C1CC(C1)(C2=CC=C(C=C2)C3=C(C=C4C(=N3)C=CN5C4=NNC5=O)C6=CC=CC=C6)N,-4.565,0,-13.352666,-0.2385,1.4994794,-1.2462341785430908,1.0316654443740845,0.7372386455535889
dexamethasone,mk2206,NCIH520,CC1CC2C3CCC4=CC(=O)C=CC4(C3(C(CC2(C1(C(=O)CO)O)C)O)F)C,C1CC(C1)(C2=CC=C(C=C2)C3=C(C=C4C(=N3)C=CN5C4=NNC5=O)C6=CC=CC=C6)N,2.85,1,-16.274315,-0.02595,9.198591,-2.270632266998291,3.5163631439208984,0.971149742603302
dexamethasone,mk2206,OV90,CC1CC2C3CCC4=CC(=O)C=CC4(C3(C(CC2(C1(C(=O)CO)O)C)O)F)C,C1CC(C1)(C2=CC=C(C=C2)C3=C(C=C4C(=N3)C=CN5C4=NNC5=O)C6=CC=CC=C6)N,-3.91,0,-1.6168953,-0.21,10.485397,-0.507166862487793,-1.2592018842697144,0.22111132740974426
dexamethasone,mk2206,SKMES1,CC1CC2C3CCC4=CC(=O)C=CC4(C3(C(CC2(C1(C(=O)CO)O)C)O)F)C,C1CC(C1)(C2=CC=C(C=C2)C3=C(C=C4C(=N3)C=CN5C4=NNC5=O)C6=CC=CC=C6)N,9.025,1,1.5981675,-0.2585,14.797998,-0.8260709047317505,-0.13949579000473022,0.46518248319625854
dexamethasone,mk2206,SKOV3,CC1CC2C3CCC4=CC(=O)C=CC4(C3(C(CC2(C1(C(=O)CO)O)C)O)F)C,C1CC(C1)(C2=CC=C(C=C2)C3=C(C=C4C(=N3)C=CN5C4=NNC5=O)C6=CC=CC=C6)N,8.785,1,-2.3859224,-0.2595,18.805946,0.8039964437484741,1.4190422296524048,0.8051882386207581
dexamethasone,mk2206,SW837,CC1CC2C3CCC4=CC(=O)C=CC4(C3(C(CC2(C1(C(=O)CO)O)C)O)F)C,C1CC(C1)(C2=CC=C(C=C2)C3=C(C=C4C(=N3)C=CN5C4=NNC5=O)C6=CC=CC=C6)N,1.74,1,-7.4225264,-0.2795,11.17617,-0.3119957447052002,0.28345635533332825,0.5703933835029602
dexamethasone,mk5108,A2058,CC1CC2C3CCC4=CC(=O)C=CC4(C3(C(CC2(C1(C(=O)CO)O)C)O)F)C,C1CC(CCC1OC2=C(C(=CC=C2)Cl)F)(CC3=NC(=CC=C3)NC4=NC=CS4)C(=O)O,2.835,1,-53.423286,-0.3515,-0.5869592,0.5512358546257019,4.369775295257568,0.9875040650367737
dexamethasone,mk5108,A2780,CC1CC2C3CCC4=CC(=O)C=CC4(C3(C(CC2(C1(C(=O)CO)O)C)O)F)C,C1CC(CCC1OC2=C(C(=CC=C2)Cl)F)(CC3=NC(=CC=C3)NC4=NC=CS4)C(=O)O,2.31,1,-31.479635,-0.4565,2.0713735,0.147552952170372,2.2777068614959717,0.9070138335227966
dexamethasone,mk5108,A375,CC1CC2C3CCC4=CC(=O)C=CC4(C3(C(CC2(C1(C(=O)CO)O)C)O)F)C,C1CC(CCC1OC2=C(C(=CC=C2)Cl)F)(CC3=NC(=CC=C3)NC4=NC=CS4)C(=O)O,4.585,1,-5.911398,-0.331,0.92677104,0.37451276183128357,2.2858009338378906,0.9076942801475525
dexamethasone,mk5108,ES2,CC1CC2C3CCC4=CC(=O)C=CC4(C3(C(CC2(C1(C(=O)CO)O)C)O)F)C,C1CC(CCC1OC2=C(C(=CC=C2)Cl)F)(CC3=NC(=CC=C3)NC4=NC=CS4)C(=O)O,4.715,1,-20.089521,-0.4985,-3.262127,-0.5200548768043518,-0.7525365352630615,0.320268839597702
dexamethasone,mk5108,HCT116,CC1CC2C3CCC4=CC(=O)C=CC4(C3(C(CC2(C1(C(=O)CO)O)C)O)F)C,C1CC(CCC1OC2=C(C(=CC=C2)Cl)F)(CC3=NC(=CC=C3)NC4=NC=CS4)C(=O)O,-1.15,0,-10.334897,-0.197,-0.19786657,-0.9746029376983643,-0.6992796063423157,0.3319719433784485
dexamethasone,mk5108,HT144,CC1CC2C3CCC4=CC(=O)C=CC4(C3(C(CC2(C1(C(=O)CO)O)C)O)F)C,C1CC(CCC1OC2=C(C(=CC=C2)Cl)F)(CC3=NC(=CC=C3)NC4=NC=CS4)C(=O)O,0.715,1,-5.804168,-0.1463,-8.733703,-0.39647579193115234,-1.481572151184082,0.18519006669521332
dexamethasone,mk5108,HT29,CC1CC2C3CCC4=CC(=O)C=CC4(C3(C(CC2(C1(C(=O)CO)O)C)O)F)C,C1CC(CCC1OC2=C(C(=CC=C2)Cl)F)(CC3=NC(=CC=C3)NC4=NC=CS4)C(=O)O,0.63,1,-14.72908,-0.208,2.4615169,-0.04091209918260574,0.12402623891830444,0.5309668779373169
dexamethasone,mk5108,LOVO,CC1CC2C3CCC4=CC(=O)C=CC4(C3(C(CC2(C1(C(=O)CO)O)C)O)F)C,C1CC(CCC1OC2=C(C(=CC=C2)Cl)F)(CC3=NC(=CC=C3)NC4=NC=CS4)C(=O)O,-5.95,0,-2.2687395,-0.143,3.3363335,0.18586039543151855,-5.5133280754089355,0.0040164669044315815
dexamethasone,mk5108,MDAMB436,CC1CC2C3CCC4=CC(=O)C=CC4(C3(C(CC2(C1(C(=O)CO)O)C)O)F)C,C1CC(CCC1OC2=C(C(=CC=C2)Cl)F)(CC3=NC(=CC=C3)NC4=NC=CS4)C(=O)O,-2.25,0,-17.848398,-0.2305,1.7296687,-1.0807442665100098,-4.49973726272583,0.010989798232913017
dexamethasone,mk5108,NCIH1650,CC1CC2C3CCC4=CC(=O)C=CC4(C3(C(CC2(C1(C(=O)CO)O)C)O)F)C,C1CC(CCC1OC2=C(C(=CC=C2)Cl)F)(CC3=NC(=CC=C3)NC4=NC=CS4)C(=O)O,-4.78,0,-0.5344357,-0.3365,0.96669704,-0.16752836108207703,-6.325741767883301,0.0017864410765469074
dexamethasone,mk5108,NCIH2122,CC1CC2C3CCC4=CC(=O)C=CC4(C3(C(CC2(C1(C(=O)CO)O)C)O)F)C,C1CC(CCC1OC2=C(C(=CC=C2)Cl)F)(CC3=NC(=CC=C3)NC4=NC=CS4)C(=O)O,-7.66,0,11.374036,-0.02595,-4.4913993,0.947528600692749,-0.31451499462127686,0.4220130443572998
dexamethasone,mk5108,NCIH520,CC1CC2C3CCC4=CC(=O)C=CC4(C3(C(CC2(C1(C(=O)CO)O)C)O)F)C,C1CC(CCC1OC2=C(C(=CC=C2)Cl)F)(CC3=NC(=CC=C3)NC4=NC=CS4)C(=O)O,1.86,1,-21.022335,-0.2295,-3.9103198,0.20620110630989075,-0.69135981798172,0.33373063802719116
dexamethasone,mk5108,OV90,CC1CC2C3CCC4=CC(=O)C=CC4(C3(C(CC2(C1(C(=O)CO)O)C)O)F)C,C1CC(CCC1OC2=C(C(=CC=C2)Cl)F)(CC3=NC(=CC=C3)NC4=NC=CS4)C(=O)O,-3.11,0,5.0825067,-0.3625,-1.7856907,0.4828372597694397,-6.15211296081543,0.002124455524608493
dexamethasone,mk5108,SKMES1,CC1CC2C3CCC4=CC(=O)C=CC4(C3(C(CC2(C1(C(=O)CO)O)C)O)F)C,C1CC(CCC1OC2=C(C(=CC=C2)Cl)F)(CC3=NC(=CC=C3)NC4=NC=CS4)C(=O)O,-9.17,0,-2.106402,-0.1389,-1.1510677,-0.22560948133468628,-1.281208872795105,0.2173445075750351
dexamethasone,mk5108,SKOV3,CC1CC2C3CCC4=CC(=O)C=CC4(C3(C(CC2(C1(C(=O)CO)O)C)O)F)C,C1CC(CCC1OC2=C(C(=CC=C2)Cl)F)(CC3=NC(=CC=C3)NC4=NC=CS4)C(=O)O,5.835,1,7.741186,-0.143,5.7016053,0.6942100524902344,0.4630470275878906,0.6137367486953735
dexamethasone,mk5108,SW620,CC1CC2C3CCC4=CC(=O)C=CC4(C3(C(CC2(C1(C(=O)CO)O)C)O)F)C,C1CC(CCC1OC2=C(C(=CC=C2)Cl)F)(CC3=NC(=CC=C3)NC4=NC=CS4)C(=O)O,1.045,1,-12.694152,-0.186,0.2121477,0.2703801989555359,-0.1651342213153839,0.458810031414032
dexamethasone,mk5108,SW837,CC1CC2C3CCC4=CC(=O)C=CC4(C3(C(CC2(C1(C(=O)CO)O)C)O)F)C,C1CC(CCC1OC2=C(C(=CC=C2)Cl)F)(CC3=NC(=CC=C3)NC4=NC=CS4)C(=O)O,6.815,1,-10.146959,-0.1425,-0.45959297,0.07650992274284363,-1.947384238243103,0.12483885884284973
dexamethasone,mk5108,T47D,CC1CC2C3CCC4=CC(=O)C=CC4(C3(C(CC2(C1(C(=O)CO)O)C)O)F)C,C1CC(CCC1OC2=C(C(=CC=C2)Cl)F)(CC3=NC(=CC=C3)NC4=NC=CS4)C(=O)O,-2.02,0,-14.122588,-0.14715,-7.177823,0.5892531871795654,-0.2168051153421402,0.446010023355484
dexamethasone,sorafenib,A2058,CC1CC2C3CCC4=CC(=O)C=CC4(C3(C(CC2(C1(C(=O)CO)O)C)O)F)C,CNC(=O)C1=NC=CC(=C1)OC2=CC=C(C=C2)NC(=O)NC3=CC(=C(C=C3)Cl)C(F)(F)F,17.69,1,-15.68484,-0.18715,-0.6172022,-0.9269986152648926,0.7346450686454773,0.6758238077163696
dexamethasone,sorafenib,A2780,CC1CC2C3CCC4=CC(=O)C=CC4(C3(C(CC2(C1(C(=O)CO)O)C)O)F)C,CNC(=O)C1=NC=CC(=C1)OC2=CC=C(C=C2)NC(=O)NC3=CC(=C(C=C3)Cl)C(F)(F)F,1.99,1,-8.791906,-0.5115,1.1326004,-0.5077150464057922,3.0137805938720703,0.9531928300857544
dexamethasone,sorafenib,A375,CC1CC2C3CCC4=CC(=O)C=CC4(C3(C(CC2(C1(C(=O)CO)O)C)O)F)C,CNC(=O)C1=NC=CC(=C1)OC2=CC=C(C=C2)NC(=O)NC3=CC(=C(C=C3)Cl)C(F)(F)F,13.105,1,-8.606502,-0.3535,1.1104237,-0.6824938058853149,3.3107433319091797,0.9647955894470215
dexamethasone,sorafenib,A427,CC1CC2C3CCC4=CC(=O)C=CC4(C3(C(CC2(C1(C(=O)CO)O)C)O)F)C,CNC(=O)C1=NC=CC(=C1)OC2=CC=C(C=C2)NC(=O)NC3=CC(=C(C=C3)Cl)C(F)(F)F,0.925,1,-22.072466,-0.31,-2.157495,-0.8288549780845642,0.11747974157333374,0.5293362140655518
dexamethasone,sorafenib,ES2,CC1CC2C3CCC4=CC(=O)C=CC4(C3(C(CC2(C1(C(=O)CO)O)C)O)F)C,CNC(=O)C1=NC=CC(=C1)OC2=CC=C(C=C2)NC(=O)NC3=CC(=C(C=C3)Cl)C(F)(F)F,11.15,1,-13.099992,-0.352,-4.2165895,0.2452659010887146,3.87864351272583,0.9797400832176208
dexamethasone,sorafenib,HCT116,CC1CC2C3CCC4=CC(=O)C=CC4(C3(C(CC2(C1(C(=O)CO)O)C)O)F)C,CNC(=O)C1=NC=CC(=C1)OC2=CC=C(C=C2)NC(=O)NC3=CC(=C(C=C3)Cl)C(F)(F)F,0.655,1,-8.824458,-0.174,-1.8442174,-0.7545732259750366,0.22338664531707764,0.5556156039237976
dexamethasone,sorafenib,HT144,CC1CC2C3CCC4=CC(=O)C=CC4(C3(C(CC2(C1(C(=O)CO)O)C)O)F)C,CNC(=O)C1=NC=CC(=C1)OC2=CC=C(C=C2)NC(=O)NC3=CC(=C(C=C3)Cl)C(F)(F)F,6.41,1,-7.7892656,-0.317,-6.771386,-0.09636881947517395,3.253215789794922,0.9627885222434998
dexamethasone,sorafenib,HT29,CC1CC2C3CCC4=CC(=O)C=CC4(C3(C(CC2(C1(C(=O)CO)O)C)O)F)C,CNC(=O)C1=NC=CC(=C1)OC2=CC=C(C=C2)NC(=O)NC3=CC(=C(C=C3)Cl)C(F)(F)F,1.0,1,-11.553332,-0.324,1.0783376,0.20945873856544495,0.2875468134880066,0.5713954567909241
dexamethasone,sorafenib,LOVO,CC1CC2C3CCC4=CC(=O)C=CC4(C3(C(CC2(C1(C(=O)CO)O)C)O)F)C,CNC(=O)C1=NC=CC(=C1)OC2=CC=C(C=C2)NC(=O)NC3=CC(=C(C=C3)Cl)C(F)(F)F,-4.545,0,2.3162937,-0.0926,0.40324572,-1.2435035705566406,-0.9268687963485718,0.2835603952407837
dexamethasone,sorafenib,MDAMB436,CC1CC2C3CCC4=CC(=O)C=CC4(C3(C(CC2(C1(C(=O)CO)O)C)O)F)C,CNC(=O)C1=NC=CC(=C1)OC2=CC=C(C=C2)NC(=O)NC3=CC(=C(C=C3)Cl)C(F)(F)F,0.98,1,-9.0202,-0.3175,1.0335561,0.03394460678100586,0.6172383427619934,0.6495901942253113
dexamethasone,sorafenib,NCIH1650,CC1CC2C3CCC4=CC(=O)C=CC4(C3(C(CC2(C1(C(=O)CO)O)C)O)F)C,CNC(=O)C1=NC=CC(=C1)OC2=CC=C(C=C2)NC(=O)NC3=CC(=C(C=C3)Cl)C(F)(F)F,-1.965,0,-0.82085115,-0.2655,-1.0713514,-0.33120980858802795,1.5239750146865845,0.8211230635643005
dexamethasone,sorafenib,NCIH2122,CC1CC2C3CCC4=CC(=O)C=CC4(C3(C(CC2(C1(C(=O)CO)O)C)O)F)C,CNC(=O)C1=NC=CC(=C1)OC2=CC=C(C=C2)NC(=O)NC3=CC(=C(C=C3)Cl)C(F)(F)F,-7.445,0,13.349027,-0.2695,-4.2218485,-0.5990509390830994,0.5355055928230286,0.6307663321495056
dexamethasone,sorafenib,NCIH23,CC1CC2C3CCC4=CC(=O)C=CC4(C3(C(CC2(C1(C(=O)CO)O)C)O)F)C,CNC(=O)C1=NC=CC(=C1)OC2=CC=C(C=C2)NC(=O)NC3=CC(=C(C=C3)Cl)C(F)(F)F,1.31,1,-14.961049,-0.295,-10.224829,-1.537658452987671,1.2205688953399658,0.7721636295318604
dexamethasone,sorafenib,NCIH520,CC1CC2C3CCC4=CC(=O)C=CC4(C3(C(CC2(C1(C(=O)CO)O)C)O)F)C,CNC(=O)C1=NC=CC(=C1)OC2=CC=C(C=C2)NC(=O)NC3=CC(=C(C=C3)Cl)C(F)(F)F,6.89,1,-4.47868,-0.12265,-3.1261058,-1.4379912614822388,2.6596195697784424,0.9346014857292175
dexamethasone,sorafenib,OV90,CC1CC2C3CCC4=CC(=O)C=CC4(C3(C(CC2(C1(C(=O)CO)O)C)O)F)C,CNC(=O)C1=NC=CC(=C1)OC2=CC=C(C=C2)NC(=O)NC3=CC(=C(C=C3)Cl)C(F)(F)F,1.04,1,-5.8918276,-0.4565,-3.3701794,0.017319560050964355,-0.028411325067281723,0.4928976893424988
dexamethasone,sorafenib,RKO,CC1CC2C3CCC4=CC(=O)C=CC4(C3(C(CC2(C1(C(=O)CO)O)C)O)F)C,CNC(=O)C1=NC=CC(=C1)OC2=CC=C(C=C2)NC(=O)NC3=CC(=C(C=C3)Cl)C(F)(F)F,0.865,1,-7.187688,-0.404,-0.3230202,-0.1498209834098816,2.4113898277282715,0.917691707611084
dexamethasone,sorafenib,SKMES1,CC1CC2C3CCC4=CC(=O)C=CC4(C3(C(CC2(C1(C(=O)CO)O)C)O)F)C,CNC(=O)C1=NC=CC(=C1)OC2=CC=C(C=C2)NC(=O)NC3=CC(=C(C=C3)Cl)C(F)(F)F,5.055,1,-0.77169424,-0.1892,-1.5201281,-0.5038102865219116,3.859365940093994,0.9793539047241211
dexamethasone,sorafenib,SW620,CC1CC2C3CCC4=CC(=O)C=CC4(C3(C(CC2(C1(C(=O)CO)O)C)O)F)C,CNC(=O)C1=NC=CC(=C1)OC2=CC=C(C=C2)NC(=O)NC3=CC(=C(C=C3)Cl)C(F)(F)F,5.345,1,-13.973376,-0.1765,-1.5172434,-0.1274396777153015,0.6338129639625549,0.6533535122871399
dexamethasone,sorafenib,SW837,CC1CC2C3CCC4=CC(=O)C=CC4(C3(C(CC2(C1(C(=O)CO)O)C)O)F)C,CNC(=O)C1=NC=CC(=C1)OC2=CC=C(C=C2)NC(=O)NC3=CC(=C(C=C3)Cl)C(F)(F)F,1.865,1,-6.243371,-0.2955,-3.8654237,-0.5688415169715881,1.4072291851043701,0.8033285140991211
dexamethasone,sorafenib,T47D,CC1CC2C3CCC4=CC(=O)C=CC4(C3(C(CC2(C1(C(=O)CO)O)C)O)F)C,CNC(=O)C1=NC=CC(=C1)OC2=CC=C(C=C2)NC(=O)NC3=CC(=C(C=C3)Cl)C(F)(F)F,4.895,1,-8.12994,-0.26,-6.5373797,0.5192015171051025,-0.04836101830005646,0.4879120886325836
dexamethasone,sunitinib,A2058,CC1CC2C3CCC4=CC(=O)C=CC4(C3(C(CC2(C1(C(=O)CO)O)C)O)F)C,CCN(CC)CCNC(=O)C1=C(NC(=C1C)C=C2C3=C(C=CC(=C3)F)NC2=O)C,17.36,1,-17.828566,-0.3495,3.7395766,0.14125674962997437,5.080010890960693,0.9938185811042786
dexamethasone,sunitinib,A2780,CC1CC2C3CCC4=CC(=O)C=CC4(C3(C(CC2(C1(C(=O)CO)O)C)O)F)C,CCN(CC)CCNC(=O)C1=C(NC(=C1C)C=C2C3=C(C=CC(=C3)F)NC2=O)C,5.96,1,-23.527496,-0.4565,5.0251255,-0.40989068150520325,1.8282036781311035,0.861547589302063
dexamethasone,sunitinib,A375,CC1CC2C3CCC4=CC(=O)C=CC4(C3(C(CC2(C1(C(=O)CO)O)C)O)F)C,CCN(CC)CCNC(=O)C1=C(NC(=C1C)C=C2C3=C(C=CC(=C3)F)NC2=O)C,16.045,1,-16.437618,-0.3265,5.031584,0.17113745212554932,4.67018461227417,0.9907163977622986
dexamethasone,sunitinib,A427,CC1CC2C3CCC4=CC(=O)C=CC4(C3(C(CC2(C1(C(=O)CO)O)C)O)F)C,CCN(CC)CCNC(=O)C1=C(NC(=C1C)C=C2C3=C(C=CC(=C3)F)NC2=O)C,5.17,1,-20.989817,-0.445,1.6029458,-0.6445949077606201,1.8412599563598633,0.863097608089447
dexamethasone,sunitinib,ES2,CC1CC2C3CCC4=CC(=O)C=CC4(C3(C(CC2(C1(C(=O)CO)O)C)O)F)C,CCN(CC)CCNC(=O)C1=C(NC(=C1C)C=C2C3=C(C=CC(=C3)F)NC2=O)C,12.905,1,-22.828836,-0.511,0.29095355,0.2941572368144989,5.290302753448486,0.9949849843978882
dexamethasone,sunitinib,HCT116,CC1CC2C3CCC4=CC(=O)C=CC4(C3(C(CC2(C1(C(=O)CO)O)C)O)F)C,CCN(CC)CCNC(=O)C1=C(NC(=C1C)C=C2C3=C(C=CC(=C3)F)NC2=O)C,4.2,1,-28.14137,-0.2545,2.303577,-0.8852925300598145,-0.5500521659851074,0.3658522963523865
dexamethasone,sunitinib,HT144,CC1CC2C3CCC4=CC(=O)C=CC4(C3(C(CC2(C1(C(=O)CO)O)C)O)F)C,CCN(CC)CCNC(=O)C1=C(NC(=C1C)C=C2C3=C(C=CC(=C3)F)NC2=O)C,8.115,1,-7.295176,-0.1463,-4.838273,-0.22504907846450806,3.297081232070923,0.9643285274505615
dexamethasone,sunitinib,HT29,CC1CC2C3CCC4=CC(=O)C=CC4(C3(C(CC2(C1(C(=O)CO)O)C)O)F)C,CCN(CC)CCNC(=O)C1=C(NC(=C1C)C=C2C3=C(C=CC(=C3)F)NC2=O)C,11.84,1,-8.370522,-0.0687,4.877041,0.0020205676555633545,0.4264892041683197,0.6050350069999695
dexamethasone,sunitinib,LOVO,CC1CC2C3CCC4=CC(=O)C=CC4(C3(C(CC2(C1(C(=O)CO)O)C)O)F)C,CCN(CC)CCNC(=O)C1=C(NC(=C1C)C=C2C3=C(C=CC(=C3)F)NC2=O)C,3.475,1,-6.6264005,-0.1825,6.2612743,-0.12989206612110138,-0.7585102319717407,0.31896981596946716
dexamethasone,sunitinib,MDAMB436,CC1CC2C3CCC4=CC(=O)C=CC4(C3(C(CC2(C1(C(=O)CO)O)C)O)F)C,CCN(CC)CCNC(=O)C1=C(NC(=C1C)C=C2C3=C(C=CC(=C3)F)NC2=O)C,3.97,1,-14.547161,-0.2015,4.98137,-0.07082754373550415,2.046006441116333,0.8855434656143188
dexamethasone,sunitinib,NCIH2122,CC1CC2C3CCC4=CC(=O)C=CC4(C3(C(CC2(C1(C(=O)CO)O)C)O)F)C,CCN(CC)CCNC(=O)C1=C(NC(=C1C)C=C2C3=C(C=CC(=C3)F)NC2=O)C,14.18,1,13.199836,-0.07915,-0.956875,0.6628725528717041,-0.5366722941398621,0.36896201968193054
dexamethasone,sunitinib,NCIH23,CC1CC2C3CCC4=CC(=O)C=CC4(C3(C(CC2(C1(C(=O)CO)O)C)O)F)C,CCN(CC)CCNC(=O)C1=C(NC(=C1C)C=C2C3=C(C=CC(=C3)F)NC2=O)C,6.225,1,-15.82122,-0.05745,-6.9165635,-1.7425968647003174,-0.4810428023338318,0.382005900144577
dexamethasone,sunitinib,NCIH520,CC1CC2C3CCC4=CC(=O)C=CC4(C3(C(CC2(C1(C(=O)CO)O)C)O)F)C,CCN(CC)CCNC(=O)C1=C(NC(=C1C)C=C2C3=C(C=CC(=C3)F)NC2=O)C,14.58,1,-11.702798,-0.18715,1.3426162,-0.8088423609733582,1.7531671524047852,0.8523518443107605
dexamethasone,sunitinib,OV90,CC1CC2C3CCC4=CC(=O)C=CC4(C3(C(CC2(C1(C(=O)CO)O)C)O)F)C,CCN(CC)CCNC(=O)C1=C(NC(=C1C)C=C2C3=C(C=CC(=C3)F)NC2=O)C,-2.6,0,6.573552,-0.3535,1.4015682,0.29242855310440063,-3.845118284225464,0.02093617618083954
dexamethasone,sunitinib,RKO,CC1CC2C3CCC4=CC(=O)C=CC4(C3(C(CC2(C1(C(=O)CO)O)C)O)F)C,CCN(CC)CCNC(=O)C1=C(NC(=C1C)C=C2C3=C(C=CC(=C3)F)NC2=O)C,5.98,1,-30.255585,-0.174,3.3242626,0.07025362551212311,3.4432430267333984,0.9690290093421936
dexamethasone,sunitinib,SKMES1,CC1CC2C3CCC4=CC(=O)C=CC4(C3(C(CC2(C1(C(=O)CO)O)C)O)F)C,CCN(CC)CCNC(=O)C1=C(NC(=C1C)C=C2C3=C(C=CC(=C3)F)NC2=O)C,18.845,1,-0.07906528,-0.127415189504623,3.310691,-1.0241944789886475,1.5673270225524902,0.8274022936820984
dexamethasone,sunitinib,SKOV3,CC1CC2C3CCC4=CC(=O)C=CC4(C3(C(CC2(C1(C(=O)CO)O)C)O)F)C,CCN(CC)CCNC(=O)C1=C(NC(=C1C)C=C2C3=C(C=CC(=C3)F)NC2=O)C,14.735,1,11.259119,-0.0926,7.5435877,0.7782925367355347,0.9038234949111938,0.7117345929145813
dexamethasone,sunitinib,SW620,CC1CC2C3CCC4=CC(=O)C=CC4(C3(C(CC2(C1(C(=O)CO)O)C)O)F)C,CCN(CC)CCNC(=O)C1=C(NC(=C1C)C=C2C3=C(C=CC(=C3)F)NC2=O)C,4.48,1,-17.082375,-0.216,2.8190649,0.022238612174987793,-0.03905974328517914,0.4902363121509552
dexamethasone,sunitinib,SW837,CC1CC2C3CCC4=CC(=O)C=CC4(C3(C(CC2(C1(C(=O)CO)O)C)O)F)C,CCN(CC)CCNC(=O)C1=C(NC(=C1C)C=C2C3=C(C=CC(=C3)F)NC2=O)C,3.84,1,-27.853453,-0.2035,-0.7689642,0.44289299845695496,-3.9851162433624268,0.01825099252164364
dexamethasone,temozolomide,A2780,CC1CC2C3CCC4=CC(=O)C=CC4(C3(C(CC2(C1(C(=O)CO)O)C)O)F)C,CN1C(=O)N2C=NC(=C2N=N1)C(=O)N,0.32,1,-1.5545645,-0.4565,4.513383,-1.096932291984558,-0.3445250988006592,0.4147107005119324
dexamethasone,temozolomide,A375,CC1CC2C3CCC4=CC(=O)C=CC4(C3(C(CC2(C1(C(=O)CO)O)C)O)F)C,CN1C(=O)N2C=NC(=C2N=N1)C(=O)N,0.875,1,-2.822208,-0.3535,2.1255703,-0.5756382942199707,1.4270946979522705,0.806448221206665
dexamethasone,temozolomide,A427,CC1CC2C3CCC4=CC(=O)C=CC4(C3(C(CC2(C1(C(=O)CO)O)C)O)F)C,CN1C(=O)N2C=NC(=C2N=N1)C(=O)N,-3.75,0,-7.68043,-0.216,0.5781234,-0.6666501760482788,-3.631427049636841,0.025795351713895798
dexamethasone,temozolomide,ES2,CC1CC2C3CCC4=CC(=O)C=CC4(C3(C(CC2(C1(C(=O)CO)O)C)O)F)C,CN1C(=O)N2C=NC(=C2N=N1)C(=O)N,2.93,1,-11.139579,-0.3955,-0.13717861,0.721226692199707,1.7064930200576782,0.846380889415741
dexamethasone,temozolomide,HCT116,CC1CC2C3CCC4=CC(=O)C=CC4(C3(C(CC2(C1(C(=O)CO)O)C)O)F)C,CN1C(=O)N2C=NC(=C2N=N1)C(=O)N,0.33,1,-1.5537704,-0.178,2.4261136,-0.5431341528892517,-0.5416613817214966,0.3678011894226074
dexamethasone,temozolomide,HT144,CC1CC2C3CCC4=CC(=O)C=CC4(C3(C(CC2(C1(C(=O)CO)O)C)O)F)C,CN1C(=O)N2C=NC(=C2N=N1)C(=O)N,5.48,1,-2.25678,-0.1463,-6.1826,0.8666531443595886,1.7831751108169556,0.8560884594917297
dexamethasone,temozolomide,HT29,CC1CC2C3CCC4=CC(=O)C=CC4(C3(C(CC2(C1(C(=O)CO)O)C)O)F)C,CN1C(=O)N2C=NC(=C2N=N1)C(=O)N,2.3,1,-2.2938356,-0.07745,3.980166,-0.05869435518980026,0.34777048230171204,0.5860768556594849
dexamethasone,temozolomide,LOVO,CC1CC2C3CCC4=CC(=O)C=CC4(C3(C(CC2(C1(C(=O)CO)O)C)O)F)C,CN1C(=O)N2C=NC(=C2N=N1)C(=O)N,-5.87,0,-1.6765709,-0.1825,0.8623571,-1.2964297533035278,-4.1024861335754395,0.016262678429484367
dexamethasone,temozolomide,NCIH1650,CC1CC2C3CCC4=CC(=O)C=CC4(C3(C(CC2(C1(C(=O)CO)O)C)O)F)C,CN1C(=O)N2C=NC(=C2N=N1)C(=O)N,-0.04,0,-4.8736877,-0.1985,-3.7320905,-0.3720325529575348,-3.044558048248291,0.04545300081372261
dexamethasone,temozolomide,NCIH2122,CC1CC2C3CCC4=CC(=O)C=CC4(C3(C(CC2(C1(C(=O)CO)O)C)O)F)C,CN1C(=O)N2C=NC(=C2N=N1)C(=O)N,-5.78,0,-0.30365306,-0.07915,3.3450513,-1.2457705736160278,-2.766960859298706,0.059135884046554565
dexamethasone,temozolomide,NCIH23,CC1CC2C3CCC4=CC(=O)C=CC4(C3(C(CC2(C1(C(=O)CO)O)C)O)F)C,CN1C(=O)N2C=NC(=C2N=N1)C(=O)N,-5.43,0,-5.2678924,-0.06845,-4.305543,-1.7904155254364014,-1.0517704486846924,0.2588852643966675
dexamethasone,temozolomide,NCIH520,CC1CC2C3CCC4=CC(=O)C=CC4(C3(C(CC2(C1(C(=O)CO)O)C)O)F)C,CN1C(=O)N2C=NC(=C2N=N1)C(=O)N,-0.975,0,-3.3474598,-0.3455,0.12740217,-1.4814510345458984,0.6281158924102783,0.6520621180534363
dexamethasone,temozolomide,OV90,CC1CC2C3CCC4=CC(=O)C=CC4(C3(C(CC2(C1(C(=O)CO)O)C)O)F)C,CN1C(=O)N2C=NC(=C2N=N1)C(=O)N,-3.71,0,-4.27196,-0.326,-0.3227462,0.22830799221992493,-2.5444910526275635,0.07279744744300842
dexamethasone,temozolomide,RKO,CC1CC2C3CCC4=CC(=O)C=CC4(C3(C(CC2(C1(C(=O)CO)O)C)O)F)C,CN1C(=O)N2C=NC(=C2N=N1)C(=O)N,3.99,1,0.6605551,-0.138,3.9115264,0.05738066881895065,1.846909999847412,0.8637638688087463
dexamethasone,temozolomide,SKMES1,CC1CC2C3CCC4=CC(=O)C=CC4(C3(C(CC2(C1(C(=O)CO)O)C)O)F)C,CN1C(=O)N2C=NC(=C2N=N1)C(=O)N,-6.825,0,-1.9019724,-0.0687,1.88506,-0.7560412287712097,-2.4303925037384033,0.08088427782058716
dexamethasone,temozolomide,SW620,CC1CC2C3CCC4=CC(=O)C=CC4(C3(C(CC2(C1(C(=O)CO)O)C)O)F)C,CN1C(=O)N2C=NC(=C2N=N1)C(=O)N,1.5,1,-5.4028153,-0.1825,2.2136176,0.14754745364189148,-0.19094902276992798,0.45240727066993713
dexamethasone,temozolomide,SW837,CC1CC2C3CCC4=CC(=O)C=CC4(C3(C(CC2(C1(C(=O)CO)O)C)O)F)C,CN1C(=O)N2C=NC(=C2N=N1)C(=O)N,5.755,1,-6.33102,-0.17,-6.641632,-0.47954854369163513,1.4705020189285278,0.8131336569786072
dexamethasone,temozolomide,T47D,CC1CC2C3CCC4=CC(=O)C=CC4(C3(C(CC2(C1(C(=O)CO)O)C)O)F)C,CN1C(=O)N2C=NC(=C2N=N1)C(=O)N,8.38,1,-7.8075314,-0.1885,-8.194683,0.43784669041633606,-0.0028601251542568207,0.49928492307662964
doxorubicin,bortezomib,A2058,CC1C(C(CC(O1)OC2CC(CC3=C(C4=C(C(=C23)O)C(=O)C5=C(C4=O)C=CC=C5OC)O)(C(=O)CO)O)N)O,B(C(CC(C)C)NC(=O)C(CC1=CC=CC=C1)NC(=O)C2=NC=CN=C2)(O)O,0.37,1,-2.5658429,-0.0902,-15.163687,-0.42900410294532776,2.5086653232574463,0.9247470498085022
doxorubicin,bortezomib,A2780,CC1C(C(CC(O1)OC2CC(CC3=C(C4=C(C(=C23)O)C(=O)C5=C(C4=O)C=CC=C5OC)O)(C(=O)CO)O)N)O,B(C(CC(C)C)NC(=O)C(CC1=CC=CC=C1)NC(=O)C2=NC=CN=C2)(O)O,4.175,1,1.5648493,-0.2205,-15.026968,-0.516281008720398,2.958265542984009,0.9506527185440063
doxorubicin,bortezomib,A427,CC1C(C(CC(O1)OC2CC(CC3=C(C4=C(C(=C23)O)C(=O)C5=C(C4=O)C=CC=C5OC)O)(C(=O)CO)O)N)O,B(C(CC(C)C)NC(=O)C(CC1=CC=CC=C1)NC(=O)C2=NC=CN=C2)(O)O,-1.045,0,-3.2106636,-0.1825,-17.993593,-0.8721150755882263,1.4700236320495605,0.813060998916626
doxorubicin,bortezomib,ES2,CC1C(C(CC(O1)OC2CC(CC3=C(C4=C(C(=C23)O)C(=O)C5=C(C4=O)C=CC=C5OC)O)(C(=O)CO)O)N)O,B(C(CC(C)C)NC(=O)C(CC1=CC=CC=C1)NC(=O)C2=NC=CN=C2)(O)O,1.975,1,0.26634803,-0.244,-13.155992,-0.4350709021091461,1.596959114074707,0.8315929174423218
doxorubicin,bortezomib,HT144,CC1C(C(CC(O1)OC2CC(CC3=C(C4=C(C(=C23)O)C(=O)C5=C(C4=O)C=CC=C5OC)O)(C(=O)CO)O)N)O,B(C(CC(C)C)NC(=O)C(CC1=CC=CC=C1)NC(=O)C2=NC=CN=C2)(O)O,-0.775,0,-2.0819397,-0.2085,-18.387009,-0.6781319975852966,-2.6751747131347656,0.06445422768592834
doxorubicin,bortezomib,LOVO,CC1C(C(CC(O1)OC2CC(CC3=C(C4=C(C(=C23)O)C(=O)C5=C(C4=O)C=CC=C5OC)O)(C(=O)CO)O)N)O,B(C(CC(C)C)NC(=O)C(CC1=CC=CC=C1)NC(=O)C2=NC=CN=C2)(O)O,0.605,1,-1.9930764,-0.08195,-12.54131,-0.5619263052940369,-0.6797918677330017,0.3363077640533447
doxorubicin,bortezomib,MDAMB436,CC1C(C(CC(O1)OC2CC(CC3=C(C4=C(C(=C23)O)C(=O)C5=C(C4=O)C=CC=C5OC)O)(C(=O)CO)O)N)O,B(C(CC(C)C)NC(=O)C(CC1=CC=CC=C1)NC(=O)C2=NC=CN=C2)(O)O,-1.37,0,-2.2514892,-0.2445,-12.446285,-1.8678969144821167,-0.607971727848053,0.35252201557159424
doxorubicin,bortezomib,NCIH1650,CC1C(C(CC(O1)OC2CC(CC3=C(C4=C(C(=C23)O)C(=O)C5=C(C4=O)C=CC=C5OC)O)(C(=O)CO)O)N)O,B(C(CC(C)C)NC(=O)C(CC1=CC=CC=C1)NC(=O)C2=NC=CN=C2)(O)O,-1.035,0,-5.304659,-0.11535,-18.494883,-1.0076429843902588,-2.6696720123291016,0.06478683650493622
doxorubicin,bortezomib,NCIH2122,CC1C(C(CC(O1)OC2CC(CC3=C(C4=C(C(=C23)O)C(=O)C5=C(C4=O)C=CC=C5OC)O)(C(=O)CO)O)N)O,B(C(CC(C)C)NC(=O)C(CC1=CC=CC=C1)NC(=O)C2=NC=CN=C2)(O)O,-0.63,0,-1.8377424,-0.0416,-26.964687,-0.6980127096176147,2.03987455368042,0.8849204778671265
doxorubicin,bortezomib,NCIH23,CC1C(C(CC(O1)OC2CC(CC3=C(C4=C(C(=C23)O)C(=O)C5=C(C4=O)C=CC=C5OC)O)(C(=O)CO)O)N)O,B(C(CC(C)C)NC(=O)C(CC1=CC=CC=C1)NC(=O)C2=NC=CN=C2)(O)O,-0.66,0,-3.712708,-0.0773,-30.19135,-1.4222464561462402,-0.717374861240387,0.32797130942344666
doxorubicin,bortezomib,NCIH520,CC1C(C(CC(O1)OC2CC(CC3=C(C4=C(C(=C23)O)C(=O)C5=C(C4=O)C=CC=C5OC)O)(C(=O)CO)O)N)O,B(C(CC(C)C)NC(=O)C(CC1=CC=CC=C1)NC(=O)C2=NC=CN=C2)(O)O,-1.12,0,-4.4029117,-0.151,-20.827122,-0.8555715084075928,2.6499743461608887,0.9340093731880188
doxorubicin,bortezomib,OV90,CC1C(C(CC(O1)OC2CC(CC3=C(C4=C(C(=C23)O)C(=O)C5=C(C4=O)C=CC=C5OC)O)(C(=O)CO)O)N)O,B(C(CC(C)C)NC(=O)C(CC1=CC=CC=C1)NC(=O)C2=NC=CN=C2)(O)O,-1.365,0,-5.411937,-0.201,-17.146973,1.4501523971557617,-2.122596263885498,0.10691989958286285
doxorubicin,bortezomib,RKO,CC1C(C(CC(O1)OC2CC(CC3=C(C4=C(C(=C23)O)C(=O)C5=C(C4=O)C=CC=C5OC)O)(C(=O)CO)O)N)O,B(C(CC(C)C)NC(=O)C(CC1=CC=CC=C1)NC(=O)C2=NC=CN=C2)(O)O,0.365,1,-1.4154047,-0.3405,-13.626045,0.16513276100158691,1.0024703741073608,0.731544017791748
doxorubicin,bortezomib,SKMES1,CC1C(C(CC(O1)OC2CC(CC3=C(C4=C(C(=C23)O)C(=O)C5=C(C4=O)C=CC=C5OC)O)(C(=O)CO)O)N)O,B(C(CC(C)C)NC(=O)C(CC1=CC=CC=C1)NC(=O)C2=NC=CN=C2)(O)O,-0.235,0,-3.4407709,-0.601,-15.885023,-0.013013899326324463,-1.8265314102172852,0.1386519968509674
doxorubicin,bortezomib,SKOV3,CC1C(C(CC(O1)OC2CC(CC3=C(C4=C(C(=C23)O)C(=O)C5=C(C4=O)C=CC=C5OC)O)(C(=O)CO)O)N)O,B(C(CC(C)C)NC(=O)C(CC1=CC=CC=C1)NC(=O)C2=NC=CN=C2)(O)O,1.08,1,-0.21085842,-0.5665,-10.54985,0.17669758200645447,-0.8329411149024963,0.3030235469341278
doxorubicin,bortezomib,SW620,CC1C(C(CC(O1)OC2CC(CC3=C(C4=C(C(=C23)O)C(=O)C5=C(C4=O)C=CC=C5OC)O)(C(=O)CO)O)N)O,B(C(CC(C)C)NC(=O)C(CC1=CC=CC=C1)NC(=O)C2=NC=CN=C2)(O)O,1.545,1,-0.9811186,-0.729,-12.625229,0.1299193799495697,-0.7914015650749207,0.3118678033351898
doxorubicin,bortezomib,SW837,CC1C(C(CC(O1)OC2CC(CC3=C(C4=C(C(=C23)O)C(=O)C5=C(C4=O)C=CC=C5OC)O)(C(=O)CO)O)N)O,B(C(CC(C)C)NC(=O)C(CC1=CC=CC=C1)NC(=O)C2=NC=CN=C2)(O)O,1.395,1,0.58899516,-0.7705,-17.126045,-0.4656218886375427,1.7087078094482422,0.8466686010360718
doxorubicin,bortezomib,T47D,CC1C(C(CC(O1)OC2CC(CC3=C(C4=C(C(=C23)O)C(=O)C5=C(C4=O)C=CC=C5OC)O)(C(=O)CO)O)N)O,B(C(CC(C)C)NC(=O)C(CC1=CC=CC=C1)NC(=O)C2=NC=CN=C2)(O)O,4.375,1,-4.5064287,-0.599,-19.946442,0.607221782207489,-0.15842220187187195,0.4604770839214325
doxorubicin,dasatinib,A2058,CC1C(C(CC(O1)OC2CC(CC3=C(C4=C(C(=C23)O)C(=O)C5=C(C4=O)C=CC=C5OC)O)(C(=O)CO)O)N)O,CC1=C(C(=CC=C1)Cl)NC(=O)C2=CN=C(S2)NC3=NC(=NC(=C3)N4CCN(CC4)CCO)C,1.725,1,-7.3498454,-0.6325,15.296734,-0.4187677502632141,2.080918073654175,0.889034628868103
doxorubicin,dasatinib,A2780,CC1C(C(CC(O1)OC2CC(CC3=C(C4=C(C(=C23)O)C(=O)C5=C(C4=O)C=CC=C5OC)O)(C(=O)CO)O)N)O,CC1=C(C(=CC=C1)Cl)NC(=O)C2=CN=C(S2)NC3=NC(=NC(=C3)N4CCN(CC4)CCO)C,7.765,1,-3.7676675,-0.644,23.51076,0.3716822564601898,3.0059211254119873,0.9528408646583557
doxorubicin,dasatinib,A375,CC1C(C(CC(O1)OC2CC(CC3=C(C4=C(C(=C23)O)C(=O)C5=C(C4=O)C=CC=C5OC)O)(C(=O)CO)O)N)O,CC1=C(C(=CC=C1)Cl)NC(=O)C2=CN=C(S2)NC3=NC(=NC(=C3)N4CCN(CC4)CCO)C,-4.34,0,-2.8329685,-0.758,21.329283,0.10955089330673218,1.3085308074951172,0.78726726770401
doxorubicin,dasatinib,A427,CC1C(C(CC(O1)OC2CC(CC3=C(C4=C(C(=C23)O)C(=O)C5=C(C4=O)C=CC=C5OC)O)(C(=O)CO)O)N)O,CC1=C(C(=CC=C1)Cl)NC(=O)C2=CN=C(S2)NC3=NC(=NC(=C3)N4CCN(CC4)CCO)C,0.7,1,3.9270456,-0.2678,18.34288,-0.8363175392150879,2.4959118366241455,0.9238547086715698
doxorubicin,dasatinib,ES2,CC1C(C(CC(O1)OC2CC(CC3=C(C4=C(C(=C23)O)C(=O)C5=C(C4=O)C=CC=C5OC)O)(C(=O)CO)O)N)O,CC1=C(C(=CC=C1)Cl)NC(=O)C2=CN=C(S2)NC3=NC(=NC(=C3)N4CCN(CC4)CCO)C,1.18,1,-17.168995,-0.1405,13.726222,0.06709665060043335,-0.25695472955703735,0.4361124336719513
doxorubicin,dasatinib,HCT116,CC1C(C(CC(O1)OC2CC(CC3=C(C4=C(C(=C23)O)C(=O)C5=C(C4=O)C=CC=C5OC)O)(C(=O)CO)O)N)O,CC1=C(C(=CC=C1)Cl)NC(=O)C2=CN=C(S2)NC3=NC(=NC(=C3)N4CCN(CC4)CCO)C,7.74,1,-28.482279,-0.1229,12.543543,-0.9372313022613525,0.07897764444351196,0.5197341442108154
doxorubicin,dasatinib,HT144,CC1C(C(CC(O1)OC2CC(CC3=C(C4=C(C(=C23)O)C(=O)C5=C(C4=O)C=CC=C5OC)O)(C(=O)CO)O)N)O,CC1=C(C(=CC=C1)Cl)NC(=O)C2=CN=C(S2)NC3=NC(=NC(=C3)N4CCN(CC4)CCO)C,3.41,1,-48.626915,-0.05425,6.8481197,-0.08052965998649597,1.8794441223144531,0.8675472736358643
doxorubicin,dasatinib,MDAMB436,CC1C(C(CC(O1)OC2CC(CC3=C(C4=C(C(=C23)O)C(=O)C5=C(C4=O)C=CC=C5OC)O)(C(=O)CO)O)N)O,CC1=C(C(=CC=C1)Cl)NC(=O)C2=CN=C(S2)NC3=NC(=NC(=C3)N4CCN(CC4)CCO)C,-3.21,0,-9.657484,-0.03325,16.758858,-0.6286745667457581,1.2861310243606567,0.7834916114807129
doxorubicin,dasatinib,NCIH1650,CC1C(C(CC(O1)OC2CC(CC3=C(C4=C(C(=C23)O)C(=O)C5=C(C4=O)C=CC=C5OC)O)(C(=O)CO)O)N)O,CC1=C(C(=CC=C1)Cl)NC(=O)C2=CN=C(S2)NC3=NC(=NC(=C3)N4CCN(CC4)CCO)C,1.985,1,7.169013,-0.0206,22.578136,0.4864456057548523,2.030573606491089,0.8839699625968933
doxorubicin,dasatinib,NCIH2122,CC1C(C(CC(O1)OC2CC(CC3=C(C4=C(C(=C23)O)C(=O)C5=C(C4=O)C=CC=C5OC)O)(C(=O)CO)O)N)O,CC1=C(C(=CC=C1)Cl)NC(=O)C2=CN=C(S2)NC3=NC(=NC(=C3)N4CCN(CC4)CCO)C,1.92,1,-48.602844,-0.0431,-2.581902,-0.6806519031524658,2.6720540523529053,0.9353573322296143
doxorubicin,dasatinib,NCIH23,CC1C(C(CC(O1)OC2CC(CC3=C(C4=C(C(=C23)O)C(=O)C5=C(C4=O)C=CC=C5OC)O)(C(=O)CO)O)N)O,CC1=C(C(=CC=C1)Cl)NC(=O)C2=CN=C(S2)NC3=NC(=NC(=C3)N4CCN(CC4)CCO)C,-2.395,0,-18.724545,-0.1805,-0.662623,-1.8029634952545166,-0.17966662347316742,0.4552037715911865
doxorubicin,dasatinib,NCIH520,CC1C(C(CC(O1)OC2CC(CC3=C(C4=C(C(=C23)O)C(=O)C5=C(C4=O)C=CC=C5OC)O)(C(=O)CO)O)N)O,CC1=C(C(=CC=C1)Cl)NC(=O)C2=CN=C(S2)NC3=NC(=NC(=C3)N4CCN(CC4)CCO)C,-1.835,0,0.32354072,-0.201,17.554783,0.31844592094421387,0.2607221007347107,0.5648137927055359
doxorubicin,dasatinib,OV90,CC1C(C(CC(O1)OC2CC(CC3=C(C4=C(C(=C23)O)C(=O)C5=C(C4=O)C=CC=C5OC)O)(C(=O)CO)O)N)O,CC1=C(C(=CC=C1)Cl)NC(=O)C2=CN=C(S2)NC3=NC(=NC(=C3)N4CCN(CC4)CCO)C,-3.42,0,-1.5240034,-0.184,14.101327,0.9825756549835205,-3.376288414001465,0.033044785261154175
doxorubicin,dasatinib,RKO,CC1C(C(CC(O1)OC2CC(CC3=C(C4=C(C(=C23)O)C(=O)C5=C(C4=O)C=CC=C5OC)O)(C(=O)CO)O)N)O,CC1=C(C(=CC=C1)Cl)NC(=O)C2=CN=C(S2)NC3=NC(=NC(=C3)N4CCN(CC4)CCO)C,5.185,1,0.35156915,-0.1359,16.607454,0.813868522644043,-0.8749266266822815,0.294230192899704
doxorubicin,dasatinib,SKMES1,CC1C(C(CC(O1)OC2CC(CC3=C(C4=C(C(=C23)O)C(=O)C5=C(C4=O)C=CC=C5OC)O)(C(=O)CO)O)N)O,CC1=C(C(=CC=C1)Cl)NC(=O)C2=CN=C(S2)NC3=NC(=NC(=C3)N4CCN(CC4)CCO)C,0.665,1,3.1464107,-0.235,14.954497,1.3724102973937988,-0.36126017570495605,0.41065454483032227
doxorubicin,dasatinib,SKOV3,CC1C(C(CC(O1)OC2CC(CC3=C(C4=C(C(=C23)O)C(=O)C5=C(C4=O)C=CC=C5OC)O)(C(=O)CO)O)N)O,CC1=C(C(=CC=C1)Cl)NC(=O)C2=CN=C(S2)NC3=NC(=NC(=C3)N4CCN(CC4)CCO)C,-0.375,0,1.2014289,-0.13335,18.565903,0.06919154524803162,-0.11459268629550934,0.47138312458992004
doxorubicin,dasatinib,SW620,CC1C(C(CC(O1)OC2CC(CC3=C(C4=C(C(=C23)O)C(=O)C5=C(C4=O)C=CC=C5OC)O)(C(=O)CO)O)N)O,CC1=C(C(=CC=C1)Cl)NC(=O)C2=CN=C(S2)NC3=NC(=NC(=C3)N4CCN(CC4)CCO)C,8.4,1,-5.294243,-0.05785,16.947414,-0.36037904024124146,0.14199578762054443,0.5354393720626831
doxorubicin,dasatinib,T47D,CC1C(C(CC(O1)OC2CC(CC3=C(C4=C(C(=C23)O)C(=O)C5=C(C4=O)C=CC=C5OC)O)(C(=O)CO)O)N)O,CC1=C(C(=CC=C1)Cl)NC(=O)C2=CN=C(S2)NC3=NC(=NC(=C3)N4CCN(CC4)CCO)C,5.115,1,2.3565931,-0.10105,18.84237,0.5488819479942322,-0.09510377049446106,0.47624197602272034
doxorubicin,dinaciclib,A2780,CC1C(C(CC(O1)OC2CC(CC3=C(C4=C(C(=C23)O)C(=O)C5=C(C4=O)C=CC=C5OC)O)(C(=O)CO)O)N)O,CCC1=C2N=C(C=C(N2N=C1)NCC3=C[N+](=CC=C3)[O-])N4CCCCC4CCO,3.32,1,1.938252,-0.1428,-3.8023748,1.1430304050445557,1.8031052350997925,0.8585265278816223
doxorubicin,dinaciclib,A375,CC1C(C(CC(O1)OC2CC(CC3=C(C4=C(C(=C23)O)C(=O)C5=C(C4=O)C=CC=C5OC)O)(C(=O)CO)O)N)O,CCC1=C2N=C(C=C(N2N=C1)NCC3=C[N+](=CC=C3)[O-])N4CCCCC4CCO,0.45,1,-3.786481,-0.2085,-1.0905049,-0.6417507529258728,2.475795269012451,0.9224274754524231
doxorubicin,dinaciclib,A427,CC1C(C(CC(O1)OC2CC(CC3=C(C4=C(C(=C23)O)C(=O)C5=C(C4=O)C=CC=C5OC)O)(C(=O)CO)O)N)O,CCC1=C2N=C(C=C(N2N=C1)NCC3=C[N+](=CC=C3)[O-])N4CCCCC4CCO,-0.795,0,-2.8207526,-0.171,-6.979269,-1.506229281425476,-1.7927740812301636,0.14273294806480408
doxorubicin,dinaciclib,ES2,CC1C(C(CC(O1)OC2CC(CC3=C(C4=C(C(=C23)O)C(=O)C5=C(C4=O)C=CC=C5OC)O)(C(=O)CO)O)N)O,CCC1=C2N=C(C=C(N2N=C1)NCC3=C[N+](=CC=C3)[O-])N4CCCCC4CCO,1.02,1,-0.8124075,-0.08965,-5.661086,0.17357990145683289,-0.6928334832191467,0.3334030508995056
doxorubicin,dinaciclib,MDAMB436,CC1C(C(CC(O1)OC2CC(CC3=C(C4=C(C(=C23)O)C(=O)C5=C(C4=O)C=CC=C5OC)O)(C(=O)CO)O)N)O,CCC1=C2N=C(C=C(N2N=C1)NCC3=C[N+](=CC=C3)[O-])N4CCCCC4CCO,-6.435,0,0.19171815,-0.15735,-3.4420514,0.023642659187316895,-3.976814031600952,0.018400346860289574
doxorubicin,dinaciclib,NCIH1650,CC1C(C(CC(O1)OC2CC(CC3=C(C4=C(C(=C23)O)C(=O)C5=C(C4=O)C=CC=C5OC)O)(C(=O)CO)O)N)O,CCC1=C2N=C(C=C(N2N=C1)NCC3=C[N+](=CC=C3)[O-])N4CCCCC4CCO,3.46,1,0.3529518,-0.11305,-4.689566,0.5830892324447632,1.1954234838485718,0.7677096128463745
doxorubicin,dinaciclib,NCIH23,CC1C(C(CC(O1)OC2CC(CC3=C(C4=C(C(=C23)O)C(=O)C5=C(C4=O)C=CC=C5OC)O)(C(=O)CO)O)N)O,CCC1=C2N=C(C=C(N2N=C1)NCC3=C[N+](=CC=C3)[O-])N4CCCCC4CCO,-2.275,0,-0.9217202,-0.11705,-21.169426,-1.6876335144042969,-0.4261399805545807,0.39504843950271606
doxorubicin,dinaciclib,OV90,CC1C(C(CC(O1)OC2CC(CC3=C(C4=C(C(=C23)O)C(=O)C5=C(C4=O)C=CC=C5OC)O)(C(=O)CO)O)N)O,CCC1=C2N=C(C=C(N2N=C1)NCC3=C[N+](=CC=C3)[O-])N4CCCCC4CCO,-4.625,0,-2.4779465,-0.201,-8.187853,0.9230595827102661,-4.579797744750977,0.01015283353626728
doxorubicin,dinaciclib,SKMES1,CC1C(C(CC(O1)OC2CC(CC3=C(C4=C(C(=C23)O)C(=O)C5=C(C4=O)C=CC=C5OC)O)(C(=O)CO)O)N)O,CCC1=C2N=C(C=C(N2N=C1)NCC3=C[N+](=CC=C3)[O-])N4CCCCC4CCO,0.51,1,-3.4651933,-0.17665,-6.9205275,-0.787511944770813,-0.696711003780365,0.3325418531894684
doxorubicin,dinaciclib,SW620,CC1C(C(CC(O1)OC2CC(CC3=C(C4=C(C(=C23)O)C(=O)C5=C(C4=O)C=CC=C5OC)O)(C(=O)CO)O)N)O,CCC1=C2N=C(C=C(N2N=C1)NCC3=C[N+](=CC=C3)[O-])N4CCCCC4CCO,2.095,1,-2.3114767,-0.0955,-5.6485176,-0.10586193203926086,-0.39449816942214966,0.4026349186897278
doxorubicin,dinaciclib,SW837,CC1C(C(CC(O1)OC2CC(CC3=C(C4=C(C(=C23)O)C(=O)C5=C(C4=O)C=CC=C5OC)O)(C(=O)CO)O)N)O,CCC1=C2N=C(C=C(N2N=C1)NCC3=C[N+](=CC=C3)[O-])N4CCCCC4CCO,-2.14,0,-2.2340314,-0.08195,-8.679678,0.8042144775390625,-1.2299939393997192,0.2261825054883957
doxorubicin,dinaciclib,T47D,CC1C(C(CC(O1)OC2CC(CC3=C(C4=C(C(=C23)O)C(=O)C5=C(C4=O)C=CC=C5OC)O)(C(=O)CO)O)N)O,CCC1=C2N=C(C=C(N2N=C1)NCC3=C[N+](=CC=C3)[O-])N4CCCCC4CCO,2.74,1,-0.20931907,-0.1443,-9.071772,0.7712289094924927,-0.573585569858551,0.3604098856449127
doxorubicin,erlotinib,A2058,CC1C(C(CC(O1)OC2CC(CC3=C(C4=C(C(=C23)O)C(=O)C5=C(C4=O)C=CC=C5OC)O)(C(=O)CO)O)N)O,COCCOC1=C(C=C2C(=C1)C(=NC=N2)NC3=CC=CC(=C3)C#C)OCCOC,0.295,1,-0.0922863,-0.0247,5.2037706,0.3772994577884674,-1.7376630306243896,0.1496100127696991
doxorubicin,erlotinib,A2780,CC1C(C(CC(O1)OC2CC(CC3=C(C4=C(C(=C23)O)C(=O)C5=C(C4=O)C=CC=C5OC)O)(C(=O)CO)O)N)O,COCCOC1=C(C=C2C(=C1)C(=NC=N2)NC3=CC=CC(=C3)C#C)OCCOC,5.975,1,5.2229285,-0.0715,7.195606,0.306763619184494,-1.524699091911316,0.17877058684825897
doxorubicin,erlotinib,A375,CC1C(C(CC(O1)OC2CC(CC3=C(C4=C(C(=C23)O)C(=O)C5=C(C4=O)C=CC=C5OC)O)(C(=O)CO)O)N)O,COCCOC1=C(C=C2C(=C1)C(=NC=N2)NC3=CC=CC(=C3)C#C)OCCOC,-5.255,0,-1.3694867,-0.097,11.201475,-0.5399627685546875,0.18975350260734558,0.5472965240478516
doxorubicin,erlotinib,A427,CC1C(C(CC(O1)OC2CC(CC3=C(C4=C(C(=C23)O)C(=O)C5=C(C4=O)C=CC=C5OC)O)(C(=O)CO)O)N)O,COCCOC1=C(C=C2C(=C1)C(=NC=N2)NC3=CC=CC(=C3)C#C)OCCOC,-0.23,0,-0.291405,-0.201,3.7716098,-0.4921322464942932,0.07881855964660645,0.519694447517395
doxorubicin,erlotinib,ES2,CC1C(C(CC(O1)OC2CC(CC3=C(C4=C(C(=C23)O)C(=O)C5=C(C4=O)C=CC=C5OC)O)(C(=O)CO)O)N)O,COCCOC1=C(C=C2C(=C1)C(=NC=N2)NC3=CC=CC(=C3)C#C)OCCOC,2.655,1,-5.2442875,-0.15745,3.217742,-0.1621156930923462,-0.768016517162323,0.3169083297252655
doxorubicin,erlotinib,HCT116,CC1C(C(CC(O1)OC2CC(CC3=C(C4=C(C(=C23)O)C(=O)C5=C(C4=O)C=CC=C5OC)O)(C(=O)CO)O)N)O,COCCOC1=C(C=C2C(=C1)C(=NC=N2)NC3=CC=CC(=C3)C#C)OCCOC,3.15,1,-0.42985377,-0.178,4.1856623,-0.6036174893379211,0.08219277858734131,0.5205366015434265
doxorubicin,erlotinib,HT144,CC1C(C(CC(O1)OC2CC(CC3=C(C4=C(C(=C23)O)C(=O)C5=C(C4=O)C=CC=C5OC)O)(C(=O)CO)O)N)O,COCCOC1=C(C=C2C(=C1)C(=NC=N2)NC3=CC=CC(=C3)C#C)OCCOC,-0.185,0,1.1682583,-0.237,1.4157599,-0.35266628861427307,-0.5830669403076172,0.3582272231578827
doxorubicin,erlotinib,HT29,CC1C(C(CC(O1)OC2CC(CC3=C(C4=C(C(=C23)O)C(=O)C5=C(C4=O)C=CC=C5OC)O)(C(=O)CO)O)N)O,COCCOC1=C(C=C2C(=C1)C(=NC=N2)NC3=CC=CC(=C3)C#C)OCCOC,0.35,1,0.9740673,-0.1528,8.556053,0.04171347618103027,0.2062799632549286,0.5513879060745239
doxorubicin,erlotinib,LOVO,CC1C(C(CC(O1)OC2CC(CC3=C(C4=C(C(=C23)O)C(=O)C5=C(C4=O)C=CC=C5OC)O)(C(=O)CO)O)N)O,COCCOC1=C(C=C2C(=C1)C(=NC=N2)NC3=CC=CC(=C3)C#C)OCCOC,-2.28,0,-0.23350711,-0.0658,11.654789,-0.24624499678611755,-1.988553762435913,0.12040994316339493
doxorubicin,erlotinib,MDAMB436,CC1C(C(CC(O1)OC2CC(CC3=C(C4=C(C(=C23)O)C(=O)C5=C(C4=O)C=CC=C5OC)O)(C(=O)CO)O)N)O,COCCOC1=C(C=C2C(=C1)C(=NC=N2)NC3=CC=CC(=C3)C#C)OCCOC,-6.25,0,-2.122418,-0.04915,4.5040884,-0.06796577572822571,-2.4139835834503174,0.08211258053779602
doxorubicin,erlotinib,NCIH1650,CC1C(C(CC(O1)OC2CC(CC3=C(C4=C(C(=C23)O)C(=O)C5=C(C4=O)C=CC=C5OC)O)(C(=O)CO)O)N)O,COCCOC1=C(C=C2C(=C1)C(=NC=N2)NC3=CC=CC(=C3)C#C)OCCOC,-1.59,0,1.4304549,-0.0783,8.492504,-0.07566744089126587,-2.3725030422210693,0.08529365062713623
doxorubicin,erlotinib,NCIH2122,CC1C(C(CC(O1)OC2CC(CC3=C(C4=C(C(=C23)O)C(=O)C5=C(C4=O)C=CC=C5OC)O)(C(=O)CO)O)N)O,COCCOC1=C(C=C2C(=C1)C(=NC=N2)NC3=CC=CC(=C3)C#C)OCCOC,1.805,1,3.4909053,-0.0863,-5.746096,-0.572008490562439,-0.9742138385772705,0.27404138445854187
doxorubicin,erlotinib,NCIH520,CC1C(C(CC(O1)OC2CC(CC3=C(C4=C(C(=C23)O)C(=O)C5=C(C4=O)C=CC=C5OC)O)(C(=O)CO)O)N)O,COCCOC1=C(C=C2C(=C1)C(=NC=N2)NC3=CC=CC(=C3)C#C)OCCOC,-2.32,0,-6.193366,-0.03325,2.4691935,-0.13391676545143127,-0.6080945134162903,0.3524939715862274
doxorubicin,erlotinib,OV90,CC1C(C(CC(O1)OC2CC(CC3=C(C4=C(C(=C23)O)C(=O)C5=C(C4=O)C=CC=C5OC)O)(C(=O)CO)O)N)O,COCCOC1=C(C=C2C(=C1)C(=NC=N2)NC3=CC=CC(=C3)C#C)OCCOC,-4.925,0,-4.625721,-0.02245,2.0587347,0.5818570852279663,-4.453628063201904,0.01150242704898119
doxorubicin,erlotinib,RKO,CC1C(C(CC(O1)OC2CC(CC3=C(C4=C(C(=C23)O)C(=O)C5=C(C4=O)C=CC=C5OC)O)(C(=O)CO)O)N)O,COCCOC1=C(C=C2C(=C1)C(=NC=N2)NC3=CC=CC(=C3)C#C)OCCOC,2.315,1,-11.866195,-0.1165,4.635627,0.22908270359039307,-3.8357222080230713,0.02112964354455471
doxorubicin,erlotinib,SKOV3,CC1C(C(CC(O1)OC2CC(CC3=C(C4=C(C(=C23)O)C(=O)C5=C(C4=O)C=CC=C5OC)O)(C(=O)CO)O)N)O,COCCOC1=C(C=C2C(=C1)C(=NC=N2)NC3=CC=CC(=C3)C#C)OCCOC,-2.825,0,0.026606541,-0.1268,10.9954605,0.09629207849502563,-0.5192540287971497,0.37302669882774353
doxorubicin,erlotinib,SW620,CC1C(C(CC(O1)OC2CC(CC3=C(C4=C(C(=C23)O)C(=O)C5=C(C4=O)C=CC=C5OC)O)(C(=O)CO)O)N)O,COCCOC1=C(C=C2C(=C1)C(=NC=N2)NC3=CC=CC(=C3)C#C)OCCOC,2.72,1,-5.350118,-0.0739,5.2264667,-0.12420138716697693,0.06924322247505188,0.5173038840293884
doxorubicin,erlotinib,SW837,CC1C(C(CC(O1)OC2CC(CC3=C(C4=C(C(=C23)O)C(=O)C5=C(C4=O)C=CC=C5OC)O)(C(=O)CO)O)N)O,COCCOC1=C(C=C2C(=C1)C(=NC=N2)NC3=CC=CC(=C3)C#C)OCCOC,1.03,1,4.3878736,-0.0545,9.831657,0.4223126173019409,1.6155301332473755,0.8341777324676514
doxorubicin,erlotinib,T47D,CC1C(C(CC(O1)OC2CC(CC3=C(C4=C(C(=C23)O)C(=O)C5=C(C4=O)C=CC=C5OC)O)(C(=O)CO)O)N)O,COCCOC1=C(C=C2C(=C1)C(=NC=N2)NC3=CC=CC(=C3)C#C)OCCOC,5.235,1,4.522343,-0.0783,4.762672,0.27752724289894104,-0.648417055606842,0.34334632754325867
doxorubicin,geldanamycin,A2058,CC1C(C(CC(O1)OC2CC(CC3=C(C4=C(C(=C23)O)C(=O)C5=C(C4=O)C=CC=C5OC)O)(C(=O)CO)O)N)O,CC1CC(C(C(C=C(C(C(C=CC=C(C(=O)NC2=CC(=O)C(=C(C1)C2=O)OC)C)OC)OC(=O)N)C)C)O)OC,1.59,1,5.3090143,-0.03325,-5.973357,-0.8497700691223145,1.1604676246643066,0.7614176273345947
doxorubicin,geldanamycin,A2780,CC1C(C(CC(O1)OC2CC(CC3=C(C4=C(C(=C23)O)C(=O)C5=C(C4=O)C=CC=C5OC)O)(C(=O)CO)O)N)O,CC1CC(C(C(C=C(C(C(C=CC=C(C(=O)NC2=CC(=O)C(=C(C1)C2=O)OC)C)OC)OC(=O)N)C)C)O)OC,2.625,1,2.3109667,-0.03025,-5.542755,-0.05534106492996216,2.467756986618042,0.9218503832817078
doxorubicin,geldanamycin,A375,CC1C(C(CC(O1)OC2CC(CC3=C(C4=C(C(=C23)O)C(=O)C5=C(C4=O)C=CC=C5OC)O)(C(=O)CO)O)N)O,CC1CC(C(C(C=C(C(C(C=CC=C(C(=O)NC2=CC(=O)C(=C(C1)C2=O)OC)C)OC)OC(=O)N)C)C)O)OC,-2.235,0,0.32722643,-0.02245,-0.21257122,-0.932019829750061,0.13214227557182312,0.5329875349998474
doxorubicin,geldanamycin,A427,CC1C(C(CC(O1)OC2CC(CC3=C(C4=C(C(=C23)O)C(=O)C5=C(C4=O)C=CC=C5OC)O)(C(=O)CO)O)N)O,CC1CC(C(C(C=C(C(C(C=CC=C(C(=O)NC2=CC(=O)C(=C(C1)C2=O)OC)C)OC)OC(=O)N)C)C)O)OC,0.785,1,-1.2280256,-0.3205,-7.946767,-1.623701810836792,0.12831968069076538,0.5320359468460083
doxorubicin,geldanamycin,HT144,CC1C(C(CC(O1)OC2CC(CC3=C(C4=C(C(=C23)O)C(=O)C5=C(C4=O)C=CC=C5OC)O)(C(=O)CO)O)N)O,CC1CC(C(C(C=C(C(C(C=CC=C(C(=O)NC2=CC(=O)C(=C(C1)C2=O)OC)C)OC)OC(=O)N)C)C)O)OC,0.57,1,-0.007545728,-0.178,-8.720648,-0.2250777781009674,-0.6465612053871155,0.34376487135887146
doxorubicin,geldanamycin,HT29,CC1C(C(CC(O1)OC2CC(CC3=C(C4=C(C(=C23)O)C(=O)C5=C(C4=O)C=CC=C5OC)O)(C(=O)CO)O)N)O,CC1CC(C(C(C=C(C(C(C=CC=C(C(=O)NC2=CC(=O)C(=C(C1)C2=O)OC)C)OC)OC(=O)N)C)C)O)OC,-0.79,0,-2.9723363,-0.237,-10.841811,0.3834892809391022,-0.6847884058952332,0.3351934254169464
doxorubicin,geldanamycin,LOVO,CC1C(C(CC(O1)OC2CC(CC3=C(C4=C(C(=C23)O)C(=O)C5=C(C4=O)C=CC=C5OC)O)(C(=O)CO)O)N)O,CC1CC(C(C(C=C(C(C(C=CC=C(C(=O)NC2=CC(=O)C(=C(C1)C2=O)OC)C)OC)OC(=O)N)C)C)O)OC,-1.945,0,-4.605369,-0.12505,-5.9812407,-0.33360180258750916,-2.7355897426605225,0.060905661433935165
doxorubicin,geldanamycin,MDAMB436,CC1C(C(CC(O1)OC2CC(CC3=C(C4=C(C(=C23)O)C(=O)C5=C(C4=O)C=CC=C5OC)O)(C(=O)CO)O)N)O,CC1CC(C(C(C=C(C(C(C=CC=C(C(=O)NC2=CC(=O)C(=C(C1)C2=O)OC)C)OC)OC(=O)N)C)C)O)OC,-9.22,0,0.9250718,-0.1555,-6.0117216,-0.9695688486099243,-0.959095299243927,0.2770593762397766
doxorubicin,geldanamycin,NCIH1650,CC1C(C(CC(O1)OC2CC(CC3=C(C4=C(C(=C23)O)C(=O)C5=C(C4=O)C=CC=C5OC)O)(C(=O)CO)O)N)O,CC1CC(C(C(C=C(C(C(C=CC=C(C(=O)NC2=CC(=O)C(=C(C1)C2=O)OC)C)OC)OC(=O)N)C)C)O)OC,-1.33,0,-1.2294794,-0.1437,-8.007657,0.4947129189968109,-1.3317017555236816,0.20887801051139832
doxorubicin,geldanamycin,NCIH2122,CC1C(C(CC(O1)OC2CC(CC3=C(C4=C(C(=C23)O)C(=O)C5=C(C4=O)C=CC=C5OC)O)(C(=O)CO)O)N)O,CC1CC(C(C(C=C(C(C(C=CC=C(C(=O)NC2=CC(=O)C(=C(C1)C2=O)OC)C)OC)OC(=O)N)C)C)O)OC,-0.645,0,0.44897702,-0.09365,-26.351414,-1.0128107070922852,-0.6450822353363037,0.34409859776496887
doxorubicin,geldanamycin,NCIH23,CC1C(C(CC(O1)OC2CC(CC3=C(C4=C(C(=C23)O)C(=O)C5=C(C4=O)C=CC=C5OC)O)(C(=O)CO)O)N)O,CC1CC(C(C(C=C(C(C(C=CC=C(C(=O)NC2=CC(=O)C(=C(C1)C2=O)OC)C)OC)OC(=O)N)C)C)O)OC,-3.795,0,-0.27953443,-0.337,-26.210838,-1.7018475532531738,-1.075579285621643,0.25434350967407227
doxorubicin,geldanamycin,NCIH520,CC1C(C(CC(O1)OC2CC(CC3=C(C4=C(C(=C23)O)C(=O)C5=C(C4=O)C=CC=C5OC)O)(C(=O)CO)O)N)O,CC1CC(C(C(C=C(C(C(C=CC=C(C(=O)NC2=CC(=O)C(=C(C1)C2=O)OC)C)OC)OC(=O)N)C)C)O)OC,-6.315,0,-7.4445696,-0.19,-10.83115,0.4151687026023865,1.8050453662872314,0.8587620258331299
doxorubicin,geldanamycin,OV90,CC1C(C(CC(O1)OC2CC(CC3=C(C4=C(C(=C23)O)C(=O)C5=C(C4=O)C=CC=C5OC)O)(C(=O)CO)O)N)O,CC1CC(C(C(C=C(C(C(C=CC=C(C(=O)NC2=CC(=O)C(=C(C1)C2=O)OC)C)OC)OC(=O)N)C)C)O)OC,1.18,1,-3.354928,-0.206,-10.089245,0.5318288803100586,0.4101281762123108,0.6011186242103577
doxorubicin,geldanamycin,RKO,CC1C(C(CC(O1)OC2CC(CC3=C(C4=C(C(=C23)O)C(=O)C5=C(C4=O)C=CC=C5OC)O)(C(=O)CO)O)N)O,CC1CC(C(C(C=C(C(C(C=CC=C(C(=O)NC2=CC(=O)C(=C(C1)C2=O)OC)C)OC)OC(=O)N)C)C)O)OC,-0.625,0,1.2924485,-0.237,-6.2455473,0.16006502509117126,-0.9922723174095154,0.2704634666442871
doxorubicin,geldanamycin,SKMES1,CC1C(C(CC(O1)OC2CC(CC3=C(C4=C(C(=C23)O)C(=O)C5=C(C4=O)C=CC=C5OC)O)(C(=O)CO)O)N)O,CC1CC(C(C(C=C(C(C(C=CC=C(C(=O)NC2=CC(=O)C(=C(C1)C2=O)OC)C)OC)OC(=O)N)C)C)O)OC,-0.305,0,-1.0826237,-0.3295,-6.7833414,-0.7915787696838379,-2.3573687076568604,0.08648183941841125
doxorubicin,geldanamycin,SKOV3,CC1C(C(CC(O1)OC2CC(CC3=C(C4=C(C(=C23)O)C(=O)C5=C(C4=O)C=CC=C5OC)O)(C(=O)CO)O)N)O,CC1CC(C(C(C=C(C(C(C=CC=C(C(=O)NC2=CC(=O)C(=C(C1)C2=O)OC)C)OC)OC(=O)N)C)C)O)OC,5.395,1,-0.08657558,-0.1578,-4.066548,0.32259535789489746,-1.3963661193847656,0.19839338958263397
doxorubicin,geldanamycin,SW620,CC1C(C(CC(O1)OC2CC(CC3=C(C4=C(C(=C23)O)C(=O)C5=C(C4=O)C=CC=C5OC)O)(C(=O)CO)O)N)O,CC1CC(C(C(C=C(C(C(C=CC=C(C(=O)NC2=CC(=O)C(=C(C1)C2=O)OC)C)OC)OC(=O)N)C)C)O)OC,-0.365,0,0.85022706,-0.2085,-7.278117,0.008466631174087524,-0.7609105706214905,0.31844860315322876
doxorubicin,geldanamycin,SW837,CC1C(C(CC(O1)OC2CC(CC3=C(C4=C(C(=C23)O)C(=O)C5=C(C4=O)C=CC=C5OC)O)(C(=O)CO)O)N)O,CC1CC(C(C(C=C(C(C(C=CC=C(C(=O)NC2=CC(=O)C(=C(C1)C2=O)OC)C)OC)OC(=O)N)C)C)O)OC,-1.19,0,0.66973823,-0.1229,-8.876198,0.01681932806968689,-0.3384372293949127,0.4161891043186188
doxorubicin,geldanamycin,T47D,CC1C(C(CC(O1)OC2CC(CC3=C(C4=C(C(=C23)O)C(=O)C5=C(C4=O)C=CC=C5OC)O)(C(=O)CO)O)N)O,CC1CC(C(C(C=C(C(C(C=CC=C(C(=O)NC2=CC(=O)C(=C(C1)C2=O)OC)C)OC)OC(=O)N)C)C)O)OC,3.27,1,-15.178871,-0.08195,-9.743653,0.5690857768058777,-0.3845440149307251,0.4050314128398895
doxorubicin,lapatinib,A2058,CC1C(C(CC(O1)OC2CC(CC3=C(C4=C(C(=C23)O)C(=O)C5=C(C4=O)C=CC=C5OC)O)(C(=O)CO)O)N)O,CS(=O)(=O)CCNCC1=CC=C(O1)C2=CC3=C(C=C2)N=CN=C3NC4=CC(=C(C=C4)OCC5=CC(=CC=C5)F)Cl,3.105,1,-1.9504207,-0.06645,4.4334354,0.5429138541221619,0.14059966802597046,0.5350921154022217
doxorubicin,lapatinib,A2780,CC1C(C(CC(O1)OC2CC(CC3=C(C4=C(C(=C23)O)C(=O)C5=C(C4=O)C=CC=C5OC)O)(C(=O)CO)O)N)O,CS(=O)(=O)CCNCC1=CC=C(O1)C2=CC3=C(C=C2)N=CN=C3NC4=CC(=C(C=C4)OCC5=CC(=CC=C5)F)Cl,9.195,1,-1.2745277,-0.03325,6.3617554,0.558193564414978,4.560421466827393,0.9896506071090698
doxorubicin,lapatinib,A375,CC1C(C(CC(O1)OC2CC(CC3=C(C4=C(C(=C23)O)C(=O)C5=C(C4=O)C=CC=C5OC)O)(C(=O)CO)O)N)O,CS(=O)(=O)CCNCC1=CC=C(O1)C2=CC3=C(C=C2)N=CN=C3NC4=CC(=C(C=C4)OCC5=CC(=CC=C5)F)Cl,-3.725,0,-15.857414,-0.0206,12.064848,-0.166779026389122,2.6928088665008545,0.9366010427474976
doxorubicin,lapatinib,ES2,CC1C(C(CC(O1)OC2CC(CC3=C(C4=C(C(=C23)O)C(=O)C5=C(C4=O)C=CC=C5OC)O)(C(=O)CO)O)N)O,CS(=O)(=O)CCNCC1=CC=C(O1)C2=CC3=C(C=C2)N=CN=C3NC4=CC(=C(C=C4)OCC5=CC(=CC=C5)F)Cl,0.62,1,-14.682071,-0.3015,2.8051052,-0.300997793674469,1.251274824142456,0.777520477771759
doxorubicin,lapatinib,HCT116,CC1C(C(CC(O1)OC2CC(CC3=C(C4=C(C(=C23)O)C(=O)C5=C(C4=O)C=CC=C5OC)O)(C(=O)CO)O)N)O,CS(=O)(=O)CCNCC1=CC=C(O1)C2=CC3=C(C=C2)N=CN=C3NC4=CC(=C(C=C4)OCC5=CC(=CC=C5)F)Cl,2.66,1,-4.3431,-0.15745,2.149192,-0.34168827533721924,0.5286791920661926,0.6291750073432922
doxorubicin,lapatinib,HT144,CC1C(C(CC(O1)OC2CC(CC3=C(C4=C(C(=C23)O)C(=O)C5=C(C4=O)C=CC=C5OC)O)(C(=O)CO)O)N)O,CS(=O)(=O)CCNCC1=CC=C(O1)C2=CC3=C(C=C2)N=CN=C3NC4=CC(=C(C=C4)OCC5=CC(=CC=C5)F)Cl,1.185,1,3.6430614,-0.178,3.5956566,0.16621115803718567,-0.04604678973555565,0.48849034309387207
doxorubicin,lapatinib,HT29,CC1C(C(CC(O1)OC2CC(CC3=C(C4=C(C(=C23)O)C(=O)C5=C(C4=O)C=CC=C5OC)O)(C(=O)CO)O)N)O,CS(=O)(=O)CCNCC1=CC=C(O1)C2=CC3=C(C=C2)N=CN=C3NC4=CC(=C(C=C4)OCC5=CC(=CC=C5)F)Cl,1.675,1,3.8111954,-0.237,7.30305,0.0008835494518280029,0.3568948209285736,0.5882886052131653
doxorubicin,lapatinib,MDAMB436,CC1C(C(CC(O1)OC2CC(CC3=C(C4=C(C(=C23)O)C(=O)C5=C(C4=O)C=CC=C5OC)O)(C(=O)CO)O)N)O,CS(=O)(=O)CCNCC1=CC=C(O1)C2=CC3=C(C=C2)N=CN=C3NC4=CC(=C(C=C4)OCC5=CC(=CC=C5)F)Cl,-2.345,0,-3.206441,-0.0658,3.132728,-0.512934684753418,-0.4994972050189972,0.3776588439941406
doxorubicin,lapatinib,NCIH1650,CC1C(C(CC(O1)OC2CC(CC3=C(C4=C(C(=C23)O)C(=O)C5=C(C4=O)C=CC=C5OC)O)(C(=O)CO)O)N)O,CS(=O)(=O)CCNCC1=CC=C(O1)C2=CC3=C(C=C2)N=CN=C3NC4=CC(=C(C=C4)OCC5=CC(=CC=C5)F)Cl,-0.74,0,2.6148915,-0.168,9.96072,-0.8534616231918335,1.8069729804992676,0.8589956760406494
doxorubicin,lapatinib,NCIH2122,CC1C(C(CC(O1)OC2CC(CC3=C(C4=C(C(=C23)O)C(=O)C5=C(C4=O)C=CC=C5OC)O)(C(=O)CO)O)N)O,CS(=O)(=O)CCNCC1=CC=C(O1)C2=CC3=C(C=C2)N=CN=C3NC4=CC(=C(C=C4)OCC5=CC(=CC=C5)F)Cl,1.38,1,7.6934776,-0.05425,-8.706205,0.5831958055496216,2.8876798152923584,0.947234034538269
doxorubicin,lapatinib,NCIH23,CC1C(C(CC(O1)OC2CC(CC3=C(C4=C(C(=C23)O)C(=O)C5=C(C4=O)C=CC=C5OC)O)(C(=O)CO)O)N)O,CS(=O)(=O)CCNCC1=CC=C(O1)C2=CC3=C(C=C2)N=CN=C3NC4=CC(=C(C=C4)OCC5=CC(=CC=C5)F)Cl,5.75,1,-7.930947,-0.2465,-15.812574,-1.7922444343566895,0.19780926406383514,0.5492916703224182
doxorubicin,lapatinib,NCIH520,CC1C(C(CC(O1)OC2CC(CC3=C(C4=C(C(=C23)O)C(=O)C5=C(C4=O)C=CC=C5OC)O)(C(=O)CO)O)N)O,CS(=O)(=O)CCNCC1=CC=C(O1)C2=CC3=C(C=C2)N=CN=C3NC4=CC(=C(C=C4)OCC5=CC(=CC=C5)F)Cl,-2.57,0,-8.590189,-0.191,2.4917555,-0.292007714509964,3.171790361404419,0.9597588181495667
doxorubicin,lapatinib,OV90,CC1C(C(CC(O1)OC2CC(CC3=C(C4=C(C(=C23)O)C(=O)C5=C(C4=O)C=CC=C5OC)O)(C(=O)CO)O)N)O,CS(=O)(=O)CCNCC1=CC=C(O1)C2=CC3=C(C=C2)N=CN=C3NC4=CC(=C(C=C4)OCC5=CC(=CC=C5)F)Cl,-5.1,0,-2.2624533,-0.139,1.9197475,-0.06809496879577637,-5.303660869598389,0.004948741756379604
doxorubicin,lapatinib,RKO,CC1C(C(CC(O1)OC2CC(CC3=C(C4=C(C(=C23)O)C(=O)C5=C(C4=O)C=CC=C5OC)O)(C(=O)CO)O)N)O,CS(=O)(=O)CCNCC1=CC=C(O1)C2=CC3=C(C=C2)N=CN=C3NC4=CC(=C(C=C4)OCC5=CC(=CC=C5)F)Cl,0.95,1,-1.2696186,-0.15745,3.5361512,-0.6417503356933594,-3.4452168941497803,0.030911821871995926
doxorubicin,lapatinib,SKMES1,CC1C(C(CC(O1)OC2CC(CC3=C(C4=C(C(=C23)O)C(=O)C5=C(C4=O)C=CC=C5OC)O)(C(=O)CO)O)N)O,CS(=O)(=O)CCNCC1=CC=C(O1)C2=CC3=C(C=C2)N=CN=C3NC4=CC(=C(C=C4)OCC5=CC(=CC=C5)F)Cl,-1.395,0,0.40093222,-0.3,5.8213887,0.04131034016609192,1.433813214302063,0.8074948191642761
doxorubicin,lapatinib,SW620,CC1C(C(CC(O1)OC2CC(CC3=C(C4=C(C(=C23)O)C(=O)C5=C(C4=O)C=CC=C5OC)O)(C(=O)CO)O)N)O,CS(=O)(=O)CCNCC1=CC=C(O1)C2=CC3=C(C=C2)N=CN=C3NC4=CC(=C(C=C4)OCC5=CC(=CC=C5)F)Cl,7.875,1,-23.494644,-0.12,3.8826597,-0.20560184121131897,0.7162650227546692,0.6717840433120728
doxorubicin,lapatinib,SW837,CC1C(C(CC(O1)OC2CC(CC3=C(C4=C(C(=C23)O)C(=O)C5=C(C4=O)C=CC=C5OC)O)(C(=O)CO)O)N)O,CS(=O)(=O)CCNCC1=CC=C(O1)C2=CC3=C(C=C2)N=CN=C3NC4=CC(=C(C=C4)OCC5=CC(=CC=C5)F)Cl,0.795,1,7.6890693,-0.04735,11.940243,0.5087465047836304,4.302273273468018,0.9866430759429932
doxorubicin,lapatinib,T47D,CC1C(C(CC(O1)OC2CC(CC3=C(C4=C(C(=C23)O)C(=O)C5=C(C4=O)C=CC=C5OC)O)(C(=O)CO)O)N)O,CS(=O)(=O)CCNCC1=CC=C(O1)C2=CC3=C(C=C2)N=CN=C3NC4=CC(=C(C=C4)OCC5=CC(=CC=C5)F)Cl,6.76,1,3.5335243,-0.0954,6.1175838,0.6899807453155518,-0.11337056756019592,0.4716876745223999
doxorubicin,mk2206,A2058,CC1C(C(CC(O1)OC2CC(CC3=C(C4=C(C(=C23)O)C(=O)C5=C(C4=O)C=CC=C5OC)O)(C(=O)CO)O)N)O,C1CC(C1)(C2=CC=C(C=C2)C3=C(C=C4C(=N3)C=CN5C4=NNC5=O)C6=CC=CC=C6)N,0.305,1,0.5742032,-0.07485,13.35717,-0.2962322235107422,2.7050704956054688,0.9373252391815186
doxorubicin,mk2206,A2780,CC1C(C(CC(O1)OC2CC(CC3=C(C4=C(C(=C23)O)C(=O)C5=C(C4=O)C=CC=C5OC)O)(C(=O)CO)O)N)O,C1CC(C1)(C2=CC=C(C=C2)C3=C(C=C4C(=N3)C=CN5C4=NNC5=O)C6=CC=CC=C6)N,3.45,1,6.970345,-0.13475,15.560314,0.23292171955108643,3.5678701400756836,0.9725583791732788
doxorubicin,mk2206,A375,CC1C(C(CC(O1)OC2CC(CC3=C(C4=C(C(=C23)O)C(=O)C5=C(C4=O)C=CC=C5OC)O)(C(=O)CO)O)N)O,C1CC(C1)(C2=CC=C(C=C2)C3=C(C=C4C(=N3)C=CN5C4=NNC5=O)C6=CC=CC=C6)N,8.64,1,-26.529291,-0.0226,19.336567,-0.15394622087478638,1.929123044013977,0.8731522560119629
doxorubicin,mk2206,A427,CC1C(C(CC(O1)OC2CC(CC3=C(C4=C(C(=C23)O)C(=O)C5=C(C4=O)C=CC=C5OC)O)(C(=O)CO)O)N)O,C1CC(C1)(C2=CC=C(C=C2)C3=C(C=C4C(=N3)C=CN5C4=NNC5=O)C6=CC=CC=C6)N,2.355,1,2.577451,-0.374,11.651612,-0.8196488618850708,1.5803072452545166,0.8292480111122131
doxorubicin,mk2206,ES2,CC1C(C(CC(O1)OC2CC(CC3=C(C4=C(C(=C23)O)C(=O)C5=C(C4=O)C=CC=C5OC)O)(C(=O)CO)O)N)O,C1CC(C1)(C2=CC=C(C=C2)C3=C(C=C4C(=N3)C=CN5C4=NNC5=O)C6=CC=CC=C6)N,1.605,1,-6.89557,-0.231,9.174419,-0.3585534691810608,2.2348692417144775,0.9033374190330505
doxorubicin,mk2206,HT144,CC1C(C(CC(O1)OC2CC(CC3=C(C4=C(C(=C23)O)C(=O)C5=C(C4=O)C=CC=C5OC)O)(C(=O)CO)O)N)O,C1CC(C1)(C2=CC=C(C=C2)C3=C(C=C4C(=N3)C=CN5C4=NNC5=O)C6=CC=CC=C6)N,1.26,1,-5.397567,-0.1995,9.18541,-0.3618741035461426,2.527395725250244,0.9260401725769043
doxorubicin,mk2206,HT29,CC1C(C(CC(O1)OC2CC(CC3=C(C4=C(C(=C23)O)C(=O)C5=C(C4=O)C=CC=C5OC)O)(C(=O)CO)O)N)O,C1CC(C1)(C2=CC=C(C=C2)C3=C(C=C4C(=N3)C=CN5C4=NNC5=O)C6=CC=CC=C6)N,3.11,1,2.4622726,-0.2185,12.178638,0.1127258837223053,0.37545323371887207,0.5927760004997253
doxorubicin,mk2206,LOVO,CC1C(C(CC(O1)OC2CC(CC3=C(C4=C(C(=C23)O)C(=O)C5=C(C4=O)C=CC=C5OC)O)(C(=O)CO)O)N)O,C1CC(C1)(C2=CC=C(C=C2)C3=C(C=C4C(=N3)C=CN5C4=NNC5=O)C6=CC=CC=C6)N,-3.57,0,0.049291234,-0.1795,13.737339,0.15339842438697815,0.0353241004049778,0.5088301301002502
doxorubicin,mk2206,MDAMB436,CC1C(C(CC(O1)OC2CC(CC3=C(C4=C(C(=C23)O)C(=O)C5=C(C4=O)C=CC=C5OC)O)(C(=O)CO)O)N)O,C1CC(C1)(C2=CC=C(C=C2)C3=C(C=C4C(=N3)C=CN5C4=NNC5=O)C6=CC=CC=C6)N,-3.57,0,1.2692035,-0.12295,11.82429,-1.4953209161758423,0.26696643233299255,0.5663480162620544
doxorubicin,mk2206,NCIH1650,CC1C(C(CC(O1)OC2CC(CC3=C(C4=C(C(=C23)O)C(=O)C5=C(C4=O)C=CC=C5OC)O)(C(=O)CO)O)N)O,C1CC(C1)(C2=CC=C(C=C2)C3=C(C=C4C(=N3)C=CN5C4=NNC5=O)C6=CC=CC=C6)N,4.59,1,1.7980337,-0.0961,14.815447,0.22952330112457275,-0.9159726500511169,0.28577920794487
doxorubicin,mk2206,NCIH2122,CC1C(C(CC(O1)OC2CC(CC3=C(C4=C(C(=C23)O)C(=O)C5=C(C4=O)C=CC=C5OC)O)(C(=O)CO)O)N)O,C1CC(C1)(C2=CC=C(C=C2)C3=C(C=C4C(=N3)C=CN5C4=NNC5=O)C6=CC=CC=C6)N,1.3,1,4.2392564,-0.3855,-0.32310924,-0.7308841943740845,0.9181792140007019,0.7146709561347961
doxorubicin,mk2206,NCIH23,CC1C(C(CC(O1)OC2CC(CC3=C(C4=C(C(=C23)O)C(=O)C5=C(C4=O)C=CC=C5OC)O)(C(=O)CO)O)N)O,C1CC(C1)(C2=CC=C(C=C2)C3=C(C=C4C(=N3)C=CN5C4=NNC5=O)C6=CC=CC=C6)N,2.335,1,-1.7215818,-0.19,-5.1393895,-1.3280168771743774,0.28669893741607666,0.5711877942085266
doxorubicin,mk2206,NCIH520,CC1C(C(CC(O1)OC2CC(CC3=C(C4=C(C(=C23)O)C(=O)C5=C(C4=O)C=CC=C5OC)O)(C(=O)CO)O)N)O,C1CC(C1)(C2=CC=C(C=C2)C3=C(C=C4C(=N3)C=CN5C4=NNC5=O)C6=CC=CC=C6)N,-4.215,0,-0.46319923,-0.1605,8.103378,-0.5155259370803833,0.6973622441291809,0.6676026582717896
doxorubicin,mk2206,OV90,CC1C(C(CC(O1)OC2CC(CC3=C(C4=C(C(=C23)O)C(=O)C5=C(C4=O)C=CC=C5OC)O)(C(=O)CO)O)N)O,C1CC(C1)(C2=CC=C(C=C2)C3=C(C=C4C(=N3)C=CN5C4=NNC5=O)C6=CC=CC=C6)N,-5.84,0,-2.4472115,-0.11275,8.437198,1.1005823612213135,0.266165554523468,0.5661513209342957
doxorubicin,mk2206,RKO,CC1C(C(CC(O1)OC2CC(CC3=C(C4=C(C(=C23)O)C(=O)C5=C(C4=O)C=CC=C5OC)O)(C(=O)CO)O)N)O,C1CC(C1)(C2=CC=C(C=C2)C3=C(C=C4C(=N3)C=CN5C4=NNC5=O)C6=CC=CC=C6)N,4.455,1,-0.99642795,-0.416,11.319296,-0.349142849445343,0.5255880951881409,0.6284535527229309
doxorubicin,mk2206,SKMES1,CC1C(C(CC(O1)OC2CC(CC3=C(C4=C(C(=C23)O)C(=O)C5=C(C4=O)C=CC=C5OC)O)(C(=O)CO)O)N)O,C1CC(C1)(C2=CC=C(C=C2)C3=C(C=C4C(=N3)C=CN5C4=NNC5=O)C6=CC=CC=C6)N,6.92,1,0.37989798,-0.1433,12.910976,-0.16505584120750427,0.21754026412963867,0.554171621799469
doxorubicin,mk2206,SW620,CC1C(C(CC(O1)OC2CC(CC3=C(C4=C(C(=C23)O)C(=O)C5=C(C4=O)C=CC=C5OC)O)(C(=O)CO)O)N)O,C1CC(C1)(C2=CC=C(C=C2)C3=C(C=C4C(=N3)C=CN5C4=NNC5=O)C6=CC=CC=C6)N,2.845,1,-8.045696,-0.2085,10.017456,-0.2710748016834259,0.15101656317710876,0.5376825332641602
doxorubicin,mk2206,SW837,CC1C(C(CC(O1)OC2CC(CC3=C(C4=C(C(=C23)O)C(=O)C5=C(C4=O)C=CC=C5OC)O)(C(=O)CO)O)N)O,C1CC(C1)(C2=CC=C(C=C2)C3=C(C=C4C(=N3)C=CN5C4=NNC5=O)C6=CC=CC=C6)N,-3.435,0,-2.3487043,-0.1229,12.236368,0.6970006227493286,-2.4398367404937744,0.0801849514245987
doxorubicin,mk2206,T47D,CC1C(C(CC(O1)OC2CC(CC3=C(C4=C(C(=C23)O)C(=O)C5=C(C4=O)C=CC=C5OC)O)(C(=O)CO)O)N)O,C1CC(C1)(C2=CC=C(C=C2)C3=C(C=C4C(=N3)C=CN5C4=NNC5=O)C6=CC=CC=C6)N,4.445,1,3.537346,-0.08195,12.8194895,0.33370140194892883,-0.127621591091156,0.46813786029815674
doxorubicin,mk5108,A2058,CC1C(C(CC(O1)OC2CC(CC3=C(C4=C(C(=C23)O)C(=O)C5=C(C4=O)C=CC=C5OC)O)(C(=O)CO)O)N)O,C1CC(CCC1OC2=C(C(=CC=C2)Cl)F)(CC3=NC(=CC=C3)NC4=NC=CS4)C(=O)O,-2.445,0,-4.6564884,-0.04145,-2.1480942,0.37918397784233093,1.8719637393951416,0.8666852712631226
doxorubicin,mk5108,A2780,CC1C(C(CC(O1)OC2CC(CC3=C(C4=C(C(=C23)O)C(=O)C5=C(C4=O)C=CC=C5OC)O)(C(=O)CO)O)N)O,C1CC(CCC1OC2=C(C(=CC=C2)Cl)F)(CC3=NC(=CC=C3)NC4=NC=CS4)C(=O)O,2.35,1,1.0675817,-0.1805,1.2327468,0.9450305700302124,2.861138343811035,0.9458915591239929
doxorubicin,mk5108,A375,CC1C(C(CC(O1)OC2CC(CC3=C(C4=C(C(=C23)O)C(=O)C5=C(C4=O)C=CC=C5OC)O)(C(=O)CO)O)N)O,C1CC(CCC1OC2=C(C(=CC=C2)Cl)F)(CC3=NC(=CC=C3)NC4=NC=CS4)C(=O)O,-0.475,0,-19.777899,-0.201,2.9670599,0.118279367685318,-1.1535189151763916,0.23984692990779877
doxorubicin,mk5108,A427,CC1C(C(CC(O1)OC2CC(CC3=C(C4=C(C(=C23)O)C(=O)C5=C(C4=O)C=CC=C5OC)O)(C(=O)CO)O)N)O,C1CC(CCC1OC2=C(C(=CC=C2)Cl)F)(CC3=NC(=CC=C3)NC4=NC=CS4)C(=O)O,-4.595,0,-2.2576668,-0.15745,-1.906437,-0.886534571647644,1.483818769454956,0.8151487112045288
doxorubicin,mk5108,ES2,CC1C(C(CC(O1)OC2CC(CC3=C(C4=C(C(=C23)O)C(=O)C5=C(C4=O)C=CC=C5OC)O)(C(=O)CO)O)N)O,C1CC(CCC1OC2=C(C(=CC=C2)Cl)F)(CC3=NC(=CC=C3)NC4=NC=CS4)C(=O)O,0.32,1,-7.5005493,-0.12265,-2.0385182,-0.4229333996772766,-0.05570362135767937,0.4860776662826538
doxorubicin,mk5108,HCT116,CC1C(C(CC(O1)OC2CC(CC3=C(C4=C(C(=C23)O)C(=O)C5=C(C4=O)C=CC=C5OC)O)(C(=O)CO)O)N)O,C1CC(CCC1OC2=C(C(=CC=C2)Cl)F)(CC3=NC(=CC=C3)NC4=NC=CS4)C(=O)O,-0.41,0,-7.4208407,-0.237,-2.2749403,-0.9299405813217163,-0.18472032248973846,0.45395082235336304
doxorubicin,mk5108,HT144,CC1C(C(CC(O1)OC2CC(CC3=C(C4=C(C(=C23)O)C(=O)C5=C(C4=O)C=CC=C5OC)O)(C(=O)CO)O)N)O,C1CC(CCC1OC2=C(C(=CC=C2)Cl)F)(CC3=NC(=CC=C3)NC4=NC=CS4)C(=O)O,-8.11,0,-12.703357,-0.1268,-6.908445,-0.8452244400978088,-3.901761054992676,0.019806087017059326
doxorubicin,mk5108,HT29,CC1C(C(CC(O1)OC2CC(CC3=C(C4=C(C(=C23)O)C(=O)C5=C(C4=O)C=CC=C5OC)O)(C(=O)CO)O)N)O,C1CC(CCC1OC2=C(C(=CC=C2)Cl)F)(CC3=NC(=CC=C3)NC4=NC=CS4)C(=O)O,4.745,1,-17.904913,-0.0658,0.070606984,0.23802858591079712,0.10236687958240509,0.5255693793296814
doxorubicin,mk5108,LOVO,CC1C(C(CC(O1)OC2CC(CC3=C(C4=C(C(=C23)O)C(=O)C5=C(C4=O)C=CC=C5OC)O)(C(=O)CO)O)N)O,C1CC(CCC1OC2=C(C(=CC=C2)Cl)F)(CC3=NC(=CC=C3)NC4=NC=CS4)C(=O)O,-8.85,0,-3.9727054,-0.05345,1.6317604,0.24800658226013184,-4.80111837387085,0.00815352238714695
doxorubicin,mk5108,MDAMB436,CC1C(C(CC(O1)OC2CC(CC3=C(C4=C(C(=C23)O)C(=O)C5=C(C4=O)C=CC=C5OC)O)(C(=O)CO)O)N)O,C1CC(CCC1OC2=C(C(=CC=C2)Cl)F)(CC3=NC(=CC=C3)NC4=NC=CS4)C(=O)O,-2.245,0,-9.210003,-0.0783,-1.0111312,-1.0462462902069092,-4.088891506195068,0.016481604427099228
doxorubicin,mk5108,NCIH1650,CC1C(C(CC(O1)OC2CC(CC3=C(C4=C(C(=C23)O)C(=O)C5=C(C4=O)C=CC=C5OC)O)(C(=O)CO)O)N)O,C1CC(CCC1OC2=C(C(=CC=C2)Cl)F)(CC3=NC(=CC=C3)NC4=NC=CS4)C(=O)O,-5.435,0,-7.2060843,-0.09205,0.35869333,-0.9361238479614258,-2.9098243713378906,0.05167004093527794
doxorubicin,mk5108,NCIH2122,CC1C(C(CC(O1)OC2CC(CC3=C(C4=C(C(=C23)O)C(=O)C5=C(C4=O)C=CC=C5OC)O)(C(=O)CO)O)N)O,C1CC(CCC1OC2=C(C(=CC=C2)Cl)F)(CC3=NC(=CC=C3)NC4=NC=CS4)C(=O)O,-4.945,0,-6.086537,-0.07885,-15.030147,0.11819834262132645,0.3562629818916321,0.5881354808807373
doxorubicin,mk5108,NCIH23,CC1C(C(CC(O1)OC2CC(CC3=C(C4=C(C(=C23)O)C(=O)C5=C(C4=O)C=CC=C5OC)O)(C(=O)CO)O)N)O,C1CC(CCC1OC2=C(C(=CC=C2)Cl)F)(CC3=NC(=CC=C3)NC4=NC=CS4)C(=O)O,0.58,1,-1.277398,-0.03325,-15.551098,-1.8032524585723877,0.01199415698647499,0.5029985308647156
doxorubicin,mk5108,NCIH520,CC1C(C(CC(O1)OC2CC(CC3=C(C4=C(C(=C23)O)C(=O)C5=C(C4=O)C=CC=C5OC)O)(C(=O)CO)O)N)O,C1CC(CCC1OC2=C(C(=CC=C2)Cl)F)(CC3=NC(=CC=C3)NC4=NC=CS4)C(=O)O,-9.99,0,-6.6095047,-0.03175,-5.1803675,-0.9621153473854065,0.039449337869882584,0.5098610520362854
doxorubicin,mk5108,OV90,CC1C(C(CC(O1)OC2CC(CC3=C(C4=C(C(=C23)O)C(=O)C5=C(C4=O)C=CC=C5OC)O)(C(=O)CO)O)N)O,C1CC(CCC1OC2=C(C(=CC=C2)Cl)F)(CC3=NC(=CC=C3)NC4=NC=CS4)C(=O)O,-3.58,0,-11.754738,-0.31,-4.0768,0.39369237422943115,-3.895033597946167,0.019937114790081978
doxorubicin,mk5108,RKO,CC1C(C(CC(O1)OC2CC(CC3=C(C4=C(C(=C23)O)C(=O)C5=C(C4=O)C=CC=C5OC)O)(C(=O)CO)O)N)O,C1CC(CCC1OC2=C(C(=CC=C2)Cl)F)(CC3=NC(=CC=C3)NC4=NC=CS4)C(=O)O,0.715,1,-21.140778,-0.237,0.29896918,-0.3916386067867279,-0.34652507305145264,0.41422533988952637
doxorubicin,mk5108,SKMES1,CC1C(C(CC(O1)OC2CC(CC3=C(C4=C(C(=C23)O)C(=O)C5=C(C4=O)C=CC=C5OC)O)(C(=O)CO)O)N)O,C1CC(CCC1OC2=C(C(=CC=C2)Cl)F)(CC3=NC(=CC=C3)NC4=NC=CS4)C(=O)O,-6.59,0,-4.0165753,-0.205,-2.9865403,0.10423148423433304,-2.732330083847046,0.06109236925840378
doxorubicin,mk5108,SW620,CC1C(C(CC(O1)OC2CC(CC3=C(C4=C(C(=C23)O)C(=O)C5=C(C4=O)C=CC=C5OC)O)(C(=O)CO)O)N)O,C1CC(CCC1OC2=C(C(=CC=C2)Cl)F)(CC3=NC(=CC=C3)NC4=NC=CS4)C(=O)O,0.255,1,0.65789616,-0.1925,-0.7616134,0.07339543104171753,-0.32794445753097534,0.4187408685684204
doxorubicin,mk5108,SW837,CC1C(C(CC(O1)OC2CC(CC3=C(C4=C(C(=C23)O)C(=O)C5=C(C4=O)C=CC=C5OC)O)(C(=O)CO)O)N)O,C1CC(CCC1OC2=C(C(=CC=C2)Cl)F)(CC3=NC(=CC=C3)NC4=NC=CS4)C(=O)O,-2.93,0,-14.150813,-0.221,0.75496984,0.08796527981758118,0.1045331358909607,0.526109516620636
doxorubicin,sorafenib,A2058,CC1C(C(CC(O1)OC2CC(CC3=C(C4=C(C(=C23)O)C(=O)C5=C(C4=O)C=CC=C5OC)O)(C(=O)CO)O)N)O,CNC(=O)C1=NC=CC(=C1)OC2=CC=C(C=C2)NC(=O)NC3=CC(=C(C=C3)Cl)C(F)(F)F,-0.975,0,-3.8984282,-0.3015,-3.9094696,-0.37984052300453186,-3.3164217472076416,0.035012103617191315
doxorubicin,sorafenib,A2780,CC1C(C(CC(O1)OC2CC(CC3=C(C4=C(C(=C23)O)C(=O)C5=C(C4=O)C=CC=C5OC)O)(C(=O)CO)O)N)O,CNC(=O)C1=NC=CC(=C1)OC2=CC=C(C=C2)NC(=O)NC3=CC(=C(C=C3)Cl)C(F)(F)F,-0.095,0,-1.7994884,-0.15745,-1.5176181,0.9583823680877686,-1.8262211084365845,0.1386890560388565
doxorubicin,sorafenib,A375,CC1C(C(CC(O1)OC2CC(CC3=C(C4=C(C(=C23)O)C(=O)C5=C(C4=O)C=CC=C5OC)O)(C(=O)CO)O)N)O,CNC(=O)C1=NC=CC(=C1)OC2=CC=C(C=C2)NC(=O)NC3=CC(=C(C=C3)Cl)C(F)(F)F,-16.475,0,-3.331133,-0.178,0.8752686,-0.20002928376197815,1.0664995908737183,0.7439306378364563
doxorubicin,sorafenib,A427,CC1C(C(CC(O1)OC2CC(CC3=C(C4=C(C(=C23)O)C(=O)C5=C(C4=O)C=CC=C5OC)O)(C(=O)CO)O)N)O,CNC(=O)C1=NC=CC(=C1)OC2=CC=C(C=C2)NC(=O)NC3=CC(=C(C=C3)Cl)C(F)(F)F,-2.815,0,-2.550949,-0.237,-3.844379,-0.24094894528388977,2.1530706882476807,0.8959553837776184
doxorubicin,sorafenib,ES2,CC1C(C(CC(O1)OC2CC(CC3=C(C4=C(C(=C23)O)C(=O)C5=C(C4=O)C=CC=C5OC)O)(C(=O)CO)O)N)O,CNC(=O)C1=NC=CC(=C1)OC2=CC=C(C=C2)NC(=O)NC3=CC(=C(C=C3)Cl)C(F)(F)F,-2.515,0,-1.1192853,-0.1218,-4.9457498,0.25043731927871704,-1.3558567762374878,0.20491451025009155
doxorubicin,sorafenib,HCT116,CC1C(C(CC(O1)OC2CC(CC3=C(C4=C(C(=C23)O)C(=O)C5=C(C4=O)C=CC=C5OC)O)(C(=O)CO)O)N)O,CNC(=O)C1=NC=CC(=C1)OC2=CC=C(C=C2)NC(=O)NC3=CC(=C(C=C3)Cl)C(F)(F)F,-3.9,0,-6.507093,-0.0658,-5.577699,-0.6042147874832153,0.07194852828979492,0.5179793834686279
doxorubicin,sorafenib,HT29,CC1C(C(CC(O1)OC2CC(CC3=C(C4=C(C(=C23)O)C(=O)C5=C(C4=O)C=CC=C5OC)O)(C(=O)CO)O)N)O,CNC(=O)C1=NC=CC(=C1)OC2=CC=C(C=C2)NC(=O)NC3=CC(=C(C=C3)Cl)C(F)(F)F,-6.0,0,-8.672659,-0.05425,-4.007496,0.37420281767845154,-0.2594972550868988,0.435487300157547
doxorubicin,sorafenib,LOVO,CC1C(C(CC(O1)OC2CC(CC3=C(C4=C(C(=C23)O)C(=O)C5=C(C4=O)C=CC=C5OC)O)(C(=O)CO)O)N)O,CNC(=O)C1=NC=CC(=C1)OC2=CC=C(C=C2)NC(=O)NC3=CC(=C(C=C3)Cl)C(F)(F)F,-6.12,0,-10.571587,-0.10325,-3.1685119,0.3577779233455658,-3.401995897293091,0.03223314881324768
doxorubicin,sorafenib,MDAMB436,CC1C(C(CC(O1)OC2CC(CC3=C(C4=C(C(=C23)O)C(=O)C5=C(C4=O)C=CC=C5OC)O)(C(=O)CO)O)N)O,CNC(=O)C1=NC=CC(=C1)OC2=CC=C(C=C2)NC(=O)NC3=CC(=C(C=C3)Cl)C(F)(F)F,-9.04,0,-12.10125,-0.14,-3.1918697,-0.06776377558708191,-2.0008890628814697,0.1191096156835556
doxorubicin,sorafenib,NCIH1650,CC1C(C(CC(O1)OC2CC(CC3=C(C4=C(C(=C23)O)C(=O)C5=C(C4=O)C=CC=C5OC)O)(C(=O)CO)O)N)O,CNC(=O)C1=NC=CC(=C1)OC2=CC=C(C=C2)NC(=O)NC3=CC(=C(C=C3)Cl)C(F)(F)F,-9.375,0,-17.418505,-0.0247,-3.584917,0.7629542946815491,0.40906065702438354,0.6008626222610474
doxorubicin,sorafenib,NCIH2122,CC1C(C(CC(O1)OC2CC(CC3=C(C4=C(C(=C23)O)C(=O)C5=C(C4=O)C=CC=C5OC)O)(C(=O)CO)O)N)O,CNC(=O)C1=NC=CC(=C1)OC2=CC=C(C=C2)NC(=O)NC3=CC(=C(C=C3)Cl)C(F)(F)F,-6.67,0,-14.188527,-0.0486,-16.344677,0.13309922814369202,-2.3335959911346436,0.08837851136922836
doxorubicin,sorafenib,NCIH23,CC1C(C(CC(O1)OC2CC(CC3=C(C4=C(C(=C23)O)C(=O)C5=C(C4=O)C=CC=C5OC)O)(C(=O)CO)O)N)O,CNC(=O)C1=NC=CC(=C1)OC2=CC=C(C=C2)NC(=O)NC3=CC(=C(C=C3)Cl)C(F)(F)F,-2.895,0,-8.815205,-0.02925,-18.200054,-1.36808180809021,-0.5221369862556458,0.372352659702301
doxorubicin,sorafenib,NCIH520,CC1C(C(CC(O1)OC2CC(CC3=C(C4=C(C(=C23)O)C(=O)C5=C(C4=O)C=CC=C5OC)O)(C(=O)CO)O)N)O,CNC(=O)C1=NC=CC(=C1)OC2=CC=C(C=C2)NC(=O)NC3=CC(=C(C=C3)Cl)C(F)(F)F,-1.69,0,-4.8430285,-0.222,-6.6294365,-1.2197874784469604,-3.113532781600952,0.04255247861146927
doxorubicin,sorafenib,OV90,CC1C(C(CC(O1)OC2CC(CC3=C(C4=C(C(=C23)O)C(=O)C5=C(C4=O)C=CC=C5OC)O)(C(=O)CO)O)N)O,CNC(=O)C1=NC=CC(=C1)OC2=CC=C(C=C2)NC(=O)NC3=CC(=C(C=C3)Cl)C(F)(F)F,-4.755,0,-5.8383145,-0.178,-7.6224556,0.9614276885986328,-2.692594289779663,0.06341176480054855
doxorubicin,sorafenib,RKO,CC1C(C(CC(O1)OC2CC(CC3=C(C4=C(C(=C23)O)C(=O)C5=C(C4=O)C=CC=C5OC)O)(C(=O)CO)O)N)O,CNC(=O)C1=NC=CC(=C1)OC2=CC=C(C=C2)NC(=O)NC3=CC(=C(C=C3)Cl)C(F)(F)F,-2.225,0,-5.1696453,-0.2075,-3.3057523,-0.011406511068344116,-1.8451151847839355,0.13644744455814362
doxorubicin,sorafenib,SKOV3,CC1C(C(CC(O1)OC2CC(CC3=C(C4=C(C(=C23)O)C(=O)C5=C(C4=O)C=CC=C5OC)O)(C(=O)CO)O)N)O,CNC(=O)C1=NC=CC(=C1)OC2=CC=C(C=C2)NC(=O)NC3=CC(=C(C=C3)Cl)C(F)(F)F,2.575,1,-7.7877903,-0.2475,-0.5411386,0.17363563179969788,-0.9377475380897522,0.2813555598258972
doxorubicin,sorafenib,SW620,CC1C(C(CC(O1)OC2CC(CC3=C(C4=C(C(=C23)O)C(=O)C5=C(C4=O)C=CC=C5OC)O)(C(=O)CO)O)N)O,CNC(=O)C1=NC=CC(=C1)OC2=CC=C(C=C2)NC(=O)NC3=CC(=C(C=C3)Cl)C(F)(F)F,-1.25,0,-3.015821,-0.13035,-3.919547,-0.20708754658699036,-0.08594092726707458,0.4785279929637909
doxorubicin,sorafenib,SW837,CC1C(C(CC(O1)OC2CC(CC3=C(C4=C(C(=C23)O)C(=O)C5=C(C4=O)C=CC=C5OC)O)(C(=O)CO)O)N)O,CNC(=O)C1=NC=CC(=C1)OC2=CC=C(C=C2)NC(=O)NC3=CC(=C(C=C3)Cl)C(F)(F)F,-9.57,0,-9.682646,-0.11925,-4.214052,0.05207202583551407,-0.741405189037323,0.3226969242095947
doxorubicin,sorafenib,T47D,CC1C(C(CC(O1)OC2CC(CC3=C(C4=C(C(=C23)O)C(=O)C5=C(C4=O)C=CC=C5OC)O)(C(=O)CO)O)N)O,CNC(=O)C1=NC=CC(=C1)OC2=CC=C(C=C2)NC(=O)NC3=CC(=C(C=C3)Cl)C(F)(F)F,3.14,1,0.2959446,-0.12445,-4.6493125,0.6012889742851257,-0.607326328754425,0.352669358253479
doxorubicin,sunitinib,A2058,CC1C(C(CC(O1)OC2CC(CC3=C(C4=C(C(=C23)O)C(=O)C5=C(C4=O)C=CC=C5OC)O)(C(=O)CO)O)N)O,CCN(CC)CCNC(=O)C1=C(NC(=C1C)C=C2C3=C(C=CC(=C3)F)NC2=O)C,-0.935,0,-1.3716964,-0.273,0.806253,-0.6744954586029053,-0.33653879165649414,0.4166505038738251
doxorubicin,sunitinib,A375,CC1C(C(CC(O1)OC2CC(CC3=C(C4=C(C(=C23)O)C(=O)C5=C(C4=O)C=CC=C5OC)O)(C(=O)CO)O)N)O,CCN(CC)CCNC(=O)C1=C(NC(=C1C)C=C2C3=C(C=CC(=C3)F)NC2=O)C,-19.89,0,-16.147959,-0.2035,5.7605453,0.6104918122291565,3.3143279552459717,0.9649170637130737
doxorubicin,sunitinib,ES2,CC1C(C(CC(O1)OC2CC(CC3=C(C4=C(C(=C23)O)C(=O)C5=C(C4=O)C=CC=C5OC)O)(C(=O)CO)O)N)O,CCN(CC)CCNC(=O)C1=C(NC(=C1C)C=C2C3=C(C=CC(=C3)F)NC2=O)C,-2.65,0,-5.539456,-0.20075,0.32713106,-0.4234638512134552,-0.7693488597869873,0.31661996245384216
doxorubicin,sunitinib,HCT116,CC1C(C(CC(O1)OC2CC(CC3=C(C4=C(C(=C23)O)C(=O)C5=C(C4=O)C=CC=C5OC)O)(C(=O)CO)O)N)O,CCN(CC)CCNC(=O)C1=C(NC(=C1C)C=C2C3=C(C=CC(=C3)F)NC2=O)C,-0.27,0,-2.4552813,-0.177,-1.7550353,-0.7371554970741272,-0.002038460224866867,0.4994904100894928
doxorubicin,sunitinib,HT144,CC1C(C(CC(O1)OC2CC(CC3=C(C4=C(C(=C23)O)C(=O)C5=C(C4=O)C=CC=C5OC)O)(C(=O)CO)O)N)O,CCN(CC)CCNC(=O)C1=C(NC(=C1C)C=C2C3=C(C=CC(=C3)F)NC2=O)C,-4.39,0,-15.153917,-0.08955,-4.3908525,-0.6477996110916138,-2.9814043045043945,0.04827307164669037
doxorubicin,sunitinib,HT29,CC1C(C(CC(O1)OC2CC(CC3=C(C4=C(C(=C23)O)C(=O)C5=C(C4=O)C=CC=C5OC)O)(C(=O)CO)O)N)O,CCN(CC)CCNC(=O)C1=C(NC(=C1C)C=C2C3=C(C=CC(=C3)F)NC2=O)C,-0.885,0,-2.93952,-0.224,0.079821505,0.279537558555603,0.09579551219940186,0.5239306092262268
doxorubicin,sunitinib,MDAMB436,CC1C(C(CC(O1)OC2CC(CC3=C(C4=C(C(=C23)O)C(=O)C5=C(C4=O)C=CC=C5OC)O)(C(=O)CO)O)N)O,CCN(CC)CCNC(=O)C1=C(NC(=C1C)C=C2C3=C(C=CC(=C3)F)NC2=O)C,-11.015,0,-3.2776978,-0.237,0.8540692,-0.15324905514717102,-4.227952003479004,0.01437263935804367
doxorubicin,sunitinib,NCIH1650,CC1C(C(CC(O1)OC2CC(CC3=C(C4=C(C(=C23)O)C(=O)C5=C(C4=O)C=CC=C5OC)O)(C(=O)CO)O)N)O,CCN(CC)CCNC(=O)C1=C(NC(=C1C)C=C2C3=C(C=CC(=C3)F)NC2=O)C,-3.13,0,-1.0853277,-0.1805,1.8970796,0.3240722417831421,1.900511622428894,0.8699494004249573
doxorubicin,sunitinib,NCIH2122,CC1C(C(CC(O1)OC2CC(CC3=C(C4=C(C(=C23)O)C(=O)C5=C(C4=O)C=CC=C5OC)O)(C(=O)CO)O)N)O,CCN(CC)CCNC(=O)C1=C(NC(=C1C)C=C2C3=C(C=CC(=C3)F)NC2=O)C,-0.73,0,-10.113524,-0.174,-12.772919,-0.6759582757949829,-0.5267808437347412,0.37126803398132324
doxorubicin,sunitinib,NCIH23,CC1C(C(CC(O1)OC2CC(CC3=C(C4=C(C(=C23)O)C(=O)C5=C(C4=O)C=CC=C5OC)O)(C(=O)CO)O)N)O,CCN(CC)CCNC(=O)C1=C(NC(=C1C)C=C2C3=C(C=CC(=C3)F)NC2=O)C,-4.28,0,-1.3018744,-0.07275,-14.660129,-1.5561418533325195,0.10417838394641876,0.5260210633277893
doxorubicin,sunitinib,NCIH520,CC1C(C(CC(O1)OC2CC(CC3=C(C4=C(C(=C23)O)C(=O)C5=C(C4=O)C=CC=C5OC)O)(C(=O)CO)O)N)O,CCN(CC)CCNC(=O)C1=C(NC(=C1C)C=C2C3=C(C=CC(=C3)F)NC2=O)C,-1.695,0,-6.333341,-0.257,-1.8697659,-0.4085177779197693,1.0116970539093018,0.7333521246910095
doxorubicin,sunitinib,OV90,CC1C(C(CC(O1)OC2CC(CC3=C(C4=C(C(=C23)O)C(=O)C5=C(C4=O)C=CC=C5OC)O)(C(=O)CO)O)N)O,CCN(CC)CCNC(=O)C1=C(NC(=C1C)C=C2C3=C(C=CC(=C3)F)NC2=O)C,-6.06,0,-34.012363,-0.3285,-2.726809,0.8501602411270142,-3.9921529293060303,0.01812533661723137
doxorubicin,sunitinib,RKO,CC1C(C(CC(O1)OC2CC(CC3=C(C4=C(C(=C23)O)C(=O)C5=C(C4=O)C=CC=C5OC)O)(C(=O)CO)O)N)O,CCN(CC)CCNC(=O)C1=C(NC(=C1C)C=C2C3=C(C=CC(=C3)F)NC2=O)C,-3.655,0,-2.6369216,-0.2085,-0.12255367,-0.028879761695861816,-1.8278565406799316,0.13849382102489471
doxorubicin,sunitinib,SKMES1,CC1C(C(CC(O1)OC2CC(CC3=C(C4=C(C(=C23)O)C(=O)C5=C(C4=O)C=CC=C5OC)O)(C(=O)CO)O)N)O,CCN(CC)CCNC(=O)C1=C(NC(=C1C)C=C2C3=C(C=CC(=C3)F)NC2=O)C,-3.165,0,-4.1073465,-0.05425,0.27677765,-0.5559786558151245,-2.1652884483337402,0.10291119664907455
doxorubicin,sunitinib,SKOV3,CC1C(C(CC(O1)OC2CC(CC3=C(C4=C(C(=C23)O)C(=O)C5=C(C4=O)C=CC=C5OC)O)(C(=O)CO)O)N)O,CCN(CC)CCNC(=O)C1=C(NC(=C1C)C=C2C3=C(C=CC(=C3)F)NC2=O)C,-1.64,0,-5.7680583,-0.1048,3.9004455,0.22909361124038696,-0.2643664479255676,0.43429064750671387
doxorubicin,sunitinib,SW620,CC1C(C(CC(O1)OC2CC(CC3=C(C4=C(C(=C23)O)C(=O)C5=C(C4=O)C=CC=C5OC)O)(C(=O)CO)O)N)O,CCN(CC)CCNC(=O)C1=C(NC(=C1C)C=C2C3=C(C=CC(=C3)F)NC2=O)C,-1.505,0,2.8238134,-0.08685,0.57410747,-0.16848620772361755,-0.28228020668029785,0.4298948049545288
doxorubicin,sunitinib,SW837,CC1C(C(CC(O1)OC2CC(CC3=C(C4=C(C(=C23)O)C(=O)C5=C(C4=O)C=CC=C5OC)O)(C(=O)CO)O)N)O,CCN(CC)CCNC(=O)C1=C(NC(=C1C)C=C2C3=C(C=CC(=C3)F)NC2=O)C,-7.285,0,-7.7326217,-0.03325,-1.9067237,0.5685716867446899,-4.03408670425415,0.017393937334418297
doxorubicin,sunitinib,T47D,CC1C(C(CC(O1)OC2CC(CC3=C(C4=C(C(=C23)O)C(=O)C5=C(C4=O)C=CC=C5OC)O)(C(=O)CO)O)N)O,CCN(CC)CCNC(=O)C1=C(NC(=C1C)C=C2C3=C(C=CC(=C3)F)NC2=O)C,1.79,1,-16.605768,-0.0206,-1.230409,0.5282504558563232,-0.07335583865642548,0.48166924715042114
doxorubicin,temozolomide,A2058,CC1C(C(CC(O1)OC2CC(CC3=C(C4=C(C(=C23)O)C(=O)C5=C(C4=O)C=CC=C5OC)O)(C(=O)CO)O)N)O,CN1C(=O)N2C=NC(=C2N=N1)C(=O)N,-3.27,0,-0.7338454,-0.186,1.2660462,-0.10254160314798355,-0.12370282411575317,0.46911367774009705
doxorubicin,temozolomide,A2780,CC1C(C(CC(O1)OC2CC(CC3=C(C4=C(C(=C23)O)C(=O)C5=C(C4=O)C=CC=C5OC)O)(C(=O)CO)O)N)O,CN1C(=O)N2C=NC(=C2N=N1)C(=O)N,5.65,1,-17.960388,-0.1695,1.651518,1.1304455995559692,2.9617130756378174,0.9508141279220581
doxorubicin,temozolomide,A375,CC1C(C(CC(O1)OC2CC(CC3=C(C4=C(C(=C23)O)C(=O)C5=C(C4=O)C=CC=C5OC)O)(C(=O)CO)O)N)O,CN1C(=O)N2C=NC(=C2N=N1)C(=O)N,-1.56,0,-22.162325,-0.2085,1.6304041,-0.5581364631652832,-0.1474352478981018,0.46320781111717224
doxorubicin,temozolomide,A427,CC1C(C(CC(O1)OC2CC(CC3=C(C4=C(C(=C23)O)C(=O)C5=C(C4=O)C=CC=C5OC)O)(C(=O)CO)O)N)O,CN1C(=O)N2C=NC(=C2N=N1)C(=O)N,-2.975,0,-4.57179,-0.19665,-1.6846547,-0.1869770884513855,-3.3730671405792236,0.033147867769002914
doxorubicin,temozolomide,ES2,CC1C(C(CC(O1)OC2CC(CC3=C(C4=C(C(=C23)O)C(=O)C5=C(C4=O)C=CC=C5OC)O)(C(=O)CO)O)N)O,CN1C(=O)N2C=NC(=C2N=N1)C(=O)N,-4.28,0,-9.883458,-0.0739,-1.828971,0.647011399269104,0.598365843296051,0.6452823281288147
doxorubicin,temozolomide,HCT116,CC1C(C(CC(O1)OC2CC(CC3=C(C4=C(C(=C23)O)C(=O)C5=C(C4=O)C=CC=C5OC)O)(C(=O)CO)O)N)O,CN1C(=O)N2C=NC(=C2N=N1)C(=O)N,2.92,1,-46.804943,-0.0953,-2.5381572,-0.48191729187965393,-0.20223167538642883,0.44961369037628174
doxorubicin,temozolomide,HT29,CC1C(C(CC(O1)OC2CC(CC3=C(C4=C(C(=C23)O)C(=O)C5=C(C4=O)C=CC=C5OC)O)(C(=O)CO)O)N)O,CN1C(=O)N2C=NC(=C2N=N1)C(=O)N,3.815,1,-49.610607,-0.05115,-1.4252809,0.22087723016738892,-0.02852405235171318,0.49286946654319763
doxorubicin,temozolomide,MDAMB436,CC1C(C(CC(O1)OC2CC(CC3=C(C4=C(C(=C23)O)C(=O)C5=C(C4=O)C=CC=C5OC)O)(C(=O)CO)O)N)O,CN1C(=O)N2C=NC(=C2N=N1)C(=O)N,-4.325,0,-10.425198,-0.0206,1.0028814,-0.08353513479232788,-3.774109125137329,0.02244231477379799
doxorubicin,temozolomide,NCIH1650,CC1C(C(CC(O1)OC2CC(CC3=C(C4=C(C(=C23)O)C(=O)C5=C(C4=O)C=CC=C5OC)O)(C(=O)CO)O)N)O,CN1C(=O)N2C=NC(=C2N=N1)C(=O)N,4.405,1,-64.28278,-0.08605,-6.771986,0.6084349155426025,2.09122896194458,0.8900477290153503
doxorubicin,temozolomide,NCIH2122,CC1C(C(CC(O1)OC2CC(CC3=C(C4=C(C(=C23)O)C(=O)C5=C(C4=O)C=CC=C5OC)O)(C(=O)CO)O)N)O,CN1C(=O)N2C=NC(=C2N=N1)C(=O)N,-2.295,0,-28.519321,-0.1805,-8.785948,-0.7220895290374756,-0.24082255363464355,0.44008365273475647
doxorubicin,temozolomide,NCIH23,CC1C(C(CC(O1)OC2CC(CC3=C(C4=C(C(=C23)O)C(=O)C5=C(C4=O)C=CC=C5OC)O)(C(=O)CO)O)N)O,CN1C(=O)N2C=NC(=C2N=N1)C(=O)N,1.43,1,-6.777211,-0.201,-12.531404,-1.3124421834945679,-0.6396906971931458,0.34531646966934204
doxorubicin,temozolomide,NCIH520,CC1C(C(CC(O1)OC2CC(CC3=C(C4=C(C(=C23)O)C(=O)C5=C(C4=O)C=CC=C5OC)O)(C(=O)CO)O)N)O,CN1C(=O)N2C=NC(=C2N=N1)C(=O)N,-0.66,0,-23.51811,-0.186,-4.424574,-0.15034466981887817,0.6053636074066162,0.6468824744224548
doxorubicin,temozolomide,OV90,CC1C(C(CC(O1)OC2CC(CC3=C(C4=C(C(=C23)O)C(=O)C5=C(C4=O)C=CC=C5OC)O)(C(=O)CO)O)N)O,CN1C(=O)N2C=NC(=C2N=N1)C(=O)N,-2.945,0,-33.075752,-0.213,-5.1417723,0.04538172483444214,-2.064405679702759,0.11260483413934708
doxorubicin,temozolomide,RKO,CC1C(C(CC(O1)OC2CC(CC3=C(C4=C(C(=C23)O)C(=O)C5=C(C4=O)C=CC=C5OC)O)(C(=O)CO)O)N)O,CN1C(=O)N2C=NC(=C2N=N1)C(=O)N,-0.225,0,-41.073982,-0.05425,-0.03532704,0.7856060266494751,0.6090710759162903,0.6477288603782654
doxorubicin,temozolomide,SKMES1,CC1C(C(CC(O1)OC2CC(CC3=C(C4=C(C(=C23)O)C(=O)C5=C(C4=O)C=CC=C5OC)O)(C(=O)CO)O)N)O,CN1C(=O)N2C=NC(=C2N=N1)C(=O)N,1.475,1,-30.573072,-0.08285,-2.356669,0.0025633573532104492,2.492086410522461,0.9235851168632507
doxorubicin,temozolomide,SKOV3,CC1C(C(CC(O1)OC2CC(CC3=C(C4=C(C(=C23)O)C(=O)C5=C(C4=O)C=CC=C5OC)O)(C(=O)CO)O)N)O,CN1C(=O)N2C=NC(=C2N=N1)C(=O)N,7.525,1,-55.75032,-0.0247,-2.4202466,0.03841465711593628,-0.4926387667655945,0.3792721629142761
doxorubicin,temozolomide,SW620,CC1C(C(CC(O1)OC2CC(CC3=C(C4=C(C(=C23)O)C(=O)C5=C(C4=O)C=CC=C5OC)O)(C(=O)CO)O)N)O,CN1C(=O)N2C=NC(=C2N=N1)C(=O)N,-5.78,0,-4.9603424,-0.0206,-0.4014959,-0.03148922324180603,-0.7271491289138794,0.325820654630661
doxorubicin,temozolomide,SW837,CC1C(C(CC(O1)OC2CC(CC3=C(C4=C(C(=C23)O)C(=O)C5=C(C4=O)C=CC=C5OC)O)(C(=O)CO)O)N)O,CN1C(=O)N2C=NC(=C2N=N1)C(=O)N,-2.91,0,-37.727993,-0.02245,-8.577148,0.11480861902236938,1.2945786714553833,0.7849211692810059
doxorubicin,temozolomide,T47D,CC1C(C(CC(O1)OC2CC(CC3=C(C4=C(C(=C23)O)C(=O)C5=C(C4=O)C=CC=C5OC)O)(C(=O)CO)O)N)O,CN1C(=O)N2C=NC(=C2N=N1)C(=O)N,14.84,1,-57.225494,-0.231,-7.7820597,0.7005558013916016,-0.03771136328577995,0.49057328701019287
erlotinib,bortezomib,A2058,COCCOC1=C(C=C2C(=C1)C(=NC=N2)NC3=CC=CC(=C3)C#C)OCCOC,B(C(CC(C)C)NC(=O)C(CC1=CC=CC=C1)NC(=O)C2=NC=CN=C2)(O)O,-2.01,0,-1.8041099,-1.1445,-2.579233,-1.2551589012145996,1.2220383882522583,0.7724220752716064
erlotinib,bortezomib,ES2,COCCOC1=C(C=C2C(=C1)C(=NC=N2)NC3=CC=CC(=C3)C#C)OCCOC,B(C(CC(C)C)NC(=O)C(CC1=CC=CC=C1)NC(=O)C2=NC=CN=C2)(O)O,8.355,1,-1.0789608,-1.0335,-5.1467657,-1.38778817653656,3.3378512859344482,0.9657047986984253
erlotinib,bortezomib,HCT116,COCCOC1=C(C=C2C(=C1)C(=NC=N2)NC3=CC=CC(=C3)C#C)OCCOC,B(C(CC(C)C)NC(=O)C(CC1=CC=CC=C1)NC(=O)C2=NC=CN=C2)(O)O,-1.065,0,-1.108796,-0.1968,-6.0039988,-0.628962516784668,-0.4152009189128876,0.39766567945480347
erlotinib,bortezomib,HT144,COCCOC1=C(C=C2C(=C1)C(=NC=N2)NC3=CC=CC(=C3)C#C)OCCOC,B(C(CC(C)C)NC(=O)C(CC1=CC=CC=C1)NC(=O)C2=NC=CN=C2)(O)O,-2.455,0,-2.8337855,-0.0658,-10.860233,-0.04866856336593628,-2.066711664199829,0.11237461864948273
erlotinib,bortezomib,LOVO,COCCOC1=C(C=C2C(=C1)C(=NC=N2)NC3=CC=CC(=C3)C#C)OCCOC,B(C(CC(C)C)NC(=O)C(CC1=CC=CC=C1)NC(=O)C2=NC=CN=C2)(O)O,-1.215,0,-0.00099482,-0.112,0.9147095,0.5156798362731934,-3.2476248741149902,0.03741232678294182
erlotinib,bortezomib,MDAMB436,COCCOC1=C(C=C2C(=C1)C(=NC=N2)NC3=CC=CC(=C3)C#C)OCCOC,B(C(CC(C)C)NC(=O)C(CC1=CC=CC=C1)NC(=O)C2=NC=CN=C2)(O)O,-1.21,0,-3.9848347,-0.06645,-2.6544998,-0.6447551846504211,-2.332181692123413,0.08849252760410309
erlotinib,bortezomib,NCIH1650,COCCOC1=C(C=C2C(=C1)C(=NC=N2)NC3=CC=CC(=C3)C#C)OCCOC,B(C(CC(C)C)NC(=O)C(CC1=CC=CC=C1)NC(=O)C2=NC=CN=C2)(O)O,-3.97,0,-0.08476932,-0.03325,-8.938365,-1.142716646194458,-5.319202899932861,0.004872794728726149
erlotinib,bortezomib,NCIH2122,COCCOC1=C(C=C2C(=C1)C(=NC=N2)NC3=CC=CC(=C3)C#C)OCCOC,B(C(CC(C)C)NC(=O)C(CC1=CC=CC=C1)NC(=O)C2=NC=CN=C2)(O)O,3.37,1,-0.77239984,-0.0206,-9.2724,-1.3423972129821777,3.5411159992218018,0.9718352556228638
erlotinib,bortezomib,NCIH23,COCCOC1=C(C=C2C(=C1)C(=NC=N2)NC3=CC=CC(=C3)C#C)OCCOC,B(C(CC(C)C)NC(=O)C(CC1=CC=CC=C1)NC(=O)C2=NC=CN=C2)(O)O,-0.8,0,-1.209082,-0.0206,-19.464855,-1.5990378856658936,-0.7146643996238708,0.3285690248012543
erlotinib,bortezomib,NCIH520,COCCOC1=C(C=C2C(=C1)C(=NC=N2)NC3=CC=CC(=C3)C#C)OCCOC,B(C(CC(C)C)NC(=O)C(CC1=CC=CC=C1)NC(=O)C2=NC=CN=C2)(O)O,2.195,1,-10.291243,-0.1805,-10.403438,-1.6975371837615967,-0.6662267446517944,0.33934223651885986
erlotinib,bortezomib,OV90,COCCOC1=C(C=C2C(=C1)C(=NC=N2)NC3=CC=CC(=C3)C#C)OCCOC,B(C(CC(C)C)NC(=O)C(CC1=CC=CC=C1)NC(=O)C2=NC=CN=C2)(O)O,-1.235,0,-2.2910283,-0.186,-6.8645787,0.38330334424972534,-3.54937744140625,0.027939477935433388
erlotinib,bortezomib,SW620,COCCOC1=C(C=C2C(=C1)C(=NC=N2)NC3=CC=CC(=C3)C#C)OCCOC,B(C(CC(C)C)NC(=O)C(CC1=CC=CC=C1)NC(=O)C2=NC=CN=C2)(O)O,3.15,1,-6.996294,-0.3845,-4.6823225,-0.3656248450279236,-0.03684970363974571,0.49078860878944397
erlotinib,bortezomib,T47D,COCCOC1=C(C=C2C(=C1)C(=NC=N2)NC3=CC=CC(=C3)C#C)OCCOC,B(C(CC(C)C)NC(=O)C(CC1=CC=CC=C1)NC(=O)C2=NC=CN=C2)(O)O,-3.385,0,-5.2611446,-0.1645,-9.831056,-0.08544880151748657,-0.6489092111587524,0.3432353734970093
erlotinib,dasatinib,A2058,COCCOC1=C(C=C2C(=C1)C(=NC=N2)NC3=CC=CC(=C3)C#C)OCCOC,CC1=C(C(=CC=C1)Cl)NC(=O)C2=CN=C(S2)NC3=NC(=NC(=C3)N4CCN(CC4)CCO)C,5.37,1,9.7069845,-0.3,28.430992,-0.6149489283561707,2.78127121925354,0.9416552782058716
erlotinib,dasatinib,A2780,COCCOC1=C(C=C2C(=C1)C(=NC=N2)NC3=CC=CC(=C3)C#C)OCCOC,CC1=C(C(=CC=C1)Cl)NC(=O)C2=CN=C(S2)NC3=NC(=NC(=C3)N4CCN(CC4)CCO)C,12.445,1,11.580211,-0.2625,35.741737,-0.41096293926239014,2.855421781539917,0.9455982446670532
erlotinib,dasatinib,A427,COCCOC1=C(C=C2C(=C1)C(=NC=N2)NC3=CC=CC(=C3)C#C)OCCOC,CC1=C(C(=CC=C1)Cl)NC(=O)C2=CN=C(S2)NC3=NC(=NC(=C3)N4CCN(CC4)CCO)C,9.22,1,14.262376,-0.3715,28.893875,-0.5352048873901367,3.009270191192627,0.952991247177124
erlotinib,dasatinib,ES2,COCCOC1=C(C=C2C(=C1)C(=NC=N2)NC3=CC=CC(=C3)C#C)OCCOC,CC1=C(C(=CC=C1)Cl)NC(=O)C2=CN=C(S2)NC3=NC(=NC(=C3)N4CCN(CC4)CCO)C,9.345,1,-0.9513925,-0.341,23.194715,-0.12229800224304199,4.120264530181885,0.9840192794799805
erlotinib,dasatinib,HT29,COCCOC1=C(C=C2C(=C1)C(=NC=N2)NC3=CC=CC(=C3)C#C)OCCOC,CC1=C(C(=CC=C1)Cl)NC(=O)C2=CN=C(S2)NC3=NC(=NC(=C3)N4CCN(CC4)CCO)C,5.825,1,10.075084,-0.2315,32.604004,0.043983906507492065,0.517606794834137,0.626587986946106
erlotinib,dasatinib,LOVO,COCCOC1=C(C=C2C(=C1)C(=NC=N2)NC3=CC=CC(=C3)C#C)OCCOC,CC1=C(C(=CC=C1)Cl)NC(=O)C2=CN=C(S2)NC3=NC(=NC(=C3)N4CCN(CC4)CCO)C,-6.33,0,7.3567657,-0.107,32.909046,0.8508869409561157,-2.33604097366333,0.08818171918392181
erlotinib,dasatinib,MDAMB436,COCCOC1=C(C=C2C(=C1)C(=NC=N2)NC3=CC=CC(=C3)C#C)OCCOC,CC1=C(C(=CC=C1)Cl)NC(=O)C2=CN=C(S2)NC3=NC(=NC(=C3)N4CCN(CC4)CCO)C,-3.58,0,6.663002,-0.3765,27.244001,0.6314393281936646,0.0402953065931797,0.5100724697113037
erlotinib,dasatinib,NCIH1650,COCCOC1=C(C=C2C(=C1)C(=NC=N2)NC3=CC=CC(=C3)C#C)OCCOC,CC1=C(C(=CC=C1)Cl)NC(=O)C2=CN=C(S2)NC3=NC(=NC(=C3)N4CCN(CC4)CCO)C,-5.03,0,10.266827,-0.201,32.36426,0.6688083410263062,0.26550549268722534,0.5659891366958618
erlotinib,dasatinib,NCIH2122,COCCOC1=C(C=C2C(=C1)C(=NC=N2)NC3=CC=CC(=C3)C#C)OCCOC,CC1=C(C(=CC=C1)Cl)NC(=O)C2=CN=C(S2)NC3=NC(=NC(=C3)N4CCN(CC4)CCO)C,15.045,1,-16.47497,-0.19,14.599941,-0.8287560343742371,4.560213088989258,0.9896485209465027
erlotinib,dasatinib,NCIH23,COCCOC1=C(C=C2C(=C1)C(=NC=N2)NC3=CC=CC(=C3)C#C)OCCOC,CC1=C(C(=CC=C1)Cl)NC(=O)C2=CN=C(S2)NC3=NC(=NC(=C3)N4CCN(CC4)CCO)C,-2.225,0,6.4258657,-0.213,12.136618,-1.972713828086853,-0.26944470405578613,0.4330434203147888
erlotinib,dasatinib,NCIH520,COCCOC1=C(C=C2C(=C1)C(=NC=N2)NC3=CC=CC(=C3)C#C)OCCOC,CC1=C(C(=CC=C1)Cl)NC(=O)C2=CN=C(S2)NC3=NC(=NC(=C3)N4CCN(CC4)CCO)C,2.505,1,4.204163,-0.187,28.553843,-1.4134395122528076,-0.962567150592804,0.2763645052909851
erlotinib,dasatinib,SKMES1,COCCOC1=C(C=C2C(=C1)C(=NC=N2)NC3=CC=CC(=C3)C#C)OCCOC,CC1=C(C(=CC=C1)Cl)NC(=O)C2=CN=C(S2)NC3=NC(=NC(=C3)N4CCN(CC4)CCO)C,1.31,1,6.5103946,-0.1968,26.569384,1.254086971282959,1.3601313829421997,0.7957810163497925
erlotinib,dasatinib,SKOV3,COCCOC1=C(C=C2C(=C1)C(=NC=N2)NC3=CC=CC(=C3)C#C)OCCOC,CC1=C(C(=CC=C1)Cl)NC(=O)C2=CN=C(S2)NC3=NC(=NC(=C3)N4CCN(CC4)CCO)C,1.425,1,7.4867125,-0.0949,28.961853,0.4757421612739563,0.08947309851646423,0.5223533511161804
erlotinib,dasatinib,SW620,COCCOC1=C(C=C2C(=C1)C(=NC=N2)NC3=CC=CC(=C3)C#C)OCCOC,CC1=C(C(=CC=C1)Cl)NC(=O)C2=CN=C(S2)NC3=NC(=NC(=C3)N4CCN(CC4)CCO)C,9.785,1,1.3806925,-0.0506,25.65221,-0.5642110705375671,0.2943882346153259,0.5730701088905334
erlotinib,dasatinib,SW837,COCCOC1=C(C=C2C(=C1)C(=NC=N2)NC3=CC=CC(=C3)C#C)OCCOC,CC1=C(C(=CC=C1)Cl)NC(=O)C2=CN=C(S2)NC3=NC(=NC(=C3)N4CCN(CC4)CCO)C,-1.435,0,11.771408,-0.0783,32.1802,0.5092847943305969,3.68139910697937,0.9754310846328735
erlotinib,dasatinib,T47D,COCCOC1=C(C=C2C(=C1)C(=NC=N2)NC3=CC=CC(=C3)C#C)OCCOC,CC1=C(C(=CC=C1)Cl)NC(=O)C2=CN=C(S2)NC3=NC(=NC(=C3)N4CCN(CC4)CCO)C,-7.295,0,5.895324,-0.176,29.211725,0.11215560883283615,-0.2723328471183777,0.43233445286750793
erlotinib,dinaciclib,A2780,COCCOC1=C(C=C2C(=C1)C(=NC=N2)NC3=CC=CC(=C3)C#C)OCCOC,CCC1=C2N=C(C=C(N2N=C1)NCC3=C[N+](=CC=C3)[O-])N4CCCCC4CCO,6.375,1,3.636456,-0.03615,9.623472,-0.15972480177879333,2.856269598007202,0.945641815662384
erlotinib,dinaciclib,A375,COCCOC1=C(C=C2C(=C1)C(=NC=N2)NC3=CC=CC(=C3)C#C)OCCOC,CCC1=C2N=C(C=C(N2N=C1)NCC3=C[N+](=CC=C3)[O-])N4CCCCC4CCO,2.25,1,2.2926369,-0.347,11.163731,-1.4511735439300537,-0.502851665019989,0.3768707513809204
erlotinib,dinaciclib,A427,COCCOC1=C(C=C2C(=C1)C(=NC=N2)NC3=CC=CC(=C3)C#C)OCCOC,CCC1=C2N=C(C=C(N2N=C1)NCC3=C[N+](=CC=C3)[O-])N4CCCCC4CCO,-1.73,0,-3.5707893,-0.2045,4.5165863,-0.3977999687194824,-0.6284794211387634,0.3478553891181946
erlotinib,dinaciclib,ES2,COCCOC1=C(C=C2C(=C1)C(=NC=N2)NC3=CC=CC(=C3)C#C)OCCOC,CCC1=C2N=C(C=C(N2N=C1)NCC3=C[N+](=CC=C3)[O-])N4CCCCC4CCO,4.805,1,-1.3111008,-0.18,4.02876,-0.278608113527298,3.795771360397339,0.9780279994010925
erlotinib,dinaciclib,HCT116,COCCOC1=C(C=C2C(=C1)C(=NC=N2)NC3=CC=CC(=C3)C#C)OCCOC,CCC1=C2N=C(C=C(N2N=C1)NCC3=C[N+](=CC=C3)[O-])N4CCCCC4CCO,3.595,1,1.0226241,-0.2695,3.940711,-0.10792510956525803,-0.2761036455631256,0.43140923976898193
erlotinib,dinaciclib,HT144,COCCOC1=C(C=C2C(=C1)C(=NC=N2)NC3=CC=CC(=C3)C#C)OCCOC,CCC1=C2N=C(C=C(N2N=C1)NCC3=C[N+](=CC=C3)[O-])N4CCCCC4CCO,-1.605,0,-0.54769605,-0.1968,-0.95452136,-1.307934045791626,-1.0458357334136963,0.2600255608558655
erlotinib,dinaciclib,MDAMB436,COCCOC1=C(C=C2C(=C1)C(=NC=N2)NC3=CC=CC(=C3)C#C)OCCOC,CCC1=C2N=C(C=C(N2N=C1)NCC3=C[N+](=CC=C3)[O-])N4CCCCC4CCO,-3.24,0,-1.9214336,-0.10355,7.6911616,0.07716119289398193,-1.7500776052474976,0.1480374038219452
erlotinib,dinaciclib,NCIH1650,COCCOC1=C(C=C2C(=C1)C(=NC=N2)NC3=CC=CC(=C3)C#C)OCCOC,CCC1=C2N=C(C=C(N2N=C1)NCC3=C[N+](=CC=C3)[O-])N4CCCCC4CCO,3.71,1,1.1557727,-0.1229,7.075634,-0.052132993936538696,0.8947154879570007,0.7098623514175415
erlotinib,dinaciclib,NCIH2122,COCCOC1=C(C=C2C(=C1)C(=NC=N2)NC3=CC=CC(=C3)C#C)OCCOC,CCC1=C2N=C(C=C(N2N=C1)NCC3=C[N+](=CC=C3)[O-])N4CCCCC4CCO,5.16,1,6.0878263,-0.07405,-0.3080488,-0.06056247651576996,2.1727607250213623,0.8977766036987305
erlotinib,dinaciclib,NCIH23,COCCOC1=C(C=C2C(=C1)C(=NC=N2)NC3=CC=CC(=C3)C#C)OCCOC,CCC1=C2N=C(C=C(N2N=C1)NCC3=C[N+](=CC=C3)[O-])N4CCCCC4CCO,1.595,1,3.897667,-0.1435,-7.719578,-1.706519603729248,-0.4029903709888458,0.4005940556526184
erlotinib,dinaciclib,RKO,COCCOC1=C(C=C2C(=C1)C(=NC=N2)NC3=CC=CC(=C3)C#C)OCCOC,CCC1=C2N=C(C=C(N2N=C1)NCC3=C[N+](=CC=C3)[O-])N4CCCCC4CCO,-3.475,0,-6.448221,-0.02245,6.933382,-0.27353328466415405,-2.32551908493042,0.08903142064809799
erlotinib,dinaciclib,SKOV3,COCCOC1=C(C=C2C(=C1)C(=NC=N2)NC3=CC=CC(=C3)C#C)OCCOC,CCC1=C2N=C(C=C(N2N=C1)NCC3=C[N+](=CC=C3)[O-])N4CCCCC4CCO,4.775,1,-1.1900659,-0.3575,8.64663,0.16900265216827393,0.040423545986413956,0.5101044774055481
erlotinib,dinaciclib,SW620,COCCOC1=C(C=C2C(=C1)C(=NC=N2)NC3=CC=CC(=C3)C#C)OCCOC,CCC1=C2N=C(C=C(N2N=C1)NCC3=C[N+](=CC=C3)[O-])N4CCCCC4CCO,3.345,1,-10.844145,-0.231,4.2323914,-0.09773266315460205,0.6517417430877686,0.6574028134346008
erlotinib,dinaciclib,SW837,COCCOC1=C(C=C2C(=C1)C(=NC=N2)NC3=CC=CC(=C3)C#C)OCCOC,CCC1=C2N=C(C=C(N2N=C1)NCC3=C[N+](=CC=C3)[O-])N4CCCCC4CCO,5.76,1,3.8823748,-0.198,5.3905115,0.7334465980529785,3.222616672515869,0.9616765975952148
erlotinib,dinaciclib,T47D,COCCOC1=C(C=C2C(=C1)C(=NC=N2)NC3=CC=CC(=C3)C#C)OCCOC,CCC1=C2N=C(C=C(N2N=C1)NCC3=C[N+](=CC=C3)[O-])N4CCCCC4CCO,4.055,1,0.057148915,-0.2455,3.3072402,0.11619418859481812,-0.5960816740989685,0.3552406430244446
erlotinib,geldanamycin,A2058,COCCOC1=C(C=C2C(=C1)C(=NC=N2)NC3=CC=CC(=C3)C#C)OCCOC,CC1CC(C(C(C=C(C(C(C=CC=C(C(=O)NC2=CC(=O)C(=C(C1)C2=O)OC)C)OC)OC(=O)N)C)C)O)OC,6.485,1,5.181775,-0.1229,8.284716,-1.4054696559906006,3.2879247665405273,0.9640122652053833
erlotinib,geldanamycin,A2780,COCCOC1=C(C=C2C(=C1)C(=NC=N2)NC3=CC=CC(=C3)C#C)OCCOC,CC1CC(C(C(C=C(C(C(C=CC=C(C(=O)NC2=CC(=O)C(=C(C1)C2=O)OC)C)OC)OC(=O)N)C)C)O)OC,5.84,1,3.953003,-0.05425,8.212389,-0.4461638629436493,1.3679327964782715,0.7970459461212158
erlotinib,geldanamycin,A375,COCCOC1=C(C=C2C(=C1)C(=NC=N2)NC3=CC=CC(=C3)C#C)OCCOC,CC1CC(C(C(C=C(C(C(C=CC=C(C(=O)NC2=CC(=O)C(=C(C1)C2=O)OC)C)OC)OC(=O)N)C)C)O)OC,10.805,1,4.2464533,-0.0968,12.344725,-1.2071895599365234,2.3919801712036133,0.9162136912345886
erlotinib,geldanamycin,ES2,COCCOC1=C(C=C2C(=C1)C(=NC=N2)NC3=CC=CC(=C3)C#C)OCCOC,CC1CC(C(C(C=C(C(C(C=CC=C(C(=O)NC2=CC(=O)C(=C(C1)C2=O)OC)C)OC)OC(=O)N)C)C)O)OC,8.565,1,-2.1021242,-0.0971,4.5450773,-0.2237180471420288,3.2748143672943115,0.9635546207427979
erlotinib,geldanamycin,HCT116,COCCOC1=C(C=C2C(=C1)C(=NC=N2)NC3=CC=CC(=C3)C#C)OCCOC,CC1CC(C(C(C=C(C(C(C=CC=C(C(=O)NC2=CC(=O)C(=C(C1)C2=O)OC)C)OC)OC(=O)N)C)C)O)OC,9.735,1,2.5520935,-0.0247,3.6904945,-0.3591598570346832,0.3697347044944763,0.59139484167099
erlotinib,geldanamycin,HT144,COCCOC1=C(C=C2C(=C1)C(=NC=N2)NC3=CC=CC(=C3)C#C)OCCOC,CC1CC(C(C(C=C(C(C(C=CC=C(C(=O)NC2=CC(=O)C(=C(C1)C2=O)OC)C)OC)OC(=O)N)C)C)O)OC,6.41,1,2.7676368,-0.04395,0.876059,-1.7398548126220703,2.6030032634735107,0.9310545921325684
erlotinib,geldanamycin,HT29,COCCOC1=C(C=C2C(=C1)C(=NC=N2)NC3=CC=CC(=C3)C#C)OCCOC,CC1CC(C(C(C=C(C(C(C=CC=C(C(=O)NC2=CC(=O)C(=C(C1)C2=O)OC)C)OC)OC(=O)N)C)C)O)OC,3.3,1,2.4352522,-0.02245,5.333435,0.27150535583496094,0.27332407236099243,0.567908763885498
erlotinib,geldanamycin,LOVO,COCCOC1=C(C=C2C(=C1)C(=NC=N2)NC3=CC=CC(=C3)C#C)OCCOC,CC1CC(C(C(C=C(C(C(C=CC=C(C(=O)NC2=CC(=O)C(=C(C1)C2=O)OC)C)OC)OC(=O)N)C)C)O)OC,-1.125,0,1.982037,-0.3015,8.694099,-0.23999792337417603,-0.046293552964925766,0.48842865228652954
erlotinib,geldanamycin,NCIH1650,COCCOC1=C(C=C2C(=C1)C(=NC=N2)NC3=CC=CC(=C3)C#C)OCCOC,CC1CC(C(C(C=C(C(C(C=CC=C(C(=O)NC2=CC(=O)C(=C(C1)C2=O)OC)C)OC)OC(=O)N)C)C)O)OC,0.73,1,5.8278303,-0.178,3.7134542,-0.8518036007881165,0.8826503157615662,0.7073711156845093
erlotinib,geldanamycin,NCIH2122,COCCOC1=C(C=C2C(=C1)C(=NC=N2)NC3=CC=CC(=C3)C#C)OCCOC,CC1CC(C(C(C=C(C(C(C=CC=C(C(=O)NC2=CC(=O)C(=C(C1)C2=O)OC)C)OC)OC(=O)N)C)C)O)OC,6.175,1,4.501278,-0.237,-7.7765083,-0.7285465002059937,4.680447578430176,0.9908103942871094
erlotinib,geldanamycin,NCIH23,COCCOC1=C(C=C2C(=C1)C(=NC=N2)NC3=CC=CC(=C3)C#C)OCCOC,CC1CC(C(C(C=C(C(C(C=CC=C(C(=O)NC2=CC(=O)C(=C(C1)C2=O)OC)C)OC)OC(=O)N)C)C)O)OC,-1.05,0,2.0635338,-0.1241,-13.285251,-1.8556995391845703,0.07697826623916626,0.5192350745201111
erlotinib,geldanamycin,NCIH520,COCCOC1=C(C=C2C(=C1)C(=NC=N2)NC3=CC=CC(=C3)C#C)OCCOC,CC1CC(C(C(C=C(C(C(C=CC=C(C(=O)NC2=CC(=O)C(=C(C1)C2=O)OC)C)OC)OC(=O)N)C)C)O)OC,4.65,1,-2.3709714,-0.1153,1.9567138,-0.6605993509292603,1.03813898563385,0.7384907603263855
erlotinib,geldanamycin,OV90,COCCOC1=C(C=C2C(=C1)C(=NC=N2)NC3=CC=CC(=C3)C#C)OCCOC,CC1CC(C(C(C=C(C(C(C=CC=C(C(=O)NC2=CC(=O)C(=C(C1)C2=O)OC)C)OC)OC(=O)N)C)C)O)OC,4.275,1,-2.093743,-0.0742,2.4852865,-0.8065211176872253,5.291787624359131,0.9949924349784851
erlotinib,geldanamycin,RKO,COCCOC1=C(C=C2C(=C1)C(=NC=N2)NC3=CC=CC(=C3)C#C)OCCOC,CC1CC(C(C(C=C(C(C(C=CC=C(C(=O)NC2=CC(=O)C(=C(C1)C2=O)OC)C)OC)OC(=O)N)C)C)O)OC,-0.18,0,-8.367659,-0.04865,6.288641,-0.14592266082763672,0.8148310780525208,0.6931380033493042
erlotinib,geldanamycin,SKMES1,COCCOC1=C(C=C2C(=C1)C(=NC=N2)NC3=CC=CC(=C3)C#C)OCCOC,CC1CC(C(C(C=C(C(C(C=CC=C(C(=O)NC2=CC(=O)C(=C(C1)C2=O)OC)C)OC)OC(=O)N)C)C)O)OC,1.29,1,3.1864724,-0.149,6.5048585,-0.9885327816009521,1.189779281616211,0.7667015790939331
erlotinib,geldanamycin,SKOV3,COCCOC1=C(C=C2C(=C1)C(=NC=N2)NC3=CC=CC(=C3)C#C)OCCOC,CC1CC(C(C(C=C(C(C(C=CC=C(C(=O)NC2=CC(=O)C(=C(C1)C2=O)OC)C)OC)OC(=O)N)C)C)O)OC,2.165,1,2.022679,-0.249,7.651022,0.0146864652633667,0.4604622721672058,0.6131238341331482
erlotinib,geldanamycin,SW620,COCCOC1=C(C=C2C(=C1)C(=NC=N2)NC3=CC=CC(=C3)C#C)OCCOC,CC1CC(C(C(C=C(C(C(C=CC=C(C(=O)NC2=CC(=O)C(=C(C1)C2=O)OC)C)OC)OC(=O)N)C)C)O)OC,8.01,1,-2.7193627,-0.25,3.1600451,-0.320223867893219,1.5385994911193848,0.8232610821723938
erlotinib,geldanamycin,SW837,COCCOC1=C(C=C2C(=C1)C(=NC=N2)NC3=CC=CC(=C3)C#C)OCCOC,CC1CC(C(C(C=C(C(C(C=CC=C(C(=O)NC2=CC(=O)C(=C(C1)C2=O)OC)C)OC)OC(=O)N)C)C)O)OC,-2.505,0,9.3819685,-0.181,4.5331054,-0.03494089096784592,2.419940710067749,0.9183352589607239
erlotinib,geldanamycin,T47D,COCCOC1=C(C=C2C(=C1)C(=NC=N2)NC3=CC=CC(=C3)C#C)OCCOC,CC1CC(C(C(C=C(C(C(C=CC=C(C(=O)NC2=CC(=O)C(=C(C1)C2=O)OC)C)OC)OC(=O)N)C)C)O)OC,1.255,1,5.1434727,-0.312,2.1680672,0.25740641355514526,0.11643087863922119,0.5290748476982117
erlotinib,sorafenib,A2058,COCCOC1=C(C=C2C(=C1)C(=NC=N2)NC3=CC=CC(=C3)C#C)OCCOC,CNC(=O)C1=NC=CC(=C1)OC2=CC=C(C=C2)NC(=O)NC3=CC(=C(C=C3)Cl)C(F)(F)F,6.255,1,4.1139836,-0.0704,8.229517,-1.3547555208206177,2.4903435707092285,0.9234620928764343
erlotinib,sorafenib,A2780,COCCOC1=C(C=C2C(=C1)C(=NC=N2)NC3=CC=CC(=C3)C#C)OCCOC,CNC(=O)C1=NC=CC(=C1)OC2=CC=C(C=C2)NC(=O)NC3=CC(=C(C=C3)Cl)C(F)(F)F,8.255,1,4.8194127,-0.06695,10.084539,0.32574817538261414,2.6869828701019287,0.9362541437149048
erlotinib,sorafenib,A375,COCCOC1=C(C=C2C(=C1)C(=NC=N2)NC3=CC=CC(=C3)C#C)OCCOC,CNC(=O)C1=NC=CC(=C1)OC2=CC=C(C=C2)NC(=O)NC3=CC(=C(C=C3)Cl)C(F)(F)F,7.485,1,4.855316,-0.0353,11.745634,-1.7191693782806396,3.5774643421173096,0.9728133082389832
erlotinib,sorafenib,A427,COCCOC1=C(C=C2C(=C1)C(=NC=N2)NC3=CC=CC(=C3)C#C)OCCOC,CNC(=O)C1=NC=CC(=C1)OC2=CC=C(C=C2)NC(=O)NC3=CC(=C(C=C3)Cl)C(F)(F)F,2.475,1,3.3207645,-0.08155,6.346822,-0.8825925588607788,2.30061411857605,0.908927857875824
erlotinib,sorafenib,ES2,COCCOC1=C(C=C2C(=C1)C(=NC=N2)NC3=CC=CC(=C3)C#C)OCCOC,CNC(=O)C1=NC=CC(=C1)OC2=CC=C(C=C2)NC(=O)NC3=CC(=C(C=C3)Cl)C(F)(F)F,7.93,1,4.072859,-0.02975,3.7358763,-0.4240429401397705,4.806271553039551,0.9918879866600037
erlotinib,sorafenib,HT29,COCCOC1=C(C=C2C(=C1)C(=NC=N2)NC3=CC=CC(=C3)C#C)OCCOC,CNC(=O)C1=NC=CC(=C1)OC2=CC=C(C=C2)NC(=O)NC3=CC(=C(C=C3)Cl)C(F)(F)F,0.855,1,-0.22457953,-0.1272,10.110516,0.08436761051416397,0.0011896826326847076,0.5002974271774292
erlotinib,sorafenib,LOVO,COCCOC1=C(C=C2C(=C1)C(=NC=N2)NC3=CC=CC(=C3)C#C)OCCOC,CNC(=O)C1=NC=CC(=C1)OC2=CC=C(C=C2)NC(=O)NC3=CC(=C(C=C3)Cl)C(F)(F)F,-3.34,0,-1.8950099,-0.10465,8.609892,0.35844311118125916,-3.0448813438415527,0.0454389750957489
erlotinib,sorafenib,MDAMB436,COCCOC1=C(C=C2C(=C1)C(=NC=N2)NC3=CC=CC(=C3)C#C)OCCOC,CNC(=O)C1=NC=CC(=C1)OC2=CC=C(C=C2)NC(=O)NC3=CC(=C(C=C3)Cl)C(F)(F)F,0.665,1,-2.8918417,-0.0206,6.3396177,-0.7301203012466431,-1.745405673980713,0.1486276090145111
erlotinib,sorafenib,NCIH1650,COCCOC1=C(C=C2C(=C1)C(=NC=N2)NC3=CC=CC(=C3)C#C)OCCOC,CNC(=O)C1=NC=CC(=C1)OC2=CC=C(C=C2)NC(=O)NC3=CC(=C(C=C3)Cl)C(F)(F)F,7.985,1,5.2422214,-0.0662,5.974461,-0.14312034845352173,0.5309285521507263,0.6296996474266052
erlotinib,sorafenib,NCIH520,COCCOC1=C(C=C2C(=C1)C(=NC=N2)NC3=CC=CC(=C3)C#C)OCCOC,CNC(=O)C1=NC=CC(=C1)OC2=CC=C(C=C2)NC(=O)NC3=CC(=C(C=C3)Cl)C(F)(F)F,8.41,1,4.069469,-0.0858,3.2130628,-2.0846939086914062,-0.5513901114463806,0.3655419647693634
erlotinib,sorafenib,SKOV3,COCCOC1=C(C=C2C(=C1)C(=NC=N2)NC3=CC=CC(=C3)C#C)OCCOC,CNC(=O)C1=NC=CC(=C1)OC2=CC=C(C=C2)NC(=O)NC3=CC(=C(C=C3)Cl)C(F)(F)F,11.415,1,4.505454,-0.1324,9.583154,0.13041022419929504,-0.41852694749832153,0.3968693017959595
erlotinib,sorafenib,SW620,COCCOC1=C(C=C2C(=C1)C(=NC=N2)NC3=CC=CC(=C3)C#C)OCCOC,CNC(=O)C1=NC=CC(=C1)OC2=CC=C(C=C2)NC(=O)NC3=CC(=C(C=C3)Cl)C(F)(F)F,10.06,1,2.5657108,-0.04005,4.3846416,-0.6195819973945618,-0.17234516143798828,0.45702001452445984
erlotinib,sorafenib,SW837,COCCOC1=C(C=C2C(=C1)C(=NC=N2)NC3=CC=CC(=C3)C#C)OCCOC,CNC(=O)C1=NC=CC(=C1)OC2=CC=C(C=C2)NC(=O)NC3=CC(=C(C=C3)Cl)C(F)(F)F,-2.79,0,-0.76002,-0.0866,7.750865,-0.31931018829345703,1.1653978824615479,0.7623121738433838
erlotinib,sorafenib,T47D,COCCOC1=C(C=C2C(=C1)C(=NC=N2)NC3=CC=CC(=C3)C#C)OCCOC,CNC(=O)C1=NC=CC(=C1)OC2=CC=C(C=C2)NC(=O)NC3=CC(=C(C=C3)Cl)C(F)(F)F,7.36,1,3.5982676,-0.1083,4.887207,0.06676654517650604,-0.6924098134040833,0.33349719643592834
etoposide,bortezomib,A2058,CC1OCC2C(O1)C(C(C(O2)OC3C4COC(=O)C4C(C5=CC6=C(C=C35)OCO6)C7=CC(=C(C(=C7)OC)O)OC)O)O,B(C(CC(C)C)NC(=O)C(CC1=CC=CC=C1)NC(=O)C2=NC=CN=C2)(O)O,3.365,1,0.010194462,-0.0206,-9.352202,-0.8643924593925476,3.3202521800994873,0.9651171565055847
etoposide,bortezomib,A2780,CC1OCC2C(O1)C(C(C(O2)OC3C4COC(=O)C4C(C5=CC6=C(C=C35)OCO6)C7=CC(=C(C(=C7)OC)O)OC)O)O,B(C(CC(C)C)NC(=O)C(CC1=CC=CC=C1)NC(=O)C2=NC=CN=C2)(O)O,3.69,1,2.2944727,-0.05015,-8.599804,-0.02808016538619995,3.4901304244995117,0.9704056978225708
etoposide,bortezomib,A375,CC1OCC2C(O1)C(C(C(O2)OC3C4COC(=O)C4C(C5=CC6=C(C=C35)OCO6)C7=CC(=C(C(=C7)OC)O)OC)O)O,B(C(CC(C)C)NC(=O)C(CC1=CC=CC=C1)NC(=O)C2=NC=CN=C2)(O)O,-0.475,0,-12.481204,-0.0858,-5.7461987,-0.5319533944129944,-4.640639305114746,0.009559263475239277
etoposide,bortezomib,A427,CC1OCC2C(O1)C(C(C(O2)OC3C4COC(=O)C4C(C5=CC6=C(C=C35)OCO6)C7=CC(=C(C(=C7)OC)O)OC)O)O,B(C(CC(C)C)NC(=O)C(CC1=CC=CC=C1)NC(=O)C2=NC=CN=C2)(O)O,0.865,1,-3.5101933,-0.11855,-15.911543,-0.7995388507843018,-1.3874439001083374,0.19981615245342255
etoposide,bortezomib,HCT116,CC1OCC2C(O1)C(C(C(O2)OC3C4COC(=O)C4C(C5=CC6=C(C=C35)OCO6)C7=CC(=C(C(=C7)OC)O)OC)O)O,B(C(CC(C)C)NC(=O)C(CC1=CC=CC=C1)NC(=O)C2=NC=CN=C2)(O)O,1.375,1,-1.2963386,-0.10115,-12.777409,-0.470708429813385,-1.3400485515594482,0.2075020670890808
etoposide,bortezomib,HT144,CC1OCC2C(O1)C(C(C(O2)OC3C4COC(=O)C4C(C5=CC6=C(C=C35)OCO6)C7=CC(=C(C(=C7)OC)O)OC)O)O,B(C(CC(C)C)NC(=O)C(CC1=CC=CC=C1)NC(=O)C2=NC=CN=C2)(O)O,0.795,1,0.9779536,-0.0206,-11.854088,-1.328160285949707,-1.1418564319610596,0.2419797033071518
etoposide,bortezomib,HT29,CC1OCC2C(O1)C(C(C(O2)OC3C4COC(=O)C4C(C5=CC6=C(C=C35)OCO6)C7=CC(=C(C(=C7)OC)O)OC)O)O,B(C(CC(C)C)NC(=O)C(CC1=CC=CC=C1)NC(=O)C2=NC=CN=C2)(O)O,1.835,1,-1.1280344,-0.1524,-6.899682,-0.07038339972496033,-0.7619923949241638,0.3182138502597809
etoposide,bortezomib,LOVO,CC1OCC2C(O1)C(C(C(O2)OC3C4COC(=O)C4C(C5=CC6=C(C=C35)OCO6)C7=CC(=C(C(=C7)OC)O)OC)O)O,B(C(CC(C)C)NC(=O)C(CC1=CC=CC=C1)NC(=O)C2=NC=CN=C2)(O)O,-0.83,0,-1.0061901,-0.12455,-2.2187147,-0.43739742040634155,-4.474494457244873,0.011267576366662979
etoposide,bortezomib,MDAMB436,CC1OCC2C(O1)C(C(C(O2)OC3C4COC(=O)C4C(C5=CC6=C(C=C35)OCO6)C7=CC(=C(C(=C7)OC)O)OC)O)O,B(C(CC(C)C)NC(=O)C(CC1=CC=CC=C1)NC(=O)C2=NC=CN=C2)(O)O,1.705,1,-0.7433719,-0.03435,-7.61431,-1.7942025661468506,-2.286243200302124,0.09226872026920319
etoposide,bortezomib,NCIH1650,CC1OCC2C(O1)C(C(C(O2)OC3C4COC(=O)C4C(C5=CC6=C(C=C35)OCO6)C7=CC(=C(C(=C7)OC)O)OC)O)O,B(C(CC(C)C)NC(=O)C(CC1=CC=CC=C1)NC(=O)C2=NC=CN=C2)(O)O,-0.21,0,-5.0115285,-0.03375,-10.218534,-0.86604243516922,-6.544758319854736,0.0014355677412822843
etoposide,bortezomib,NCIH2122,CC1OCC2C(O1)C(C(C(O2)OC3C4COC(=O)C4C(C5=CC6=C(C=C35)OCO6)C7=CC(=C(C(=C7)OC)O)OC)O)O,B(C(CC(C)C)NC(=O)C(CC1=CC=CC=C1)NC(=O)C2=NC=CN=C2)(O)O,1.655,1,1.8274213,-0.0514,-19.194593,0.1412811577320099,3.16025447845459,0.9593109488487244
etoposide,bortezomib,NCIH23,CC1OCC2C(O1)C(C(C(O2)OC3C4COC(=O)C4C(C5=CC6=C(C=C35)OCO6)C7=CC(=C(C(=C7)OC)O)OC)O)O,B(C(CC(C)C)NC(=O)C(CC1=CC=CC=C1)NC(=O)C2=NC=CN=C2)(O)O,0.585,1,-29.928219,-0.0592,-31.713457,-1.464247226715088,-2.1272761821746826,0.10647384822368622
etoposide,bortezomib,NCIH520,CC1OCC2C(O1)C(C(C(O2)OC3C4COC(=O)C4C(C5=CC6=C(C=C35)OCO6)C7=CC(=C(C(=C7)OC)O)OC)O)O,B(C(CC(C)C)NC(=O)C(CC1=CC=CC=C1)NC(=O)C2=NC=CN=C2)(O)O,-1.69,0,-3.7636561,-0.03615,-12.872603,-0.3093453049659729,2.6320769786834717,0.9328977465629578
etoposide,bortezomib,RKO,CC1OCC2C(O1)C(C(C(O2)OC3C4COC(=O)C4C(C5=CC6=C(C=C35)OCO6)C7=CC(=C(C(=C7)OC)O)OC)O)O,B(C(CC(C)C)NC(=O)C(CC1=CC=CC=C1)NC(=O)C2=NC=CN=C2)(O)O,1.36,1,0.024318855,-0.10555,-6.7262406,0.4181669056415558,0.22894570231437683,0.5569877028465271
etoposide,bortezomib,SW620,CC1OCC2C(O1)C(C(C(O2)OC3C4COC(=O)C4C(C5=CC6=C(C=C35)OCO6)C7=CC(=C(C(=C7)OC)O)OC)O)O,B(C(CC(C)C)NC(=O)C(CC1=CC=CC=C1)NC(=O)C2=NC=CN=C2)(O)O,3.595,1,-0.11698277,-0.08195,-7.190049,0.2559528648853302,-1.3605144023895264,0.20415671169757843
etoposide,bortezomib,T47D,CC1OCC2C(O1)C(C(C(O2)OC3C4COC(=O)C4C(C5=CC6=C(C=C35)OCO6)C7=CC(=C(C(=C7)OC)O)OC)O)O,B(C(CC(C)C)NC(=O)C(CC1=CC=CC=C1)NC(=O)C2=NC=CN=C2)(O)O,1.2,1,2.1506565,-0.0641,-11.836512,0.8028608560562134,-0.8302621245384216,0.30358967185020447
etoposide,dasatinib,A2780,CC1OCC2C(O1)C(C(C(O2)OC3C4COC(=O)C4C(C5=CC6=C(C=C35)OCO6)C7=CC(=C(C(=C7)OC)O)OC)O)O,CC1=C(C(=CC=C1)Cl)NC(=O)C2=CN=C(S2)NC3=NC(=NC(=C3)N4CCN(CC4)CCO)C,8.715,1,2.8990002,-0.03515,29.650822,0.1407175362110138,4.3732123374938965,0.9875463843345642
etoposide,dasatinib,A375,CC1OCC2C(O1)C(C(C(O2)OC3C4COC(=O)C4C(C5=CC6=C(C=C35)OCO6)C7=CC(=C(C(=C7)OC)O)OC)O)O,CC1=C(C(=CC=C1)Cl)NC(=O)C2=CN=C(S2)NC3=NC(=NC(=C3)N4CCN(CC4)CCO)C,5.245,1,5.683349,-0.0705,25.91719,-0.46924394369125366,2.1696813106536865,0.8974936008453369
etoposide,dasatinib,ES2,CC1OCC2C(O1)C(C(C(O2)OC3C4COC(=O)C4C(C5=CC6=C(C=C35)OCO6)C7=CC(=C(C(=C7)OC)O)OC)O)O,CC1=C(C(=CC=C1)Cl)NC(=O)C2=CN=C(S2)NC3=NC(=NC(=C3)N4CCN(CC4)CCO)C,-0.94,0,-11.599603,-0.11855,16.70058,0.14862960577011108,0.9431453347206116,0.7197345495223999
etoposide,dasatinib,HCT116,CC1OCC2C(O1)C(C(C(O2)OC3C4COC(=O)C4C(C5=CC6=C(C=C35)OCO6)C7=CC(=C(C(=C7)OC)O)OC)O)O,CC1=C(C(=CC=C1)Cl)NC(=O)C2=CN=C(S2)NC3=NC(=NC(=C3)N4CCN(CC4)CCO)C,9.225,1,-15.2828245,-0.0896,17.374247,-1.0190792083740234,-0.21469354629516602,0.44653183221817017
etoposide,dasatinib,HT144,CC1OCC2C(O1)C(C(C(O2)OC3C4COC(=O)C4C(C5=CC6=C(C=C35)OCO6)C7=CC(=C(C(=C7)OC)O)OC)O)O,CC1=C(C(=CC=C1)Cl)NC(=O)C2=CN=C(S2)NC3=NC(=NC(=C3)N4CCN(CC4)CCO)C,2.955,1,-18.122438,-0.0226,14.387917,-0.8627684116363525,4.433072566986084,0.9882615208625793
etoposide,dasatinib,HT29,CC1OCC2C(O1)C(C(C(O2)OC3C4COC(=O)C4C(C5=CC6=C(C=C35)OCO6)C7=CC(=C(C(=C7)OC)O)OC)O)O,CC1=C(C(=CC=C1)Cl)NC(=O)C2=CN=C(S2)NC3=NC(=NC(=C3)N4CCN(CC4)CCO)C,3.96,1,7.9024363,-0.1224,27.436985,0.09062361717224121,-0.155721515417099,0.46114805340766907
etoposide,dasatinib,LOVO,CC1OCC2C(O1)C(C(C(O2)OC3C4COC(=O)C4C(C5=CC6=C(C=C35)OCO6)C7=CC(=C(C(=C7)OC)O)OC)O)O,CC1=C(C(=CC=C1)Cl)NC(=O)C2=CN=C(S2)NC3=NC(=NC(=C3)N4CCN(CC4)CCO)C,-1.085,0,7.2847204,-0.13755,30.929762,0.40211647748947144,-1.119553565979004,0.24609410762786865
etoposide,dasatinib,MDAMB436,CC1OCC2C(O1)C(C(C(O2)OC3C4COC(=O)C4C(C5=CC6=C(C=C35)OCO6)C7=CC(=C(C(=C7)OC)O)OC)O)O,CC1=C(C(=CC=C1)Cl)NC(=O)C2=CN=C(S2)NC3=NC(=NC(=C3)N4CCN(CC4)CCO)C,-1.865,0,-5.332515,-0.03435,22.084497,-0.7905574440956116,2.246683359146118,0.9043640494346619
etoposide,dasatinib,NCIH1650,CC1OCC2C(O1)C(C(C(O2)OC3C4COC(=O)C4C(C5=CC6=C(C=C35)OCO6)C7=CC(=C(C(=C7)OC)O)OC)O)O,CC1=C(C(=CC=C1)Cl)NC(=O)C2=CN=C(S2)NC3=NC(=NC(=C3)N4CCN(CC4)CCO)C,1.675,1,8.063547,-0.03375,29.32312,-0.18997514247894287,3.1574151515960693,0.9591999053955078
etoposide,dasatinib,NCIH2122,CC1OCC2C(O1)C(C(C(O2)OC3C4COC(=O)C4C(C5=CC6=C(C=C35)OCO6)C7=CC(=C(C(=C7)OC)O)OC)O)O,CC1=C(C(=CC=C1)Cl)NC(=O)C2=CN=C(S2)NC3=NC(=NC(=C3)N4CCN(CC4)CCO)C,7.72,1,-30.706367,-0.0514,5.3989005,-0.6372228264808655,5.706418991088867,0.9966865181922913
etoposide,dasatinib,NCIH23,CC1OCC2C(O1)C(C(C(O2)OC3C4COC(=O)C4C(C5=CC6=C(C=C35)OCO6)C7=CC(=C(C(=C7)OC)O)OC)O)O,CC1=C(C(=CC=C1)Cl)NC(=O)C2=CN=C(S2)NC3=NC(=NC(=C3)N4CCN(CC4)CCO)C,-26.31,0,-43.59037,-0.0592,-4.2244253,-1.9134228229522705,0.021275285631418228,0.5053186416625977
etoposide,dasatinib,NCIH520,CC1OCC2C(O1)C(C(C(O2)OC3C4COC(=O)C4C(C5=CC6=C(C=C35)OCO6)C7=CC(=C(C(=C7)OC)O)OC)O)O,CC1=C(C(=CC=C1)Cl)NC(=O)C2=CN=C(S2)NC3=NC(=NC(=C3)N4CCN(CC4)CCO)C,1.355,1,4.954746,-0.03865,24.207047,-0.3871060013771057,1.6665830612182617,0.8411197066307068
etoposide,dasatinib,OV90,CC1OCC2C(O1)C(C(C(O2)OC3C4COC(=O)C4C(C5=CC6=C(C=C35)OCO6)C7=CC(=C(C(=C7)OC)O)OC)O)O,CC1=C(C(=CC=C1)Cl)NC(=O)C2=CN=C(S2)NC3=NC(=NC(=C3)N4CCN(CC4)CCO)C,-1.865,0,3.2350633,-0.0206,21.707176,0.4059153199195862,-1.0958125591278076,0.2505253255367279
etoposide,dasatinib,RKO,CC1OCC2C(O1)C(C(C(O2)OC3C4COC(=O)C4C(C5=CC6=C(C=C35)OCO6)C7=CC(=C(C(=C7)OC)O)OC)O)O,CC1=C(C(=CC=C1)Cl)NC(=O)C2=CN=C(S2)NC3=NC(=NC(=C3)N4CCN(CC4)CCO)C,3.605,1,3.4774735,-0.10555,23.855982,-0.2916102111339569,0.3354381322860718,0.5830819606781006
etoposide,dasatinib,SKMES1,CC1OCC2C(O1)C(C(C(O2)OC3C4COC(=O)C4C(C5=CC6=C(C=C35)OCO6)C7=CC(=C(C(=C7)OC)O)OC)O)O,CC1=C(C(=CC=C1)Cl)NC(=O)C2=CN=C(S2)NC3=NC(=NC(=C3)N4CCN(CC4)CCO)C,-2.33,0,4.317931,-0.1027,19.864708,0.5903679132461548,0.29996946454048157,0.5744350552558899
etoposide,dasatinib,SKOV3,CC1OCC2C(O1)C(C(C(O2)OC3C4COC(=O)C4C(C5=CC6=C(C=C35)OCO6)C7=CC(=C(C(=C7)OC)O)OC)O)O,CC1=C(C(=CC=C1)Cl)NC(=O)C2=CN=C(S2)NC3=NC(=NC(=C3)N4CCN(CC4)CCO)C,-1.49,0,2.4824486,-0.08195,26.493502,0.071883924305439,-0.6631320118904114,0.34003639221191406
etoposide,dasatinib,SW620,CC1OCC2C(O1)C(C(C(O2)OC3C4COC(=O)C4C(C5=CC6=C(C=C35)OCO6)C7=CC(=C(C(=C7)OC)O)OC)O)O,CC1=C(C(=CC=C1)Cl)NC(=O)C2=CN=C(S2)NC3=NC(=NC(=C3)N4CCN(CC4)CCO)C,5.24,1,2.0288916,-0.12555,22.261448,-0.4230492115020752,0.21935129165649414,0.5546190142631531
etoposide,dasatinib,SW837,CC1OCC2C(O1)C(C(C(O2)OC3C4COC(=O)C4C(C5=CC6=C(C=C35)OCO6)C7=CC(=C(C(=C7)OC)O)OC)O)O,CC1=C(C(=CC=C1)Cl)NC(=O)C2=CN=C(S2)NC3=NC(=NC(=C3)N4CCN(CC4)CCO)C,1.675,1,10.607638,-0.0615,29.305225,-0.5788189768791199,4.04180383682251,0.9827374815940857
etoposide,dasatinib,T47D,CC1OCC2C(O1)C(C(C(O2)OC3C4COC(=O)C4C(C5=CC6=C(C=C35)OCO6)C7=CC(=C(C(=C7)OC)O)OC)O)O,CC1=C(C(=CC=C1)Cl)NC(=O)C2=CN=C(S2)NC3=NC(=NC(=C3)N4CCN(CC4)CCO)C,-7.745,0,3.6910672,-0.0206,25.56858,0.5634694695472717,-0.6839954257011414,0.33537015318870544
etoposide,dinaciclib,A375,CC1OCC2C(O1)C(C(C(O2)OC3C4COC(=O)C4C(C5=CC6=C(C=C35)OCO6)C7=CC(=C(C(=C7)OC)O)OC)O)O,CCC1=C2N=C(C=C(N2N=C1)NCC3=C[N+](=CC=C3)[O-])N4CCCCC4CCO,-17.245,0,-24.316135,-0.0206,5.0057974,-0.7869038581848145,2.9536678791046143,0.950436532497406
etoposide,dinaciclib,A427,CC1OCC2C(O1)C(C(C(O2)OC3C4COC(=O)C4C(C5=CC6=C(C=C35)OCO6)C7=CC(=C(C(=C7)OC)O)OC)O)O,CCC1=C2N=C(C=C(N2N=C1)NCC3=C[N+](=CC=C3)[O-])N4CCCCC4CCO,1.82,1,-4.4971175,-0.0206,-3.563797,-0.20964112877845764,1.0592845678329468,0.7425537705421448
etoposide,dinaciclib,ES2,CC1OCC2C(O1)C(C(C(O2)OC3C4COC(=O)C4C(C5=CC6=C(C=C35)OCO6)C7=CC(=C(C(=C7)OC)O)OC)O)O,CCC1=C2N=C(C=C(N2N=C1)NCC3=C[N+](=CC=C3)[O-])N4CCCCC4CCO,0.905,1,-3.6347744,-0.131,-1.5532069,-0.6475148797035217,-0.7517239451408386,0.3204457759857178
etoposide,dinaciclib,HT144,CC1OCC2C(O1)C(C(C(O2)OC3C4COC(=O)C4C(C5=CC6=C(C=C35)OCO6)C7=CC(=C(C(=C7)OC)O)OC)O)O,CCC1=C2N=C(C=C(N2N=C1)NCC3=C[N+](=CC=C3)[O-])N4CCCCC4CCO,-5.65,0,0.6737836,-0.10555,-1.8042032,-1.0786317586898804,0.20519012212753296,0.5511183142662048
etoposide,dinaciclib,MDAMB436,CC1OCC2C(O1)C(C(C(O2)OC3C4COC(=O)C4C(C5=CC6=C(C=C35)OCO6)C7=CC(=C(C(=C7)OC)O)OC)O)O,CCC1=C2N=C(C=C(N2N=C1)NCC3=C[N+](=CC=C3)[O-])N4CCCCC4CCO,-1.73,0,-0.21917357,-0.0206,2.5949116,-0.31012892723083496,-0.2376834750175476,0.44085729122161865
etoposide,dinaciclib,NCIH2122,CC1OCC2C(O1)C(C(C(O2)OC3C4COC(=O)C4C(C5=CC6=C(C=C35)OCO6)C7=CC(=C(C(=C7)OC)O)OC)O)O,CCC1=C2N=C(C=C(N2N=C1)NCC3=C[N+](=CC=C3)[O-])N4CCCCC4CCO,2.195,1,4.497357,-0.0535,-9.617978,1.1238102912902832,3.105351448059082,0.9571129679679871
etoposide,dinaciclib,NCIH23,CC1OCC2C(O1)C(C(C(O2)OC3C4COC(=O)C4C(C5=CC6=C(C=C35)OCO6)C7=CC(=C(C(=C7)OC)O)OC)O)O,CCC1=C2N=C(C=C(N2N=C1)NCC3=C[N+](=CC=C3)[O-])N4CCCCC4CCO,-1.96,0,-16.890184,-0.08195,-22.065882,-1.6232850551605225,0.39351096749305725,0.5971276164054871
etoposide,dinaciclib,NCIH520,CC1OCC2C(O1)C(C(C(O2)OC3C4COC(=O)C4C(C5=CC6=C(C=C35)OCO6)C7=CC(=C(C(=C7)OC)O)OC)O)O,CCC1=C2N=C(C=C(N2N=C1)NCC3=C[N+](=CC=C3)[O-])N4CCCCC4CCO,-1.785,0,-5.6103325,-0.12555,0.11017314,-1.4256811141967773,-1.0644768476486206,0.25645485520362854
etoposide,dinaciclib,OV90,CC1OCC2C(O1)C(C(C(O2)OC3C4COC(=O)C4C(C5=CC6=C(C=C35)OCO6)C7=CC(=C(C(=C7)OC)O)OC)O)O,CCC1=C2N=C(C=C(N2N=C1)NCC3=C[N+](=CC=C3)[O-])N4CCCCC4CCO,-2.06,0,-0.3800706,-0.02805,0.36996034,1.2724015712738037,-2.242227077484131,0.09602205455303192
etoposide,dinaciclib,SKMES1,CC1OCC2C(O1)C(C(C(O2)OC3C4COC(=O)C4C(C5=CC6=C(C=C35)OCO6)C7=CC(=C(C(=C7)OC)O)OC)O)O,CCC1=C2N=C(C=C(N2N=C1)NCC3=C[N+](=CC=C3)[O-])N4CCCCC4CCO,-1.53,0,-3.596739,-0.0251,-0.7656999,0.20439955592155457,0.23700517416000366,0.5589755177497864
etoposide,dinaciclib,SW837,CC1OCC2C(O1)C(C(C(O2)OC3C4COC(=O)C4C(C5=CC6=C(C=C35)OCO6)C7=CC(=C(C(=C7)OC)O)OC)O)O,CCC1=C2N=C(C=C(N2N=C1)NCC3=C[N+](=CC=C3)[O-])N4CCCCC4CCO,-2.225,0,0.024541657,-0.0858,2.9799457,0.05830725282430649,2.3861749172210693,0.9157670140266418
etoposide,dinaciclib,T47D,CC1OCC2C(O1)C(C(C(O2)OC3C4COC(=O)C4C(C5=CC6=C(C=C35)OCO6)C7=CC(=C(C(=C7)OC)O)OC)O)O,CCC1=C2N=C(C=C(N2N=C1)NCC3=C[N+](=CC=C3)[O-])N4CCCCC4CCO,1.36,1,4.6264377,-0.11855,0.16657464,0.8639163970947266,-0.6389579176902771,0.34548214077949524
etoposide,erlotinib,A2058,CC1OCC2C(O1)C(C(C(O2)OC3C4COC(=O)C4C(C5=CC6=C(C=C35)OCO6)C7=CC(=C(C(=C7)OC)O)OC)O)O,COCCOC1=C(C=C2C(=C1)C(=NC=N2)NC3=CC=CC(=C3)C#C)OCCOC,2.53,1,6.7018943,-0.1144,12.65623,-1.2187985181808472,3.421032667160034,0.9683553576469421
etoposide,erlotinib,A2780,CC1OCC2C(O1)C(C(C(O2)OC3C4COC(=O)C4C(C5=CC6=C(C=C35)OCO6)C7=CC(=C(C(=C7)OC)O)OC)O)O,COCCOC1=C(C=C2C(=C1)C(=NC=N2)NC3=CC=CC(=C3)C#C)OCCOC,7.115,1,10.107873,-0.13755,15.478418,0.8306267261505127,1.491345763206482,0.8162801861763
etoposide,erlotinib,A375,CC1OCC2C(O1)C(C(C(O2)OC3C4COC(=O)C4C(C5=CC6=C(C=C35)OCO6)C7=CC(=C(C(=C7)OC)O)OC)O)O,COCCOC1=C(C=C2C(=C1)C(=NC=N2)NC3=CC=CC(=C3)C#C)OCCOC,6.11,1,5.7920084,-0.03435,17.527386,-0.8626378774642944,0.9338263869285583,0.717850923538208
etoposide,erlotinib,A427,CC1OCC2C(O1)C(C(C(O2)OC3C4COC(=O)C4C(C5=CC6=C(C=C35)OCO6)C7=CC(=C(C(=C7)OC)O)OC)O)O,COCCOC1=C(C=C2C(=C1)C(=NC=N2)NC3=CC=CC(=C3)C#C)OCCOC,4.53,1,4.0885816,-0.06305,7.468565,-1.027961254119873,2.987041711807251,0.9519852995872498
etoposide,erlotinib,ES2,CC1OCC2C(O1)C(C(C(O2)OC3C4COC(=O)C4C(C5=CC6=C(C=C35)OCO6)C7=CC(=C(C(=C7)OC)O)OC)O)O,COCCOC1=C(C=C2C(=C1)C(=NC=N2)NC3=CC=CC(=C3)C#C)OCCOC,10.975,1,1.5955849,-0.0514,7.8390102,-0.23752149939537048,2.16499400138855,0.8970616459846497
etoposide,erlotinib,HCT116,CC1OCC2C(O1)C(C(C(O2)OC3C4COC(=O)C4C(C5=CC6=C(C=C35)OCO6)C7=CC(=C(C(=C7)OC)O)OC)O)O,COCCOC1=C(C=C2C(=C1)C(=NC=N2)NC3=CC=CC(=C3)C#C)OCCOC,8.525,1,6.878447,-0.0763,11.257698,-0.7314402461051941,-0.1208365261554718,0.4698275923728943
etoposide,erlotinib,HT144,CC1OCC2C(O1)C(C(C(O2)OC3C4COC(=O)C4C(C5=CC6=C(C=C35)OCO6)C7=CC(=C(C(=C7)OC)O)OC)O)O,COCCOC1=C(C=C2C(=C1)C(=NC=N2)NC3=CC=CC(=C3)C#C)OCCOC,4.185,1,9.147718,-0.03865,10.412369,-1.4846303462982178,1.8163961172103882,0.8601331114768982
etoposide,erlotinib,HT29,CC1OCC2C(O1)C(C(C(O2)OC3C4COC(=O)C4C(C5=CC6=C(C=C35)OCO6)C7=CC(=C(C(=C7)OC)O)OC)O)O,COCCOC1=C(C=C2C(=C1)C(=NC=N2)NC3=CC=CC(=C3)C#C)OCCOC,9.48,1,7.7695594,-0.0251,19.901596,0.03523412346839905,0.2859004735946655,0.5709921717643738
etoposide,erlotinib,LOVO,CC1OCC2C(O1)C(C(C(O2)OC3C4COC(=O)C4C(C5=CC6=C(C=C35)OCO6)C7=CC(=C(C(=C7)OC)O)OC)O)O,COCCOC1=C(C=C2C(=C1)C(=NC=N2)NC3=CC=CC(=C3)C#C)OCCOC,-0.46,0,8.731536,-0.0375,23.24112,-1.0688056945800781,-0.8526076078414917,0.29888615012168884
etoposide,erlotinib,MDAMB436,CC1OCC2C(O1)C(C(C(O2)OC3C4COC(=O)C4C(C5=CC6=C(C=C35)OCO6)C7=CC(=C(C(=C7)OC)O)OC)O)O,COCCOC1=C(C=C2C(=C1)C(=NC=N2)NC3=CC=CC(=C3)C#C)OCCOC,0.335,1,6.6277313,-0.0316,11.487601,-0.38595181703567505,-0.13612911105155945,0.4660201668739319
etoposide,erlotinib,NCIH1650,CC1OCC2C(O1)C(C(C(O2)OC3C4COC(=O)C4C(C5=CC6=C(C=C35)OCO6)C7=CC(=C(C(=C7)OC)O)OC)O)O,COCCOC1=C(C=C2C(=C1)C(=NC=N2)NC3=CC=CC(=C3)C#C)OCCOC,3.165,1,7.6794715,-0.131,17.566103,-1.2979475259780884,1.5973095893859863,0.8316420912742615
etoposide,erlotinib,NCIH2122,CC1OCC2C(O1)C(C(C(O2)OC3C4COC(=O)C4C(C5=CC6=C(C=C35)OCO6)C7=CC(=C(C(=C7)OC)O)OC)O)O,COCCOC1=C(C=C2C(=C1)C(=NC=N2)NC3=CC=CC(=C3)C#C)OCCOC,5.6,1,12.707055,-0.10555,4.29359,-1.1880415678024292,2.7868306636810303,0.9419600367546082
etoposide,erlotinib,NCIH23,CC1OCC2C(O1)C(C(C(O2)OC3C4COC(=O)C4C(C5=CC6=C(C=C35)OCO6)C7=CC(=C(C(=C7)OC)O)OC)O)O,COCCOC1=C(C=C2C(=C1)C(=NC=N2)NC3=CC=CC(=C3)C#C)OCCOC,-23.51,0,-10.918171,-0.0206,-14.017603,-1.5186843872070312,-0.5489012002944946,0.3661193549633026
etoposide,erlotinib,NCIH520,CC1OCC2C(O1)C(C(C(O2)OC3C4COC(=O)C4C(C5=CC6=C(C=C35)OCO6)C7=CC(=C(C(=C7)OC)O)OC)O)O,COCCOC1=C(C=C2C(=C1)C(=NC=N2)NC3=CC=CC(=C3)C#C)OCCOC,6.4,1,7.0691786,-0.1077,11.197084,-0.1279689073562622,2.0857367515563965,0.8895090818405151
etoposide,erlotinib,OV90,CC1OCC2C(O1)C(C(C(O2)OC3C4COC(=O)C4C(C5=CC6=C(C=C35)OCO6)C7=CC(=C(C(=C7)OC)O)OC)O)O,COCCOC1=C(C=C2C(=C1)C(=NC=N2)NC3=CC=CC(=C3)C#C)OCCOC,3.195,1,5.2189183,-0.2915,11.291224,0.6634424924850464,-2.1665477752685547,0.10279498994350433
etoposide,erlotinib,RKO,CC1OCC2C(O1)C(C(C(O2)OC3C4COC(=O)C4C(C5=CC6=C(C=C35)OCO6)C7=CC(=C(C(=C7)OC)O)OC)O)O,COCCOC1=C(C=C2C(=C1)C(=NC=N2)NC3=CC=CC(=C3)C#C)OCCOC,1.73,1,-1.1403936,-0.603,13.876431,-0.5058501958847046,-2.3639957904815674,0.08595972508192062
etoposide,erlotinib,SKMES1,CC1OCC2C(O1)C(C(C(O2)OC3C4COC(=O)C4C(C5=CC6=C(C=C35)OCO6)C7=CC(=C(C(=C7)OC)O)OC)O)O,COCCOC1=C(C=C2C(=C1)C(=NC=N2)NC3=CC=CC(=C3)C#C)OCCOC,-1.43,0,5.363165,-0.266,11.774958,0.05683869123458862,-0.6984491944313049,0.33215615153312683
etoposide,erlotinib,SKOV3,CC1OCC2C(O1)C(C(C(O2)OC3C4COC(=O)C4C(C5=CC6=C(C=C35)OCO6)C7=CC(=C(C(=C7)OC)O)OC)O)O,COCCOC1=C(C=C2C(=C1)C(=NC=N2)NC3=CC=CC(=C3)C#C)OCCOC,5.97,1,5.1995244,-0.4485,20.965807,-0.21779295802116394,-0.06595516204833984,0.48351722955703735
etoposide,erlotinib,SW620,CC1OCC2C(O1)C(C(C(O2)OC3C4COC(=O)C4C(C5=CC6=C(C=C35)OCO6)C7=CC(=C(C(=C7)OC)O)OC)O)O,COCCOC1=C(C=C2C(=C1)C(=NC=N2)NC3=CC=CC(=C3)C#C)OCCOC,9.8,1,6.816169,-0.365,12.493479,0.08675357699394226,0.7480828166007996,0.678760826587677
etoposide,erlotinib,SW837,CC1OCC2C(O1)C(C(C(O2)OC3C4COC(=O)C4C(C5=CC6=C(C=C35)OCO6)C7=CC(=C(C(=C7)OC)O)OC)O)O,COCCOC1=C(C=C2C(=C1)C(=NC=N2)NC3=CC=CC(=C3)C#C)OCCOC,9.175,1,10.717735,-0.4885,21.131804,-1.0415624380111694,4.323085784912109,0.9869145750999451
etoposide,geldanamycin,A2058,CC1OCC2C(O1)C(C(C(O2)OC3C4COC(=O)C4C(C5=CC6=C(C=C35)OCO6)C7=CC(=C(C(=C7)OC)O)OC)O)O,CC1CC(C(C(C=C(C(C(C=CC=C(C(=O)NC2=CC(=O)C(=C(C1)C2=O)OC)C)OC)OC(=O)N)C)C)O)OC,9.595,1,6.1499715,-0.33,0.5253536,-1.273489236831665,6.625177383422852,0.9986751675605774
etoposide,geldanamycin,A2780,CC1OCC2C(O1)C(C(C(O2)OC3C4COC(=O)C4C(C5=CC6=C(C=C35)OCO6)C7=CC(=C(C(=C7)OC)O)OC)O)O,CC1CC(C(C(C=C(C(C(C=CC=C(C(=O)NC2=CC(=O)C(=C(C1)C2=O)OC)C)OC)OC(=O)N)C)C)O)OC,3.625,1,3.417282,-0.13755,1.9183234,0.30322328209877014,5.085222244262695,0.9938504695892334
etoposide,geldanamycin,A427,CC1OCC2C(O1)C(C(C(O2)OC3C4COC(=O)C4C(C5=CC6=C(C=C35)OCO6)C7=CC(=C(C(=C7)OC)O)OC)O)O,CC1CC(C(C(C=C(C(C(C=CC=C(C(=O)NC2=CC(=O)C(=C(C1)C2=O)OC)C)OC)OC(=O)N)C)C)O)OC,2.065,1,1.1959257,-0.03375,-5.2482853,-1.4044041633605957,3.556072950363159,0.9722417593002319
etoposide,geldanamycin,ES2,CC1OCC2C(O1)C(C(C(O2)OC3C4COC(=O)C4C(C5=CC6=C(C=C35)OCO6)C7=CC(=C(C(=C7)OC)O)OC)O)O,CC1CC(C(C(C=C(C(C(C=CC=C(C(=O)NC2=CC(=O)C(=C(C1)C2=O)OC)C)OC)OC(=O)N)C)C)O)OC,4.5,1,2.1190655,-0.05825,-2.701744,-0.628552258014679,2.8258445262908936,0.9440565705299377
etoposide,geldanamycin,HCT116,CC1OCC2C(O1)C(C(C(O2)OC3C4COC(=O)C4C(C5=CC6=C(C=C35)OCO6)C7=CC(=C(C(=C7)OC)O)OC)O)O,CC1CC(C(C(C=C(C(C(C=CC=C(C(=O)NC2=CC(=O)C(=C(C1)C2=O)OC)C)OC)OC(=O)N)C)C)O)OC,2.38,1,2.1303167,-0.06265,-5.462537,-0.5263744592666626,0.08879581093788147,0.5221843719482422
etoposide,geldanamycin,HT144,CC1OCC2C(O1)C(C(C(O2)OC3C4COC(=O)C4C(C5=CC6=C(C=C35)OCO6)C7=CC(=C(C(=C7)OC)O)OC)O)O,CC1CC(C(C(C=C(C(C(C=CC=C(C(=O)NC2=CC(=O)C(=C(C1)C2=O)OC)C)OC)OC(=O)N)C)C)O)OC,1.91,1,5.448768,-0.03615,-1.7980425,-1.1553242206573486,4.751326560974121,0.99143385887146
etoposide,geldanamycin,LOVO,CC1OCC2C(O1)C(C(C(O2)OC3C4COC(=O)C4C(C5=CC6=C(C=C35)OCO6)C7=CC(=C(C(=C7)OC)O)OC)O)O,CC1CC(C(C(C=C(C(C(C=CC=C(C(=O)NC2=CC(=O)C(=C(C1)C2=O)OC)C)OC)OC(=O)N)C)C)O)OC,-1.07,0,-0.6056977,-0.0251,4.6386123,-0.23249298334121704,-0.46758878231048584,0.3851871192455292
etoposide,geldanamycin,MDAMB436,CC1OCC2C(O1)C(C(C(O2)OC3C4COC(=O)C4C(C5=CC6=C(C=C35)OCO6)C7=CC(=C(C(=C7)OC)O)OC)O)O,CC1CC(C(C(C=C(C(C(C=CC=C(C(=O)NC2=CC(=O)C(=C(C1)C2=O)OC)C)OC)OC(=O)N)C)C)O)OC,-1.585,0,3.6854663,-0.0206,-0.43249354,-0.6774956583976746,1.1498676538467407,0.7594866752624512
etoposide,geldanamycin,NCIH1650,CC1OCC2C(O1)C(C(C(O2)OC3C4COC(=O)C4C(C5=CC6=C(C=C35)OCO6)C7=CC(=C(C(=C7)OC)O)OC)O)O,CC1CC(C(C(C=C(C(C(C=CC=C(C(=O)NC2=CC(=O)C(=C(C1)C2=O)OC)C)OC)OC(=O)N)C)C)O)OC,5.475,1,3.136177,-0.0206,-0.08812805,-0.37811437249183655,3.584124803543091,0.9729888439178467
etoposide,geldanamycin,NCIH2122,CC1OCC2C(O1)C(C(C(O2)OC3C4COC(=O)C4C(C5=CC6=C(C=C35)OCO6)C7=CC(=C(C(=C7)OC)O)OC)O)O,CC1CC(C(C(C=C(C(C(C=CC=C(C(=O)NC2=CC(=O)C(=C(C1)C2=O)OC)C)OC)OC(=O)N)C)C)O)OC,2.055,1,4.2456717,-0.1345,-17.856077,-0.7628273963928223,5.286654949188232,0.9949668049812317
etoposide,geldanamycin,NCIH23,CC1OCC2C(O1)C(C(C(O2)OC3C4COC(=O)C4C(C5=CC6=C(C=C35)OCO6)C7=CC(=C(C(=C7)OC)O)OC)O)O,CC1CC(C(C(C=C(C(C(C=CC=C(C(=O)NC2=CC(=O)C(=C(C1)C2=O)OC)C)OC)OC(=O)N)C)C)O)OC,-1.3,0,-18.367758,-0.10555,-26.992176,-1.6751134395599365,0.154055655002594,0.5384379029273987
etoposide,geldanamycin,OV90,CC1OCC2C(O1)C(C(C(O2)OC3C4COC(=O)C4C(C5=CC6=C(C=C35)OCO6)C7=CC(=C(C(=C7)OC)O)OC)O)O,CC1CC(C(C(C=C(C(C(C=CC=C(C(=O)NC2=CC(=O)C(=C(C1)C2=O)OC)C)OC)OC(=O)N)C)C)O)OC,4.915,1,2.6418176,-0.0871,-2.3965888,1.0614478588104248,5.691619396209717,0.996637225151062
etoposide,geldanamycin,RKO,CC1OCC2C(O1)C(C(C(O2)OC3C4COC(=O)C4C(C5=CC6=C(C=C35)OCO6)C7=CC(=C(C(=C7)OC)O)OC)O)O,CC1CC(C(C(C=C(C(C(C=CC=C(C(=O)NC2=CC(=O)C(=C(C1)C2=O)OC)C)OC)OC(=O)N)C)C)O)OC,1.745,1,3.301473,-0.091,1.3782209,-0.20270413160324097,3.1049509048461914,0.9570964574813843
etoposide,geldanamycin,SKOV3,CC1OCC2C(O1)C(C(C(O2)OC3C4COC(=O)C4C(C5=CC6=C(C=C35)OCO6)C7=CC(=C(C(=C7)OC)O)OC)O)O,CC1CC(C(C(C=C(C(C(C=CC=C(C(=O)NC2=CC(=O)C(=C(C1)C2=O)OC)C)OC)OC(=O)N)C)C)O)OC,6.785,1,1.8624119,-0.09665,4.5140915,-0.46024784445762634,0.764636754989624,0.6823595762252808
etoposide,geldanamycin,SW620,CC1OCC2C(O1)C(C(C(O2)OC3C4COC(=O)C4C(C5=CC6=C(C=C35)OCO6)C7=CC(=C(C(=C7)OC)O)OC)O)O,CC1CC(C(C(C=C(C(C(C=CC=C(C(=O)NC2=CC(=O)C(=C(C1)C2=O)OC)C)OC)OC(=O)N)C)C)O)OC,4.39,1,1.4322358,-0.02605,-1.4192002,-0.01732844114303589,1.1820342540740967,0.7653133273124695
etoposide,geldanamycin,SW837,CC1OCC2C(O1)C(C(C(O2)OC3C4COC(=O)C4C(C5=CC6=C(C=C35)OCO6)C7=CC(=C(C(=C7)OC)O)OC)O)O,CC1CC(C(C(C=C(C(C(C=CC=C(C(=O)NC2=CC(=O)C(=C(C1)C2=O)OC)C)OC)OC(=O)N)C)C)O)OC,5.105,1,7.5117607,-0.0462,0.8778873,-0.23073416948318481,3.476667881011963,0.9700165390968323
etoposide,geldanamycin,T47D,CC1OCC2C(O1)C(C(C(O2)OC3C4COC(=O)C4C(C5=CC6=C(C=C35)OCO6)C7=CC(=C(C(=C7)OC)O)OC)O)O,CC1CC(C(C(C=C(C(C(C=CC=C(C(=O)NC2=CC(=O)C(=C(C1)C2=O)OC)C)OC)OC(=O)N)C)C)O)OC,6.43,1,4.2283096,-0.0391,-1.4932252,0.8491630554199219,0.45968005061149597,0.6129382848739624
etoposide,lapatinib,A2058,CC1OCC2C(O1)C(C(C(O2)OC3C4COC(=O)C4C(C5=CC6=C(C=C35)OCO6)C7=CC(=C(C(=C7)OC)O)OC)O)O,CS(=O)(=O)CCNCC1=CC=C(O1)C2=CC3=C(C=C2)N=CN=C3NC4=CC(=C(C=C4)OCC5=CC(=CC=C5)F)Cl,3.595,1,3.0042176,-0.1365,11.613114,-0.15444064140319824,1.9453816413879395,0.8749421834945679
etoposide,lapatinib,A2780,CC1OCC2C(O1)C(C(C(O2)OC3C4COC(=O)C4C(C5=CC6=C(C=C35)OCO6)C7=CC(=C(C(=C7)OC)O)OC)O)O,CS(=O)(=O)CCNCC1=CC=C(O1)C2=CC3=C(C=C2)N=CN=C3NC4=CC(=C(C=C4)OCC5=CC(=CC=C5)F)Cl,9.54,1,5.054268,-0.0515,14.374894,0.7265715003013611,4.208110332489014,0.9853435754776001
etoposide,lapatinib,A375,CC1OCC2C(O1)C(C(C(O2)OC3C4COC(=O)C4C(C5=CC6=C(C=C35)OCO6)C7=CC(=C(C(=C7)OC)O)OC)O)O,CS(=O)(=O)CCNCC1=CC=C(O1)C2=CC3=C(C=C2)N=CN=C3NC4=CC(=C(C=C4)OCC5=CC(=CC=C5)F)Cl,3.23,1,-15.594749,-0.1224,17.900608,-0.5204774141311646,-2.406728982925415,0.08266101777553558
etoposide,lapatinib,A427,CC1OCC2C(O1)C(C(C(O2)OC3C4COC(=O)C4C(C5=CC6=C(C=C35)OCO6)C7=CC(=C(C(=C7)OC)O)OC)O)O,CS(=O)(=O)CCNCC1=CC=C(O1)C2=CC3=C(C=C2)N=CN=C3NC4=CC(=C(C=C4)OCC5=CC(=CC=C5)F)Cl,1.345,1,3.9202461,-0.1324,5.0160446,-0.9394245147705078,-0.05766766890883446,0.48558706045150757
etoposide,lapatinib,ES2,CC1OCC2C(O1)C(C(C(O2)OC3C4COC(=O)C4C(C5=CC6=C(C=C35)OCO6)C7=CC(=C(C(=C7)OC)O)OC)O)O,CS(=O)(=O)CCNCC1=CC=C(O1)C2=CC3=C(C=C2)N=CN=C3NC4=CC(=C(C=C4)OCC5=CC(=CC=C5)F)Cl,2.625,1,-13.997814,-0.0518,7.121192,-0.7153769731521606,1.2275770902633667,0.7733942270278931
etoposide,lapatinib,HT144,CC1OCC2C(O1)C(C(C(O2)OC3C4COC(=O)C4C(C5=CC6=C(C=C35)OCO6)C7=CC(=C(C(=C7)OC)O)OC)O)O,CS(=O)(=O)CCNCC1=CC=C(O1)C2=CC3=C(C=C2)N=CN=C3NC4=CC(=C(C=C4)OCC5=CC(=CC=C5)F)Cl,-3.13,0,8.417217,-0.0866,11.336029,-0.5128815174102783,-0.48957791924476624,0.3799930214881897
etoposide,lapatinib,HT29,CC1OCC2C(O1)C(C(C(O2)OC3C4COC(=O)C4C(C5=CC6=C(C=C35)OCO6)C7=CC(=C(C(=C7)OC)O)OC)O)O,CS(=O)(=O)CCNCC1=CC=C(O1)C2=CC3=C(C=C2)N=CN=C3NC4=CC(=C(C=C4)OCC5=CC(=CC=C5)F)Cl,6.7,1,7.078582,-0.1318,17.845325,-0.24061110615730286,-0.04454166814684868,0.4888664484024048
etoposide,lapatinib,MDAMB436,CC1OCC2C(O1)C(C(C(O2)OC3C4COC(=O)C4C(C5=CC6=C(C=C35)OCO6)C7=CC(=C(C(=C7)OC)O)OC)O)O,CS(=O)(=O)CCNCC1=CC=C(O1)C2=CC3=C(C=C2)N=CN=C3NC4=CC(=C(C=C4)OCC5=CC(=CC=C5)F)Cl,3.245,1,1.304224,-0.0484,9.262672,-0.29528743028640747,1.0456780195236206,0.7399441003799438
etoposide,lapatinib,NCIH1650,CC1OCC2C(O1)C(C(C(O2)OC3C4COC(=O)C4C(C5=CC6=C(C=C35)OCO6)C7=CC(=C(C(=C7)OC)O)OC)O)O,CS(=O)(=O)CCNCC1=CC=C(O1)C2=CC3=C(C=C2)N=CN=C3NC4=CC(=C(C=C4)OCC5=CC(=CC=C5)F)Cl,2.38,1,7.93414,-0.0206,18.26712,-0.6774448156356812,2.151627779006958,0.8958207368850708
etoposide,lapatinib,NCIH2122,CC1OCC2C(O1)C(C(C(O2)OC3C4COC(=O)C4C(C5=CC6=C(C=C35)OCO6)C7=CC(=C(C(=C7)OC)O)OC)O)O,CS(=O)(=O)CCNCC1=CC=C(O1)C2=CC3=C(C=C2)N=CN=C3NC4=CC(=C(C=C4)OCC5=CC(=CC=C5)F)Cl,6.605,1,8.449924,-0.11045,0.10888163,-0.2195638120174408,3.7365760803222656,0.9767193794250488
etoposide,lapatinib,NCIH23,CC1OCC2C(O1)C(C(C(O2)OC3C4COC(=O)C4C(C5=CC6=C(C=C35)OCO6)C7=CC(=C(C(=C7)OC)O)OC)O)O,CS(=O)(=O)CCNCC1=CC=C(O1)C2=CC3=C(C=C2)N=CN=C3NC4=CC(=C(C=C4)OCC5=CC(=CC=C5)F)Cl,-21.11,0,-37.42875,-0.0858,-17.116535,-1.7785192728042603,0.008737239986658096,0.502184271812439
etoposide,lapatinib,NCIH520,CC1OCC2C(O1)C(C(C(O2)OC3C4COC(=O)C4C(C5=CC6=C(C=C35)OCO6)C7=CC(=C(C(=C7)OC)O)OC)O)O,CS(=O)(=O)CCNCC1=CC=C(O1)C2=CC3=C(C=C2)N=CN=C3NC4=CC(=C(C=C4)OCC5=CC(=CC=C5)F)Cl,3.56,1,4.1814694,-0.12205,10.090038,-0.5898801684379578,2.4304561614990234,0.9191204309463501
etoposide,lapatinib,OV90,CC1OCC2C(O1)C(C(C(O2)OC3C4COC(=O)C4C(C5=CC6=C(C=C35)OCO6)C7=CC(=C(C(=C7)OC)O)OC)O)O,CS(=O)(=O)CCNCC1=CC=C(O1)C2=CC3=C(C=C2)N=CN=C3NC4=CC(=C(C=C4)OCC5=CC(=CC=C5)F)Cl,-1.175,0,3.3734062,-0.03065,10.500044,-0.3685596287250519,-2.8491036891937256,0.054727669805288315
etoposide,lapatinib,SKMES1,CC1OCC2C(O1)C(C(C(O2)OC3C4COC(=O)C4C(C5=CC6=C(C=C35)OCO6)C7=CC(=C(C(=C7)OC)O)OC)O)O,CS(=O)(=O)CCNCC1=CC=C(O1)C2=CC3=C(C=C2)N=CN=C3NC4=CC(=C(C=C4)OCC5=CC(=CC=C5)F)Cl,-1.43,0,6.72058,-0.5515,11.844551,0.26315921545028687,-1.875785231590271,0.1328737437725067
etoposide,lapatinib,SKOV3,CC1OCC2C(O1)C(C(C(O2)OC3C4COC(=O)C4C(C5=CC6=C(C=C35)OCO6)C7=CC(=C(C(=C7)OC)O)OC)O)O,CS(=O)(=O)CCNCC1=CC=C(O1)C2=CC3=C(C=C2)N=CN=C3NC4=CC(=C(C=C4)OCC5=CC(=CC=C5)F)Cl,4.615,1,7.2725377,-0.5425,19.637743,0.04252532124519348,-2.161449670791626,0.10326612740755081
etoposide,lapatinib,SW620,CC1OCC2C(O1)C(C(C(O2)OC3C4COC(=O)C4C(C5=CC6=C(C=C35)OCO6)C7=CC(=C(C(=C7)OC)O)OC)O)O,CS(=O)(=O)CCNCC1=CC=C(O1)C2=CC3=C(C=C2)N=CN=C3NC4=CC(=C(C=C4)OCC5=CC(=CC=C5)F)Cl,8.735,1,-17.676796,-0.883,10.83152,-0.4599962830543518,1.215685486793518,0.7713034152984619
etoposide,lapatinib,SW837,CC1OCC2C(O1)C(C(C(O2)OC3C4COC(=O)C4C(C5=CC6=C(C=C35)OCO6)C7=CC(=C(C(=C7)OC)O)OC)O)O,CS(=O)(=O)CCNCC1=CC=C(O1)C2=CC3=C(C=C2)N=CN=C3NC4=CC(=C(C=C4)OCC5=CC(=CC=C5)F)Cl,4.27,1,13.599284,-0.758,22.189583,-0.4674190282821655,2.8109018802642822,0.9432621002197266
etoposide,mk2206,A2058,CC1OCC2C(O1)C(C(C(O2)OC3C4COC(=O)C4C(C5=CC6=C(C=C35)OCO6)C7=CC(=C(C(=C7)OC)O)OC)O)O,C1CC(C1)(C2=CC=C(C=C2)C3=C(C=C4C(=N3)C=CN5C4=NNC5=O)C6=CC=CC=C6)N,7.595,1,3.7108989,-0.5525,20.640865,-0.9264953136444092,2.637615919113159,0.9332435727119446
etoposide,mk2206,A2780,CC1OCC2C(O1)C(C(C(O2)OC3C4COC(=O)C4C(C5=CC6=C(C=C35)OCO6)C7=CC(=C(C(=C7)OC)O)OC)O)O,C1CC(C1)(C2=CC=C(C=C2)C3=C(C=C4C(=N3)C=CN5C4=NNC5=O)C6=CC=CC=C6)N,4.265,1,8.344714,-0.435,23.732914,0.8412536978721619,0.9279890656471252,0.716667115688324
etoposide,mk2206,A375,CC1OCC2C(O1)C(C(C(O2)OC3C4COC(=O)C4C(C5=CC6=C(C=C35)OCO6)C7=CC(=C(C(=C7)OC)O)OC)O)O,C1CC(C1)(C2=CC=C(C=C2)C3=C(C=C4C(=N3)C=CN5C4=NNC5=O)C6=CC=CC=C6)N,11.385,1,-22.16588,-0.5895,25.777002,-0.09205582737922668,-0.29235637187957764,0.4274270832538605
etoposide,mk2206,A427,CC1OCC2C(O1)C(C(C(O2)OC3C4COC(=O)C4C(C5=CC6=C(C=C35)OCO6)C7=CC(=C(C(=C7)OC)O)OC)O)O,C1CC(C1)(C2=CC=C(C=C2)C3=C(C=C4C(=N3)C=CN5C4=NNC5=O)C6=CC=CC=C6)N,5.4,1,4.9818287,-0.6545,15.685812,-0.14779171347618103,-1.8846468925476074,0.1318560242652893
etoposide,mk2206,HCT116,CC1OCC2C(O1)C(C(C(O2)OC3C4COC(=O)C4C(C5=CC6=C(C=C35)OCO6)C7=CC(=C(C(=C7)OC)O)OC)O)O,C1CC(C1)(C2=CC=C(C=C2)C3=C(C=C4C(=N3)C=CN5C4=NNC5=O)C6=CC=CC=C6)N,11.005,1,2.4485478,-0.551,16.544228,-0.5540594458580017,-0.11345025897026062,0.4716677963733673
etoposide,mk2206,HT144,CC1OCC2C(O1)C(C(C(O2)OC3C4COC(=O)C4C(C5=CC6=C(C=C35)OCO6)C7=CC(=C(C(=C7)OC)O)OC)O)O,C1CC(C1)(C2=CC=C(C=C2)C3=C(C=C4C(=N3)C=CN5C4=NNC5=O)C6=CC=CC=C6)N,3.06,1,3.7891164,-0.5805,17.69001,-0.21253541111946106,-0.2344314455986023,0.4416590929031372
etoposide,mk2206,HT29,CC1OCC2C(O1)C(C(C(O2)OC3C4COC(=O)C4C(C5=CC6=C(C=C35)OCO6)C7=CC(=C(C(=C7)OC)O)OC)O)O,C1CC(C1)(C2=CC=C(C=C2)C3=C(C=C4C(=N3)C=CN5C4=NNC5=O)C6=CC=CC=C6)N,4.105,1,6.8981395,-0.1024,23.175037,0.1909714937210083,-0.1945478469133377,0.4515158236026764
etoposide,mk2206,LOVO,CC1OCC2C(O1)C(C(C(O2)OC3C4COC(=O)C4C(C5=CC6=C(C=C35)OCO6)C7=CC(=C(C(=C7)OC)O)OC)O)O,C1CC(C1)(C2=CC=C(C=C2)C3=C(C=C4C(=N3)C=CN5C4=NNC5=O)C6=CC=CC=C6)N,-2.675,0,6.925513,-0.04005,26.514149,0.8860267400741577,-3.1584506034851074,0.04075958579778671
etoposide,mk2206,MDAMB436,CC1OCC2C(O1)C(C(C(O2)OC3C4COC(=O)C4C(C5=CC6=C(C=C35)OCO6)C7=CC(=C(C(=C7)OC)O)OC)O)O,C1CC(C1)(C2=CC=C(C=C2)C3=C(C=C4C(=N3)C=CN5C4=NNC5=O)C6=CC=CC=C6)N,1.85,1,6.8298903,-0.05885,18.622864,-0.064649797976017,2.0120863914489746,0.8820602297782898
etoposide,mk2206,NCIH2122,CC1OCC2C(O1)C(C(C(O2)OC3C4COC(=O)C4C(C5=CC6=C(C=C35)OCO6)C7=CC(=C(C(=C7)OC)O)OC)O)O,C1CC(C1)(C2=CC=C(C=C2)C3=C(C=C4C(=N3)C=CN5C4=NNC5=O)C6=CC=CC=C6)N,6.42,1,8.432894,-0.02985,9.30169,0.10042083263397217,2.0073318481445312,0.8815646767616272
etoposide,mk2206,NCIH23,CC1OCC2C(O1)C(C(C(O2)OC3C4COC(=O)C4C(C5=CC6=C(C=C35)OCO6)C7=CC(=C(C(=C7)OC)O)OC)O)O,C1CC(C1)(C2=CC=C(C=C2)C3=C(C=C4C(=N3)C=CN5C4=NNC5=O)C6=CC=CC=C6)N,-23.995,0,-33.023827,-0.03795,-6.372596,-1.1057366132736206,-0.036236029118299484,0.49094200134277344
etoposide,mk2206,NCIH520,CC1OCC2C(O1)C(C(C(O2)OC3C4COC(=O)C4C(C5=CC6=C(C=C35)OCO6)C7=CC(=C(C(=C7)OC)O)OC)O)O,C1CC(C1)(C2=CC=C(C=C2)C3=C(C=C4C(=N3)C=CN5C4=NNC5=O)C6=CC=CC=C6)N,-0.8,0,6.4756675,-0.0206,16.668407,-1.0901134014129639,-0.44124355912208557,0.39144468307495117
etoposide,mk2206,OV90,CC1OCC2C(O1)C(C(C(O2)OC3C4COC(=O)C4C(C5=CC6=C(C=C35)OCO6)C7=CC(=C(C(=C7)OC)O)OC)O)O,C1CC(C1)(C2=CC=C(C=C2)C3=C(C=C4C(=N3)C=CN5C4=NNC5=O)C6=CC=CC=C6)N,-0.255,0,7.0122557,-0.0316,18.68214,0.9114901423454285,1.6593656539916992,0.8401528596878052
etoposide,mk2206,RKO,CC1OCC2C(O1)C(C(C(O2)OC3C4COC(=O)C4C(C5=CC6=C(C=C35)OCO6)C7=CC(=C(C(=C7)OC)O)OC)O)O,C1CC(C1)(C2=CC=C(C=C2)C3=C(C=C4C(=N3)C=CN5C4=NNC5=O)C6=CC=CC=C6)N,7.7,1,4.5944686,-0.04185,20.421059,-0.6441609859466553,0.29538780450820923,0.5733146667480469
etoposide,mk2206,SKMES1,CC1OCC2C(O1)C(C(C(O2)OC3C4COC(=O)C4C(C5=CC6=C(C=C35)OCO6)C7=CC(=C(C(=C7)OC)O)OC)O)O,C1CC(C1)(C2=CC=C(C=C2)C3=C(C=C4C(=N3)C=CN5C4=NNC5=O)C6=CC=CC=C6)N,3.57,1,5.684848,-0.13755,19.979053,0.8187785744667053,-1.2945634126663208,0.21508139371871948
etoposide,mk2206,SKOV3,CC1OCC2C(O1)C(C(C(O2)OC3C4COC(=O)C4C(C5=CC6=C(C=C35)OCO6)C7=CC(=C(C(=C7)OC)O)OC)O)O,C1CC(C1)(C2=CC=C(C=C2)C3=C(C=C4C(=N3)C=CN5C4=NNC5=O)C6=CC=CC=C6)N,0.47,1,4.969601,-0.0683,26.437187,0.22158339619636536,-0.8108513951301575,0.30770909786224365
etoposide,mk2206,SW620,CC1OCC2C(O1)C(C(C(O2)OC3C4COC(=O)C4C(C5=CC6=C(C=C35)OCO6)C7=CC(=C(C(=C7)OC)O)OC)O)O,C1CC(C1)(C2=CC=C(C=C2)C3=C(C=C4C(=N3)C=CN5C4=NNC5=O)C6=CC=CC=C6)N,3.015,1,-3.2608442,-0.03515,17.549828,-0.2274779975414276,0.087882399559021,0.5219565033912659
etoposide,mk2206,SW837,CC1OCC2C(O1)C(C(C(O2)OC3C4COC(=O)C4C(C5=CC6=C(C=C35)OCO6)C7=CC(=C(C(=C7)OC)O)OC)O)O,C1CC(C1)(C2=CC=C(C=C2)C3=C(C=C4C(=N3)C=CN5C4=NNC5=O)C6=CC=CC=C6)N,3.705,1,5.936054,-0.0514,23.894869,1.5258393287658691,-1.1836596727371216,0.23439481854438782
etoposide,mk5108,A2058,CC1OCC2C(O1)C(C(C(O2)OC3C4COC(=O)C4C(C5=CC6=C(C=C35)OCO6)C7=CC(=C(C(=C7)OC)O)OC)O)O,C1CC(CCC1OC2=C(C(=CC=C2)Cl)F)(CC3=NC(=CC=C3)NC4=NC=CS4)C(=O)O,5.14,1,-3.574206,-0.0464,4.571666,-0.46827805042266846,3.072648286819458,0.9557502865791321
etoposide,mk5108,A2780,CC1OCC2C(O1)C(C(C(O2)OC3C4COC(=O)C4C(C5=CC6=C(C=C35)OCO6)C7=CC(=C(C(=C7)OC)O)OC)O)O,C1CC(CCC1OC2=C(C(=CC=C2)Cl)F)(CC3=NC(=CC=C3)NC4=NC=CS4)C(=O)O,3.02,1,6.351859,-0.1395,8.2899475,0.7970311641693115,4.4527268409729,0.9884873628616333
etoposide,mk5108,A375,CC1OCC2C(O1)C(C(C(O2)OC3C4COC(=O)C4C(C5=CC6=C(C=C35)OCO6)C7=CC(=C(C(=C7)OC)O)OC)O)O,C1CC(CCC1OC2=C(C(=CC=C2)Cl)F)(CC3=NC(=CC=C3)NC4=NC=CS4)C(=O)O,3.93,1,-16.873207,-0.03355,8.7783785,0.6391950845718384,-0.24000048637390137,0.44028621912002563
etoposide,mk5108,ES2,CC1OCC2C(O1)C(C(C(O2)OC3C4COC(=O)C4C(C5=CC6=C(C=C35)OCO6)C7=CC(=C(C(=C7)OC)O)OC)O)O,C1CC(CCC1OC2=C(C(=CC=C2)Cl)F)(CC3=NC(=CC=C3)NC4=NC=CS4)C(=O)O,4.47,1,-7.863986,-0.197,1.7467217,-0.5909896492958069,-0.027498241513967514,0.49312588572502136
etoposide,mk5108,HCT116,CC1OCC2C(O1)C(C(C(O2)OC3C4COC(=O)C4C(C5=CC6=C(C=C35)OCO6)C7=CC(=C(C(=C7)OC)O)OC)O)O,C1CC(CCC1OC2=C(C(=CC=C2)Cl)F)(CC3=NC(=CC=C3)NC4=NC=CS4)C(=O)O,3.565,1,-3.2447047,-0.12275,2.9941487,-1.0631036758422852,-0.4457564353942871,0.3903701901435852
etoposide,mk5108,HT144,CC1OCC2C(O1)C(C(C(O2)OC3C4COC(=O)C4C(C5=CC6=C(C=C35)OCO6)C7=CC(=C(C(=C7)OC)O)OC)O)O,C1CC(CCC1OC2=C(C(=CC=C2)Cl)F)(CC3=NC(=CC=C3)NC4=NC=CS4)C(=O)O,-12.27,0,-4.6372247,-0.156,0.90624446,-1.1604098081588745,-3.409674882888794,0.03199446201324463
etoposide,mk5108,LOVO,CC1OCC2C(O1)C(C(C(O2)OC3C4COC(=O)C4C(C5=CC6=C(C=C35)OCO6)C7=CC(=C(C(=C7)OC)O)OC)O)O,C1CC(CCC1OC2=C(C(=CC=C2)Cl)F)(CC3=NC(=CC=C3)NC4=NC=CS4)C(=O)O,-6.81,0,0.78276384,-0.1717,11.773024,0.12930229306221008,-3.2846696376800537,0.03610087186098099
etoposide,mk5108,MDAMB436,CC1OCC2C(O1)C(C(C(O2)OC3C4COC(=O)C4C(C5=CC6=C(C=C35)OCO6)C7=CC(=C(C(=C7)OC)O)OC)O)O,C1CC(CCC1OC2=C(C(=CC=C2)Cl)F)(CC3=NC(=CC=C3)NC4=NC=CS4)C(=O)O,1.345,1,-3.6275015,-0.134,4.90854,-0.5182183980941772,-2.3206775188446045,0.08942487835884094
etoposide,mk5108,NCIH1650,CC1OCC2C(O1)C(C(C(O2)OC3C4COC(=O)C4C(C5=CC6=C(C=C35)OCO6)C7=CC(=C(C(=C7)OC)O)OC)O)O,C1CC(CCC1OC2=C(C(=CC=C2)Cl)F)(CC3=NC(=CC=C3)NC4=NC=CS4)C(=O)O,-8.505,0,-4.540578,-0.153,8.567664,-1.2094260454177856,-2.4426581859588623,0.07997710257768631
etoposide,mk5108,NCIH2122,CC1OCC2C(O1)C(C(C(O2)OC3C4COC(=O)C4C(C5=CC6=C(C=C35)OCO6)C7=CC(=C(C(=C7)OC)O)OC)O)O,C1CC(CCC1OC2=C(C(=CC=C2)Cl)F)(CC3=NC(=CC=C3)NC4=NC=CS4)C(=O)O,-2.315,0,-7.7201653,-0.1835,-6.541157,0.6944141387939453,1.5264413356781006,0.8214851021766663
etoposide,mk5108,NCIH23,CC1OCC2C(O1)C(C(C(O2)OC3C4COC(=O)C4C(C5=CC6=C(C=C35)OCO6)C7=CC(=C(C(=C7)OC)O)OC)O)O,C1CC(CCC1OC2=C(C(=CC=C2)Cl)F)(CC3=NC(=CC=C3)NC4=NC=CS4)C(=O)O,2.88,1,-20.164497,-0.1051,-17.305649,-1.6478257179260254,0.9261953234672546,0.716302752494812
etoposide,mk5108,NCIH520,CC1OCC2C(O1)C(C(C(O2)OC3C4COC(=O)C4C(C5=CC6=C(C=C35)OCO6)C7=CC(=C(C(=C7)OC)O)OC)O)O,C1CC(CCC1OC2=C(C(=CC=C2)Cl)F)(CC3=NC(=CC=C3)NC4=NC=CS4)C(=O)O,-6.17,0,-1.6568456,-0.35,2.5225887,-0.09462955594062805,0.9997159838676453,0.7310027480125427
etoposide,mk5108,OV90,CC1OCC2C(O1)C(C(C(O2)OC3C4COC(=O)C4C(C5=CC6=C(C=C35)OCO6)C7=CC(=C(C(=C7)OC)O)OC)O)O,C1CC(CCC1OC2=C(C(=CC=C2)Cl)F)(CC3=NC(=CC=C3)NC4=NC=CS4)C(=O)O,0.85,1,-12.169178,-0.1255,3.4976242,0.1830095648765564,-2.2385056018829346,0.09634557366371155
etoposide,mk5108,RKO,CC1OCC2C(O1)C(C(C(O2)OC3C4COC(=O)C4C(C5=CC6=C(C=C35)OCO6)C7=CC(=C(C(=C7)OC)O)OC)O)O,C1CC(CCC1OC2=C(C(=CC=C2)Cl)F)(CC3=NC(=CC=C3)NC4=NC=CS4)C(=O)O,6.81,1,-17.007063,-0.1645,7.7405076,-0.3286420702934265,2.7005326747894287,0.9370580911636353
etoposide,mk5108,SKMES1,CC1OCC2C(O1)C(C(C(O2)OC3C4COC(=O)C4C(C5=CC6=C(C=C35)OCO6)C7=CC(=C(C(=C7)OC)O)OC)O)O,C1CC(CCC1OC2=C(C(=CC=C2)Cl)F)(CC3=NC(=CC=C3)NC4=NC=CS4)C(=O)O,-2.41,0,-0.8038512,-0.1133,2.906328,-0.556229829788208,-1.3825201988220215,0.20060454308986664
etoposide,mk5108,SKOV3,CC1OCC2C(O1)C(C(C(O2)OC3C4COC(=O)C4C(C5=CC6=C(C=C35)OCO6)C7=CC(=C(C(=C7)OC)O)OC)O)O,C1CC(CCC1OC2=C(C(=CC=C2)Cl)F)(CC3=NC(=CC=C3)NC4=NC=CS4)C(=O)O,3.7,1,-5.7474585,-0.275,11.987797,-0.3919200301170349,-0.2573115825653076,0.43602466583251953
etoposide,mk5108,SW620,CC1OCC2C(O1)C(C(C(O2)OC3C4COC(=O)C4C(C5=CC6=C(C=C35)OCO6)C7=CC(=C(C(=C7)OC)O)OC)O)O,C1CC(CCC1OC2=C(C(=CC=C2)Cl)F)(CC3=NC(=CC=C3)NC4=NC=CS4)C(=O)O,5.155,1,2.0604248,-0.1475,5.4901485,-0.008484512567520142,0.7757152318954468,0.6847559213638306
etoposide,mk5108,T47D,CC1OCC2C(O1)C(C(C(O2)OC3C4COC(=O)C4C(C5=CC6=C(C=C35)OCO6)C7=CC(=C(C(=C7)OC)O)OC)O)O,C1CC(CCC1OC2=C(C(=CC=C2)Cl)F)(CC3=NC(=CC=C3)NC4=NC=CS4)C(=O)O,-7.14,0,0.8895494,-0.2245,5.338166,0.6364564299583435,-0.07678637653589249,0.48081278800964355
etoposide,sorafenib,A2058,CC1OCC2C(O1)C(C(C(O2)OC3C4COC(=O)C4C(C5=CC6=C(C=C35)OCO6)C7=CC(=C(C(=C7)OC)O)OC)O)O,CNC(=O)C1=NC=CC(=C1)OC2=CC=C(C=C2)NC(=O)NC3=CC(=C(C=C3)Cl)C(F)(F)F,3.695,1,-0.284762,-0.13755,2.7834535,-1.788802146911621,2.5266284942626953,0.9259876012802124
etoposide,sorafenib,A2780,CC1OCC2C(O1)C(C(C(O2)OC3C4COC(=O)C4C(C5=CC6=C(C=C35)OCO6)C7=CC(=C(C(=C7)OC)O)OC)O)O,CNC(=O)C1=NC=CC(=C1)OC2=CC=C(C=C2)NC(=O)NC3=CC(=C(C=C3)Cl)C(F)(F)F,1.68,1,3.8392885,-0.03435,5.5105004,1.203718662261963,0.8122518062591553,0.6925891637802124
etoposide,sorafenib,A427,CC1OCC2C(O1)C(C(C(O2)OC3C4COC(=O)C4C(C5=CC6=C(C=C35)OCO6)C7=CC(=C(C(=C7)OC)O)OC)O)O,CNC(=O)C1=NC=CC(=C1)OC2=CC=C(C=C2)NC(=O)NC3=CC(=C(C=C3)Cl)C(F)(F)F,-0.385,0,3.4122643,-0.0615,-0.9027739,-1.0188255310058594,1.7973178625106812,0.8578221201896667
etoposide,sorafenib,ES2,CC1OCC2C(O1)C(C(C(O2)OC3C4COC(=O)C4C(C5=CC6=C(C=C35)OCO6)C7=CC(=C(C(=C7)OC)O)OC)O)O,CNC(=O)C1=NC=CC(=C1)OC2=CC=C(C=C2)NC(=O)NC3=CC(=C(C=C3)Cl)C(F)(F)F,2.06,1,0.26969358,-0.04445,-1.8518326,-0.34293636679649353,1.6069211959838867,0.8329834938049316
etoposide,sorafenib,HT144,CC1OCC2C(O1)C(C(C(O2)OC3C4COC(=O)C4C(C5=CC6=C(C=C35)OCO6)C7=CC(=C(C(=C7)OC)O)OC)O)O,CNC(=O)C1=NC=CC(=C1)OC2=CC=C(C=C2)NC(=O)NC3=CC(=C(C=C3)Cl)C(F)(F)F,1.115,1,5.745817,-0.06655,0.37819067,-1.215620756149292,3.806131601333618,0.9782494902610779
etoposide,sorafenib,HT29,CC1OCC2C(O1)C(C(C(O2)OC3C4COC(=O)C4C(C5=CC6=C(C=C35)OCO6)C7=CC(=C(C(=C7)OC)O)OC)O)O,CNC(=O)C1=NC=CC(=C1)OC2=CC=C(C=C2)NC(=O)NC3=CC(=C(C=C3)Cl)C(F)(F)F,-2.82,0,-1.7067153,-0.0488,5.7555532,0.12993711233139038,-0.3593147397041321,0.41112542152404785
etoposide,sorafenib,LOVO,CC1OCC2C(O1)C(C(C(O2)OC3C4COC(=O)C4C(C5=CC6=C(C=C35)OCO6)C7=CC(=C(C(=C7)OC)O)OC)O)O,CNC(=O)C1=NC=CC(=C1)OC2=CC=C(C=C2)NC(=O)NC3=CC(=C(C=C3)Cl)C(F)(F)F,-4.3,0,-2.8184109,-0.0206,7.3034835,-0.21349170804023743,-2.7706708908081055,0.058929793536663055
etoposide,sorafenib,MDAMB436,CC1OCC2C(O1)C(C(C(O2)OC3C4COC(=O)C4C(C5=CC6=C(C=C35)OCO6)C7=CC(=C(C(=C7)OC)O)OC)O)O,CNC(=O)C1=NC=CC(=C1)OC2=CC=C(C=C2)NC(=O)NC3=CC(=C(C=C3)Cl)C(F)(F)F,-3.6,0,-5.9877243,-0.0206,1.8888437,-0.22457468509674072,-1.0381989479064941,0.2614976465702057
etoposide,sorafenib,NCIH1650,CC1OCC2C(O1)C(C(C(O2)OC3C4COC(=O)C4C(C5=CC6=C(C=C35)OCO6)C7=CC(=C(C(=C7)OC)O)OC)O)O,CNC(=O)C1=NC=CC(=C1)OC2=CC=C(C=C2)NC(=O)NC3=CC(=C(C=C3)Cl)C(F)(F)F,-0.81,0,-8.769459,-0.0206,4.8345194,0.33189064264297485,2.886571168899536,0.9471786618232727
etoposide,sorafenib,NCIH2122,CC1OCC2C(O1)C(C(C(O2)OC3C4COC(=O)C4C(C5=CC6=C(C=C35)OCO6)C7=CC(=C(C(=C7)OC)O)OC)O)O,CNC(=O)C1=NC=CC(=C1)OC2=CC=C(C=C2)NC(=O)NC3=CC(=C(C=C3)Cl)C(F)(F)F,-1.345,0,-3.09087,-0.0858,-8.364487,-0.941802978515625,0.9132623672485352,0.7136672735214233
etoposide,sorafenib,NCIH23,CC1OCC2C(O1)C(C(C(O2)OC3C4COC(=O)C4C(C5=CC6=C(C=C35)OCO6)C7=CC(=C(C(=C7)OC)O)OC)O)O,CNC(=O)C1=NC=CC(=C1)OC2=CC=C(C=C2)NC(=O)NC3=CC(=C(C=C3)Cl)C(F)(F)F,-24.81,0,-9.929186,-0.11855,-19.624344,-1.546668529510498,-0.5919354557991028,0.35619091987609863
etoposide,sorafenib,NCIH520,CC1OCC2C(O1)C(C(C(O2)OC3C4COC(=O)C4C(C5=CC6=C(C=C35)OCO6)C7=CC(=C(C(=C7)OC)O)OC)O)O,CNC(=O)C1=NC=CC(=C1)OC2=CC=C(C=C2)NC(=O)NC3=CC(=C(C=C3)Cl)C(F)(F)F,3.82,1,0.8445417,-0.0833,0.41174653,-1.8652583360671997,2.883058786392212,0.947002649307251
etoposide,sorafenib,OV90,CC1OCC2C(O1)C(C(C(O2)OC3C4COC(=O)C4C(C5=CC6=C(C=C35)OCO6)C7=CC(=C(C(=C7)OC)O)OC)O)O,CNC(=O)C1=NC=CC(=C1)OC2=CC=C(C=C2)NC(=O)NC3=CC(=C(C=C3)Cl)C(F)(F)F,-1.61,0,1.4505446,-0.1224,0.6324976,0.5910749435424805,-0.6696262955665588,0.33858054876327515
etoposide,sorafenib,SKOV3,CC1OCC2C(O1)C(C(C(O2)OC3C4COC(=O)C4C(C5=CC6=C(C=C35)OCO6)C7=CC(=C(C(=C7)OC)O)OC)O)O,CNC(=O)C1=NC=CC(=C1)OC2=CC=C(C=C2)NC(=O)NC3=CC(=C(C=C3)Cl)C(F)(F)F,11.155,1,-1.2514062,-0.1055,7.5539184,-0.46170586347579956,-0.8909482955932617,0.2909141778945923
etoposide,sorafenib,T47D,CC1OCC2C(O1)C(C(C(O2)OC3C4COC(=O)C4C(C5=CC6=C(C=C35)OCO6)C7=CC(=C(C(=C7)OC)O)OC)O)O,CNC(=O)C1=NC=CC(=C1)OC2=CC=C(C=C2)NC(=O)NC3=CC(=C(C=C3)Cl)C(F)(F)F,3.335,1,3.997716,-0.04045,3.2967286,0.5565665364265442,-0.9710491895675659,0.27467140555381775
etoposide,sunitinib,A2058,CC1OCC2C(O1)C(C(C(O2)OC3C4COC(=O)C4C(C5=CC6=C(C=C35)OCO6)C7=CC(=C(C(=C7)OC)O)OC)O)O,CCN(CC)CCNC(=O)C1=C(NC(=C1C)C=C2C3=C(C=CC(=C3)F)NC2=O)C,3.595,1,0.45064214,-0.0858,6.4965425,-0.7198939323425293,4.684363842010498,0.9908459782600403
etoposide,sunitinib,A2780,CC1OCC2C(O1)C(C(C(O2)OC3C4COC(=O)C4C(C5=CC6=C(C=C35)OCO6)C7=CC(=C(C(=C7)OC)O)OC)O)O,CCN(CC)CCNC(=O)C1=C(NC(=C1C)C=C2C3=C(C=CC(=C3)F)NC2=O)C,2.3,1,5.428064,-0.10255,9.874799,0.42049649357795715,3.5666091442108154,0.9725247025489807
etoposide,sunitinib,A375,CC1OCC2C(O1)C(C(C(O2)OC3C4COC(=O)C4C(C5=CC6=C(C=C35)OCO6)C7=CC(=C(C(=C7)OC)O)OC)O)O,CCN(CC)CCNC(=O)C1=C(NC(=C1C)C=C2C3=C(C=CC(=C3)F)NC2=O)C,-1.475,0,-9.8227625,-0.0972,10.310776,-0.4157715439796448,3.5027194023132324,0.9707650542259216
etoposide,sunitinib,A427,CC1OCC2C(O1)C(C(C(O2)OC3C4COC(=O)C4C(C5=CC6=C(C=C35)OCO6)C7=CC(=C(C(=C7)OC)O)OC)O)O,CCN(CC)CCNC(=O)C1=C(NC(=C1C)C=C2C3=C(C=CC(=C3)F)NC2=O)C,6.21,1,4.8440003,-0.04545,1.8948497,0.20963126420974731,4.720893383026123,0.9911714196205139
etoposide,sunitinib,ES2,CC1OCC2C(O1)C(C(C(O2)OC3C4COC(=O)C4C(C5=CC6=C(C=C35)OCO6)C7=CC(=C(C(=C7)OC)O)OC)O)O,CCN(CC)CCNC(=O)C1=C(NC(=C1C)C=C2C3=C(C=CC(=C3)F)NC2=O)C,-2.975,0,-7.398039,-0.1429,2.8218932,-0.1741601824760437,2.9008371829986572,0.9478877782821655
etoposide,sunitinib,HCT116,CC1OCC2C(O1)C(C(C(O2)OC3C4COC(=O)C4C(C5=CC6=C(C=C35)OCO6)C7=CC(=C(C(=C7)OC)O)OC)O)O,CCN(CC)CCNC(=O)C1=C(NC(=C1C)C=C2C3=C(C=CC(=C3)F)NC2=O)C,5.5,1,2.6915057,-0.13755,2.943965,-0.8296399712562561,-0.3319493234157562,0.41776639223098755
etoposide,sunitinib,HT144,CC1OCC2C(O1)C(C(C(O2)OC3C4COC(=O)C4C(C5=CC6=C(C=C35)OCO6)C7=CC(=C(C(=C7)OC)O)OC)O)O,CCN(CC)CCNC(=O)C1=C(NC(=C1C)C=C2C3=C(C=CC(=C3)F)NC2=O)C,-7.45,0,-0.12509306,-0.08855,2.052957,-1.0181444883346558,0.5482212901115417,0.6337228417396545
etoposide,sunitinib,HT29,CC1OCC2C(O1)C(C(C(O2)OC3C4COC(=O)C4C(C5=CC6=C(C=C35)OCO6)C7=CC(=C(C(=C7)OC)O)OC)O)O,CCN(CC)CCNC(=O)C1=C(NC(=C1C)C=C2C3=C(C=CC(=C3)F)NC2=O)C,6.195,1,1.8336525,-0.0615,9.194312,0.44725334644317627,-0.15201422572135925,0.46206942200660706
etoposide,sunitinib,LOVO,CC1OCC2C(O1)C(C(C(O2)OC3C4COC(=O)C4C(C5=CC6=C(C=C35)OCO6)C7=CC(=C(C(=C7)OC)O)OC)O)O,CCN(CC)CCNC(=O)C1=C(NC(=C1C)C=C2C3=C(C=CC(=C3)F)NC2=O)C,-3.86,0,2.8369064,-0.0484,13.379761,-0.5834380388259888,-0.9967612028121948,0.2695786952972412
etoposide,sunitinib,NCIH1650,CC1OCC2C(O1)C(C(C(O2)OC3C4COC(=O)C4C(C5=CC6=C(C=C35)OCO6)C7=CC(=C(C(=C7)OC)O)OC)O)O,CCN(CC)CCNC(=O)C1=C(NC(=C1C)C=C2C3=C(C=CC(=C3)F)NC2=O)C,3.825,1,4.848182,-0.14,9.063368,-0.2685709595680237,-3.4375650882720947,0.031141865998506546
etoposide,sunitinib,NCIH2122,CC1OCC2C(O1)C(C(C(O2)OC3C4COC(=O)C4C(C5=CC6=C(C=C35)OCO6)C7=CC(=C(C(=C7)OC)O)OC)O)O,CCN(CC)CCNC(=O)C1=C(NC(=C1C)C=C2C3=C(C=CC(=C3)F)NC2=O)C,5.575,1,-2.838054,-0.08465,-4.778185,1.1812971830368042,4.659389495849609,0.9906166195869446
etoposide,sunitinib,NCIH23,CC1OCC2C(O1)C(C(C(O2)OC3C4COC(=O)C4C(C5=CC6=C(C=C35)OCO6)C7=CC(=C(C(=C7)OC)O)OC)O)O,CCN(CC)CCNC(=O)C1=C(NC(=C1C)C=C2C3=C(C=CC(=C3)F)NC2=O)C,-26.27,0,-22.016394,-0.07235,-17.504692,-1.5405524969100952,-0.2170817106962204,0.445941686630249
etoposide,sunitinib,NCIH520,CC1OCC2C(O1)C(C(C(O2)OC3C4COC(=O)C4C(C5=CC6=C(C=C35)OCO6)C7=CC(=C(C(=C7)OC)O)OC)O)O,CCN(CC)CCNC(=O)C1=C(NC(=C1C)C=C2C3=C(C=CC(=C3)F)NC2=O)C,10.045,1,0.12281911,-0.07475,5.301367,-1.0987226963043213,3.675293445587158,0.9752843379974365
etoposide,sunitinib,OV90,CC1OCC2C(O1)C(C(C(O2)OC3C4COC(=O)C4C(C5=CC6=C(C=C35)OCO6)C7=CC(=C(C(=C7)OC)O)OC)O)O,CCN(CC)CCNC(=O)C1=C(NC(=C1C)C=C2C3=C(C=CC(=C3)F)NC2=O)C,-2.985,0,-35.96306,-0.09385,5.073041,0.19326180219650269,-3.198173761367798,0.03923450782895088
etoposide,sunitinib,RKO,CC1OCC2C(O1)C(C(C(O2)OC3C4COC(=O)C4C(C5=CC6=C(C=C35)OCO6)C7=CC(=C(C(=C7)OC)O)OC)O)O,CCN(CC)CCNC(=O)C1=C(NC(=C1C)C=C2C3=C(C=CC(=C3)F)NC2=O)C,-1.07,0,0.58779,-0.0554,7.3848333,0.29279085993766785,2.544264316558838,0.9271872639656067
etoposide,sunitinib,SKMES1,CC1OCC2C(O1)C(C(C(O2)OC3C4COC(=O)C4C(C5=CC6=C(C=C35)OCO6)C7=CC(=C(C(=C7)OC)O)OC)O)O,CCN(CC)CCNC(=O)C1=C(NC(=C1C)C=C2C3=C(C=CC(=C3)F)NC2=O)C,-1.03,0,2.2548347,-0.172,4.825281,-0.2675694227218628,-0.7727494239807129,0.31588464975357056
etoposide,sunitinib,SKOV3,CC1OCC2C(O1)C(C(C(O2)OC3C4COC(=O)C4C(C5=CC6=C(C=C35)OCO6)C7=CC(=C(C(=C7)OC)O)OC)O)O,CCN(CC)CCNC(=O)C1=C(NC(=C1C)C=C2C3=C(C=CC(=C3)F)NC2=O)C,3.625,1,-3.5794458,-0.1173,12.364918,0.44718849658966064,-1.6741299629211426,0.15787433087825775
etoposide,sunitinib,SW620,CC1OCC2C(O1)C(C(C(O2)OC3C4COC(=O)C4C(C5=CC6=C(C=C35)OCO6)C7=CC(=C(C(=C7)OC)O)OC)O)O,CCN(CC)CCNC(=O)C1=C(NC(=C1C)C=C2C3=C(C=CC(=C3)F)NC2=O)C,1.88,1,6.810097,-0.07395,6.1227217,-0.10245302319526672,0.37645500898361206,0.5930178165435791
etoposide,sunitinib,SW837,CC1OCC2C(O1)C(C(C(O2)OC3C4COC(=O)C4C(C5=CC6=C(C=C35)OCO6)C7=CC(=C(C(=C7)OC)O)OC)O)O,CCN(CC)CCNC(=O)C1=C(NC(=C1C)C=C2C3=C(C=CC(=C3)F)NC2=O)C,-2.03,0,7.1483107,-0.3025,7.827623,0.9835001826286316,-4.3101677894592285,0.0132532874122262
etoposide,temozolomide,A2058,CC1OCC2C(O1)C(C(C(O2)OC3C4COC(=O)C4C(C5=CC6=C(C=C35)OCO6)C7=CC(=C(C(=C7)OC)O)OC)O)O,CN1C(=O)N2C=NC(=C2N=N1)C(=O)N,2.745,1,5.851771,-0.1873,5.2586904,-0.8336507081985474,3.329685926437378,0.9654332399368286
etoposide,temozolomide,A2780,CC1OCC2C(O1)C(C(C(O2)OC3C4COC(=O)C4C(C5=CC6=C(C=C35)OCO6)C7=CC(=C(C(=C7)OC)O)OC)O)O,CN1C(=O)N2C=NC(=C2N=N1)C(=O)N,4.47,1,-19.445704,-0.11175,6.551467,0.5963742733001709,1.6490628719329834,0.8387643694877625
etoposide,temozolomide,A375,CC1OCC2C(O1)C(C(C(O2)OC3C4COC(=O)C4C(C5=CC6=C(C=C35)OCO6)C7=CC(=C(C(=C7)OC)O)OC)O)O,CN1C(=O)N2C=NC(=C2N=N1)C(=O)N,-14.49,0,-25.05249,-0.23255,4.5165596,-0.5614577531814575,-1.0599502325057983,0.25731897354125977
etoposide,temozolomide,ES2,CC1OCC2C(O1)C(C(C(O2)OC3C4COC(=O)C4C(C5=CC6=C(C=C35)OCO6)C7=CC(=C(C(=C7)OC)O)OC)O)O,CN1C(=O)N2C=NC(=C2N=N1)C(=O)N,-0.205,0,-9.882916,-0.1645,-0.59507614,1.0735983848571777,-0.057422246783971786,0.48564836382865906
etoposide,temozolomide,HCT116,CC1OCC2C(O1)C(C(C(O2)OC3C4COC(=O)C4C(C5=CC6=C(C=C35)OCO6)C7=CC(=C(C(=C7)OC)O)OC)O)O,CN1C(=O)N2C=NC(=C2N=N1)C(=O)N,2.965,1,-71.95179,-0.191,1.3433005,-0.48608753085136414,-0.34628742933273315,0.41428300738334656
etoposide,temozolomide,HT29,CC1OCC2C(O1)C(C(C(O2)OC3C4COC(=O)C4C(C5=CC6=C(C=C35)OCO6)C7=CC(=C(C(=C7)OC)O)OC)O)O,CN1C(=O)N2C=NC(=C2N=N1)C(=O)N,4.6,1,-48.723248,-0.13755,6.1920342,0.22155138850212097,-0.08828793466091156,0.4779423475265503
etoposide,temozolomide,LOVO,CC1OCC2C(O1)C(C(C(O2)OC3C4COC(=O)C4C(C5=CC6=C(C=C35)OCO6)C7=CC(=C(C(=C7)OC)O)OC)O)O,CN1C(=O)N2C=NC(=C2N=N1)C(=O)N,1.265,1,-42.55781,-0.03435,4.74555,-0.475486695766449,-3.1177337169647217,0.0423816554248333
etoposide,temozolomide,NCIH1650,CC1OCC2C(O1)C(C(C(O2)OC3C4COC(=O)C4C(C5=CC6=C(C=C35)OCO6)C7=CC(=C(C(=C7)OC)O)OC)O)O,CN1C(=O)N2C=NC(=C2N=N1)C(=O)N,-1.365,0,-48.5818,-0.02805,-0.88711005,0.20834589004516602,2.9232661724090576,0.948984682559967
etoposide,temozolomide,NCIH2122,CC1OCC2C(O1)C(C(C(O2)OC3C4COC(=O)C4C(C5=CC6=C(C=C35)OCO6)C7=CC(=C(C(=C7)OC)O)OC)O)O,CN1C(=O)N2C=NC(=C2N=N1)C(=O)N,0.205,1,-15.1097555,-0.12885,-2.0320828,0.7404124140739441,3.4428436756134033,0.9690170288085938
etoposide,temozolomide,NCIH23,CC1OCC2C(O1)C(C(C(O2)OC3C4COC(=O)C4C(C5=CC6=C(C=C35)OCO6)C7=CC(=C(C(=C7)OC)O)OC)O)O,CN1C(=O)N2C=NC(=C2N=N1)C(=O)N,2.365,1,-2.1497605,-0.10115,-14.847996,-1.60982084274292,-1.1506874561309814,0.24036352336406708
etoposide,temozolomide,NCIH520,CC1OCC2C(O1)C(C(C(O2)OC3C4COC(=O)C4C(C5=CC6=C(C=C35)OCO6)C7=CC(=C(C(=C7)OC)O)OC)O)O,CN1C(=O)N2C=NC(=C2N=N1)C(=O)N,-3.875,0,-15.659648,-0.0206,1.4630593,-0.7657454013824463,-1.8901572227478027,0.1312265396118164
etoposide,temozolomide,OV90,CC1OCC2C(O1)C(C(C(O2)OC3C4COC(=O)C4C(C5=CC6=C(C=C35)OCO6)C7=CC(=C(C(=C7)OC)O)OC)O)O,CN1C(=O)N2C=NC(=C2N=N1)C(=O)N,0.9,1,-17.03911,-0.0375,1.2705014,0.3755344748497009,0.6560319066047668,0.6583684086799622
etoposide,temozolomide,RKO,CC1OCC2C(O1)C(C(C(O2)OC3C4COC(=O)C4C(C5=CC6=C(C=C35)OCO6)C7=CC(=C(C(=C7)OC)O)OC)O)O,CN1C(=O)N2C=NC(=C2N=N1)C(=O)N,1.525,1,-52.70197,-0.08945,4.575003,0.5181339383125305,0.9810889363288879,0.7273242473602295
etoposide,temozolomide,SKMES1,CC1OCC2C(O1)C(C(C(O2)OC3C4COC(=O)C4C(C5=CC6=C(C=C35)OCO6)C7=CC(=C(C(=C7)OC)O)OC)O)O,CN1C(=O)N2C=NC(=C2N=N1)C(=O)N,3.045,1,-32.1281,-0.1324,0.23651306,0.5338128805160522,0.036711279302835464,0.5091767907142639
etoposide,temozolomide,SKOV3,CC1OCC2C(O1)C(C(C(O2)OC3C4COC(=O)C4C(C5=CC6=C(C=C35)OCO6)C7=CC(=C(C(=C7)OC)O)OC)O)O,CN1C(=O)N2C=NC(=C2N=N1)C(=O)N,4.29,1,-52.94153,-0.1324,4.955833,-0.2264758050441742,-0.7785767912864685,0.31462669372558594
etoposide,temozolomide,T47D,CC1OCC2C(O1)C(C(C(O2)OC3C4COC(=O)C4C(C5=CC6=C(C=C35)OCO6)C7=CC(=C(C(=C7)OC)O)OC)O)O,CN1C(=O)N2C=NC(=C2N=N1)C(=O)N,9.855,1,-31.32327,-0.05885,-2.0417216,0.928856611251831,-0.25972825288772583,0.43543052673339844
geldanamycin,dinaciclib,A2058,CC1CC(C(C(C=C(C(C(C=CC=C(C(=O)NC2=CC(=O)C(=C(C1)C2=O)OC)C)OC)OC(=O)N)C)C)O)OC,CCC1=C2N=C(C=C(N2N=C1)NCC3=C[N+](=CC=C3)[O-])N4CCCCC4CCO,7.52,1,3.3652046,-0.2185,-3.474377,-0.5686870813369751,4.414109706878662,0.9880394339561462
geldanamycin,dinaciclib,A2780,CC1CC(C(C(C=C(C(C(C=CC=C(C(=O)NC2=CC(=O)C(=C(C1)C2=O)OC)C)OC)OC(=O)N)C)C)O)OC,CCC1=C2N=C(C=C(N2N=C1)NCC3=C[N+](=CC=C3)[O-])N4CCCCC4CCO,1.125,1,-0.7317639,-0.132,-3.2157974,0.17137500643730164,6.600933074951172,0.9986427426338196
geldanamycin,dinaciclib,A375,CC1CC(C(C(C=C(C(C(C=CC=C(C(=O)NC2=CC(=O)C(=C(C1)C2=O)OC)C)OC)OC(=O)N)C)C)O)OC,CCC1=C2N=C(C=C(N2N=C1)NCC3=C[N+](=CC=C3)[O-])N4CCCCC4CCO,10.2,1,1.7047175,-0.305,0.073396005,0.08058464527130127,2.541996955871582,0.9270339608192444
geldanamycin,dinaciclib,A427,CC1CC(C(C(C=C(C(C(C=CC=C(C(=O)NC2=CC(=O)C(=C(C1)C2=O)OC)C)OC)OC(=O)N)C)C)O)OC,CCC1=C2N=C(C=C(N2N=C1)NCC3=C[N+](=CC=C3)[O-])N4CCCCC4CCO,2.02,1,-2.2042801,-0.15,-6.325552,-0.7132448554039001,2.1416566371917725,0.8948864936828613
geldanamycin,dinaciclib,ES2,CC1CC(C(C(C=C(C(C(C=CC=C(C(=O)NC2=CC(=O)C(=C(C1)C2=O)OC)C)OC)OC(=O)N)C)C)O)OC,CCC1=C2N=C(C=C(N2N=C1)NCC3=C[N+](=CC=C3)[O-])N4CCCCC4CCO,1.59,1,-2.1434498,-0.337,-4.0071344,-0.3101173937320709,4.156827449798584,0.9845841526985168
geldanamycin,dinaciclib,HCT116,CC1CC(C(C(C=C(C(C(C=CC=C(C(=O)NC2=CC(=O)C(=C(C1)C2=O)OC)C)OC)OC(=O)N)C)C)O)OC,CCC1=C2N=C(C=C(N2N=C1)NCC3=C[N+](=CC=C3)[O-])N4CCCCC4CCO,4.55,1,0.40051153,-0.1975,-9.525048,0.34845227003097534,0.9195773005485535,0.7149559259414673
geldanamycin,dinaciclib,HT144,CC1CC(C(C(C=C(C(C(C=CC=C(C(=O)NC2=CC(=O)C(=C(C1)C2=O)OC)C)OC)OC(=O)N)C)C)O)OC,CCC1=C2N=C(C=C(N2N=C1)NCC3=C[N+](=CC=C3)[O-])N4CCCCC4CCO,4.72,1,-3.8754852,-0.2535,-10.399212,-0.7384575009346008,2.2102177143096924,0.9011633396148682
geldanamycin,dinaciclib,HT29,CC1CC(C(C(C=C(C(C(C=CC=C(C(=O)NC2=CC(=O)C(=C(C1)C2=O)OC)C)OC)OC(=O)N)C)C)O)OC,CCC1=C2N=C(C=C(N2N=C1)NCC3=C[N+](=CC=C3)[O-])N4CCCCC4CCO,1.015,1,-1.3220011,-0.295,-9.710509,0.48627641797065735,0.9364749193191528,0.7183870673179626
geldanamycin,dinaciclib,LOVO,CC1CC(C(C(C=C(C(C(C=CC=C(C(=O)NC2=CC(=O)C(=C(C1)C2=O)OC)C)OC)OC(=O)N)C)C)O)OC,CCC1=C2N=C(C=C(N2N=C1)NCC3=C[N+](=CC=C3)[O-])N4CCCCC4CCO,4.2,1,-5.082317,-0.1445,-6.5216856,0.5078723430633545,1.9710659980773926,0.8777256011962891
geldanamycin,dinaciclib,MDAMB436,CC1CC(C(C(C=C(C(C(C=CC=C(C(=O)NC2=CC(=O)C(=C(C1)C2=O)OC)C)OC)OC(=O)N)C)C)O)OC,CCC1=C2N=C(C=C(N2N=C1)NCC3=C[N+](=CC=C3)[O-])N4CCCCC4CCO,2.93,1,2.1797013,-0.2645,-2.0338938,-0.8417336344718933,0.5704795718193054,0.6388738751411438
geldanamycin,dinaciclib,NCIH1650,CC1CC(C(C(C=C(C(C(C=CC=C(C(=O)NC2=CC(=O)C(=C(C1)C2=O)OC)C)OC)OC(=O)N)C)C)O)OC,CCC1=C2N=C(C=C(N2N=C1)NCC3=C[N+](=CC=C3)[O-])N4CCCCC4CCO,3.015,1,-0.14205177,-0.13985,-8.245869,0.213227778673172,1.9301167726516724,0.873262345790863
geldanamycin,dinaciclib,NCIH2122,CC1CC(C(C(C=C(C(C(C=CC=C(C(=O)NC2=CC(=O)C(=C(C1)C2=O)OC)C)OC)OC(=O)N)C)C)O)OC,CCC1=C2N=C(C=C(N2N=C1)NCC3=C[N+](=CC=C3)[O-])N4CCCCC4CCO,6.475,1,0.29262266,-0.1165,-19.880733,0.5477818250656128,5.751712799072266,0.9968327879905701
geldanamycin,dinaciclib,NCIH23,CC1CC(C(C(C=C(C(C(C=CC=C(C(=O)NC2=CC(=O)C(=C(C1)C2=O)OC)C)OC)OC(=O)N)C)C)O)OC,CCC1=C2N=C(C=C(N2N=C1)NCC3=C[N+](=CC=C3)[O-])N4CCCCC4CCO,0.075,1,-3.21239,-0.2945,-20.416138,-1.4481334686279297,0.3821200132369995,0.5943843126296997
geldanamycin,dinaciclib,NCIH520,CC1CC(C(C(C=C(C(C(C=CC=C(C(=O)NC2=CC(=O)C(=C(C1)C2=O)OC)C)OC)OC(=O)N)C)C)O)OC,CCC1=C2N=C(C=C(N2N=C1)NCC3=C[N+](=CC=C3)[O-])N4CCCCC4CCO,2.87,1,-3.8671017,-0.16865,-8.46418,-0.5032122135162354,5.593149662017822,0.9962905645370483
geldanamycin,dinaciclib,OV90,CC1CC(C(C(C=C(C(C(C=CC=C(C(=O)NC2=CC(=O)C(=C(C1)C2=O)OC)C)OC)OC(=O)N)C)C)O)OC,CCC1=C2N=C(C=C(N2N=C1)NCC3=C[N+](=CC=C3)[O-])N4CCCCC4CCO,1.985,1,-0.5279677,-0.1189,-8.193748,1.3409016132354736,1.8016953468322754,0.8583551645278931
geldanamycin,dinaciclib,SKMES1,CC1CC(C(C(C=C(C(C(C=CC=C(C(=O)NC2=CC(=O)C(=C(C1)C2=O)OC)C)OC)OC(=O)N)C)C)O)OC,CCC1=C2N=C(C=C(N2N=C1)NCC3=C[N+](=CC=C3)[O-])N4CCCCC4CCO,1.46,1,-2.5422661,-0.177,-6.029493,-0.04864034056663513,1.1496617794036865,0.7594491243362427
geldanamycin,dinaciclib,SKOV3,CC1CC(C(C(C=C(C(C(C=CC=C(C(=O)NC2=CC(=O)C(=C(C1)C2=O)OC)C)OC)OC(=O)N)C)C)O)OC,CCC1=C2N=C(C=C(N2N=C1)NCC3=C[N+](=CC=C3)[O-])N4CCCCC4CCO,2.81,1,-5.7874203,-0.1745,-5.552313,0.48173898458480835,0.9744696021080017,0.7260094285011292
geldanamycin,dinaciclib,SW620,CC1CC(C(C(C=C(C(C(C=CC=C(C(=O)NC2=CC(=O)C(=C(C1)C2=O)OC)C)OC)OC(=O)N)C)C)O)OC,CCC1=C2N=C(C=C(N2N=C1)NCC3=C[N+](=CC=C3)[O-])N4CCCCC4CCO,2.63,1,1.7741592,-0.117,-7.4062743,-0.11324411630630493,3.574738025665283,0.9727411270141602
geldanamycin,dinaciclib,SW837,CC1CC(C(C(C=C(C(C(C=CC=C(C(=O)NC2=CC(=O)C(=C(C1)C2=O)OC)C)OC)OC(=O)N)C)C)O)OC,CCC1=C2N=C(C=C(N2N=C1)NCC3=C[N+](=CC=C3)[O-])N4CCCCC4CCO,5.23,1,-5.1505165,-0.2295,-14.061718,0.19499295949935913,4.693752288818359,0.9909307360649109
geldanamycin,dinaciclib,T47D,CC1CC(C(C(C=C(C(C(C=CC=C(C(=O)NC2=CC(=O)C(=C(C1)C2=O)OC)C)OC)OC(=O)N)C)C)O)OC,CCC1=C2N=C(C=C(N2N=C1)NCC3=C[N+](=CC=C3)[O-])N4CCCCC4CCO,3.225,1,-4.5534887,-0.373,-12.612705,0.7654227018356323,0.2017071396112442,0.5502565503120422
geldanamycin,sorafenib,A2058,CC1CC(C(C(C=C(C(C(C=CC=C(C(=O)NC2=CC(=O)C(=C(C1)C2=O)OC)C)OC)OC(=O)N)C)C)O)OC,CNC(=O)C1=NC=CC(=C1)OC2=CC=C(C=C2)NC(=O)NC3=CC(=C(C=C3)Cl)C(F)(F)F,14.62,1,1.5981934,-0.1395,-0.7967843,-0.8789857029914856,-0.40809905529022217,0.399368017911911
geldanamycin,sorafenib,A375,CC1CC(C(C(C=C(C(C(C=CC=C(C(=O)NC2=CC(=O)C(=C(C1)C2=O)OC)C)OC)OC(=O)N)C)C)O)OC,CNC(=O)C1=NC=CC(=C1)OC2=CC=C(C=C2)NC(=O)NC3=CC(=C(C=C3)Cl)C(F)(F)F,7.225,1,-3.0968528,-0.20095,3.2227616,-0.49840638041496277,1.018677830696106,0.7347149848937988
geldanamycin,sorafenib,ES2,CC1CC(C(C(C=C(C(C(C=CC=C(C(=O)NC2=CC(=O)C(=C(C1)C2=O)OC)C)OC)OC(=O)N)C)C)O)OC,CNC(=O)C1=NC=CC(=C1)OC2=CC=C(C=C2)NC(=O)NC3=CC(=C(C=C3)Cl)C(F)(F)F,2.085,1,-0.19554253,-0.099,-2.1129327,-0.21314120292663574,2.424668550491333,0.9186891913414001
geldanamycin,sorafenib,HCT116,CC1CC(C(C(C=C(C(C(C=CC=C(C(=O)NC2=CC(=O)C(=C(C1)C2=O)OC)C)OC)OC(=O)N)C)C)O)OC,CNC(=O)C1=NC=CC(=C1)OC2=CC=C(C=C2)NC(=O)NC3=CC(=C(C=C3)Cl)C(F)(F)F,2.76,1,-4.0940022,-0.216,-5.1705217,-1.087266206741333,0.6804603934288025,0.6638414859771729
geldanamycin,sorafenib,HT144,CC1CC(C(C(C=C(C(C(C=CC=C(C(=O)NC2=CC(=O)C(=C(C1)C2=O)OC)C)OC)OC(=O)N)C)C)O)OC,CNC(=O)C1=NC=CC(=C1)OC2=CC=C(C=C2)NC(=O)NC3=CC(=C(C=C3)Cl)C(F)(F)F,4.995,1,-2.7560534,-0.146,-6.144991,-0.997944712638855,1.3475747108459473,0.7937328219413757
geldanamycin,sorafenib,HT29,CC1CC(C(C(C=C(C(C(C=CC=C(C(=O)NC2=CC(=O)C(=C(C1)C2=O)OC)C)OC)OC(=O)N)C)C)O)OC,CNC(=O)C1=NC=CC(=C1)OC2=CC=C(C=C2)NC(=O)NC3=CC(=C(C=C3)Cl)C(F)(F)F,-0.88,0,-7.9070354,-0.183,-6.483401,0.39758509397506714,-0.13379934430122375,0.4666000306606293
geldanamycin,sorafenib,MDAMB436,CC1CC(C(C(C=C(C(C(C=CC=C(C(=O)NC2=CC(=O)C(=C(C1)C2=O)OC)C)OC)OC(=O)N)C)C)O)OC,CNC(=O)C1=NC=CC(=C1)OC2=CC=C(C=C2)NC(=O)NC3=CC(=C(C=C3)Cl)C(F)(F)F,-3.97,0,-10.890594,-0.168,-1.5654202,0.2790159583091736,-1.1357101202011108,0.24310888350009918
geldanamycin,sorafenib,NCIH1650,CC1CC(C(C(C=C(C(C(C=CC=C(C(=O)NC2=CC(=O)C(=C(C1)C2=O)OC)C)OC)OC(=O)N)C)C)O)OC,CNC(=O)C1=NC=CC(=C1)OC2=CC=C(C=C2)NC(=O)NC3=CC(=C(C=C3)Cl)C(F)(F)F,3.085,1,-14.606225,-0.10675,-6.209901,-0.6046470999717712,1.1656303405761719,0.7623542547225952
geldanamycin,sorafenib,NCIH23,CC1CC(C(C(C=C(C(C(C=CC=C(C(=O)NC2=CC(=O)C(=C(C1)C2=O)OC)C)OC)OC(=O)N)C)C)O)OC,CNC(=O)C1=NC=CC(=C1)OC2=CC=C(C=C2)NC(=O)NC3=CC(=C(C=C3)Cl)C(F)(F)F,2.635,1,-5.2294927,-0.257,-16.890827,-1.6224069595336914,-0.8745477199554443,0.2943089008331299
geldanamycin,sorafenib,NCIH520,CC1CC(C(C(C=C(C(C(C=CC=C(C(=O)NC2=CC(=O)C(=C(C1)C2=O)OC)C)OC)OC(=O)N)C)C)O)OC,CNC(=O)C1=NC=CC(=C1)OC2=CC=C(C=C2)NC(=O)NC3=CC(=C(C=C3)Cl)C(F)(F)F,2.165,1,-5.251389,-0.2325,-6.534439,-1.4467600584030151,2.5555098056793213,0.9279427528381348
geldanamycin,sorafenib,OV90,CC1CC(C(C(C=C(C(C(C=CC=C(C(=O)NC2=CC(=O)C(=C(C1)C2=O)OC)C)OC)OC(=O)N)C)C)O)OC,CNC(=O)C1=NC=CC(=C1)OC2=CC=C(C=C2)NC(=O)NC3=CC(=C(C=C3)Cl)C(F)(F)F,3.38,1,-2.1142063,-0.2485,-6.9346333,0.5206413269042969,1.730964183807373,0.8495357036590576
geldanamycin,sorafenib,SKMES1,CC1CC(C(C(C=C(C(C(C=CC=C(C(=O)NC2=CC(=O)C(=C(C1)C2=O)OC)C)OC)OC(=O)N)C)C)O)OC,CNC(=O)C1=NC=CC(=C1)OC2=CC=C(C=C2)NC(=O)NC3=CC(=C(C=C3)Cl)C(F)(F)F,4.23,1,-3.196922,-0.05095,-3.5035694,-0.9603047966957092,1.0021816492080688,0.7314873337745667
geldanamycin,sorafenib,SKOV3,CC1CC(C(C(C=C(C(C(C=CC=C(C(=O)NC2=CC(=O)C(=C(C1)C2=O)OC)C)OC)OC(=O)N)C)C)O)OC,CNC(=O)C1=NC=CC(=C1)OC2=CC=C(C=C2)NC(=O)NC3=CC(=C(C=C3)Cl)C(F)(F)F,11.905,1,-5.1964293,-0.1243,-1.4950169,-0.11210570484399796,-0.18028771877288818,0.4550497829914093
geldanamycin,sorafenib,T47D,CC1CC(C(C(C=C(C(C(C=CC=C(C(=O)NC2=CC(=O)C(=C(C1)C2=O)OC)C)OC)OC(=O)N)C)C)O)OC,CNC(=O)C1=NC=CC(=C1)OC2=CC=C(C=C2)NC(=O)NC3=CC(=C(C=C3)Cl)C(F)(F)F,11.585,1,3.996046,-0.0206,-7.4183974,0.5052859783172607,-0.07128599286079407,0.48218604922294617
lapatinib,bortezomib,A2058,CS(=O)(=O)CCNCC1=CC=C(O1)C2=CC3=C(C=C2)N=CN=C3NC4=CC(=C(C=C4)OCC5=CC(=CC=C5)F)Cl,B(C(CC(C)C)NC(=O)C(CC1=CC=CC=C1)NC(=O)C2=NC=CN=C2)(O)O,1.93,1,-12.438058,-0.07775,-5.6230574,-0.09447478502988815,3.2344393730163574,0.9621099829673767
lapatinib,bortezomib,A2780,CS(=O)(=O)CCNCC1=CC=C(O1)C2=CC3=C(C=C2)N=CN=C3NC4=CC(=C(C=C4)OCC5=CC(=CC=C5)F)Cl,B(C(CC(C)C)NC(=O)C(CC1=CC=CC=C1)NC(=O)C2=NC=CN=C2)(O)O,6.785,1,-5.898199,-0.184,-5.2781134,0.27047955989837646,5.315046787261963,0.9951070547103882
lapatinib,bortezomib,A375,CS(=O)(=O)CCNCC1=CC=C(O1)C2=CC3=C(C=C2)N=CN=C3NC4=CC(=C(C=C4)OCC5=CC(=CC=C5)F)Cl,B(C(CC(C)C)NC(=O)C(CC1=CC=CC=C1)NC(=O)C2=NC=CN=C2)(O)O,3.375,1,-41.330864,-0.1695,-1.1957567,-0.8227748274803162,-1.2065801620483398,0.2303067147731781
lapatinib,bortezomib,ES2,CS(=O)(=O)CCNCC1=CC=C(O1)C2=CC3=C(C=C2)N=CN=C3NC4=CC(=C(C=C4)OCC5=CC(=CC=C5)F)Cl,B(C(CC(C)C)NC(=O)C(CC1=CC=CC=C1)NC(=O)C2=NC=CN=C2)(O)O,9.505,1,-17.154541,-0.209,-6.7786617,-0.9309014081954956,1.5080151557922363,0.8187668919563293
lapatinib,bortezomib,HCT116,CS(=O)(=O)CCNCC1=CC=C(O1)C2=CC3=C(C=C2)N=CN=C3NC4=CC(=C(C=C4)OCC5=CC(=CC=C5)F)Cl,B(C(CC(C)C)NC(=O)C(CC1=CC=CC=C1)NC(=O)C2=NC=CN=C2)(O)O,-0.79,0,-5.4464245,-0.0423,-7.1094975,-0.4821283221244812,-0.5200490355491638,0.3728407323360443
lapatinib,bortezomib,HT29,CS(=O)(=O)CCNCC1=CC=C(O1)C2=CC3=C(C=C2)N=CN=C3NC4=CC(=C(C=C4)OCC5=CC(=CC=C5)F)Cl,B(C(CC(C)C)NC(=O)C(CC1=CC=CC=C1)NC(=O)C2=NC=CN=C2)(O)O,3.22,1,-0.19002832,-0.532,-5.063944,-0.5900881290435791,0.7323323488235474,0.6753168702125549
lapatinib,bortezomib,LOVO,CS(=O)(=O)CCNCC1=CC=C(O1)C2=CC3=C(C=C2)N=CN=C3NC4=CC(=C(C=C4)OCC5=CC(=CC=C5)F)Cl,B(C(CC(C)C)NC(=O)C(CC1=CC=CC=C1)NC(=O)C2=NC=CN=C2)(O)O,-0.545,0,-0.5474704,-0.3205,0.79371995,-1.0223362445831299,-1.0363988876342773,0.2618454098701477
lapatinib,bortezomib,MDAMB436,CS(=O)(=O)CCNCC1=CC=C(O1)C2=CC3=C(C=C2)N=CN=C3NC4=CC(=C(C=C4)OCC5=CC(=CC=C5)F)Cl,B(C(CC(C)C)NC(=O)C(CC1=CC=CC=C1)NC(=O)C2=NC=CN=C2)(O)O,0.445,1,-4.609902337,-0.464,-4.5613575,-0.2918839454650879,1.883968710899353,0.8680663108825684
lapatinib,bortezomib,NCIH1650,CS(=O)(=O)CCNCC1=CC=C(O1)C2=CC3=C(C=C2)N=CN=C3NC4=CC(=C(C=C4)OCC5=CC(=CC=C5)F)Cl,B(C(CC(C)C)NC(=O)C(CC1=CC=CC=C1)NC(=O)C2=NC=CN=C2)(O)O,-1.315,0,-2.5518334,-0.3225,-7.5063887,-0.8022239208221436,-5.6484785079956055,0.003510505659505725
lapatinib,bortezomib,NCIH2122,CS(=O)(=O)CCNCC1=CC=C(O1)C2=CC3=C(C=C2)N=CN=C3NC4=CC(=C(C=C4)OCC5=CC(=CC=C5)F)Cl,B(C(CC(C)C)NC(=O)C(CC1=CC=CC=C1)NC(=O)C2=NC=CN=C2)(O)O,6.46,1,2.9046488,-0.567,-16.352524,-1.1565555334091187,3.731170892715454,0.9765961170196533
lapatinib,bortezomib,NCIH23,CS(=O)(=O)CCNCC1=CC=C(O1)C2=CC3=C(C=C2)N=CN=C3NC4=CC(=C(C=C4)OCC5=CC(=CC=C5)F)Cl,B(C(CC(C)C)NC(=O)C(CC1=CC=CC=C1)NC(=O)C2=NC=CN=C2)(O)O,-1.54,0,-14.636525,-0.225,-23.208326,-2.5477988719940186,-0.3617779016494751,0.410529226064682
lapatinib,bortezomib,SKOV3,CS(=O)(=O)CCNCC1=CC=C(O1)C2=CC3=C(C=C2)N=CN=C3NC4=CC(=C(C=C4)OCC5=CC(=CC=C5)F)Cl,B(C(CC(C)C)NC(=O)C(CC1=CC=CC=C1)NC(=O)C2=NC=CN=C2)(O)O,0.92,1,-2.574815,-0.0206,-1.5372828,-0.1482919156551361,-0.43124035000801086,0.39383018016815186
lapatinib,bortezomib,SW620,CS(=O)(=O)CCNCC1=CC=C(O1)C2=CC3=C(C=C2)N=CN=C3NC4=CC(=C(C=C4)OCC5=CC(=CC=C5)F)Cl,B(C(CC(C)C)NC(=O)C(CC1=CC=CC=C1)NC(=O)C2=NC=CN=C2)(O)O,4.04,1,-44.004993,-0.0206,-6.5884924,-0.8424686193466187,0.5836396813392639,0.6419044733047485
lapatinib,bortezomib,SW837,CS(=O)(=O)CCNCC1=CC=C(O1)C2=CC3=C(C=C2)N=CN=C3NC4=CC(=C(C=C4)OCC5=CC(=CC=C5)F)Cl,B(C(CC(C)C)NC(=O)C(CC1=CC=CC=C1)NC(=O)C2=NC=CN=C2)(O)O,3.03,1,6.6279645,-0.02745,-5.7287674,-1.675241231918335,-0.6268694996833801,0.34822073578834534
lapatinib,bortezomib,T47D,CS(=O)(=O)CCNCC1=CC=C(O1)C2=CC3=C(C=C2)N=CN=C3NC4=CC(=C(C=C4)OCC5=CC(=CC=C5)F)Cl,B(C(CC(C)C)NC(=O)C(CC1=CC=CC=C1)NC(=O)C2=NC=CN=C2)(O)O,-1.79,0,-3.679516435,-0.0206,-10.46792,0.07468243688344955,-0.3918839693069458,0.4032638669013977
lapatinib,dasatinib,A2780,CS(=O)(=O)CCNCC1=CC=C(O1)C2=CC3=C(C=C2)N=CN=C3NC4=CC(=C(C=C4)OCC5=CC(=CC=C5)F)Cl,CC1=C(C(=CC=C1)Cl)NC(=O)C2=CN=C(S2)NC3=NC(=NC(=C3)N4CCN(CC4)CCO)C,19.22,1,19.38511,-0.0206,35.458782,0.4250198006629944,4.5339226722717285,0.9893755912780762
lapatinib,dasatinib,A375,CS(=O)(=O)CCNCC1=CC=C(O1)C2=CC3=C(C=C2)N=CN=C3NC4=CC(=C(C=C4)OCC5=CC(=CC=C5)F)Cl,CC1=C(C(=CC=C1)Cl)NC(=O)C2=CN=C(S2)NC3=NC(=NC(=C3)N4CCN(CC4)CCO)C,-2.92,0,-9.560003,-0.1373,33.346394,-0.37206265330314636,-1.9604709148406982,0.12341609597206116
lapatinib,dasatinib,A427,CS(=O)(=O)CCNCC1=CC=C(O1)C2=CC3=C(C=C2)N=CN=C3NC4=CC(=C(C=C4)OCC5=CC(=CC=C5)F)Cl,CC1=C(C(=CC=C1)Cl)NC(=O)C2=CN=C(S2)NC3=NC(=NC(=C3)N4CCN(CC4)CCO)C,3.105,1,11.865104,-0.216,27.051315,-1.5835952758789062,-0.46696555614471436,0.38533467054367065
lapatinib,dasatinib,ES2,CS(=O)(=O)CCNCC1=CC=C(O1)C2=CC3=C(C=C2)N=CN=C3NC4=CC(=C(C=C4)OCC5=CC(=CC=C5)F)Cl,CC1=C(C(=CC=C1)Cl)NC(=O)C2=CN=C(S2)NC3=NC(=NC(=C3)N4CCN(CC4)CCO)C,-3.085,0,-7.3513374,-0.227,23.625576,-0.07475811243057251,-0.4590304493904114,0.38721585273742676
lapatinib,dasatinib,HT144,CS(=O)(=O)CCNCC1=CC=C(O1)C2=CC3=C(C=C2)N=CN=C3NC4=CC(=C(C=C4)OCC5=CC(=CC=C5)F)Cl,CC1=C(C(=CC=C1)Cl)NC(=O)C2=CN=C(S2)NC3=NC(=NC(=C3)N4CCN(CC4)CCO)C,8.58,1,-15.178574,-0.204,17.387802,-1.505388855934143,1.3524072170257568,0.7945229411125183
lapatinib,dasatinib,LOVO,CS(=O)(=O)CCNCC1=CC=C(O1)C2=CC3=C(C=C2)N=CN=C3NC4=CC(=C(C=C4)OCC5=CC(=CC=C5)F)Cl,CC1=C(C(=CC=C1)Cl)NC(=O)C2=CN=C(S2)NC3=NC(=NC(=C3)N4CCN(CC4)CCO)C,-4.1,0,8.562648,-0.1273,35.223743,0.9502483010292053,-0.6713722348213196,0.33818963170051575
lapatinib,dasatinib,MDAMB436,CS(=O)(=O)CCNCC1=CC=C(O1)C2=CC3=C(C=C2)N=CN=C3NC4=CC(=C(C=C4)OCC5=CC(=CC=C5)F)Cl,CC1=C(C(=CC=C1)Cl)NC(=O)C2=CN=C(S2)NC3=NC(=NC(=C3)N4CCN(CC4)CCO)C,-3.985,0,3.25149,-0.0525,28.198013,-0.48477089405059814,1.8232427835464478,0.8609548211097717
lapatinib,dasatinib,NCIH1650,CS(=O)(=O)CCNCC1=CC=C(O1)C2=CC3=C(C=C2)N=CN=C3NC4=CC(=C(C=C4)OCC5=CC(=CC=C5)F)Cl,CC1=C(C(=CC=C1)Cl)NC(=O)C2=CN=C(S2)NC3=NC(=NC(=C3)N4CCN(CC4)CCO)C,-1.725,0,8.881616,-0.02745,34.338223,-0.2888202667236328,0.10028618574142456,0.5250505805015564
lapatinib,dasatinib,NCIH2122,CS(=O)(=O)CCNCC1=CC=C(O1)C2=CC3=C(C=C2)N=CN=C3NC4=CC(=C(C=C4)OCC5=CC(=CC=C5)F)Cl,CC1=C(C(=CC=C1)Cl)NC(=O)C2=CN=C(S2)NC3=NC(=NC(=C3)N4CCN(CC4)CCO)C,18.87,1,-14.24508,-0.0206,11.824652,-0.4357401728630066,3.2045156955718994,0.9610037803649902
lapatinib,dasatinib,NCIH520,CS(=O)(=O)CCNCC1=CC=C(O1)C2=CC3=C(C=C2)N=CN=C3NC4=CC(=C(C=C4)OCC5=CC(=CC=C5)F)Cl,CC1=C(C(=CC=C1)Cl)NC(=O)C2=CN=C(S2)NC3=NC(=NC(=C3)N4CCN(CC4)CCO)C,3.615,1,3.6687012,-0.0206,29.176975,-1.1681227684020996,1.8169317245483398,0.8601975440979004
lapatinib,dasatinib,OV90,CS(=O)(=O)CCNCC1=CC=C(O1)C2=CC3=C(C=C2)N=CN=C3NC4=CC(=C(C=C4)OCC5=CC(=CC=C5)F)Cl,CC1=C(C(=CC=C1)Cl)NC(=O)C2=CN=C(S2)NC3=NC(=NC(=C3)N4CCN(CC4)CCO)C,-3.57,0,5.3826513,-0.1755,24.924456,0.19538000226020813,-0.15989869832992554,0.46011030673980713
lapatinib,dasatinib,SKMES1,CS(=O)(=O)CCNCC1=CC=C(O1)C2=CC3=C(C=C2)N=CN=C3NC4=CC(=C(C=C4)OCC5=CC(=CC=C5)F)Cl,CC1=C(C(=CC=C1)Cl)NC(=O)C2=CN=C(S2)NC3=NC(=NC(=C3)N4CCN(CC4)CCO)C,3.415,1,9.305809,-0.10955,28.377422,-0.2684082090854645,-2.232344150543213,0.09688333421945572
lapatinib,dasatinib,SW837,CS(=O)(=O)CCNCC1=CC=C(O1)C2=CC3=C(C=C2)N=CN=C3NC4=CC(=C(C=C4)OCC5=CC(=CC=C5)F)Cl,CC1=C(C(=CC=C1)Cl)NC(=O)C2=CN=C(S2)NC3=NC(=NC(=C3)N4CCN(CC4)CCO)C,7.08,1,17.283167,-0.022,33.804325,-0.7504015564918518,1.6598235368728638,0.8402143120765686
lapatinib,dinaciclib,A2058,CS(=O)(=O)CCNCC1=CC=C(O1)C2=CC3=C(C=C2)N=CN=C3NC4=CC(=C(C=C4)OCC5=CC(=CC=C5)F)Cl,CCC1=C2N=C(C=C(N2N=C1)NCC3=C[N+](=CC=C3)[O-])N4CCCCC4CCO,7.265,1,-8.906945,-0.0206,6.4295764,-1.061396598815918,1.5596601963043213,0.8263046145439148
lapatinib,dinaciclib,A375,CS(=O)(=O)CCNCC1=CC=C(O1)C2=CC3=C(C=C2)N=CN=C3NC4=CC(=C(C=C4)OCC5=CC(=CC=C5)F)Cl,CCC1=C2N=C(C=C(N2N=C1)NCC3=C[N+](=CC=C3)[O-])N4CCCCC4CCO,6.53,1,-40.796635,-0.02745,10.715935,-0.8201645016670227,1.7708752155303955,0.8545664548873901
lapatinib,dinaciclib,A427,CS(=O)(=O)CCNCC1=CC=C(O1)C2=CC3=C(C=C2)N=CN=C3NC4=CC(=C(C=C4)OCC5=CC(=CC=C5)F)Cl,CCC1=C2N=C(C=C(N2N=C1)NCC3=C[N+](=CC=C3)[O-])N4CCCCC4CCO,-1.27,0,-2.973436,-0.0206,1.6605734,-1.3677303791046143,-2.387737989425659,0.08411253243684769
lapatinib,dinaciclib,ES2,CS(=O)(=O)CCNCC1=CC=C(O1)C2=CC3=C(C=C2)N=CN=C3NC4=CC(=C(C=C4)OCC5=CC(=CC=C5)F)Cl,CCC1=C2N=C(C=C(N2N=C1)NCC3=C[N+](=CC=C3)[O-])N4CCCCC4CCO,7.105,1,-18.02349,-0.0206,3.7963,-0.9831464290618896,-1.6999573707580566,0.15447083115577698
lapatinib,dinaciclib,HCT116,CS(=O)(=O)CCNCC1=CC=C(O1)C2=CC3=C(C=C2)N=CN=C3NC4=CC(=C(C=C4)OCC5=CC(=CC=C5)F)Cl,CCC1=C2N=C(C=C(N2N=C1)NCC3=C[N+](=CC=C3)[O-])N4CCCCC4CCO,0.795,1,-3.279758,-0.0206,3.240297,-0.6652126312255859,0.14919990301132202,0.537230908870697
lapatinib,dinaciclib,HT144,CS(=O)(=O)CCNCC1=CC=C(O1)C2=CC3=C(C=C2)N=CN=C3NC4=CC(=C(C=C4)OCC5=CC(=CC=C5)F)Cl,CCC1=C2N=C(C=C(N2N=C1)NCC3=C[N+](=CC=C3)[O-])N4CCCCC4CCO,2.665,1,-0.9720097,-0.0206,0.009300271,-1.1007665395736694,-1.6157315969467163,0.16579437255859375
lapatinib,dinaciclib,HT29,CS(=O)(=O)CCNCC1=CC=C(O1)C2=CC3=C(C=C2)N=CN=C3NC4=CC(=C(C=C4)OCC5=CC(=CC=C5)F)Cl,CCC1=C2N=C(C=C(N2N=C1)NCC3=C[N+](=CC=C3)[O-])N4CCCCC4CCO,6.895,1,2.1651137,-0.0206,7.3344297,-0.322409451007843,0.607474148273468,0.6473644375801086
lapatinib,dinaciclib,LOVO,CS(=O)(=O)CCNCC1=CC=C(O1)C2=CC3=C(C=C2)N=CN=C3NC4=CC(=C(C=C4)OCC5=CC(=CC=C5)F)Cl,CCC1=C2N=C(C=C(N2N=C1)NCC3=C[N+](=CC=C3)[O-])N4CCCCC4CCO,2.02,1,-0.035251696,-0.0588,11.894043,0.11464986205101013,-1.2034541368484497,0.23086130619049072
lapatinib,dinaciclib,MDAMB436,CS(=O)(=O)CCNCC1=CC=C(O1)C2=CC3=C(C=C2)N=CN=C3NC4=CC(=C(C=C4)OCC5=CC(=CC=C5)F)Cl,CCC1=C2N=C(C=C(N2N=C1)NCC3=C[N+](=CC=C3)[O-])N4CCCCC4CCO,3.775,1,-2.0150018,-0.02745,7.3033624,-0.3996460735797882,-0.8479341864585876,0.2998664081096649
lapatinib,dinaciclib,NCIH1650,CS(=O)(=O)CCNCC1=CC=C(O1)C2=CC3=C(C=C2)N=CN=C3NC4=CC(=C(C=C4)OCC5=CC(=CC=C5)F)Cl,CCC1=C2N=C(C=C(N2N=C1)NCC3=C[N+](=CC=C3)[O-])N4CCCCC4CCO,7.69,1,1.2946638,-0.03655,8.628458,-0.7480316162109375,1.7570431232452393,0.852838933467865
lapatinib,dinaciclib,NCIH2122,CS(=O)(=O)CCNCC1=CC=C(O1)C2=CC3=C(C=C2)N=CN=C3NC4=CC(=C(C=C4)OCC5=CC(=CC=C5)F)Cl,CCC1=C2N=C(C=C(N2N=C1)NCC3=C[N+](=CC=C3)[O-])N4CCCCC4CCO,7.01,1,4.5694103,-0.05195,-4.745603,0.8777298927307129,2.123868703842163,0.8932015895843506
lapatinib,dinaciclib,NCIH23,CS(=O)(=O)CCNCC1=CC=C(O1)C2=CC3=C(C=C2)N=CN=C3NC4=CC(=C(C=C4)OCC5=CC(=CC=C5)F)Cl,CCC1=C2N=C(C=C(N2N=C1)NCC3=C[N+](=CC=C3)[O-])N4CCCCC4CCO,4.575,1,-9.082849,-0.0206,-11.226774,-2.543506622314453,-1.2693469524383545,0.2193690687417984
lapatinib,dinaciclib,NCIH520,CS(=O)(=O)CCNCC1=CC=C(O1)C2=CC3=C(C=C2)N=CN=C3NC4=CC(=C(C=C4)OCC5=CC(=CC=C5)F)Cl,CCC1=C2N=C(C=C(N2N=C1)NCC3=C[N+](=CC=C3)[O-])N4CCCCC4CCO,1.745,1,-14.367893,-0.0865,3.138835,-1.578763723373413,0.233445405960083,0.5580977201461792
lapatinib,dinaciclib,OV90,CS(=O)(=O)CCNCC1=CC=C(O1)C2=CC3=C(C=C2)N=CN=C3NC4=CC(=C(C=C4)OCC5=CC(=CC=C5)F)Cl,CCC1=C2N=C(C=C(N2N=C1)NCC3=C[N+](=CC=C3)[O-])N4CCCCC4CCO,-1.395,0,-1.1931562,-0.14365,2.5477824,0.17173084616661072,-5.2225847244262695,0.0053644380532205105
lapatinib,dinaciclib,RKO,CS(=O)(=O)CCNCC1=CC=C(O1)C2=CC3=C(C=C2)N=CN=C3NC4=CC(=C(C=C4)OCC5=CC(=CC=C5)F)Cl,CCC1=C2N=C(C=C(N2N=C1)NCC3=C[N+](=CC=C3)[O-])N4CCCCC4CCO,-2.5,0,-3.2833524,-0.0616,4.8941946,-1.4976832866668701,-2.0841171741485596,0.11065015941858292
lapatinib,dinaciclib,SKMES1,CS(=O)(=O)CCNCC1=CC=C(O1)C2=CC3=C(C=C2)N=CN=C3NC4=CC(=C(C=C4)OCC5=CC(=CC=C5)F)Cl,CCC1=C2N=C(C=C(N2N=C1)NCC3=C[N+](=CC=C3)[O-])N4CCCCC4CCO,0.615,1,-0.3126422,-0.13855,6.89445,-1.273146152496338,-1.850789189338684,0.13578025996685028
lapatinib,dinaciclib,SKOV3,CS(=O)(=O)CCNCC1=CC=C(O1)C2=CC3=C(C=C2)N=CN=C3NC4=CC(=C(C=C4)OCC5=CC(=CC=C5)F)Cl,CCC1=C2N=C(C=C(N2N=C1)NCC3=C[N+](=CC=C3)[O-])N4CCCCC4CCO,3.365,1,-1.1704327,-0.04965,8.491889,-0.18547457456588745,-0.7342703938484192,0.32425832748413086
lapatinib,dinaciclib,SW620,CS(=O)(=O)CCNCC1=CC=C(O1)C2=CC3=C(C=C2)N=CN=C3NC4=CC(=C(C=C4)OCC5=CC(=CC=C5)F)Cl,CCC1=C2N=C(C=C(N2N=C1)NCC3=C[N+](=CC=C3)[O-])N4CCCCC4CCO,3.73,1,-40.495037,-0.0211,3.7785046,-0.7655867338180542,1.6610872745513916,0.8403838872909546
lapatinib,dinaciclib,SW837,CS(=O)(=O)CCNCC1=CC=C(O1)C2=CC3=C(C=C2)N=CN=C3NC4=CC(=C(C=C4)OCC5=CC(=CC=C5)F)Cl,CCC1=C2N=C(C=C(N2N=C1)NCC3=C[N+](=CC=C3)[O-])N4CCCCC4CCO,2.96,1,2.9503908,-0.0475,6.256408,-0.2753724753856659,1.6711528301239014,0.8417295217514038
lapatinib,dinaciclib,T47D,CS(=O)(=O)CCNCC1=CC=C(O1)C2=CC3=C(C=C2)N=CN=C3NC4=CC(=C(C=C4)OCC5=CC(=CC=C5)F)Cl,CCC1=C2N=C(C=C(N2N=C1)NCC3=C[N+](=CC=C3)[O-])N4CCCCC4CCO,-0.795,0,1.3533416,-0.03595,3.925633,0.4413820207118988,0.004753295332193375,0.501188337802887
lapatinib,erlotinib,A2780,CS(=O)(=O)CCNCC1=CC=C(O1)C2=CC3=C(C=C2)N=CN=C3NC4=CC(=C(C=C4)OCC5=CC(=CC=C5)F)Cl,COCCOC1=C(C=C2C(=C1)C(=NC=N2)NC3=CC=CC(=C3)C#C)OCCOC,9.14,1,10.596304,-0.1008,18.17856,1.1101549863815308,2.5958762168884277,0.9305956363677979
lapatinib,erlotinib,A375,CS(=O)(=O)CCNCC1=CC=C(O1)C2=CC3=C(C=C2)N=CN=C3NC4=CC(=C(C=C4)OCC5=CC(=CC=C5)F)Cl,COCCOC1=C(C=C2C(=C1)C(=NC=N2)NC3=CC=CC(=C3)C#C)OCCOC,-5.115,0,-7.998166,-0.05325,20.858833,-0.7104101181030273,-1.1361587047576904,0.24302633106708527
lapatinib,erlotinib,A427,CS(=O)(=O)CCNCC1=CC=C(O1)C2=CC3=C(C=C2)N=CN=C3NC4=CC(=C(C=C4)OCC5=CC(=CC=C5)F)Cl,COCCOC1=C(C=C2C(=C1)C(=NC=N2)NC3=CC=CC(=C3)C#C)OCCOC,0.39,1,6.448834,-0.0768,10.389447,-0.38041988015174866,-2.115051507949829,0.10764247179031372
lapatinib,erlotinib,ES2,CS(=O)(=O)CCNCC1=CC=C(O1)C2=CC3=C(C=C2)N=CN=C3NC4=CC(=C(C=C4)OCC5=CC(=CC=C5)F)Cl,COCCOC1=C(C=C2C(=C1)C(=NC=N2)NC3=CC=CC(=C3)C#C)OCCOC,1.705,1,-6.5447493,-0.05095,11.02112,0.28074437379837036,0.2770535945892334,0.5688237547874451
lapatinib,erlotinib,HCT116,CS(=O)(=O)CCNCC1=CC=C(O1)C2=CC3=C(C=C2)N=CN=C3NC4=CC(=C(C=C4)OCC5=CC(=CC=C5)F)Cl,COCCOC1=C(C=C2C(=C1)C(=NC=N2)NC3=CC=CC(=C3)C#C)OCCOC,-5.36,0,-4.339569,-0.07095,15.1160345,-0.2915695607662201,0.15606316924095154,0.5389367938041687
lapatinib,erlotinib,HT144,CS(=O)(=O)CCNCC1=CC=C(O1)C2=CC3=C(C=C2)N=CN=C3NC4=CC(=C(C=C4)OCC5=CC(=CC=C5)F)Cl,COCCOC1=C(C=C2C(=C1)C(=NC=N2)NC3=CC=CC(=C3)C#C)OCCOC,-5.895,0,6.6293235,-0.07355,9.199693,-0.04966295510530472,-1.8553900718688965,0.13524127006530762
lapatinib,erlotinib,LOVO,CS(=O)(=O)CCNCC1=CC=C(O1)C2=CC3=C(C=C2)N=CN=C3NC4=CC(=C(C=C4)OCC5=CC(=CC=C5)F)Cl,COCCOC1=C(C=C2C(=C1)C(=NC=N2)NC3=CC=CC(=C3)C#C)OCCOC,-13.2,0,7.704432,-0.08095,25.307417,-0.5020842552185059,-1.939359426498413,0.12571823596954346
lapatinib,erlotinib,MDAMB436,CS(=O)(=O)CCNCC1=CC=C(O1)C2=CC3=C(C=C2)N=CN=C3NC4=CC(=C(C=C4)OCC5=CC(=CC=C5)F)Cl,COCCOC1=C(C=C2C(=C1)C(=NC=N2)NC3=CC=CC(=C3)C#C)OCCOC,-7.8,0,0.95846504,-0.0211,13.730658,-0.13820382952690125,-1.95851731300354,0.12362761050462723
lapatinib,erlotinib,NCIH1650,CS(=O)(=O)CCNCC1=CC=C(O1)C2=CC3=C(C=C2)N=CN=C3NC4=CC(=C(C=C4)OCC5=CC(=CC=C5)F)Cl,COCCOC1=C(C=C2C(=C1)C(=NC=N2)NC3=CC=CC(=C3)C#C)OCCOC,-12.69,0,9.222022,-0.0427,19.384377,-1.0532993078231812,-2.4296510219573975,0.08093942701816559
lapatinib,erlotinib,NCIH2122,CS(=O)(=O)CCNCC1=CC=C(O1)C2=CC3=C(C=C2)N=CN=C3NC4=CC(=C(C=C4)OCC5=CC(=CC=C5)F)Cl,COCCOC1=C(C=C2C(=C1)C(=NC=N2)NC3=CC=CC(=C3)C#C)OCCOC,1.0,1,9.558774,-0.0444,6.166051,-0.5441759824752808,1.5191787481307983,0.8204174637794495
lapatinib,erlotinib,NCIH23,CS(=O)(=O)CCNCC1=CC=C(O1)C2=CC3=C(C=C2)N=CN=C3NC4=CC(=C(C=C4)OCC5=CC(=CC=C5)F)Cl,COCCOC1=C(C=C2C(=C1)C(=NC=N2)NC3=CC=CC(=C3)C#C)OCCOC,-4.885,0,4.517836,-0.04505,-4.2692385,-1.847949504852295,-1.350914478302002,0.2057209014892578
lapatinib,erlotinib,NCIH520,CS(=O)(=O)CCNCC1=CC=C(O1)C2=CC3=C(C=C2)N=CN=C3NC4=CC(=C(C=C4)OCC5=CC(=CC=C5)F)Cl,COCCOC1=C(C=C2C(=C1)C(=NC=N2)NC3=CC=CC(=C3)C#C)OCCOC,1.575,1,1.5780662,-0.0708,12.84099,-0.8562071323394775,-1.721364974975586,0.15169544517993927
lapatinib,erlotinib,RKO,CS(=O)(=O)CCNCC1=CC=C(O1)C2=CC3=C(C=C2)N=CN=C3NC4=CC(=C(C=C4)OCC5=CC(=CC=C5)F)Cl,COCCOC1=C(C=C2C(=C1)C(=NC=N2)NC3=CC=CC(=C3)C#C)OCCOC,-8.185,0,2.798027,-0.095,13.499462,-0.6976065039634705,-3.3854963779449463,0.03275182843208313
lapatinib,erlotinib,SKMES1,CS(=O)(=O)CCNCC1=CC=C(O1)C2=CC3=C(C=C2)N=CN=C3NC4=CC(=C(C=C4)OCC5=CC(=CC=C5)F)Cl,COCCOC1=C(C=C2C(=C1)C(=NC=N2)NC3=CC=CC(=C3)C#C)OCCOC,-7.37,0,6.952139,-0.044,17.086777,0.7252153754234314,-2.4570364952087402,0.07892549782991409
lapatinib,erlotinib,SKOV3,CS(=O)(=O)CCNCC1=CC=C(O1)C2=CC3=C(C=C2)N=CN=C3NC4=CC(=C(C=C4)OCC5=CC(=CC=C5)F)Cl,COCCOC1=C(C=C2C(=C1)C(=NC=N2)NC3=CC=CC(=C3)C#C)OCCOC,-3.22,0,7.2933893,-0.04955,21.071674,0.21688321232795715,-1.0939173698425293,0.2508813142776489
lapatinib,erlotinib,SW620,CS(=O)(=O)CCNCC1=CC=C(O1)C2=CC3=C(C=C2)N=CN=C3NC4=CC(=C(C=C4)OCC5=CC(=CC=C5)F)Cl,COCCOC1=C(C=C2C(=C1)C(=NC=N2)NC3=CC=CC(=C3)C#C)OCCOC,3.05,1,-10.5039625,-0.0875,12.783604,-0.523485004901886,0.2069249302148819,0.5515474677085876
lapatinib,erlotinib,SW837,CS(=O)(=O)CCNCC1=CC=C(O1)C2=CC3=C(C=C2)N=CN=C3NC4=CC(=C(C=C4)OCC5=CC(=CC=C5)F)Cl,COCCOC1=C(C=C2C(=C1)C(=NC=N2)NC3=CC=CC(=C3)C#C)OCCOC,-10.15,0,14.067068,-0.04965,22.026112,-0.43718376755714417,1.0135669708251953,0.7337176203727722
lapatinib,erlotinib,T47D,CS(=O)(=O)CCNCC1=CC=C(O1)C2=CC3=C(C=C2)N=CN=C3NC4=CC(=C(C=C4)OCC5=CC(=CC=C5)F)Cl,COCCOC1=C(C=C2C(=C1)C(=NC=N2)NC3=CC=CC(=C3)C#C)OCCOC,-9.095,0,8.601026,-0.0211,16.216545,0.3550190329551697,-0.6879305243492126,0.33449357748031616
lapatinib,geldanamycin,A2058,CS(=O)(=O)CCNCC1=CC=C(O1)C2=CC3=C(C=C2)N=CN=C3NC4=CC(=C(C=C4)OCC5=CC(=CC=C5)F)Cl,CC1CC(C(C(C=C(C(C(C=CC=C(C(=O)NC2=CC(=O)C(=C(C1)C2=O)OC)C)OC)OC(=O)N)C)C)O)OC,9.94,1,1.4450048,-0.0368,7.3163395,-0.13510310649871826,2.4420034885406494,0.919974684715271
lapatinib,geldanamycin,A2780,CS(=O)(=O)CCNCC1=CC=C(O1)C2=CC3=C(C=C2)N=CN=C3NC4=CC(=C(C=C4)OCC5=CC(=CC=C5)F)Cl,CC1CC(C(C(C=C(C(C(C=CC=C(C(=O)NC2=CC(=O)C(=C(C1)C2=O)OC)C)OC)OC(=O)N)C)C)O)OC,6.72,1,-3.6405282,-0.0989,7.429971,0.649095892906189,4.742076396942139,0.9913548827171326
lapatinib,geldanamycin,A375,CS(=O)(=O)CCNCC1=CC=C(O1)C2=CC3=C(C=C2)N=CN=C3NC4=CC(=C(C=C4)OCC5=CC(=CC=C5)F)Cl,CC1CC(C(C(C=C(C(C(C=CC=C(C(=O)NC2=CC(=O)C(=C(C1)C2=O)OC)C)OC)OC(=O)N)C)C)O)OC,8.975,1,-11.864099,-0.0206,12.703709,-0.07745328545570374,0.7761611938476562,0.6848521828651428
lapatinib,geldanamycin,HCT116,CS(=O)(=O)CCNCC1=CC=C(O1)C2=CC3=C(C=C2)N=CN=C3NC4=CC(=C(C=C4)OCC5=CC(=CC=C5)F)Cl,CC1CC(C(C(C=C(C(C(C=CC=C(C(=O)NC2=CC(=O)C(=C(C1)C2=O)OC)C)OC)OC(=O)N)C)C)O)OC,2.315,1,-3.438906,-0.06425,3.3592207,-0.08445453643798828,0.6595394611358643,0.6591569781303406
lapatinib,geldanamycin,HT144,CS(=O)(=O)CCNCC1=CC=C(O1)C2=CC3=C(C=C2)N=CN=C3NC4=CC(=C(C=C4)OCC5=CC(=CC=C5)F)Cl,CC1CC(C(C(C=C(C(C(C=CC=C(C(=O)NC2=CC(=O)C(=C(C1)C2=O)OC)C)OC)OC(=O)N)C)C)O)OC,7.555,1,5.144253,-0.0206,2.2470357,-0.12203431129455566,2.5727150440216064,0.9290847778320312
lapatinib,geldanamycin,LOVO,CS(=O)(=O)CCNCC1=CC=C(O1)C2=CC3=C(C=C2)N=CN=C3NC4=CC(=C(C=C4)OCC5=CC(=CC=C5)F)Cl,CC1CC(C(C(C=C(C(C(C=CC=C(C(=O)NC2=CC(=O)C(=C(C1)C2=O)OC)C)OC)OC(=O)N)C)C)O)OC,2.32,1,2.1064963,-0.05095,9.823368,-0.5301097631454468,2.0679819583892822,0.8877520561218262
lapatinib,geldanamycin,MDAMB436,CS(=O)(=O)CCNCC1=CC=C(O1)C2=CC3=C(C=C2)N=CN=C3NC4=CC(=C(C=C4)OCC5=CC(=CC=C5)F)Cl,CC1CC(C(C(C=C(C(C(C=CC=C(C(=O)NC2=CC(=O)C(=C(C1)C2=O)OC)C)OC)OC(=O)N)C)C)O)OC,4.695,1,-0.03129478,-0.03425,5.447145,-0.4245239496231079,0.6483983397483826,0.6566494703292847
lapatinib,geldanamycin,NCIH1650,CS(=O)(=O)CCNCC1=CC=C(O1)C2=CC3=C(C=C2)N=CN=C3NC4=CC(=C(C=C4)OCC5=CC(=CC=C5)F)Cl,CC1CC(C(C(C=C(C(C(C=CC=C(C(=O)NC2=CC(=O)C(=C(C1)C2=O)OC)C)OC)OC(=O)N)C)C)O)OC,2.22,1,3.7674758,-0.06075,6.213914,-0.7642010450363159,1.6398775577545166,0.8375182747840881
lapatinib,geldanamycin,NCIH2122,CS(=O)(=O)CCNCC1=CC=C(O1)C2=CC3=C(C=C2)N=CN=C3NC4=CC(=C(C=C4)OCC5=CC(=CC=C5)F)Cl,CC1CC(C(C(C=C(C(C(C=CC=C(C(=O)NC2=CC(=O)C(=C(C1)C2=O)OC)C)OC)OC(=O)N)C)C)O)OC,7.165,1,7.748279,-0.06285,-11.714321,-0.3267327845096588,3.31752610206604,0.9650251865386963
lapatinib,geldanamycin,OV90,CS(=O)(=O)CCNCC1=CC=C(O1)C2=CC3=C(C=C2)N=CN=C3NC4=CC(=C(C=C4)OCC5=CC(=CC=C5)F)Cl,CC1CC(C(C(C=C(C(C(C=CC=C(C(=O)NC2=CC(=O)C(=C(C1)C2=O)OC)C)OC)OC(=O)N)C)C)O)OC,4.55,1,0.83094317,-0.0206,1.7898436,0.1774200201034546,3.1314852237701416,0.9581729769706726
lapatinib,geldanamycin,SKMES1,CS(=O)(=O)CCNCC1=CC=C(O1)C2=CC3=C(C=C2)N=CN=C3NC4=CC(=C(C=C4)OCC5=CC(=CC=C5)F)Cl,CC1CC(C(C(C=C(C(C(C=CC=C(C(=O)NC2=CC(=O)C(=C(C1)C2=O)OC)C)OC)OC(=O)N)C)C)O)OC,3.555,1,3.869966,-0.0206,8.167909,0.26139289140701294,1.316396713256836,0.7885816097259521
lapatinib,geldanamycin,SKOV3,CS(=O)(=O)CCNCC1=CC=C(O1)C2=CC3=C(C=C2)N=CN=C3NC4=CC(=C(C=C4)OCC5=CC(=CC=C5)F)Cl,CC1CC(C(C(C=C(C(C(C=CC=C(C(=O)NC2=CC(=O)C(=C(C1)C2=O)OC)C)OC)OC(=O)N)C)C)O)OC,3.195,1,2.7992306,-0.0865,8.729669,0.47206249833106995,0.9508324265480042,0.7212825417518616
lapatinib,geldanamycin,SW620,CS(=O)(=O)CCNCC1=CC=C(O1)C2=CC3=C(C=C2)N=CN=C3NC4=CC(=C(C=C4)OCC5=CC(=CC=C5)F)Cl,CC1CC(C(C(C=C(C(C(C=CC=C(C(=O)NC2=CC(=O)C(=C(C1)C2=O)OC)C)OC)OC(=O)N)C)C)O)OC,7.265,1,-21.85054,-0.0768,3.4532232,-0.5067068934440613,1.8729170560836792,0.8667954206466675
lapatinib,geldanamycin,SW837,CS(=O)(=O)CCNCC1=CC=C(O1)C2=CC3=C(C=C2)N=CN=C3NC4=CC(=C(C=C4)OCC5=CC(=CC=C5)F)Cl,CC1CC(C(C(C=C(C(C(C=CC=C(C(=O)NC2=CC(=O)C(=C(C1)C2=O)OC)C)OC)OC(=O)N)C)C)O)OC,1.73,1,8.529803,-0.0206,6.689205,-1.0674124956130981,1.9959437847137451,0.880370557308197
lapatinib,methotrexate,HT29,CS(=O)(=O)CCNCC1=CC=C(O1)C2=CC3=C(C=C2)N=CN=C3NC4=CC(=C(C=C4)OCC5=CC(=CC=C5)F)Cl,CN(CC1=CN=C2C(=N1)C(=NC(=N2)N)N)C3=CC=C(C=C3)C(=O)NC(CCC(=O)O)C(=O)O,3.4675,1,-1.6633528,-0.06855,-3.630936,-0.35250377655029297,0.4992331266403198,0.6222790479660034
lapatinib,methotrexate,NCIH23,CS(=O)(=O)CCNCC1=CC=C(O1)C2=CC3=C(C=C2)N=CN=C3NC4=CC(=C(C=C4)OCC5=CC(=CC=C5)F)Cl,CN(CC1=CN=C2C(=N1)C(=NC(=N2)N)N)C3=CC=C(C=C3)C(=O)NC(CCC(=O)O)C(=O)O,5.6275,1,-3.0077257,-0.1768,-23.427794,-2.0800139904022217,-0.26837480068206787,0.43330612778663635
lapatinib,methotrexate,SW620,CS(=O)(=O)CCNCC1=CC=C(O1)C2=CC3=C(C=C2)N=CN=C3NC4=CC(=C(C=C4)OCC5=CC(=CC=C5)F)Cl,CN(CC1=CN=C2C(=N1)C(=NC(=N2)N)N)C3=CC=C(C=C3)C(=O)NC(CCC(=O)O)C(=O)O,2.72,1,-27.639267,-0.06295,-6.637839,-0.3134497404098511,0.03855699673295021,0.5096380710601807
lapatinib,methotrexate,T47D,CS(=O)(=O)CCNCC1=CC=C(O1)C2=CC3=C(C=C2)N=CN=C3NC4=CC(=C(C=C4)OCC5=CC(=CC=C5)F)Cl,CN(CC1=CN=C2C(=N1)C(=NC(=N2)N)N)C3=CC=C(C=C3)C(=O)NC(CCC(=O)O)C(=O)O,-4.5275,0,-7.1566167,-0.11415,-7.720571,0.05852493643760681,0.1335975080728531,0.5333497524261475
lapatinib,mk2206,A2058,CS(=O)(=O)CCNCC1=CC=C(O1)C2=CC3=C(C=C2)N=CN=C3NC4=CC(=C(C=C4)OCC5=CC(=CC=C5)F)Cl,C1CC(C1)(C2=CC=C(C=C2)C3=C(C=C4C(=N3)C=CN5C4=NNC5=O)C6=CC=CC=C6)N,1.895,1,0.13139455,-0.373,26.907042,-0.1951037347316742,1.7816245555877686,0.8558973670005798
lapatinib,mk2206,A2780,CS(=O)(=O)CCNCC1=CC=C(O1)C2=CC3=C(C=C2)N=CN=C3NC4=CC(=C(C=C4)OCC5=CC(=CC=C5)F)Cl,C1CC(C1)(C2=CC=C(C=C2)C3=C(C=C4C(=N3)C=CN5C4=NNC5=O)C6=CC=CC=C6)N,13.975,1,5.5478806,-0.3165,28.806856,1.202569603919983,3.8885741233825684,0.9799362421035767
lapatinib,mk2206,A375,CS(=O)(=O)CCNCC1=CC=C(O1)C2=CC3=C(C=C2)N=CN=C3NC4=CC(=C(C=C4)OCC5=CC(=CC=C5)F)Cl,C1CC(C1)(C2=CC=C(C=C2)C3=C(C=C4C(=N3)C=CN5C4=NNC5=O)C6=CC=CC=C6)N,3.215,1,-24.102308,-0.4485,31.634224,0.01759907603263855,1.0689520835876465,0.7443975806236267
lapatinib,mk2206,A427,CS(=O)(=O)CCNCC1=CC=C(O1)C2=CC3=C(C=C2)N=CN=C3NC4=CC(=C(C=C4)OCC5=CC(=CC=C5)F)Cl,C1CC(C1)(C2=CC=C(C=C2)C3=C(C=C4C(=N3)C=CN5C4=NNC5=O)C6=CC=CC=C6)N,-3.735,0,-0.75923806,-0.32,20.703499,-0.27392226457595825,-1.3155105113983154,0.21156619489192963
lapatinib,mk2206,HCT116,CS(=O)(=O)CCNCC1=CC=C(O1)C2=CC3=C(C=C2)N=CN=C3NC4=CC(=C(C=C4)OCC5=CC(=CC=C5)F)Cl,C1CC(C1)(C2=CC=C(C=C2)C3=C(C=C4C(=N3)C=CN5C4=NNC5=O)C6=CC=CC=C6)N,1.435,1,-3.6922035,-0.273,23.925562,-0.13781550526618958,-0.4489521384239197,0.3896099328994751
lapatinib,mk2206,LOVO,CS(=O)(=O)CCNCC1=CC=C(O1)C2=CC3=C(C=C2)N=CN=C3NC4=CC(=C(C=C4)OCC5=CC(=CC=C5)F)Cl,C1CC(C1)(C2=CC=C(C=C2)C3=C(C=C4C(=N3)C=CN5C4=NNC5=O)C6=CC=CC=C6)N,-3.49,0,3.4424944,-0.0416,30.564327,-0.07119041681289673,-2.7027595043182373,0.06281071901321411
lapatinib,mk2206,MDAMB436,CS(=O)(=O)CCNCC1=CC=C(O1)C2=CC3=C(C=C2)N=CN=C3NC4=CC(=C(C=C4)OCC5=CC(=CC=C5)F)Cl,C1CC(C1)(C2=CC=C(C=C2)C3=C(C=C4C(=N3)C=CN5C4=NNC5=O)C6=CC=CC=C6)N,-3.97,0,-2.3669305,-0.03695,23.308472,-0.44514936208724976,-1.791628122329712,0.14287322759628296
lapatinib,mk2206,NCIH1650,CS(=O)(=O)CCNCC1=CC=C(O1)C2=CC3=C(C=C2)N=CN=C3NC4=CC(=C(C=C4)OCC5=CC(=CC=C5)F)Cl,C1CC(C1)(C2=CC=C(C=C2)C3=C(C=C4C(=N3)C=CN5C4=NNC5=O)C6=CC=CC=C6)N,3.115,1,0.9925756,-0.0206,28.977856,-0.46853020787239075,-2.8498926162719727,0.05468687042593956
lapatinib,mk2206,NCIH2122,CS(=O)(=O)CCNCC1=CC=C(O1)C2=CC3=C(C=C2)N=CN=C3NC4=CC(=C(C=C4)OCC5=CC(=CC=C5)F)Cl,C1CC(C1)(C2=CC=C(C=C2)C3=C(C=C4C(=N3)C=CN5C4=NNC5=O)C6=CC=CC=C6)N,9.225,1,4.937154,-0.04285,14.650012,-0.5342094898223877,-0.3941822052001953,0.4027109444141388
lapatinib,mk2206,OV90,CS(=O)(=O)CCNCC1=CC=C(O1)C2=CC3=C(C=C2)N=CN=C3NC4=CC(=C(C=C4)OCC5=CC(=CC=C5)F)Cl,C1CC(C1)(C2=CC=C(C=C2)C3=C(C=C4C(=N3)C=CN5C4=NNC5=O)C6=CC=CC=C6)N,-3.205,0,-0.34374616,-0.11525,20.914328,0.24220243096351624,-4.358892917633057,0.01263095997273922
lapatinib,mk2206,SKMES1,CS(=O)(=O)CCNCC1=CC=C(O1)C2=CC3=C(C=C2)N=CN=C3NC4=CC(=C(C=C4)OCC5=CC(=CC=C5)F)Cl,C1CC(C1)(C2=CC=C(C=C2)C3=C(C=C4C(=N3)C=CN5C4=NNC5=O)C6=CC=CC=C6)N,1.205,1,2.5847144,-0.1645,27.215961,-0.6361643671989441,-2.5288941860198975,0.07385725528001785
lapatinib,mk2206,SKOV3,CS(=O)(=O)CCNCC1=CC=C(O1)C2=CC3=C(C=C2)N=CN=C3NC4=CC(=C(C=C4)OCC5=CC(=CC=C5)F)Cl,C1CC(C1)(C2=CC=C(C=C2)C3=C(C=C4C(=N3)C=CN5C4=NNC5=O)C6=CC=CC=C6)N,5.48,1,3.3736749,-0.0539,29.629642,-0.12278479337692261,-0.7104954123497009,0.3294893801212311
lapatinib,mk2206,SW620,CS(=O)(=O)CCNCC1=CC=C(O1)C2=CC3=C(C=C2)N=CN=C3NC4=CC(=C(C=C4)OCC5=CC(=CC=C5)F)Cl,C1CC(C1)(C2=CC=C(C=C2)C3=C(C=C4C(=N3)C=CN5C4=NNC5=O)C6=CC=CC=C6)N,-3.285,0,-26.64808,-0.02355,20.762444,-0.567638635635376,0.07382000982761383,0.5184466242790222
lapatinib,mk2206,SW837,CS(=O)(=O)CCNCC1=CC=C(O1)C2=CC3=C(C=C2)N=CN=C3NC4=CC(=C(C=C4)OCC5=CC(=CC=C5)F)Cl,C1CC(C1)(C2=CC=C(C=C2)C3=C(C=C4C(=N3)C=CN5C4=NNC5=O)C6=CC=CC=C6)N,4.155,1,3.8504434,-0.0418,28.147436,-0.6879693865776062,0.12202346324920654,0.5304681062698364
lapatinib,mk2206,T47D,CS(=O)(=O)CCNCC1=CC=C(O1)C2=CC3=C(C=C2)N=CN=C3NC4=CC(=C(C=C4)OCC5=CC(=CC=C5)F)Cl,C1CC(C1)(C2=CC=C(C=C2)C3=C(C=C4C(=N3)C=CN5C4=NNC5=O)C6=CC=CC=C6)N,-5.91,0,2.1338219,-0.06765,26.396797,0.06542932242155075,-0.20482845604419708,0.4489711821079254
lapatinib,mk5108,A2058,CS(=O)(=O)CCNCC1=CC=C(O1)C2=CC3=C(C=C2)N=CN=C3NC4=CC(=C(C=C4)OCC5=CC(=CC=C5)F)Cl,C1CC(CCC1OC2=C(C(=CC=C2)Cl)F)(CC3=NC(=CC=C3)NC4=NC=CS4)C(=O)O,1.255,1,-0.00784703,-0.467,10.288236,-0.2577531039714813,-0.5463956594467163,0.36670106649398804
lapatinib,mk5108,A2780,CS(=O)(=O)CCNCC1=CC=C(O1)C2=CC3=C(C=C2)N=CN=C3NC4=CC(=C(C=C4)OCC5=CC(=CC=C5)F)Cl,C1CC(CCC1OC2=C(C(=CC=C2)Cl)F)(CC3=NC(=CC=C3)NC4=NC=CS4)C(=O)O,10.135,1,7.331057,-0.726,13.558115,0.6535868048667908,4.165664196014404,0.9847177863121033
lapatinib,mk5108,A427,CS(=O)(=O)CCNCC1=CC=C(O1)C2=CC3=C(C=C2)N=CN=C3NC4=CC(=C(C=C4)OCC5=CC(=CC=C5)F)Cl,C1CC(CCC1OC2=C(C(=CC=C2)Cl)F)(CC3=NC(=CC=C3)NC4=NC=CS4)C(=O)O,-2.795,0,3.883277,-0.5805,7.179776,-0.845553457736969,-0.04459058865904808,0.48885419964790344
lapatinib,mk5108,HT144,CS(=O)(=O)CCNCC1=CC=C(O1)C2=CC3=C(C=C2)N=CN=C3NC4=CC(=C(C=C4)OCC5=CC(=CC=C5)F)Cl,C1CC(CCC1OC2=C(C(=CC=C2)Cl)F)(CC3=NC(=CC=C3)NC4=NC=CS4)C(=O)O,-6.395,0,4.8769355,-0.609,3.114142,-0.49606454372406006,-2.155730962753296,0.10379689931869507
lapatinib,mk5108,HT29,CS(=O)(=O)CCNCC1=CC=C(O1)C2=CC3=C(C=C2)N=CN=C3NC4=CC(=C(C=C4)OCC5=CC(=CC=C5)F)Cl,C1CC(CCC1OC2=C(C(=CC=C2)Cl)F)(CC3=NC(=CC=C3)NC4=NC=CS4)C(=O)O,2.92,1,2.2246332,-0.653,14.214346,-0.2552102506160736,0.797511875629425,0.6894420385360718
lapatinib,mk5108,LOVO,CS(=O)(=O)CCNCC1=CC=C(O1)C2=CC3=C(C=C2)N=CN=C3NC4=CC(=C(C=C4)OCC5=CC(=CC=C5)F)Cl,C1CC(CCC1OC2=C(C(=CC=C2)Cl)F)(CC3=NC(=CC=C3)NC4=NC=CS4)C(=O)O,-1.315,0,4.5018363,-0.201,16.727695,-0.30068597197532654,-1.45218825340271,0.1896650344133377
lapatinib,mk5108,MDAMB436,CS(=O)(=O)CCNCC1=CC=C(O1)C2=CC3=C(C=C2)N=CN=C3NC4=CC(=C(C=C4)OCC5=CC(=CC=C5)F)Cl,C1CC(CCC1OC2=C(C(=CC=C2)Cl)F)(CC3=NC(=CC=C3)NC4=NC=CS4)C(=O)O,-3.665,0,-0.49869725,-0.0768,10.074942,-0.11110720038414001,-0.6509652137756348,0.3427720367908478
lapatinib,mk5108,NCIH2122,CS(=O)(=O)CCNCC1=CC=C(O1)C2=CC3=C(C=C2)N=CN=C3NC4=CC(=C(C=C4)OCC5=CC(=CC=C5)F)Cl,C1CC(CCC1OC2=C(C(=CC=C2)Cl)F)(CC3=NC(=CC=C3)NC4=NC=CS4)C(=O)O,-1.755,0,0.083190486,-0.03835,-2.0174584,0.6118265390396118,3.5354082584381104,0.9716785550117493
lapatinib,mk5108,NCIH520,CS(=O)(=O)CCNCC1=CC=C(O1)C2=CC3=C(C=C2)N=CN=C3NC4=CC(=C(C=C4)OCC5=CC(=CC=C5)F)Cl,C1CC(CCC1OC2=C(C(=CC=C2)Cl)F)(CC3=NC(=CC=C3)NC4=NC=CS4)C(=O)O,-1.46,0,-3.5793586,-0.06075,6.3827033,-1.012465000152588,-0.529058039188385,0.37073659896850586
lapatinib,mk5108,OV90,CS(=O)(=O)CCNCC1=CC=C(O1)C2=CC3=C(C=C2)N=CN=C3NC4=CC(=C(C=C4)OCC5=CC(=CC=C5)F)Cl,C1CC(CCC1OC2=C(C(=CC=C2)Cl)F)(CC3=NC(=CC=C3)NC4=NC=CS4)C(=O)O,-5.015,0,2.4547138,-0.0211,6.60286,-0.11001744866371155,-4.149235248565674,0.015531443990767002
lapatinib,mk5108,SKMES1,CS(=O)(=O)CCNCC1=CC=C(O1)C2=CC3=C(C=C2)N=CN=C3NC4=CC(=C(C=C4)OCC5=CC(=CC=C5)F)Cl,C1CC(CCC1OC2=C(C(=CC=C2)Cl)F)(CC3=NC(=CC=C3)NC4=NC=CS4)C(=O)O,-2.26,0,3.5812674,-0.0376,10.2573395,-0.648905873298645,-2.895740032196045,0.05236455053091049
lapatinib,mk5108,SKOV3,CS(=O)(=O)CCNCC1=CC=C(O1)C2=CC3=C(C=C2)N=CN=C3NC4=CC(=C(C=C4)OCC5=CC(=CC=C5)F)Cl,C1CC(CCC1OC2=C(C(=CC=C2)Cl)F)(CC3=NC(=CC=C3)NC4=NC=CS4)C(=O)O,4.335,1,8.74673,-0.0708,14.790163,0.14362004399299622,-0.6823110580444336,0.3357456922531128
lapatinib,mk5108,SW620,CS(=O)(=O)CCNCC1=CC=C(O1)C2=CC3=C(C=C2)N=CN=C3NC4=CC(=C(C=C4)OCC5=CC(=CC=C5)F)Cl,C1CC(CCC1OC2=C(C(=CC=C2)Cl)F)(CC3=NC(=CC=C3)NC4=NC=CS4)C(=O)O,1.375,1,-6.49858,-0.0322,8.832563,-0.4686279594898224,0.21882784366607666,0.5544896721839905
lapatinib,sorafenib,A2058,CS(=O)(=O)CCNCC1=CC=C(O1)C2=CC3=C(C=C2)N=CN=C3NC4=CC(=C(C=C4)OCC5=CC(=CC=C5)F)Cl,CNC(=O)C1=NC=CC(=C1)OC2=CC=C(C=C2)NC(=O)NC3=CC(=C(C=C3)Cl)C(F)(F)F,18.105,1,9.208993,-0.04395,7.1049294,0.08736908435821533,2.266451597213745,0.9060602188110352
lapatinib,sorafenib,A2780,CS(=O)(=O)CCNCC1=CC=C(O1)C2=CC3=C(C=C2)N=CN=C3NC4=CC(=C(C=C4)OCC5=CC(=CC=C5)F)Cl,CNC(=O)C1=NC=CC(=C1)OC2=CC=C(C=C2)NC(=O)NC3=CC(=C(C=C3)Cl)C(F)(F)F,7.825,1,9.703838,-0.0708,9.522209,1.2160813808441162,3.9379403591156006,0.9808841943740845
lapatinib,sorafenib,A375,CS(=O)(=O)CCNCC1=CC=C(O1)C2=CC3=C(C=C2)N=CN=C3NC4=CC(=C(C=C4)OCC5=CC(=CC=C5)F)Cl,CNC(=O)C1=NC=CC(=C1)OC2=CC=C(C=C2)NC(=O)NC3=CC(=C(C=C3)Cl)C(F)(F)F,8.325,1,3.7211604,-0.0345,11.7162285,-0.1245458722114563,2.0651307106018066,0.8874675631523132
lapatinib,sorafenib,A427,CS(=O)(=O)CCNCC1=CC=C(O1)C2=CC3=C(C=C2)N=CN=C3NC4=CC(=C(C=C4)OCC5=CC(=CC=C5)F)Cl,CNC(=O)C1=NC=CC(=C1)OC2=CC=C(C=C2)NC(=O)NC3=CC(=C(C=C3)Cl)C(F)(F)F,5.565,1,6.076904,-0.04545,3.7615232,0.5598623752593994,3.127314805984497,0.958005428314209
lapatinib,sorafenib,ES2,CS(=O)(=O)CCNCC1=CC=C(O1)C2=CC3=C(C=C2)N=CN=C3NC4=CC(=C(C=C4)OCC5=CC(=CC=C5)F)Cl,CNC(=O)C1=NC=CC(=C1)OC2=CC=C(C=C2)NC(=O)NC3=CC(=C(C=C3)Cl)C(F)(F)F,6.235,1,2.2060273,-0.10515,3.465558,0.36942005157470703,3.146322727203369,0.958763599395752
lapatinib,sorafenib,HCT116,CS(=O)(=O)CCNCC1=CC=C(O1)C2=CC3=C(C=C2)N=CN=C3NC4=CC(=C(C=C4)OCC5=CC(=CC=C5)F)Cl,CNC(=O)C1=NC=CC(=C1)OC2=CC=C(C=C2)NC(=O)NC3=CC(=C(C=C3)Cl)C(F)(F)F,3.44,1,2.3420856,-0.0613,5.607815,-0.15643185377120972,1.2433559894561768,0.7761476039886475
lapatinib,sorafenib,HT144,CS(=O)(=O)CCNCC1=CC=C(O1)C2=CC3=C(C=C2)N=CN=C3NC4=CC(=C(C=C4)OCC5=CC(=CC=C5)F)Cl,CNC(=O)C1=NC=CC(=C1)OC2=CC=C(C=C2)NC(=O)NC3=CC(=C(C=C3)Cl)C(F)(F)F,11.36,1,5.1277924,-0.0927,1.4622849,0.019124582409858704,3.807790517807007,0.9782848954200745
lapatinib,sorafenib,HT29,CS(=O)(=O)CCNCC1=CC=C(O1)C2=CC3=C(C=C2)N=CN=C3NC4=CC(=C(C=C4)OCC5=CC(=CC=C5)F)Cl,CNC(=O)C1=NC=CC(=C1)OC2=CC=C(C=C2)NC(=O)NC3=CC(=C(C=C3)Cl)C(F)(F)F,1.29,1,3.433651,-0.0745,8.708597,-0.08958525210618973,0.6309075951576233,0.6526952385902405
lapatinib,sorafenib,LOVO,CS(=O)(=O)CCNCC1=CC=C(O1)C2=CC3=C(C=C2)N=CN=C3NC4=CC(=C(C=C4)OCC5=CC(=CC=C5)F)Cl,CNC(=O)C1=NC=CC(=C1)OC2=CC=C(C=C2)NC(=O)NC3=CC(=C(C=C3)Cl)C(F)(F)F,-4.165,0,2.4064984,-0.0206,11.037883,0.13057249784469604,1.1058194637298584,0.7513489127159119
lapatinib,sorafenib,NCIH1650,CS(=O)(=O)CCNCC1=CC=C(O1)C2=CC3=C(C=C2)N=CN=C3NC4=CC(=C(C=C4)OCC5=CC(=CC=C5)F)Cl,CNC(=O)C1=NC=CC(=C1)OC2=CC=C(C=C2)NC(=O)NC3=CC(=C(C=C3)Cl)C(F)(F)F,7.1,1,5.6365952,-0.02945,8.045578,0.06169365346431732,1.4668605327606201,0.8125796914100647
lapatinib,sorafenib,NCIH2122,CS(=O)(=O)CCNCC1=CC=C(O1)C2=CC3=C(C=C2)N=CN=C3NC4=CC(=C(C=C4)OCC5=CC(=CC=C5)F)Cl,CNC(=O)C1=NC=CC(=C1)OC2=CC=C(C=C2)NC(=O)NC3=CC(=C(C=C3)Cl)C(F)(F)F,2.87,1,-0.055534083,-0.13575,-4.639058,0.1975189745426178,1.1751176118850708,0.7640688419342041
lapatinib,sorafenib,NCIH23,CS(=O)(=O)CCNCC1=CC=C(O1)C2=CC3=C(C=C2)N=CN=C3NC4=CC(=C(C=C4)OCC5=CC(=CC=C5)F)Cl,CNC(=O)C1=NC=CC(=C1)OC2=CC=C(C=C2)NC(=O)NC3=CC(=C(C=C3)Cl)C(F)(F)F,1.21,1,3.2210505,-0.117,-9.888328,-1.7345516681671143,0.46388983726501465,0.6139365434646606
lapatinib,sorafenib,NCIH520,CS(=O)(=O)CCNCC1=CC=C(O1)C2=CC3=C(C=C2)N=CN=C3NC4=CC(=C(C=C4)OCC5=CC(=CC=C5)F)Cl,CNC(=O)C1=NC=CC(=C1)OC2=CC=C(C=C2)NC(=O)NC3=CC(=C(C=C3)Cl)C(F)(F)F,11.565,1,3.880941,-0.12185,3.1933687,-0.9019801616668701,1.3843624591827393,0.7996906638145447
lapatinib,sorafenib,OV90,CS(=O)(=O)CCNCC1=CC=C(O1)C2=CC3=C(C=C2)N=CN=C3NC4=CC(=C(C=C4)OCC5=CC(=CC=C5)F)Cl,CNC(=O)C1=NC=CC(=C1)OC2=CC=C(C=C2)NC(=O)NC3=CC(=C(C=C3)Cl)C(F)(F)F,2.625,1,5.5944595,-0.2525,1.8889008,1.3288382291793823,1.728488564491272,0.8492189645767212
lapatinib,sorafenib,SKMES1,CS(=O)(=O)CCNCC1=CC=C(O1)C2=CC3=C(C=C2)N=CN=C3NC4=CC(=C(C=C4)OCC5=CC(=CC=C5)F)Cl,CNC(=O)C1=NC=CC(=C1)OC2=CC=C(C=C2)NC(=O)NC3=CC(=C(C=C3)Cl)C(F)(F)F,2.7,1,2.6057694,-0.168,6.063548,0.6689372658729553,2.6783335208892822,0.9357359409332275
lapatinib,sorafenib,SKOV3,CS(=O)(=O)CCNCC1=CC=C(O1)C2=CC3=C(C=C2)N=CN=C3NC4=CC(=C(C=C4)OCC5=CC(=CC=C5)F)Cl,CNC(=O)C1=NC=CC(=C1)OC2=CC=C(C=C2)NC(=O)NC3=CC(=C(C=C3)Cl)C(F)(F)F,15.18,1,9.5764,-0.158,9.923449,0.11175903677940369,0.14741046726703644,0.5367860794067383
lapatinib,sorafenib,SW620,CS(=O)(=O)CCNCC1=CC=C(O1)C2=CC3=C(C=C2)N=CN=C3NC4=CC(=C(C=C4)OCC5=CC(=CC=C5)F)Cl,CNC(=O)C1=NC=CC(=C1)OC2=CC=C(C=C2)NC(=O)NC3=CC(=C(C=C3)Cl)C(F)(F)F,8.0,1,-0.3642051,-0.057,4.1344814,-0.7225489616394043,1.0956830978393555,0.7494503855705261
lapatinib,sorafenib,T47D,CS(=O)(=O)CCNCC1=CC=C(O1)C2=CC3=C(C=C2)N=CN=C3NC4=CC(=C(C=C4)OCC5=CC(=CC=C5)F)Cl,CNC(=O)C1=NC=CC(=C1)OC2=CC=C(C=C2)NC(=O)NC3=CC(=C(C=C3)Cl)C(F)(F)F,4.82,1,4.2297136,-0.0813,5.837383,0.276847779750824,0.05956113710999489,0.5148858428001404
lapatinib,sunitinib,HCT116,CS(=O)(=O)CCNCC1=CC=C(O1)C2=CC3=C(C=C2)N=CN=C3NC4=CC(=C(C=C4)OCC5=CC(=CC=C5)F)Cl,CCN(CC)CCNC(=O)C1=C(NC(=C1C)C=C2C3=C(C=CC(=C3)F)NC2=O)C,4.945,1,2.4623322,-0.0322,10.262952,-0.858444333076477,0.37697452306747437,0.5931431651115417
lapatinib,sunitinib,HT29,CS(=O)(=O)CCNCC1=CC=C(O1)C2=CC3=C(C=C2)N=CN=C3NC4=CC(=C(C=C4)OCC5=CC(=CC=C5)F)Cl,CCN(CC)CCNC(=O)C1=C(NC(=C1C)C=C2C3=C(C=CC(=C3)F)NC2=O)C,13.5125,1,12.091573,-0.02425,13.877687,-0.2910478711128235,0.6025810837745667,0.646246612071991
lapatinib,sunitinib,SW620,CS(=O)(=O)CCNCC1=CC=C(O1)C2=CC3=C(C=C2)N=CN=C3NC4=CC(=C(C=C4)OCC5=CC(=CC=C5)F)Cl,CCN(CC)CCNC(=O)C1=C(NC(=C1C)C=C2C3=C(C=CC(=C3)F)NC2=O)C,3.3325,1,-2.6560354,-0.0206,8.91442,-0.5549775958061218,1.8721494674682617,0.8667067885398865
lapatinib,sunitinib,T47D,CS(=O)(=O)CCNCC1=CC=C(O1)C2=CC3=C(C=C2)N=CN=C3NC4=CC(=C(C=C4)OCC5=CC(=CC=C5)F)Cl,CCN(CC)CCNC(=O)C1=C(NC(=C1C)C=C2C3=C(C=CC(=C3)F)NC2=O)C,5.41,1,5.8462286,-0.026125,11.184132,0.22641801834106445,0.34804049134254456,0.5861423015594482
metformin,bortezomib,A2780,CN(C)C(=N)N=C(N)N,B(C(CC(C)C)NC(=O)C(CC1=CC=CC=C1)NC(=O)C2=NC=CN=C2)(O)O,0.725,1,-46.022903,-0.06445,-7.408387,-1.1603201627731323,3.8689911365509033,0.9795476198196411
metformin,bortezomib,A375,CN(C)C(=N)N=C(N)N,B(C(CC(C)C)NC(=O)C(CC1=CC=CC=C1)NC(=O)C2=NC=CN=C2)(O)O,-0.47,0,-9.609451,-0.03945,-6.1592774,-0.38575267791748047,-0.675259530544281,0.33732014894485474
metformin,bortezomib,A427,CN(C)C(=N)N=C(N)N,B(C(CC(C)C)NC(=O)C(CC1=CC=CC=C1)NC(=O)C2=NC=CN=C2)(O)O,-3.07,0,-7.520211,-0.09985,-12.507727,0.05749392509460449,-1.8652033805847168,0.13409771025180817
metformin,bortezomib,ES2,CN(C)C(=N)N=C(N)N,B(C(CC(C)C)NC(=O)C(CC1=CC=CC=C1)NC(=O)C2=NC=CN=C2)(O)O,5.99,1,-26.24538,-0.1051,-7.5616264,-0.8304355144500732,-1.8452601432800293,0.13643036782741547
metformin,bortezomib,HCT116,CN(C)C(=N)N=C(N)N,B(C(CC(C)C)NC(=O)C(CC1=CC=CC=C1)NC(=O)C2=NC=CN=C2)(O)O,-0.48,0,-53.469704,-0.04225,-8.469112,-0.15191565454006195,-0.8338356018066406,0.3028346598148346
metformin,bortezomib,HT144,CN(C)C(=N)N=C(N)N,B(C(CC(C)C)NC(=O)C(CC1=CC=CC=C1)NC(=O)C2=NC=CN=C2)(O)O,-0.735,0,-23.409079,-0.14535,-15.143295,0.7159900665283203,-2.0534796714782715,0.1137012466788292
metformin,bortezomib,HT29,CN(C)C(=N)N=C(N)N,B(C(CC(C)C)NC(=O)C(CC1=CC=CC=C1)NC(=O)C2=NC=CN=C2)(O)O,-0.39,0,-9.56286,-0.09835,-8.059862,-0.12399736046791077,0.3291955590248108,0.5815635919570923
metformin,bortezomib,LOVO,CN(C)C(=N)N=C(N)N,B(C(CC(C)C)NC(=O)C(CC1=CC=CC=C1)NC(=O)C2=NC=CN=C2)(O)O,-1.82,0,-7.1970763,-0.03135,-9.939451,-0.18021896481513977,-1.053372859954834,0.25857794284820557
metformin,bortezomib,MDAMB436,CN(C)C(=N)N=C(N)N,B(C(CC(C)C)NC(=O)C(CC1=CC=CC=C1)NC(=O)C2=NC=CN=C2)(O)O,0.72,1,-53.38618,-0.0696,-4.1775684,-1.3559112548828125,1.4907715320587158,0.8161940574645996
metformin,bortezomib,NCIH1650,CN(C)C(=N)N=C(N)N,B(C(CC(C)C)NC(=O)C(CC1=CC=CC=C1)NC(=O)C2=NC=CN=C2)(O)O,-2.68,0,-14.43078,-0.03255,-16.881874,-0.7798465490341187,-6.010508060455322,0.002446840051561594
metformin,bortezomib,NCIH2122,CN(C)C(=N)N=C(N)N,B(C(CC(C)C)NC(=O)C(CC1=CC=CC=C1)NC(=O)C2=NC=CN=C2)(O)O,0.72,1,-33.358715,-0.08115,-7.887537,-1.8087358474731445,2.870053768157959,0.9463460445404053
metformin,bortezomib,NCIH23,CN(C)C(=N)N=C(N)N,B(C(CC(C)C)NC(=O)C(CC1=CC=CC=C1)NC(=O)C2=NC=CN=C2)(O)O,-1.54,0,-4.2843776,-0.0596,-17.17776,-1.0450918674468994,-0.17144349217414856,0.45724382996559143
metformin,bortezomib,NCIH520,CN(C)C(=N)N=C(N)N,B(C(CC(C)C)NC(=O)C(CC1=CC=CC=C1)NC(=O)C2=NC=CN=C2)(O)O,0.14,1,-14.7643385,-0.0206,-13.323223,-1.788744330406189,3.873015880584717,0.9796280860900879
metformin,bortezomib,OV90,CN(C)C(=N)N=C(N)N,B(C(CC(C)C)NC(=O)C(CC1=CC=CC=C1)NC(=O)C2=NC=CN=C2)(O)O,-0.78,0,2.3016338,-0.0206,-11.152737,1.7494105100631714,-5.418028354644775,0.00441629346460104
metformin,bortezomib,RKO,CN(C)C(=N)N=C(N)N,B(C(CC(C)C)NC(=O)C(CC1=CC=CC=C1)NC(=O)C2=NC=CN=C2)(O)O,-1.78,0,-65.2107,-0.0643,-5.740776,-0.9135757684707642,1.9138290882110596,0.8714486956596375
metformin,bortezomib,SW620,CN(C)C(=N)N=C(N)N,B(C(CC(C)C)NC(=O)C(CC1=CC=CC=C1)NC(=O)C2=NC=CN=C2)(O)O,1.275,1,-53.036713,-0.08485,-7.3816485,-0.051861971616744995,0.022682059556245804,0.5056702494621277
metformin,bortezomib,SW837,CN(C)C(=N)N=C(N)N,B(C(CC(C)C)NC(=O)C(CC1=CC=CC=C1)NC(=O)C2=NC=CN=C2)(O)O,1.28,1,-21.645359,-0.06805,-17.284842,-0.8120007514953613,2.3801915645599365,0.9153042435646057
metformin,bortezomib,T47D,CN(C)C(=N)N=C(N)N,B(C(CC(C)C)NC(=O)C(CC1=CC=CC=C1)NC(=O)C2=NC=CN=C2)(O)O,0.915,1,-25.845041,-0.10015,-16.475193,0.5957691669464111,-0.45338594913482666,0.38855600357055664
metformin,dasatinib,A2058,CN(C)C(=N)N=C(N)N,CC1=C(C(=CC=C1)Cl)NC(=O)C2=CN=C(S2)NC3=NC(=NC(=C3)N4CCN(CC4)CCO)C,-1.58,0,-0.79428136,-0.05595,17.107761,0.6094139814376831,1.583815097808838,0.8297441601753235
metformin,dasatinib,A2780,CN(C)C(=N)N=C(N)N,CC1=C(C(=CC=C1)Cl)NC(=O)C2=CN=C(S2)NC3=NC(=NC(=C3)N4CCN(CC4)CCO)C,10.105,1,10.516194,-0.0473,21.836626,-0.3281814754009247,4.612369060516357,0.99016934633255
metformin,dasatinib,A375,CN(C)C(=N)N=C(N)N,CC1=C(C(=CC=C1)Cl)NC(=O)C2=CN=C(S2)NC3=NC(=NC(=C3)N4CCN(CC4)CCO)C,-2.985,0,-62.72361,-0.14485,15.401163,0.7767155766487122,0.23973816633224487,0.5596491098403931
metformin,dasatinib,A427,CN(C)C(=N)N=C(N)N,CC1=C(C(=CC=C1)Cl)NC(=O)C2=CN=C(S2)NC3=NC(=NC(=C3)N4CCN(CC4)CCO)C,1.27,1,2.3921673,-0.1725,15.411305,0.20985352993011475,0.865686297416687,0.703847348690033
metformin,dasatinib,ES2,CN(C)C(=N)N=C(N)N,CC1=C(C(=CC=C1)Cl)NC(=O)C2=CN=C(S2)NC3=NC(=NC(=C3)N4CCN(CC4)CCO)C,-2.415,0,-6.2529554,-0.08285,11.300531,-1.0040481090545654,0.5265246033668518,0.628672182559967
metformin,dasatinib,HCT116,CN(C)C(=N)N=C(N)N,CC1=C(C(=CC=C1)Cl)NC(=O)C2=CN=C(S2)NC3=NC(=NC(=C3)N4CCN(CC4)CCO)C,2.375,1,-23.480236,-0.13785,13.154846,-0.4061155319213867,-0.5049688816070557,0.37637367844581604
metformin,dasatinib,HT144,CN(C)C(=N)N=C(N)N,CC1=C(C(=CC=C1)Cl)NC(=O)C2=CN=C(S2)NC3=NC(=NC(=C3)N4CCN(CC4)CCO)C,4.405,1,-5.6539907,-0.1605,2.164215,0.4044438302516937,0.7565211653709412,0.6805979609489441
metformin,dasatinib,HT29,CN(C)C(=N)N=C(N)N,CC1=C(C(=CC=C1)Cl)NC(=O)C2=CN=C(S2)NC3=NC(=NC(=C3)N4CCN(CC4)CCO)C,3.035,1,-21.34134,-0.14745,17.647263,-0.09943443536758423,-0.22345700860023499,0.44436702132225037
metformin,dasatinib,LOVO,CN(C)C(=N)N=C(N)N,CC1=C(C(=CC=C1)Cl)NC(=O)C2=CN=C(S2)NC3=NC(=NC(=C3)N4CCN(CC4)CCO)C,0.465,1,-7.0608964,-0.06785,13.846601,-0.6073235273361206,1.341626524925232,0.7927572727203369
metformin,dasatinib,MDAMB436,CN(C)C(=N)N=C(N)N,CC1=C(C(=CC=C1)Cl)NC(=O)C2=CN=C(S2)NC3=NC(=NC(=C3)N4CCN(CC4)CCO)C,4.375,1,-9.033151,-0.08275,17.451426,0.6543035507202148,-0.7959064841270447,0.31090185046195984
metformin,dasatinib,NCIH1650,CN(C)C(=N)N=C(N)N,CC1=C(C(=CC=C1)Cl)NC(=O)C2=CN=C(S2)NC3=NC(=NC(=C3)N4CCN(CC4)CCO)C,-0.575,0,-13.453263,-0.271,12.794683,-0.6409379839897156,-3.440343141555786,0.03105815500020981
metformin,dasatinib,NCIH2122,CN(C)C(=N)N=C(N)N,CC1=C(C(=CC=C1)Cl)NC(=O)C2=CN=C(S2)NC3=NC(=NC(=C3)N4CCN(CC4)CCO)C,12.02,1,-32.81061,-0.13355,9.040418,-1.0893690586090088,3.8628337383270264,0.9794238805770874
metformin,dasatinib,NCIH23,CN(C)C(=N)N=C(N)N,CC1=C(C(=CC=C1)Cl)NC(=O)C2=CN=C(S2)NC3=NC(=NC(=C3)N4CCN(CC4)CCO)C,-8.235,0,-3.952198,-0.1585,5.8502398,-1.8301703929901123,-0.9528361558914185,0.27831482887268066
metformin,dasatinib,NCIH520,CN(C)C(=N)N=C(N)N,CC1=C(C(=CC=C1)Cl)NC(=O)C2=CN=C(S2)NC3=NC(=NC(=C3)N4CCN(CC4)CCO)C,0.745,1,8.676717,-0.194,15.773796,-0.9157955646514893,-2.1860690116882324,0.10100848972797394
metformin,dasatinib,OV90,CN(C)C(=N)N=C(N)N,CC1=C(C(=CC=C1)Cl)NC(=O)C2=CN=C(S2)NC3=NC(=NC(=C3)N4CCN(CC4)CCO)C,-5.325,0,-1.8354224,-0.305,11.128637,-0.16024959087371826,-2.1526243686676025,0.10408623516559601
metformin,dasatinib,RKO,CN(C)C(=N)N=C(N)N,CC1=C(C(=CC=C1)Cl)NC(=O)C2=CN=C(S2)NC3=NC(=NC(=C3)N4CCN(CC4)CCO)C,-0.865,0,-28.473972,-0.227,15.599516,-0.4994699954986572,2.1540110111236572,0.896043062210083
metformin,dasatinib,SKMES1,CN(C)C(=N)N=C(N)N,CC1=C(C(=CC=C1)Cl)NC(=O)C2=CN=C(S2)NC3=NC(=NC(=C3)N4CCN(CC4)CCO)C,-3.5,0,-27.359026,-0.13335,12.283205,0.918274998664856,-4.168894290924072,0.015233699232339859
metformin,dasatinib,SKOV3,CN(C)C(=N)N=C(N)N,CC1=C(C(=CC=C1)Cl)NC(=O)C2=CN=C(S2)NC3=NC(=NC(=C3)N4CCN(CC4)CCO)C,-1.64,0,-12.957129,-0.06665,11.476849,-0.03248333930969238,-0.5228993892669678,0.3721745014190674
metformin,dasatinib,SW837,CN(C)C(=N)N=C(N)N,CC1=C(C(=CC=C1)Cl)NC(=O)C2=CN=C(S2)NC3=NC(=NC(=C3)N4CCN(CC4)CCO)C,-2.05,0,-27.24873,-0.117,10.180611,-0.38695013523101807,0.23934191465377808,0.559551477432251
metformin,dinaciclib,A2780,CN(C)C(=N)N=C(N)N,CCC1=C2N=C(C=C(N2N=C1)NCC3=C[N+](=CC=C3)[O-])N4CCCCC4CCO,1.69,1,-50.46693,-0.08665,1.8833671,-0.28728187084198,4.627163410186768,0.9903123378753662
metformin,dinaciclib,A375,CN(C)C(=N)N=C(N)N,CCC1=C2N=C(C=C(N2N=C1)NCC3=C[N+](=CC=C3)[O-])N4CCCCC4CCO,5.17,1,-57.69683,-0.13785,0.9715862,-0.03453637659549713,0.8464491963386536,0.6998217701911926
metformin,dinaciclib,A427,CN(C)C(=N)N=C(N)N,CCC1=C2N=C(C=C(N2N=C1)NCC3=C[N+](=CC=C3)[O-])N4CCCCC4CCO,-1.72,0,-29.018122,-0.08565,-3.0819004,0.8045473694801331,-1.2136003971099854,0.22906461358070374
metformin,dinaciclib,ES2,CN(C)C(=N)N=C(N)N,CCC1=C2N=C(C=C(N2N=C1)NCC3=C[N+](=CC=C3)[O-])N4CCCCC4CCO,-0.43,0,-46.31498,-0.0392,-1.8590604,-0.9584611654281616,-2.412008047103882,0.0822615996003151
metformin,dinaciclib,HT144,CN(C)C(=N)N=C(N)N,CCC1=C2N=C(C=C(N2N=C1)NCC3=C[N+](=CC=C3)[O-])N4CCCCC4CCO,-0.785,0,-35.19316,-0.14785,-8.783895,-0.556495189666748,-1.3411731719970703,0.20731720328330994
metformin,dinaciclib,HT29,CN(C)C(=N)N=C(N)N,CCC1=C2N=C(C=C(N2N=C1)NCC3=C[N+](=CC=C3)[O-])N4CCCCC4CCO,2.13,1,-18.750227,-0.03135,-0.1133795,0.1083737313747406,0.841314971446991,0.6987420320510864
metformin,dinaciclib,LOVO,CN(C)C(=N)N=C(N)N,CCC1=C2N=C(C=C(N2N=C1)NCC3=C[N+](=CC=C3)[O-])N4CCCCC4CCO,-1.165,0,-24.834488,-0.0384,-4.06588,0.15264105796813965,-1.5692707300186157,0.17232036590576172
metformin,dinaciclib,MDAMB436,CN(C)C(=N)N=C(N)N,CCC1=C2N=C(C=C(N2N=C1)NCC3=C[N+](=CC=C3)[O-])N4CCCCC4CCO,2.16,1,-48.522995,-0.0561,3.445069,-0.12915463745594025,0.7988626956939697,0.6897311210632324
metformin,dinaciclib,NCIH1650,CN(C)C(=N)N=C(N)N,CCC1=C2N=C(C=C(N2N=C1)NCC3=C[N+](=CC=C3)[O-])N4CCCCC4CCO,7.57,1,-33.876446,-0.07175,-5.985566,-1.257824420928955,-0.056386109441518784,0.4859071671962738
metformin,dinaciclib,NCIH2122,CN(C)C(=N)N=C(N)N,CCC1=C2N=C(C=C(N2N=C1)NCC3=C[N+](=CC=C3)[O-])N4CCCCC4CCO,2.98,1,-35.579235,-0.04595,-1.2054709,-0.9256889820098877,-1.2198256254196167,0.22796714305877686
metformin,dinaciclib,NCIH23,CN(C)C(=N)N=C(N)N,CCC1=C2N=C(C=C(N2N=C1)NCC3=C[N+](=CC=C3)[O-])N4CCCCC4CCO,2.025,1,-19.575632,-0.0303,-8.472573,-1.2479418516159058,-0.3885418176651001,0.40406838059425354
metformin,dinaciclib,NCIH520,CN(C)C(=N)N=C(N)N,CCC1=C2N=C(C=C(N2N=C1)NCC3=C[N+](=CC=C3)[O-])N4CCCCC4CCO,0.885,1,-27.008213,-0.0206,-2.3249016,-1.0691057443618774,1.198326587677002,0.7682269215583801
metformin,dinaciclib,RKO,CN(C)C(=N)N=C(N)N,CCC1=C2N=C(C=C(N2N=C1)NCC3=C[N+](=CC=C3)[O-])N4CCCCC4CCO,2.34,1,-54.561188,-0.08405,0.9489791,-0.6257414817810059,2.1528475284576416,0.8959346413612366
metformin,dinaciclib,SKMES1,CN(C)C(=N)N=C(N)N,CCC1=C2N=C(C=C(N2N=C1)NCC3=C[N+](=CC=C3)[O-])N4CCCCC4CCO,-1.615,0,-30.135092,-0.13335,-1.8983814,0.11830046772956848,-1.4552617073059082,0.18919309973716736
metformin,dinaciclib,SKOV3,CN(C)C(=N)N=C(N)N,CCC1=C2N=C(C=C(N2N=C1)NCC3=C[N+](=CC=C3)[O-])N4CCCCC4CCO,1.685,1,-47.412155,-0.06665,-1.7804004,-0.16581320762634277,0.5292866826057434,0.6293166875839233
metformin,dinaciclib,SW620,CN(C)C(=N)N=C(N)N,CCC1=C2N=C(C=C(N2N=C1)NCC3=C[N+](=CC=C3)[O-])N4CCCCC4CCO,2.37,1,-44.52148,-0.064,-1.8665622,-0.2613007426261902,0.5211427807807922,0.6274149417877197
metformin,dinaciclib,T47D,CN(C)C(=N)N=C(N)N,CCC1=C2N=C(C=C(N2N=C1)NCC3=C[N+](=CC=C3)[O-])N4CCCCC4CCO,-5.595,0,-12.65682,-0.0713,-7.7036057,0.4543997645378113,-0.07599997520446777,0.4810091555118561
metformin,erlotinib,A2780,CN(C)C(=N)N=C(N)N,COCCOC1=C(C=C2C(=C1)C(=NC=N2)NC3=CC=CC(=C3)C#C)OCCOC,3.46,1,-50.37558,-0.13785,6.02741,-0.08913621306419373,2.846743106842041,0.9451501369476318
metformin,erlotinib,A375,CN(C)C(=N)N=C(N)N,COCCOC1=C(C=C2C(=C1)C(=NC=N2)NC3=CC=CC(=C3)C#C)OCCOC,-3.21,0,-79.70376,-0.0792,5.697401,-1.1598172187805176,-1.6647534370422363,0.1591249257326126
metformin,erlotinib,A427,CN(C)C(=N)N=C(N)N,COCCOC1=C(C=C2C(=C1)C(=NC=N2)NC3=CC=CC(=C3)C#C)OCCOC,-4.33,0,-29.78823,-0.0392,1.4360176,-0.19735103845596313,-0.902083158493042,0.28862258791923523
metformin,erlotinib,ES2,CN(C)C(=N)N=C(N)N,COCCOC1=C(C=C2C(=C1)C(=NC=N2)NC3=CC=CC(=C3)C#C)OCCOC,3.27,1,-23.226316,-0.11735,1.0399028,-0.8379520177841187,0.8490155339241028,0.7003605961799622
metformin,erlotinib,HCT116,CN(C)C(=N)N=C(N)N,COCCOC1=C(C=C2C(=C1)C(=NC=N2)NC3=CC=CC(=C3)C#C)OCCOC,-4.005,0,-93.63542,-0.14785,5.1437025,-0.6368739604949951,-0.5745688080787659,0.3601832687854767
metformin,erlotinib,HT144,CN(C)C(=N)N=C(N)N,COCCOC1=C(C=C2C(=C1)C(=NC=N2)NC3=CC=CC(=C3)C#C)OCCOC,-4.485,0,-34.818478,-0.03135,-4.4820185,0.19149014353752136,-2.4210336208343506,0.08158277720212936
metformin,erlotinib,HT29,CN(C)C(=N)N=C(N)N,COCCOC1=C(C=C2C(=C1)C(=NC=N2)NC3=CC=CC(=C3)C#C)OCCOC,-2.9,0,-20.354416,-0.0384,7.7215314,-0.34448477625846863,0.19152124226093292,0.5477344393730164
metformin,erlotinib,LOVO,CN(C)C(=N)N=C(N)N,COCCOC1=C(C=C2C(=C1)C(=NC=N2)NC3=CC=CC(=C3)C#C)OCCOC,-1.735,0,-35.678513,-0.0653,5.158066,-1.0518388748168945,0.8119168877601624,0.6925178170204163
metformin,erlotinib,NCIH1650,CN(C)C(=N)N=C(N)N,COCCOC1=C(C=C2C(=C1)C(=NC=N2)NC3=CC=CC(=C3)C#C)OCCOC,-0.645,0,-19.651165,-0.0303,-1.1566437,-0.5846754908561707,-3.2104880809783936,0.03877294063568115
metformin,erlotinib,NCIH2122,CN(C)C(=N)N=C(N)N,COCCOC1=C(C=C2C(=C1)C(=NC=N2)NC3=CC=CC(=C3)C#C)OCCOC,1.705,1,-44.88367,-0.0206,5.007057,-1.518081545829773,-3.567805051803589,0.027443334460258484
metformin,erlotinib,NCIH23,CN(C)C(=N)N=C(N)N,COCCOC1=C(C=C2C(=C1)C(=NC=N2)NC3=CC=CC(=C3)C#C)OCCOC,-7.995,0,-12.768841,-0.0206,-6.2541375,-1.659621238708496,-1.4488723278045654,0.19017517566680908
metformin,erlotinib,NCIH520,CN(C)C(=N)N=C(N)N,COCCOC1=C(C=C2C(=C1)C(=NC=N2)NC3=CC=CC(=C3)C#C)OCCOC,-3.56,0,-12.778862,-0.08735,1.0581561,-0.27299678325653076,-3.154550313949585,0.04091235622763634
metformin,erlotinib,OV90,CN(C)C(=N)N=C(N)N,COCCOC1=C(C=C2C(=C1)C(=NC=N2)NC3=CC=CC(=C3)C#C)OCCOC,-4.92,0,-4.397351,-0.07735,-0.90996116,-0.23653095960617065,-5.037918567657471,0.006445423699915409
metformin,erlotinib,RKO,CN(C)C(=N)N=C(N)N,COCCOC1=C(C=C2C(=C1)C(=NC=N2)NC3=CC=CC(=C3)C#C)OCCOC,-2.565,0,-5.3230386,-0.2905,3.5143304,-0.38423842191696167,-1.038250207901001,0.261487752199173
metformin,erlotinib,SKMES1,CN(C)C(=N)N=C(N)N,COCCOC1=C(C=C2C(=C1)C(=NC=N2)NC3=CC=CC(=C3)C#C)OCCOC,1.325,1,-19.412428,-0.2085,3.0877295,0.36876603960990906,-4.037130355834961,0.017341991886496544
metformin,erlotinib,SKOV3,CN(C)C(=N)N=C(N)N,COCCOC1=C(C=C2C(=C1)C(=NC=N2)NC3=CC=CC(=C3)C#C)OCCOC,-1.85,0,-44.951275,-0.27,3.8696334,0.08148982375860214,-0.6158017516136169,0.3507368564605713
metformin,erlotinib,SW620,CN(C)C(=N)N=C(N)N,COCCOC1=C(C=C2C(=C1)C(=NC=N2)NC3=CC=CC(=C3)C#C)OCCOC,3.24,1,-35.683216,-0.4375,2.3752098,-0.04861798882484436,-0.14943550527095795,0.46271049976348877
metformin,geldanamycin,A2058,CN(C)C(=N)N=C(N)N,CC1CC(C(C(C=C(C(C(C=CC=C(C(=O)NC2=CC(=O)C(=C(C1)C2=O)OC)C)OC)OC(=O)N)C)C)O)OC,9.92,1,-22.433569,-0.2235,0.1331595,-0.5089874267578125,3.7250866889953613,0.9764566421508789
metformin,geldanamycin,A2780,CN(C)C(=N)N=C(N)N,CC1CC(C(C(C=C(C(C(C=CC=C(C(=O)NC2=CC(=O)C(=C(C1)C2=O)OC)C)OC)OC(=O)N)C)C)O)OC,1.02,1,-39.25422,-0.533,-2.4960911,-0.33828237652778625,2.7060201168060303,0.9373809695243835
metformin,geldanamycin,A375,CN(C)C(=N)N=C(N)N,CC1CC(C(C(C=C(C(C(C=CC=C(C(=O)NC2=CC(=O)C(=C(C1)C2=O)OC)C)OC)OC(=O)N)C)C)O)OC,1.125,1,-42.14839,-0.3195,-2.740356,0.4669192135334015,-0.1936769187450409,0.4517315626144409
metformin,geldanamycin,ES2,CN(C)C(=N)N=C(N)N,CC1CC(C(C(C=C(C(C(C=CC=C(C(=O)NC2=CC(=O)C(=C(C1)C2=O)OC)C)OC)OC(=O)N)C)C)O)OC,-5.875,0,-37.627926,-0.05055,-4.251623,-0.14692267775535583,-0.6165479421615601,0.3505669832229614
metformin,geldanamycin,HCT116,CN(C)C(=N)N=C(N)N,CC1CC(C(C(C=C(C(C(C=CC=C(C(=O)NC2=CC(=O)C(=C(C1)C2=O)OC)C)OC)OC(=O)N)C)C)O)OC,-0.565,0,-54.542133,-0.05035,-6.094633,-0.4206046760082245,0.15773585438728333,0.5393524169921875
metformin,geldanamycin,HT144,CN(C)C(=N)N=C(N)N,CC1CC(C(C(C=C(C(C(C=CC=C(C(=O)NC2=CC(=O)C(=C(C1)C2=O)OC)C)OC)OC(=O)N)C)C)O)OC,1.65,1,-21.157648,-0.3735,-11.051054,0.3310563862323761,1.0170302391052246,0.7343937158584595
metformin,geldanamycin,HT29,CN(C)C(=N)N=C(N)N,CC1CC(C(C(C=C(C(C(C=CC=C(C(=O)NC2=CC(=O)C(=C(C1)C2=O)OC)C)OC)OC(=O)N)C)C)O)OC,-0.475,0,-14.646765,-0.1563,-6.617382,0.13797372579574585,0.3324218690395355,0.5823485255241394
metformin,geldanamycin,LOVO,CN(C)C(=N)N=C(N)N,CC1CC(C(C(C=C(C(C(C=CC=C(C(=O)NC2=CC(=O)C(=C(C1)C2=O)OC)C)OC)OC(=O)N)C)C)O)OC,-2.24,0,-17.550787,-0.19505,-7.725211,-0.21462267637252808,3.5158345699310303,0.9711350202560425
metformin,geldanamycin,MDAMB436,CN(C)C(=N)N=C(N)N,CC1CC(C(C(C=C(C(C(C=CC=C(C(=O)NC2=CC(=O)C(=C(C1)C2=O)OC)C)OC)OC(=O)N)C)C)O)OC,1.635,1,-30.010855,-0.202,-1.0874561,-0.5164936780929565,-0.5307130813598633,0.37035056948661804
metformin,geldanamycin,NCIH1650,CN(C)C(=N)N=C(N)N,CC1CC(C(C(C=C(C(C(C=CC=C(C(=O)NC2=CC(=O)C(=C(C1)C2=O)OC)C)OC)OC(=O)N)C)C)O)OC,1.61,1,-25.218634,-0.2605,-11.366755,-0.9009629487991333,1.454397201538086,0.810674250125885
metformin,geldanamycin,NCIH2122,CN(C)C(=N)N=C(N)N,CC1CC(C(C(C=C(C(C(C=CC=C(C(=O)NC2=CC(=O)C(=C(C1)C2=O)OC)C)OC)OC(=O)N)C)C)O)OC,3.22,1,-13.914974,-0.2325,-11.590545,-1.2335484027862549,1.024513840675354,0.7358509302139282
metformin,geldanamycin,NCIH23,CN(C)C(=N)N=C(N)N,CC1CC(C(C(C=C(C(C(C=CC=C(C(=O)NC2=CC(=O)C(=C(C1)C2=O)OC)C)OC)OC(=O)N)C)C)O)OC,-0.86,0,-14.731207,-0.05755,-16.462225,-1.6394245624542236,-0.05712571367621422,0.4857224225997925
metformin,geldanamycin,OV90,CN(C)C(=N)N=C(N)N,CC1CC(C(C(C=C(C(C(C=CC=C(C(=O)NC2=CC(=O)C(=C(C1)C2=O)OC)C)OC)OC(=O)N)C)C)O)OC,1.135,1,-4.7307944,-0.3815,-8.817335,0.6837235689163208,2.7173821926116943,0.938044548034668
metformin,geldanamycin,RKO,CN(C)C(=N)N=C(N)N,CC1CC(C(C(C=C(C(C(C=CC=C(C(=O)NC2=CC(=O)C(=C(C1)C2=O)OC)C)OC)OC(=O)N)C)C)O)OC,0.255,1,-64.374565,-0.3835,-2.4371908,-0.33184540271759033,3.8728387355804443,0.9796245098114014
metformin,geldanamycin,SKMES1,CN(C)C(=N)N=C(N)N,CC1CC(C(C(C=C(C(C(C=CC=C(C(=O)NC2=CC(=O)C(=C(C1)C2=O)OC)C)OC)OC(=O)N)C)C)O)OC,6.235,1,-33.45729,-0.16305,-4.913614,0.7390417456626892,-1.0727416276931763,0.2548820376396179
metformin,geldanamycin,SKOV3,CN(C)C(=N)N=C(N)N,CC1CC(C(C(C=C(C(C(C=CC=C(C(=O)NC2=CC(=O)C(=C(C1)C2=O)OC)C)OC)OC(=O)N)C)C)O)OC,1.59,1,-26.172592,-0.252,-6.690116,0.23258614540100098,0.21030491590499878,0.552383303642273
metformin,geldanamycin,SW620,CN(C)C(=N)N=C(N)N,CC1CC(C(C(C=C(C(C(C=CC=C(C(=O)NC2=CC(=O)C(=C(C1)C2=O)OC)C)OC)OC(=O)N)C)C)O)OC,3.095,1,-41.98949,-0.2725,-5.9481463,0.10579201579093933,0.529669463634491,0.6294060349464417
metformin,lapatinib,A2058,CN(C)C(=N)N=C(N)N,CS(=O)(=O)CCNCC1=CC=C(O1)C2=CC3=C(C=C2)N=CN=C3NC4=CC(=C(C=C4)OCC5=CC(=CC=C5)F)Cl,2.39,1,-9.73895,-0.3545,4.663207,0.27763938903808594,4.571874141693115,0.9897672533988953
metformin,lapatinib,A2780,CN(C)C(=N)N=C(N)N,CS(=O)(=O)CCNCC1=CC=C(O1)C2=CC3=C(C=C2)N=CN=C3NC4=CC(=C(C=C4)OCC5=CC(=CC=C5)F)Cl,3.755,1,-17.145544,-0.3415,4.87613,0.5533056259155273,5.771057605743408,0.9968931674957275
metformin,lapatinib,A375,CN(C)C(=N)N=C(N)N,CS(=O)(=O)CCNCC1=CC=C(O1)C2=CC3=C(C=C2)N=CN=C3NC4=CC(=C(C=C4)OCC5=CC(=CC=C5)F)Cl,-2.12,0,-2.230842,-0.282,4.554792,-0.058180034160614014,-1.6860206127166748,0.1562998741865158
metformin,lapatinib,A427,CN(C)C(=N)N=C(N)N,CS(=O)(=O)CCNCC1=CC=C(O1)C2=CC3=C(C=C2)N=CN=C3NC4=CC(=C(C=C4)OCC5=CC(=CC=C5)F)Cl,-3.12,0,-14.178259,-0.345,-1.5313791,-0.1884382963180542,-1.958611249923706,0.12361741811037064
metformin,lapatinib,ES2,CN(C)C(=N)N=C(N)N,CS(=O)(=O)CCNCC1=CC=C(O1)C2=CC3=C(C=C2)N=CN=C3NC4=CC(=C(C=C4)OCC5=CC(=CC=C5)F)Cl,-2.96,0,-9.608832,-0.245,-0.7446761,-0.39671680331230164,-3.1082160472869873,0.04276961833238602
metformin,lapatinib,HCT116,CN(C)C(=N)N=C(N)N,CS(=O)(=O)CCNCC1=CC=C(O1)C2=CC3=C(C=C2)N=CN=C3NC4=CC(=C(C=C4)OCC5=CC(=CC=C5)F)Cl,-3.54,0,-5.82476,-0.2815,2.5754147,-0.3411254286766052,-0.021503161638975143,0.49462437629699707
metformin,lapatinib,HT29,CN(C)C(=N)N=C(N)N,CS(=O)(=O)CCNCC1=CC=C(O1)C2=CC3=C(C=C2)N=CN=C3NC4=CC(=C(C=C4)OCC5=CC(=CC=C5)F)Cl,3.09,1,-12.002776,-0.17305,5.7777767,-0.22948965430259705,0.5082210898399353,0.6243893504142761
metformin,lapatinib,LOVO,CN(C)C(=N)N=C(N)N,CS(=O)(=O)CCNCC1=CC=C(O1)C2=CC3=C(C=C2)N=CN=C3NC4=CC(=C(C=C4)OCC5=CC(=CC=C5)F)Cl,0.91,1,-7.034342,-0.202,5.7147045,-1.7107627391815186,-3.7908360958099365,0.022078262642025948
metformin,lapatinib,NCIH1650,CN(C)C(=N)N=C(N)N,CS(=O)(=O)CCNCC1=CC=C(O1)C2=CC3=C(C=C2)N=CN=C3NC4=CC(=C(C=C4)OCC5=CC(=CC=C5)F)Cl,-2.315,0,-16.39231,-0.2125,-0.35761258,-1.179413080215454,-1.7234399318695068,0.15142861008644104
metformin,lapatinib,NCIH2122,CN(C)C(=N)N=C(N)N,CS(=O)(=O)CCNCC1=CC=C(O1)C2=CC3=C(C=C2)N=CN=C3NC4=CC(=C(C=C4)OCC5=CC(=CC=C5)F)Cl,3.045,1,-35.391415,-0.05755,0.6518002,-0.921328067779541,-1.8379254341125488,0.13729682564735413
metformin,lapatinib,NCIH23,CN(C)C(=N)N=C(N)N,CS(=O)(=O)CCNCC1=CC=C(O1)C2=CC3=C(C=C2)N=CN=C3NC4=CC(=C(C=C4)OCC5=CC(=CC=C5)F)Cl,-4.97,0,-13.0138,-0.104,-9.458408,-1.7819256782531738,-0.3286759853363037,0.41856279969215393
metformin,lapatinib,NCIH520,CN(C)C(=N)N=C(N)N,CS(=O)(=O)CCNCC1=CC=C(O1)C2=CC3=C(C=C2)N=CN=C3NC4=CC(=C(C=C4)OCC5=CC(=CC=C5)F)Cl,-2.13,0,-0.9311916,-0.1988,0.2590619,-0.42758211493492126,-0.05585208162665367,0.4860406219959259
metformin,lapatinib,OV90,CN(C)C(=N)N=C(N)N,CS(=O)(=O)CCNCC1=CC=C(O1)C2=CC3=C(C=C2)N=CN=C3NC4=CC(=C(C=C4)OCC5=CC(=CC=C5)F)Cl,-5.16,0,-0.725485,-0.3205,-1.9379598,-0.8545469045639038,-5.703462600708008,0.003323318436741829
metformin,lapatinib,SKMES1,CN(C)C(=N)N=C(N)N,CS(=O)(=O)CCNCC1=CC=C(O1)C2=CC3=C(C=C2)N=CN=C3NC4=CC(=C(C=C4)OCC5=CC(=CC=C5)F)Cl,-1.61,0,-22.660337,-0.17655,1.9460112,-0.152632936835289,-3.8047099113464355,0.021780693903565407
metformin,lapatinib,SKOV3,CN(C)C(=N)N=C(N)N,CS(=O)(=O)CCNCC1=CC=C(O1)C2=CC3=C(C=C2)N=CN=C3NC4=CC(=C(C=C4)OCC5=CC(=CC=C5)F)Cl,-3.655,0,-10.311275,-0.202,2.2474964,0.3188807964324951,-0.9362327456474304,0.2816619277000427
metformin,lapatinib,SW620,CN(C)C(=N)N=C(N)N,CS(=O)(=O)CCNCC1=CC=C(O1)C2=CC3=C(C=C2)N=CN=C3NC4=CC(=C(C=C4)OCC5=CC(=CC=C5)F)Cl,2.565,1,-2.3296554,-0.2535,0.6845822,-0.18296197056770325,0.5524111390113831,0.6346948146820068
metformin,lapatinib,SW837,CN(C)C(=N)N=C(N)N,CS(=O)(=O)CCNCC1=CC=C(O1)C2=CC3=C(C=C2)N=CN=C3NC4=CC(=C(C=C4)OCC5=CC(=CC=C5)F)Cl,-2.81,0,-24.217709,-0.348,1.6794502,-0.9252367615699768,-4.145412445068359,0.015590004622936249
metformin,lapatinib,T47D,CN(C)C(=N)N=C(N)N,CS(=O)(=O)CCNCC1=CC=C(O1)C2=CC3=C(C=C2)N=CN=C3NC4=CC(=C(C=C4)OCC5=CC(=CC=C5)F)Cl,5.98,1,-11.605507,-0.0263,-1.287881,0.7518829703330994,-0.21868225932121277,0.4455462694168091
metformin,mk2206,A2780,CN(C)C(=N)N=C(N)N,C1CC(C1)(C2=CC=C(C=C2)C3=C(C=C4C(=N3)C=CN5C4=NNC5=O)C6=CC=CC=C6)N,10.155,1,-20.771246,-0.282,15.62013,0.31454166769981384,5.298051357269287,0.9950236082077026
metformin,mk2206,A427,CN(C)C(=N)N=C(N)N,C1CC(C1)(C2=CC=C(C=C2)C3=C(C=C4C(=N3)C=CN5C4=NNC5=O)C6=CC=CC=C6)N,-9.985,0,-4.0880914,-0.24,9.657952,0.5192922353744507,-2.6004717350006104,0.06910806894302368
metformin,mk2206,ES2,CN(C)C(=N)N=C(N)N,C1CC(C1)(C2=CC=C(C=C2)C3=C(C=C4C(=N3)C=CN5C4=NNC5=O)C6=CC=CC=C6)N,-3.64,0,-9.94031,-0.214,7.738818,-0.4836362600326538,-3.8589324951171875,0.02065487951040268
metformin,mk2206,HCT116,CN(C)C(=N)N=C(N)N,C1CC(C1)(C2=CC=C(C=C2)C3=C(C=C4C(=N3)C=CN5C4=NNC5=O)C6=CC=CC=C6)N,-1.55,0,-18.526144,-0.16305,11.429222,-0.7009534239768982,-0.5041036605834961,0.3765767812728882
metformin,mk2206,HT144,CN(C)C(=N)N=C(N)N,C1CC(C1)(C2=CC=C(C=C2)C3=C(C=C4C(=N3)C=CN5C4=NNC5=O)C6=CC=CC=C6)N,-4.62,0,-11.411132,-0.252,4.279257,-0.2639070749282837,-2.689671039581299,0.06358560174703598
metformin,mk2206,HT29,CN(C)C(=N)N=C(N)N,C1CC(C1)(C2=CC=C(C=C2)C3=C(C=C4C(=N3)C=CN5C4=NNC5=O)C6=CC=CC=C6)N,-1.09,0,-4.1974444,-0.2495,12.30523,-0.6256066560745239,0.2750230133533478,0.5683256387710571
metformin,mk2206,LOVO,CN(C)C(=N)N=C(N)N,C1CC(C1)(C2=CC=C(C=C2)C3=C(C=C4C(=N3)C=CN5C4=NNC5=O)C6=CC=CC=C6)N,-3.205,0,-8.098229,-0.196,7.9927063,-0.41945526003837585,-1.5303388833999634,0.1779440939426422
metformin,mk2206,MDAMB436,CN(C)C(=N)N=C(N)N,C1CC(C1)(C2=CC=C(C=C2)C3=C(C=C4C(=N3)C=CN5C4=NNC5=O)C6=CC=CC=C6)N,-3.395,0,-21.417198,-0.0263,13.11162,-1.3108313083648682,-2.4781205654144287,0.07740631699562073
metformin,mk2206,NCIH1650,CN(C)C(=N)N=C(N)N,C1CC(C1)(C2=CC=C(C=C2)C3=C(C=C4C(=N3)C=CN5C4=NNC5=O)C6=CC=CC=C6)N,-7.885,0,-6.6431518,-0.09155,6.633404,-0.41538894176483154,-5.308139801025391,0.004926735535264015
metformin,mk2206,NCIH2122,CN(C)C(=N)N=C(N)N,C1CC(C1)(C2=CC=C(C=C2)C3=C(C=C4C(=N3)C=CN5C4=NNC5=O)C6=CC=CC=C6)N,-6.26,0,-17.413311,-0.0749,10.988525,-1.3516842126846313,-3.350405693054199,0.03388188034296036
metformin,mk2206,NCIH23,CN(C)C(=N)N=C(N)N,C1CC(C1)(C2=CC=C(C=C2)C3=C(C=C4C(=N3)C=CN5C4=NNC5=O)C6=CC=CC=C6)N,-5.21,0,-3.2810783,-0.3545,2.8032563,-1.6433944702148438,-1.1963685750961304,0.23212185502052307
metformin,mk2206,NCIH520,CN(C)C(=N)N=C(N)N,C1CC(C1)(C2=CC=C(C=C2)C3=C(C=C4C(=N3)C=CN5C4=NNC5=O)C6=CC=CC=C6)N,-0.375,0,-14.379071,-0.407,7.7758355,-1.600379228591919,-2.141143798828125,0.10516169667243958
metformin,mk2206,SKMES1,CN(C)C(=N)N=C(N)N,C1CC(C1)(C2=CC=C(C=C2)C3=C(C=C4C(=N3)C=CN5C4=NNC5=O)C6=CC=CC=C6)N,-8.615,0,-11.538145,-0.252,10.73103,-1.3192781209945679,-2.50780987739563,0.07531248778104782
metformin,mk2206,SKOV3,CN(C)C(=N)N=C(N)N,C1CC(C1)(C2=CC=C(C=C2)C3=C(C=C4C(=N3)C=CN5C4=NNC5=O)C6=CC=CC=C6)N,-1.715,0,-12.742252,-0.2725,10.711515,-0.19861015677452087,0.5390726327896118,0.6315966844558716
metformin,mk2206,SW620,CN(C)C(=N)N=C(N)N,C1CC(C1)(C2=CC=C(C=C2)C3=C(C=C4C(=N3)C=CN5C4=NNC5=O)C6=CC=CC=C6)N,-4.7,0,-19.717691,-0.152,9.249287,-0.40718376636505127,-0.6252680420875549,0.34858426451683044
metformin,mk2206,SW837,CN(C)C(=N)N=C(N)N,C1CC(C1)(C2=CC=C(C=C2)C3=C(C=C4C(=N3)C=CN5C4=NNC5=O)C6=CC=CC=C6)N,-8.425,0,-13.749167,-0.1735,3.0939448,-1.5503530502319336,-3.226466178894043,0.038181811571121216
metformin,mk5108,A2058,CN(C)C(=N)N=C(N)N,C1CC(CCC1OC2=C(C(=CC=C2)Cl)F)(CC3=NC(=CC=C3)NC4=NC=CS4)C(=O)O,7.945,1,-81.847824,-0.3205,4.4916043,-0.06444606184959412,0.15039819478988647,0.5375288724899292
metformin,mk5108,A2780,CN(C)C(=N)N=C(N)N,C1CC(CCC1OC2=C(C(=CC=C2)Cl)F)(CC3=NC(=CC=C3)NC4=NC=CS4)C(=O)O,7.665,1,-38.223827,-0.299,3.610032,0.06708164513111115,4.731116771697998,0.9912604689598083
metformin,mk5108,A427,CN(C)C(=N)N=C(N)N,C1CC(CCC1OC2=C(C(=CC=C2)Cl)F)(CC3=NC(=CC=C3)NC4=NC=CS4)C(=O)O,-3.315,0,-6.036357,-0.2725,-0.4857289,0.17200762033462524,-2.150731325149536,0.10426290333271027
metformin,mk5108,ES2,CN(C)C(=N)N=C(N)N,C1CC(CCC1OC2=C(C(=CC=C2)Cl)F)(CC3=NC(=CC=C3)NC4=NC=CS4)C(=O)O,-2.175,0,-2.3291574,-0.1563,-0.061878763,-0.38966065645217896,-4.075786590576172,0.016695385798811913
metformin,mk5108,HT144,CN(C)C(=N)N=C(N)N,C1CC(CCC1OC2=C(C(=CC=C2)Cl)F)(CC3=NC(=CC=C3)NC4=NC=CS4)C(=O)O,-4.38,0,-6.299086,-0.202,-7.804108,-0.4922183156013489,-5.639893054962158,0.003540667472407222
metformin,mk5108,HT29,CN(C)C(=N)N=C(N)N,C1CC(CCC1OC2=C(C(=CC=C2)Cl)F)(CC3=NC(=CC=C3)NC4=NC=CS4)C(=O)O,-2.92,0,-1.6303948,-0.2035,3.7339454,-0.22891303896903992,-0.7664414048194885,0.3172494173049927
metformin,mk5108,LOVO,CN(C)C(=N)N=C(N)N,C1CC(CCC1OC2=C(C(=CC=C2)Cl)F)(CC3=NC(=CC=C3)NC4=NC=CS4)C(=O)O,-4.065,0,-32.19914,-0.195,-0.9662505,-0.3664354383945465,-6.649904727935791,0.001292472705245018
metformin,mk5108,MDAMB436,CN(C)C(=N)N=C(N)N,C1CC(CCC1OC2=C(C(=CC=C2)Cl)F)(CC3=NC(=CC=C3)NC4=NC=CS4)C(=O)O,-1.96,0,-24.476503,-0.05755,4.4296074,-1.153678059577942,-3.718360424041748,0.023698484525084496
metformin,mk5108,NCIH1650,CN(C)C(=N)N=C(N)N,C1CC(CCC1OC2=C(C(=CC=C2)Cl)F)(CC3=NC(=CC=C3)NC4=NC=CS4)C(=O)O,-4.38,0,0.99833196,-0.0834,-3.5463357,-0.5994104743003845,-5.878630638122559,0.002790804486721754
metformin,mk5108,NCIH2122,CN(C)C(=N)N=C(N)N,C1CC(CCC1OC2=C(C(=CC=C2)Cl)F)(CC3=NC(=CC=C3)NC4=NC=CS4)C(=O)O,1.41,1,-20.3561,-0.1988,-0.52444494,-0.11213075369596481,-1.9337685108184814,0.1263340413570404
metformin,mk5108,NCIH520,CN(C)C(=N)N=C(N)N,C1CC(CCC1OC2=C(C(=CC=C2)Cl)F)(CC3=NC(=CC=C3)NC4=NC=CS4)C(=O)O,2.865,1,-20.066984,-0.3205,-2.5865936,-0.2007826566696167,-1.1669172048568726,0.23741266131401062
metformin,mk5108,OV90,CN(C)C(=N)N=C(N)N,C1CC(CCC1OC2=C(C(=CC=C2)Cl)F)(CC3=NC(=CC=C3)NC4=NC=CS4)C(=O)O,-3.9,0,3.4890435,-0.3835,-2.404922,0.416820228099823,-6.96184778213501,0.000946447835303843
metformin,mk5108,RKO,CN(C)C(=N)N=C(N)N,C1CC(CCC1OC2=C(C(=CC=C2)Cl)F)(CC3=NC(=CC=C3)NC4=NC=CS4)C(=O)O,2.345,1,-18.279789,-0.20265,2.9467325,-1.287621021270752,-1.0959006547927856,0.25050878524780273
metformin,mk5108,SKMES1,CN(C)C(=N)N=C(N)N,C1CC(CCC1OC2=C(C(=CC=C2)Cl)F)(CC3=NC(=CC=C3)NC4=NC=CS4)C(=O)O,-0.925,0,-18.521708,-0.2655,-0.8975046,0.01923048496246338,-4.4267144203186035,0.011812496930360794
metformin,mk5108,SW620,CN(C)C(=N)N=C(N)N,C1CC(CCC1OC2=C(C(=CC=C2)Cl)F)(CC3=NC(=CC=C3)NC4=NC=CS4)C(=O)O,-2.51,0,-16.63392,-0.0263,0.77463156,-0.04022189974784851,-1.0237514972686768,0.2642973065376282
metformin,mk5108,SW837,CN(C)C(=N)N=C(N)N,C1CC(CCC1OC2=C(C(=CC=C2)Cl)F)(CC3=NC(=CC=C3)NC4=NC=CS4)C(=O)O,-0.255,0,-4.3918343,-0.1065,-4.9005556,-0.994830846786499,-4.881524562835693,0.007528334856033325
metformin,mk5108,T47D,CN(C)C(=N)N=C(N)N,C1CC(CCC1OC2=C(C(=CC=C2)Cl)F)(CC3=NC(=CC=C3)NC4=NC=CS4)C(=O)O,-0.81,0,-4.82934,-0.257,-4.6473465,0.3831658661365509,-0.5875654816627502,0.35719364881515503
metformin,sorafenib,A2058,CN(C)C(=N)N=C(N)N,CNC(=O)C1=NC=CC(=C1)OC2=CC=C(C=C2)NC(=O)NC3=CC(=C(C=C3)Cl)C(F)(F)F,16.1,1,-16.481855,-0.36,3.6758993,0.3794965147972107,1.936164140701294,0.8739301562309265
metformin,sorafenib,A2780,CN(C)C(=N)N=C(N)N,CNC(=O)C1=NC=CC(=C1)OC2=CC=C(C=C2)NC(=O)NC3=CC(=C(C=C3)Cl)C(F)(F)F,6.31,1,-21.76469,-0.5605,2.6805086,0.42370137572288513,3.9953811168670654,0.9819320440292358
metformin,sorafenib,A375,CN(C)C(=N)N=C(N)N,CNC(=O)C1=NC=CC(=C1)OC2=CC=C(C=C2)NC(=O)NC3=CC(=C(C=C3)Cl)C(F)(F)F,9.58,1,-14.281015,-0.172,1.7459483,-0.4989774823188782,2.4397897720336914,0.9198116064071655
metformin,sorafenib,ES2,CN(C)C(=N)N=C(N)N,CNC(=O)C1=NC=CC(=C1)OC2=CC=C(C=C2)NC(=O)NC3=CC(=C(C=C3)Cl)C(F)(F)F,5.34,1,-8.0009985,-0.1959,-1.9852705,-0.406796932220459,5.883522987365723,0.9972227811813354
metformin,sorafenib,HCT116,CN(C)C(=N)N=C(N)N,CNC(=O)C1=NC=CC(=C1)OC2=CC=C(C=C2)NC(=O)NC3=CC(=C(C=C3)Cl)C(F)(F)F,4.11,1,-34.859764,-0.1495,0.16089305,-0.7610596418380737,0.46052226424217224,0.6131380796432495
metformin,sorafenib,HT144,CN(C)C(=N)N=C(N)N,CNC(=O)C1=NC=CC(=C1)OC2=CC=C(C=C2)NC(=O)NC3=CC(=C(C=C3)Cl)C(F)(F)F,5.38,1,-10.831654,-0.2725,-6.6528974,1.1391072273254395,1.7083426713943481,0.8466211557388306
metformin,sorafenib,HT29,CN(C)C(=N)N=C(N)N,CNC(=O)C1=NC=CC(=C1)OC2=CC=C(C=C2)NC(=O)NC3=CC(=C(C=C3)Cl)C(F)(F)F,-0.645,0,-7.4574986,-0.2395,1.3916521,-0.07527602463960648,0.698189914226532,0.6677863001823425
metformin,sorafenib,LOVO,CN(C)C(=N)N=C(N)N,CNC(=O)C1=NC=CC(=C1)OC2=CC=C(C=C2)NC(=O)NC3=CC(=C(C=C3)Cl)C(F)(F)F,-2.915,0,-22.371536,-0.0263,-4.227538,0.32636773586273193,-3.516836404800415,0.028836963698267937
metformin,sorafenib,MDAMB436,CN(C)C(=N)N=C(N)N,CNC(=O)C1=NC=CC(=C1)OC2=CC=C(C=C2)NC(=O)NC3=CC(=C(C=C3)Cl)C(F)(F)F,1.5,1,-23.1994,-0.116,2.8884926,-0.43151015043258667,1.8711248636245728,0.8665884137153625
metformin,sorafenib,NCIH1650,CN(C)C(=N)N=C(N)N,CNC(=O)C1=NC=CC(=C1)OC2=CC=C(C=C2)NC(=O)NC3=CC(=C(C=C3)Cl)C(F)(F)F,3.775,1,-12.278448,-0.1409,-6.4065895,-0.2453344762325287,2.9843904972076416,0.9518638849258423
metformin,sorafenib,NCIH2122,CN(C)C(=N)N=C(N)N,CNC(=O)C1=NC=CC(=C1)OC2=CC=C(C=C2)NC(=O)NC3=CC(=C(C=C3)Cl)C(F)(F)F,1.325,1,-20.379694,-0.3545,-1.0274694,-1.0402511358261108,-1.2170166969299316,0.2284618616104126
metformin,sorafenib,NCIH23,CN(C)C(=N)N=C(N)N,CNC(=O)C1=NC=CC(=C1)OC2=CC=C(C=C2)NC(=O)NC3=CC(=C(C=C3)Cl)C(F)(F)F,0.665,1,-8.804239,-0.423,-7.4896564,-1.7168562412261963,0.026115480810403824,0.5065284967422485
metformin,sorafenib,NCIH520,CN(C)C(=N)N=C(N)N,CNC(=O)C1=NC=CC(=C1)OC2=CC=C(C=C2)NC(=O)NC3=CC(=C(C=C3)Cl)C(F)(F)F,6.44,1,-15.138536,-0.3205,-2.7099717,-0.6578137874603271,5.166971206665039,0.9943305253982544
metformin,sorafenib,RKO,CN(C)C(=N)N=C(N)N,CNC(=O)C1=NC=CC(=C1)OC2=CC=C(C=C2)NC(=O)NC3=CC(=C(C=C3)Cl)C(F)(F)F,7.485,1,-16.881062,-0.1563,1.0381538,-0.23507334291934967,3.3377127647399902,0.9657002091407776
metformin,sorafenib,SKMES1,CN(C)C(=N)N=C(N)N,CNC(=O)C1=NC=CC(=C1)OC2=CC=C(C=C2)NC(=O)NC3=CC(=C(C=C3)Cl)C(F)(F)F,8.705,1,-11.214457,-0.202,-1.2411796,0.07100648432970047,2.1909003257751465,0.8994293808937073
metformin,sorafenib,SKOV3,CN(C)C(=N)N=C(N)N,CNC(=O)C1=NC=CC(=C1)OC2=CC=C(C=C2)NC(=O)NC3=CC(=C(C=C3)Cl)C(F)(F)F,16.235,1,-14.526475,-0.2085,-1.1017026,0.00020319223403930664,1.0514311790466309,0.7410496473312378
metformin,sorafenib,SW620,CN(C)C(=N)N=C(N)N,CNC(=O)C1=NC=CC(=C1)OC2=CC=C(C=C2)NC(=O)NC3=CC(=C(C=C3)Cl)C(F)(F)F,9.3,1,-10.032812,-0.145,-0.51254755,-0.31277209520339966,0.8031041622161865,0.6906381249427795
metformin,sunitinib,A2058,CN(C)C(=N)N=C(N)N,CCN(CC)CCNC(=O)C1=C(NC(=C1C)C=C2C3=C(C=CC(=C3)F)NC2=O)C,13.04,1,-26.80439,-0.3205,8.56606,-0.740070104598999,6.278810024261475,0.9981278777122498
metformin,sunitinib,A2780,CN(C)C(=N)N=C(N)N,CCN(CC)CCNC(=O)C1=C(NC(=C1C)C=C2C3=C(C=CC(=C3)F)NC2=O)C,11.905,1,-40.761463,-0.299,7.864212,0.21399742364883423,5.924013137817383,0.9973326921463013
metformin,sunitinib,A375,CN(C)C(=N)N=C(N)N,CCN(CC)CCNC(=O)C1=C(NC(=C1C)C=C2C3=C(C=CC(=C3)F)NC2=O)C,5.135,1,-58.286903,-0.3835,5.8418527,0.291143000125885,3.7534050941467285,0.9770988821983337
metformin,sunitinib,A427,CN(C)C(=N)N=C(N)N,CCN(CC)CCNC(=O)C1=C(NC(=C1C)C=C2C3=C(C=CC(=C3)F)NC2=O)C,6.435,1,-33.472057,-0.1225,2.6821334,-0.498803973197937,2.201580286026001,0.9003912806510925
metformin,sunitinib,HCT116,CN(C)C(=N)N=C(N)N,CCN(CC)CCNC(=O)C1=C(NC(=C1C)C=C2C3=C(C=CC(=C3)F)NC2=O)C,5.995,1,-59.07733,-0.1876,4.5868793,-0.7748398780822754,-0.3434700071811676,0.4149668514728546
metformin,sunitinib,HT144,CN(C)C(=N)N=C(N)N,CCN(CC)CCNC(=O)C1=C(NC(=C1C)C=C2C3=C(C=CC(=C3)F)NC2=O)C,-5.525,0,-13.068407,-0.202,-4.257824,-0.9933985471725464,1.0495191812515259,0.7406826019287109
metformin,sunitinib,HT29,CN(C)C(=N)N=C(N)N,CCN(CC)CCNC(=O)C1=C(NC(=C1C)C=C2C3=C(C=CC(=C3)F)NC2=O)C,9.105,1,-13.462441,-0.2355,5.0149136,-0.09780798107385635,0.19074968993663788,0.5475433468818665
metformin,sunitinib,LOVO,CN(C)C(=N)N=C(N)N,CCN(CC)CCNC(=O)C1=C(NC(=C1C)C=C2C3=C(C=CC(=C3)F)NC2=O)C,2.725,1,-36.03409,-0.333,1.2668682,0.10550808906555176,2.704516649246216,0.9372926354408264
metformin,sunitinib,MDAMB436,CN(C)C(=N)N=C(N)N,CCN(CC)CCNC(=O)C1=C(NC(=C1C)C=C2C3=C(C=CC(=C3)F)NC2=O)C,3.72,1,-51.665623,-0.03215,6.4587727,-0.44281792640686035,-0.1587243676185608,0.4604020416736603
metformin,sunitinib,NCIH1650,CN(C)C(=N)N=C(N)N,CCN(CC)CCNC(=O)C1=C(NC(=C1C)C=C2C3=C(C=CC(=C3)F)NC2=O)C,-4.185,0,-49.13268,-0.0834,-1.0984408,-0.40029847621917725,-5.447826385498047,0.0042871939949691296
metformin,sunitinib,NCIH2122,CN(C)C(=N)N=C(N)N,CCN(CC)CCNC(=O)C1=C(NC(=C1C)C=C2C3=C(C=CC(=C3)F)NC2=O)C,14.06,1,-2.9513018,-0.1988,2.991426,-0.819546103477478,3.222458839416504,0.9616707563400269
metformin,sunitinib,NCIH23,CN(C)C(=N)N=C(N)N,CCN(CC)CCNC(=O)C1=C(NC(=C1C)C=C2C3=C(C=CC(=C3)F)NC2=O)C,1.515,1,-20.24081,-0.413,-3.5957325,-1.619508981704712,-0.03140726312994957,0.49214884638786316
metformin,sunitinib,NCIH520,CN(C)C(=N)N=C(N)N,CCN(CC)CCNC(=O)C1=C(NC(=C1C)C=C2C3=C(C=CC(=C3)F)NC2=O)C,7.445,1,-21.226658,-0.3205,2.2904928,-0.5749956369400024,6.324492931365967,0.9982113838195801
metformin,sunitinib,OV90,CN(C)C(=N)N=C(N)N,CCN(CC)CCNC(=O)C1=C(NC(=C1C)C=C2C3=C(C=CC(=C3)F)NC2=O)C,-1.87,0,7.605188,-0.3835,0.51545167,0.9027535915374756,-1.8029950857162476,0.14148686826229095
metformin,sunitinib,RKO,CN(C)C(=N)N=C(N)N,CCN(CC)CCNC(=O)C1=C(NC(=C1C)C=C2C3=C(C=CC(=C3)F)NC2=O)C,6.755,1,-62.73978,-0.277,4.95489,-0.4723195731639862,2.38285493850708,0.9155105352401733
metformin,sunitinib,SKMES1,CN(C)C(=N)N=C(N)N,CCN(CC)CCNC(=O)C1=C(NC(=C1C)C=C2C3=C(C=CC(=C3)F)NC2=O)C,1.65,1,-44.8444,-0.2615,2.7171175,0.7476075887680054,1.148939609527588,0.75931715965271
metformin,sunitinib,SKOV3,CN(C)C(=N)N=C(N)N,CCN(CC)CCNC(=O)C1=C(NC(=C1C)C=C2C3=C(C=CC(=C3)F)NC2=O)C,3.095,1,-63.391926,-0.3635,2.694416,0.35241490602493286,-0.027702856808900833,0.49307477474212646
metformin,sunitinib,SW620,CN(C)C(=N)N=C(N)N,CCN(CC)CCNC(=O)C1=C(NC(=C1C)C=C2C3=C(C=CC(=C3)F)NC2=O)C,4.29,1,-46.861828,-0.4405,3.2340689,-0.08476495742797852,-0.09175005555152893,0.47707855701446533
metformin,sunitinib,SW837,CN(C)C(=N)N=C(N)N,CCN(CC)CCNC(=O)C1=C(NC(=C1C)C=C2C3=C(C=CC(=C3)F)NC2=O)C,-6.77,0,-70.56174,-0.194,-5.307129,0.28408512473106384,-4.402603626251221,0.012097279541194439
metformin,sunitinib,T47D,CN(C)C(=N)N=C(N)N,CCN(CC)CCNC(=O)C1=C(NC(=C1C)C=C2C3=C(C=CC(=C3)F)NC2=O)C,13.455,1,15.786736,-0.35,-2.1046672,0.2968720495700836,0.00855373963713646,0.5021384358406067
metformin,temozolomide,A2058,CN(C)C(=N)N=C(N)N,CN1C(=O)N2C=NC(=C2N=N1)C(=O)N,3.495,1,-4.412462,-0.3995,10.936787,0.23083606362342834,2.1741201877593994,0.8979012966156006
metformin,temozolomide,A427,CN(C)C(=N)N=C(N)N,CN1C(=O)N2C=NC(=C2N=N1)C(=O)N,-8.47,0,-10.680544,-0.2015,3.092754,0.016830146312713623,-0.24611854553222656,0.4387790560722351
metformin,temozolomide,HCT116,CN(C)C(=N)N=C(N)N,CN1C(=O)N2C=NC(=C2N=N1)C(=O)N,1.725,1,-4.2029176,-0.17655,5.913976,-0.5664814710617065,0.17402851581573486,0.5433976650238037
metformin,temozolomide,HT29,CN(C)C(=N)N=C(N)N,CN1C(=O)N2C=NC(=C2N=N1)C(=O)N,2.795,1,-3.3473248,-0.252,5.3159666,-0.3157966136932373,0.8568783402442932,0.702008068561554
metformin,temozolomide,LOVO,CN(C)C(=N)N=C(N)N,CN1C(=O)N2C=NC(=C2N=N1)C(=O)N,-2.345,0,-3.1456666,-0.2065,-1.0535322,-0.6031091809272766,0.5696224570274353,0.638676106929779
metformin,temozolomide,MDAMB436,CN(C)C(=N)N=C(N)N,CN1C(=O)N2C=NC(=C2N=N1)C(=O)N,-1.215,0,-9.256422,-0.082,9.377713,-0.717315673828125,1.9862308502197266,0.8793438673019409
metformin,temozolomide,NCIH1650,CN(C)C(=N)N=C(N)N,CN1C(=O)N2C=NC(=C2N=N1)C(=O)N,3.92,1,-5.93454,-0.09155,-5.8179193,-0.9588231444358826,-2.636579751968384,0.06682098656892776
metformin,temozolomide,NCIH2122,CN(C)C(=N)N=C(N)N,CN1C(=O)N2C=NC(=C2N=N1)C(=O)N,-2.69,0,-3.6870153,-0.0662,8.20693,-1.8263556957244873,-0.5217285752296448,0.3724481165409088
metformin,temozolomide,NCIH23,CN(C)C(=N)N=C(N)N,CN1C(=O)N2C=NC(=C2N=N1)C(=O)N,-7.005,0,-9.339822,-0.3545,-0.22174008,-1.7567572593688965,0.2664176821708679,0.5662132501602173
metformin,temozolomide,NCIH520,CN(C)C(=N)N=C(N)N,CN1C(=O)N2C=NC(=C2N=N1)C(=O)N,-2.125,0,-5.106456,-0.407,2.322313,-0.2894246578216553,1.820339560508728,0.860606849193573
metformin,temozolomide,OV90,CN(C)C(=N)N=C(N)N,CN1C(=O)N2C=NC(=C2N=N1)C(=O)N,-3.83,0,-6.0633187,-0.1698,1.0061325,0.029240071773529053,-1.4346957206726074,0.19236807525157928
metformin,temozolomide,SKMES1,CN(C)C(=N)N=C(N)N,CN1C(=O)N2C=NC(=C2N=N1)C(=O)N,-4.135,0,-4.711604,-0.1995,3.2508867,0.29681217670440674,-0.14519831538200378,0.4637640714645386
metformin,temozolomide,SKOV3,CN(C)C(=N)N=C(N)N,CN1C(=O)N2C=NC(=C2N=N1)C(=O)N,2.69,1,-5.2691326,-0.252,0.28182545,-0.29474180936813354,0.4103940427303314,0.6011824011802673
metformin,temozolomide,SW620,CN(C)C(=N)N=C(N)N,CN1C(=O)N2C=NC(=C2N=N1)C(=O)N,2.03,1,-10.264316,-0.2725,4.0027876,-0.06155508756637573,0.16920331120491028,0.5422002077102661
metformin,temozolomide,SW837,CN(C)C(=N)N=C(N)N,CN1C(=O)N2C=NC(=C2N=N1)C(=O)N,-1.005,0,-10.161436,-0.3365,-8.606438,-1.45271635055542,2.6604530811309814,0.9346523880958557
methotrexate,bortezomib,A2058,CN(CC1=CN=C2C(=N1)C(=NC(=N2)N)N)C3=CC=C(C=C3)C(=O)NC(CCC(=O)O)C(=O)O,B(C(CC(C)C)NC(=O)C(CC1=CC=CC=C1)NC(=O)C2=NC=CN=C2)(O)O,-2.49,0,-4.708878,-0.358,-21.556736,-1.5210950374603271,-0.3989764451980591,0.4015582799911499
methotrexate,bortezomib,A2780,CN(CC1=CN=C2C(=N1)C(=NC(=N2)N)N)C3=CC=C(C=C3)C(=O)NC(CCC(=O)O)C(=O)O,B(C(CC(C)C)NC(=O)C(CC1=CC=CC=C1)NC(=O)C2=NC=CN=C2)(O)O,0.875,1,-2.447703,-0.3645,-23.23666,0.663365364074707,2.9900548458099365,0.9521228671073914
methotrexate,bortezomib,A375,CN(CC1=CN=C2C(=N1)C(=NC(=N2)N)N)C3=CC=C(C=C3)C(=O)NC(CCC(=O)O)C(=O)O,B(C(CC(C)C)NC(=O)C(CC1=CC=CC=C1)NC(=O)C2=NC=CN=C2)(O)O,3.68,1,-4.583575,-0.546,-18.763325,-1.9576194286346436,-0.37614279985427856,0.4070575535297394
methotrexate,bortezomib,A427,CN(CC1=CN=C2C(=N1)C(=NC(=N2)N)N)C3=CC=C(C=C3)C(=O)NC(CCC(=O)O)C(=O)O,B(C(CC(C)C)NC(=O)C(CC1=CC=CC=C1)NC(=O)C2=NC=CN=C2)(O)O,-0.14,0,-3.8425338,-0.229,-24.906368,-1.1258784532546997,-2.0566470623016357,0.11338246613740921
methotrexate,bortezomib,ES2,CN(CC1=CN=C2C(=N1)C(=NC(=N2)N)N)C3=CC=C(C=C3)C(=O)NC(CCC(=O)O)C(=O)O,B(C(CC(C)C)NC(=O)C(CC1=CC=CC=C1)NC(=O)C2=NC=CN=C2)(O)O,4.01,1,-2.7049932,-0.2575,-19.81947,-1.5197429656982422,-1.6116342544555664,0.16636183857917786
methotrexate,bortezomib,HCT116,CN(CC1=CN=C2C(=N1)C(=NC(=N2)N)N)C3=CC=C(C=C3)C(=O)NC(CCC(=O)O)C(=O)O,B(C(CC(C)C)NC(=O)C(CC1=CC=CC=C1)NC(=O)C2=NC=CN=C2)(O)O,-2.39,0,-8.267605,-0.386,-23.569315,-0.8989861607551575,-0.4092504382133484,0.3990918695926666
methotrexate,bortezomib,HT29,CN(CC1=CN=C2C(=N1)C(=NC(=N2)N)N)C3=CC=C(C=C3)C(=O)NC(CCC(=O)O)C(=O)O,B(C(CC(C)C)NC(=O)C(CC1=CC=CC=C1)NC(=O)C2=NC=CN=C2)(O)O,0.69,1,-5.5968447,-0.182,-24.063942,-0.2678305208683014,0.15287309885025024,0.5381439924240112
methotrexate,bortezomib,LOVO,CN(CC1=CN=C2C(=N1)C(=NC(=N2)N)N)C3=CC=C(C=C3)C(=O)NC(CCC(=O)O)C(=O)O,B(C(CC(C)C)NC(=O)C(CC1=CC=CC=C1)NC(=O)C2=NC=CN=C2)(O)O,0.185,1,-20.91976,-0.391,-20.536547,-0.22741180658340454,-2.2628824710845947,0.09424402564764023
methotrexate,bortezomib,MDAMB436,CN(CC1=CN=C2C(=N1)C(=NC(=N2)N)N)C3=CC=C(C=C3)C(=O)NC(CCC(=O)O)C(=O)O,B(C(CC(C)C)NC(=O)C(CC1=CC=CC=C1)NC(=O)C2=NC=CN=C2)(O)O,-0.88,0,-5.368972,-0.359,-18.584112,-1.1435647010803223,-0.8759138584136963,0.2940252423286438
methotrexate,bortezomib,NCIH1650,CN(CC1=CN=C2C(=N1)C(=NC(=N2)N)N)C3=CC=C(C=C3)C(=O)NC(CCC(=O)O)C(=O)O,B(C(CC(C)C)NC(=O)C(CC1=CC=CC=C1)NC(=O)C2=NC=CN=C2)(O)O,-0.525,0,-7.5095587,-0.2135,-27.47823,-0.6974400281906128,-3.8170087337493896,0.021520186215639114
methotrexate,bortezomib,NCIH2122,CN(CC1=CN=C2C(=N1)C(=NC(=N2)N)N)C3=CC=C(C=C3)C(=O)NC(CCC(=O)O)C(=O)O,B(C(CC(C)C)NC(=O)C(CC1=CC=CC=C1)NC(=O)C2=NC=CN=C2)(O)O,2.465,1,2.09554,-0.3485,-30.13139,-0.3471207618713379,1.385873794555664,0.7999327182769775
methotrexate,bortezomib,NCIH23,CN(CC1=CN=C2C(=N1)C(=NC(=N2)N)N)C3=CC=C(C=C3)C(=O)NC(CCC(=O)O)C(=O)O,B(C(CC(C)C)NC(=O)C(CC1=CC=CC=C1)NC(=O)C2=NC=CN=C2)(O)O,2.25,1,-1.2510842,-0.309,-35.976532,-1.5733263492584229,-0.6195816993713379,0.34987661242485046
methotrexate,bortezomib,NCIH520,CN(CC1=CN=C2C(=N1)C(=NC(=N2)N)N)C3=CC=C(C=C3)C(=O)NC(CCC(=O)O)C(=O)O,B(C(CC(C)C)NC(=O)C(CC1=CC=CC=C1)NC(=O)C2=NC=CN=C2)(O)O,0.78,1,-3.5791845,-0.2595,-27.8051,-1.6422226428985596,2.2952685356140137,0.9084843993186951
methotrexate,bortezomib,OV90,CN(CC1=CN=C2C(=N1)C(=NC(=N2)N)N)C3=CC=C(C=C3)C(=O)NC(CCC(=O)O)C(=O)O,B(C(CC(C)C)NC(=O)C(CC1=CC=CC=C1)NC(=O)C2=NC=CN=C2)(O)O,-2.755,0,-1.5290307,-0.0263,-23.410933,0.5574740767478943,-4.8958964347839355,0.007421709131449461
methotrexate,bortezomib,RKO,CN(CC1=CN=C2C(=N1)C(=NC(=N2)N)N)C3=CC=C(C=C3)C(=O)NC(CCC(=O)O)C(=O)O,B(C(CC(C)C)NC(=O)C(CC1=CC=CC=C1)NC(=O)C2=NC=CN=C2)(O)O,-2.265,0,-5.127472,-0.407,-21.449957,-0.3953782618045807,-1.3254061937332153,0.2099202573299408
methotrexate,bortezomib,SKMES1,CN(CC1=CN=C2C(=N1)C(=NC(=N2)N)N)C3=CC=C(C=C3)C(=O)NC(CCC(=O)O)C(=O)O,B(C(CC(C)C)NC(=O)C(CC1=CC=CC=C1)NC(=O)C2=NC=CN=C2)(O)O,-0.675,0,-4.6887927,-0.1575,-23.25648,-1.4840097427368164,-3.5760769844055176,0.027223413810133934
methotrexate,bortezomib,SKOV3,CN(CC1=CN=C2C(=N1)C(=NC(=N2)N)N)C3=CC=C(C=C3)C(=O)NC(CCC(=O)O)C(=O)O,B(C(CC(C)C)NC(=O)C(CC1=CC=CC=C1)NC(=O)C2=NC=CN=C2)(O)O,0.25,1,-5.237672,-0.289,-18.908287,-0.12533161044120789,-0.4323734641075134,0.3935597240924835
methotrexate,bortezomib,SW620,CN(CC1=CN=C2C(=N1)C(=NC(=N2)N)N)C3=CC=C(C=C3)C(=O)NC(CCC(=O)O)C(=O)O,B(C(CC(C)C)NC(=O)C(CC1=CC=CC=C1)NC(=O)C2=NC=CN=C2)(O)O,-0.3,0,-3.6881666,-0.195,-20.974272,-0.24539494514465332,-0.386447548866272,0.4045727849006653
methotrexate,bortezomib,T47D,CN(CC1=CN=C2C(=N1)C(=NC(=N2)N)N)C3=CC=C(C=C3)C(=O)NC(CCC(=O)O)C(=O)O,B(C(CC(C)C)NC(=O)C(CC1=CC=CC=C1)NC(=O)C2=NC=CN=C2)(O)O,-3.41,0,-5.8252172,-0.336,-30.97319,0.11498865485191345,-0.35121792554855347,0.4130871295928955
methotrexate,dasatinib,A2058,CN(CC1=CN=C2C(=N1)C(=NC(=N2)N)N)C3=CC=C(C=C3)C(=O)NC(CCC(=O)O)C(=O)O,CC1=C(C(=CC=C1)Cl)NC(=O)C2=CN=C(S2)NC3=NC(=NC(=C3)N4CCN(CC4)CCO)C,4.495,1,-5.4596004,-0.17655,4.650013,-0.6230741739273071,-0.2345878928899765,0.44162049889564514
methotrexate,dasatinib,A2780,CN(CC1=CN=C2C(=N1)C(=NC(=N2)N)N)C3=CC=C(C=C3)C(=O)NC(CCC(=O)O)C(=O)O,CC1=C(C(=CC=C1)Cl)NC(=O)C2=CN=C(S2)NC3=NC(=NC(=C3)N4CCN(CC4)CCO)C,2.27,1,3.867209,-0.291,11.919086,-0.160042405128479,1.5886296033859253,0.8304231762886047
methotrexate,dasatinib,A375,CN(CC1=CN=C2C(=N1)C(=NC(=N2)N)N)C3=CC=C(C=C3)C(=O)NC(CCC(=O)O)C(=O)O,CC1=C(C(=CC=C1)Cl)NC(=O)C2=CN=C(S2)NC3=NC(=NC(=C3)N4CCN(CC4)CCO)C,0.715,1,-5.2538724,-0.133,8.332124,-1.2301737070083618,2.3104779720306396,0.9097411036491394
methotrexate,dasatinib,A427,CN(CC1=CN=C2C(=N1)C(=NC(=N2)N)N)C3=CC=C(C=C3)C(=O)NC(CCC(=O)O)C(=O)O,CC1=C(C(=CC=C1)Cl)NC(=O)C2=CN=C(S2)NC3=NC(=NC(=C3)N4CCN(CC4)CCO)C,-3.855,0,7.4967947,-0.0263,6.740791,-1.428506851196289,1.021150827407837,0.7351967096328735
methotrexate,dasatinib,ES2,CN(CC1=CN=C2C(=N1)C(=NC(=N2)N)N)C3=CC=C(C=C3)C(=O)NC(CCC(=O)O)C(=O)O,CC1=C(C(=CC=C1)Cl)NC(=O)C2=CN=C(S2)NC3=NC(=NC(=C3)N4CCN(CC4)CCO)C,4.83,1,-13.194209,-0.09155,2.9218814,-0.35737553238868713,-0.016370829194784164,0.49590733647346497
methotrexate,dasatinib,HT144,CN(CC1=CN=C2C(=N1)C(=NC(=N2)N)N)C3=CC=C(C=C3)C(=O)NC(CCC(=O)O)C(=O)O,CC1=C(C(=CC=C1)Cl)NC(=O)C2=CN=C(S2)NC3=NC(=NC(=C3)N4CCN(CC4)CCO)C,5.06,1,-20.151155,-0.3545,-5.8133407,-1.502777338027954,2.015822649002075,0.8824483752250671
methotrexate,dasatinib,LOVO,CN(CC1=CN=C2C(=N1)C(=NC(=N2)N)N)C3=CC=C(C=C3)C(=O)NC(CCC(=O)O)C(=O)O,CC1=C(C(=CC=C1)Cl)NC(=O)C2=CN=C(S2)NC3=NC(=NC(=C3)N4CCN(CC4)CCO)C,-1.195,0,0.51200455,-0.282,8.736328,0.6010096073150635,-2.723409414291382,0.06160607188940048
methotrexate,dasatinib,MDAMB436,CN(CC1=CN=C2C(=N1)C(=NC(=N2)N)N)C3=CC=C(C=C3)C(=O)NC(CCC(=O)O)C(=O)O,CC1=C(C(=CC=C1)Cl)NC(=O)C2=CN=C(S2)NC3=NC(=NC(=C3)N4CCN(CC4)CCO)C,-6.16,0,-4.818857,-0.2278,6.8988914,-1.1619586944580078,-0.6650565266609192,0.3396046459674835
methotrexate,dasatinib,NCIH1650,CN(CC1=CN=C2C(=N1)C(=NC(=N2)N)N)C3=CC=C(C=C3)C(=O)NC(CCC(=O)O)C(=O)O,CC1=C(C(=CC=C1)Cl)NC(=O)C2=CN=C(S2)NC3=NC(=NC(=C3)N4CCN(CC4)CCO)C,-4.44,0,0.5303653,-0.2235,7.561569,0.04319190979003906,-3.275904417037964,0.036407120525836945
methotrexate,dasatinib,NCIH2122,CN(CC1=CN=C2C(=N1)C(=NC(=N2)N)N)C3=CC=C(C=C3)C(=O)NC(CCC(=O)O)C(=O)O,CC1=C(C(=CC=C1)Cl)NC(=O)C2=CN=C(S2)NC3=NC(=NC(=C3)N4CCN(CC4)CCO)C,16.52,1,-25.648207,-0.3025,-9.737344,-1.0612143278121948,2.312305212020874,0.9098910689353943
methotrexate,dasatinib,NCIH520,CN(CC1=CN=C2C(=N1)C(=NC(=N2)N)N)C3=CC=C(C=C3)C(=O)NC(CCC(=O)O)C(=O)O,CC1=C(C(=CC=C1)Cl)NC(=O)C2=CN=C(S2)NC3=NC(=NC(=C3)N4CCN(CC4)CCO)C,-6.285,0,-1.6184366,-0.2715,5.0717793,-1.2288575172424316,1.10636568069458,0.7514509558677673
methotrexate,dasatinib,OV90,CN(CC1=CN=C2C(=N1)C(=NC(=N2)N)N)C3=CC=C(C=C3)C(=O)NC(CCC(=O)O)C(=O)O,CC1=C(C(=CC=C1)Cl)NC(=O)C2=CN=C(S2)NC3=NC(=NC(=C3)N4CCN(CC4)CCO)C,-13.42,0,-1.6366141,-0.4015,3.6389222,1.0579490661621094,-1.0156526565551758,0.26587507128715515
methotrexate,dasatinib,RKO,CN(CC1=CN=C2C(=N1)C(=NC(=N2)N)N)C3=CC=C(C=C3)C(=O)NC(CCC(=O)O)C(=O)O,CC1=C(C(=CC=C1)Cl)NC(=O)C2=CN=C(S2)NC3=NC(=NC(=C3)N4CCN(CC4)CCO)C,-1.705,0,-0.41356668,-0.3235,4.185382,0.16491863131523132,-0.15451398491859436,0.46144822239875793
methotrexate,dasatinib,SKMES1,CN(CC1=CN=C2C(=N1)C(=NC(=N2)N)N)C3=CC=C(C=C3)C(=O)NC(CCC(=O)O)C(=O)O,CC1=C(C(=CC=C1)Cl)NC(=O)C2=CN=C(S2)NC3=NC(=NC(=C3)N4CCN(CC4)CCO)C,-9.62,0,-2.970416,-0.392,3.0428376,-0.9204097986221313,-0.6487741470336914,0.3432658314704895
methotrexate,dasatinib,SW837,CN(CC1=CN=C2C(=N1)C(=NC(=N2)N)N)C3=CC=C(C=C3)C(=O)NC(CCC(=O)O)C(=O)O,CC1=C(C(=CC=C1)Cl)NC(=O)C2=CN=C(S2)NC3=NC(=NC(=C3)N4CCN(CC4)CCO)C,-7.73,0,10.054703,-0.39,7.0388956,0.023183800280094147,-1.4527150392532349,0.18958407640457153
methotrexate,dinaciclib,A2780,CN(CC1=CN=C2C(=N1)C(=NC(=N2)N)N)C3=CC=C(C=C3)C(=O)NC(CCC(=O)O)C(=O)O,CCC1=C2N=C(C=C(N2N=C1)NCC3=C[N+](=CC=C3)[O-])N4CCCCC4CCO,1.465,1,-8.543768,-0.4145,-12.157898,0.722605288028717,2.9296905994415283,0.9492948055267334
methotrexate,dinaciclib,A375,CN(CC1=CN=C2C(=N1)C(=NC(=N2)N)N)C3=CC=C(C=C3)C(=O)NC(CCC(=O)O)C(=O)O,CCC1=C2N=C(C=C(N2N=C1)NCC3=C[N+](=CC=C3)[O-])N4CCCCC4CCO,11.795,1,-4.822956,-0.462,-9.914829,-1.6709164381027222,3.2075467109680176,0.9611173272132874
methotrexate,dinaciclib,A427,CN(CC1=CN=C2C(=N1)C(=NC(=N2)N)N)C3=CC=C(C=C3)C(=O)NC(CCC(=O)O)C(=O)O,CCC1=C2N=C(C=C(N2N=C1)NCC3=C[N+](=CC=C3)[O-])N4CCCCC4CCO,0.235,1,-7.609502,-0.2465,-14.489942,-0.4787256717681885,0.3091525435447693,0.5766783356666565
methotrexate,dinaciclib,ES2,CN(CC1=CN=C2C(=N1)C(=NC(=N2)N)N)C3=CC=C(C=C3)C(=O)NC(CCC(=O)O)C(=O)O,CCC1=C2N=C(C=C(N2N=C1)NCC3=C[N+](=CC=C3)[O-])N4CCCCC4CCO,5.38,1,-8.341541,-0.3705,-12.266394,0.0941917896270752,3.2528650760650635,0.9627759456634521
methotrexate,dinaciclib,HCT116,CN(CC1=CN=C2C(=N1)C(=NC(=N2)N)N)C3=CC=C(C=C3)C(=O)NC(CCC(=O)O)C(=O)O,CCC1=C2N=C(C=C(N2N=C1)NCC3=C[N+](=CC=C3)[O-])N4CCCCC4CCO,-4.66,0,-9.452829,-0.3035,-16.583393,-1.121143102645874,0.32617026567459106,0.5808272361755371
methotrexate,dinaciclib,HT29,CN(CC1=CN=C2C(=N1)C(=NC(=N2)N)N)C3=CC=C(C=C3)C(=O)NC(CCC(=O)O)C(=O)O,CCC1=C2N=C(C=C(N2N=C1)NCC3=C[N+](=CC=C3)[O-])N4CCCCC4CCO,2.535,1,-8.029496,-0.3935,-14.819878,0.24064189195632935,0.8726866841316223,0.7053044438362122
methotrexate,dinaciclib,LOVO,CN(CC1=CN=C2C(=N1)C(=NC(=N2)N)N)C3=CC=C(C=C3)C(=O)NC(CCC(=O)O)C(=O)O,CCC1=C2N=C(C=C(N2N=C1)NCC3=C[N+](=CC=C3)[O-])N4CCCCC4CCO,1.675,1,-42.08643,-0.4195,-12.538267,0.866350531578064,0.332904577255249,0.5824659466743469
methotrexate,dinaciclib,NCIH1650,CN(CC1=CN=C2C(=N1)C(=NC(=N2)N)N)C3=CC=C(C=C3)C(=O)NC(CCC(=O)O)C(=O)O,CCC1=C2N=C(C=C(N2N=C1)NCC3=C[N+](=CC=C3)[O-])N4CCCCC4CCO,9.09,1,-7.670868,-0.397,-14.952071,-0.003851383924484253,0.44337373971939087,0.6090626120567322
methotrexate,dinaciclib,NCIH2122,CN(CC1=CN=C2C(=N1)C(=NC(=N2)N)N)C3=CC=C(C=C3)C(=O)NC(CCC(=O)O)C(=O)O,CCC1=C2N=C(C=C(N2N=C1)NCC3=C[N+](=CC=C3)[O-])N4CCCCC4CCO,6.68,1,1.6833574,-0.33,-22.750252,0.2139514684677124,4.345284938812256,0.9871981739997864
methotrexate,dinaciclib,NCIH23,CN(CC1=CN=C2C(=N1)C(=NC(=N2)N)N)C3=CC=C(C=C3)C(=O)NC(CCC(=O)O)C(=O)O,CCC1=C2N=C(C=C(N2N=C1)NCC3=C[N+](=CC=C3)[O-])N4CCCCC4CCO,9.75,1,-1.7854016,-0.2815,-26.883259,-2.057874917984009,0.5147038102149963,0.6259084939956665
methotrexate,dinaciclib,NCIH520,CN(CC1=CN=C2C(=N1)C(=NC(=N2)N)N)C3=CC=C(C=C3)C(=O)NC(CCC(=O)O)C(=O)O,CCC1=C2N=C(C=C(N2N=C1)NCC3=C[N+](=CC=C3)[O-])N4CCCCC4CCO,5.125,1,-5.330779,-0.2255,-16.075033,-1.8829283714294434,2.535696029663086,0.9266066551208496
methotrexate,dinaciclib,OV90,CN(CC1=CN=C2C(=N1)C(=NC(=N2)N)N)C3=CC=C(C=C3)C(=O)NC(CCC(=O)O)C(=O)O,CCC1=C2N=C(C=C(N2N=C1)NCC3=C[N+](=CC=C3)[O-])N4CCCCC4CCO,-10.82,0,-5.6874084,-0.273,-14.630474,0.7447221279144287,-1.7218248844146729,0.1516362726688385
methotrexate,dinaciclib,SKOV3,CN(CC1=CN=C2C(=N1)C(=NC(=N2)N)N)C3=CC=C(C=C3)C(=O)NC(CCC(=O)O)C(=O)O,CCC1=C2N=C(C=C(N2N=C1)NCC3=C[N+](=CC=C3)[O-])N4CCCCC4CCO,1.19,1,-14.428371,-0.3635,-12.235241,-0.05608198046684265,1.1050446033477783,0.7512041330337524
methotrexate,dinaciclib,SW620,CN(CC1=CN=C2C(=N1)C(=NC(=N2)N)N)C3=CC=C(C=C3)C(=O)NC(CCC(=O)O)C(=O)O,CCC1=C2N=C(C=C(N2N=C1)NCC3=C[N+](=CC=C3)[O-])N4CCCCC4CCO,4.3,1,-8.429014,-0.407,-13.653331,-0.30056095123291016,1.293382167816162,0.7847191095352173
methotrexate,dinaciclib,T47D,CN(CC1=CN=C2C(=N1)C(=NC(=N2)N)N)C3=CC=C(C=C3)C(=O)NC(CCC(=O)O)C(=O)O,CCC1=C2N=C(C=C(N2N=C1)NCC3=C[N+](=CC=C3)[O-])N4CCCCC4CCO,-4.875,0,-6.3676043,-0.3205,-20.523586,0.3269833028316498,0.43865877389907837,0.6079394221305847
methotrexate,erlotinib,A2058,CN(CC1=CN=C2C(=N1)C(=NC(=N2)N)N)C3=CC=C(C=C3)C(=O)NC(CCC(=O)O)C(=O)O,COCCOC1=C(C=C2C(=C1)C(=NC=N2)NC3=CC=CC(=C3)C#C)OCCOC,3.325,1,-3.8156717,-0.2179,-4.517785,-1.890770673751831,-0.4587476849555969,0.38728296756744385
methotrexate,erlotinib,A2780,CN(CC1=CN=C2C(=N1)C(=NC(=N2)N)N)C3=CC=C(C=C3)C(=O)NC(CCC(=O)O)C(=O)O,COCCOC1=C(C=C2C(=C1)C(=NC=N2)NC3=CC=CC(=C3)C#C)OCCOC,2.665,1,-4.7295504,-0.2815,-3.159863,0.34180983901023865,0.15391218662261963,0.538402259349823
methotrexate,erlotinib,A375,CN(CC1=CN=C2C(=N1)C(=NC(=N2)N)N)C3=CC=C(C=C3)C(=O)NC(CCC(=O)O)C(=O)O,COCCOC1=C(C=C2C(=C1)C(=NC=N2)NC3=CC=CC(=C3)C#C)OCCOC,10.015,1,0.43045178,-0.2055,-0.5327708,-2.4966495037078857,0.8801690936088562,0.7068572640419006
methotrexate,erlotinib,A427,CN(CC1=CN=C2C(=N1)C(=NC(=N2)N)N)C3=CC=C(C=C3)C(=O)NC(CCC(=O)O)C(=O)O,COCCOC1=C(C=C2C(=C1)C(=NC=N2)NC3=CC=CC(=C3)C#C)OCCOC,1.65,1,0.67785466,-0.378,-6.170006,-1.00058913230896,0.22653722763061523,0.5563933849334717
methotrexate,erlotinib,ES2,CN(CC1=CN=C2C(=N1)C(=NC(=N2)N)N)C3=CC=C(C=C3)C(=O)NC(CCC(=O)O)C(=O)O,COCCOC1=C(C=C2C(=C1)C(=NC=N2)NC3=CC=CC(=C3)C#C)OCCOC,13.645,1,-6.4890833,-0.446,-6.491578,-0.6430513858795166,2.3303515911102295,0.9113597273826599
methotrexate,erlotinib,HCT116,CN(CC1=CN=C2C(=N1)C(=NC(=N2)N)N)C3=CC=C(C=C3)C(=O)NC(CCC(=O)O)C(=O)O,COCCOC1=C(C=C2C(=C1)C(=NC=N2)NC3=CC=CC(=C3)C#C)OCCOC,-1.81,0,-12.547707,-0.0458,-5.3496532,-0.7052618265151978,0.2340865135192871,0.5582558512687683
methotrexate,erlotinib,HT144,CN(CC1=CN=C2C(=N1)C(=NC(=N2)N)N)C3=CC=C(C=C3)C(=O)NC(CCC(=O)O)C(=O)O,COCCOC1=C(C=C2C(=C1)C(=NC=N2)NC3=CC=CC(=C3)C#C)OCCOC,-3.935,0,1.1229645,-0.197,-10.04207,-2.067380905151367,-0.9357171058654785,0.28176626563072205
methotrexate,erlotinib,HT29,CN(CC1=CN=C2C(=N1)C(=NC(=N2)N)N)C3=CC=C(C=C3)C(=O)NC(CCC(=O)O)C(=O)O,COCCOC1=C(C=C2C(=C1)C(=NC=N2)NC3=CC=CC(=C3)C#C)OCCOC,0.16,1,-1.3488744,-0.3085,-2.4959865,-0.11127525568008423,0.34832653403282166,0.5862116813659668
methotrexate,erlotinib,LOVO,CN(CC1=CN=C2C(=N1)C(=NC(=N2)N)N)C3=CC=C(C=C3)C(=O)NC(CCC(=O)O)C(=O)O,COCCOC1=C(C=C2C(=C1)C(=NC=N2)NC3=CC=CC(=C3)C#C)OCCOC,-0.665,0,-6.885126,-0.4145,0.7014124,0.4965847134590149,0.36112529039382935,0.5893127918243408
methotrexate,erlotinib,MDAMB436,CN(CC1=CN=C2C(=N1)C(=NC(=N2)N)N)C3=CC=C(C=C3)C(=O)NC(CCC(=O)O)C(=O)O,COCCOC1=C(C=C2C(=C1)C(=NC=N2)NC3=CC=CC(=C3)C#C)OCCOC,-2.015,0,-3.0314755,-0.3375,-3.6914148,-1.1229273080825806,-2.9644882678985596,0.04905620589852333
methotrexate,erlotinib,NCIH1650,CN(CC1=CN=C2C(=N1)C(=NC(=N2)N)N)C3=CC=C(C=C3)C(=O)NC(CCC(=O)O)C(=O)O,COCCOC1=C(C=C2C(=C1)C(=NC=N2)NC3=CC=CC(=C3)C#C)OCCOC,-1.87,0,0.6318992,-0.304,-5.08309,0.2115195095539093,-1.5010954141616821,0.18226221203804016
methotrexate,erlotinib,NCIH2122,CN(CC1=CN=C2C(=N1)C(=NC(=N2)N)N)C3=CC=C(C=C3)C(=O)NC(CCC(=O)O)C(=O)O,COCCOC1=C(C=C2C(=C1)C(=NC=N2)NC3=CC=CC(=C3)C#C)OCCOC,2.095,1,2.8744764,-0.4815,-12.506823,0.7372286319732666,0.5427995324134827,0.6324634552001953
methotrexate,erlotinib,NCIH23,CN(CC1=CN=C2C(=N1)C(=NC(=N2)N)N)C3=CC=C(C=C3)C(=O)NC(CCC(=O)O)C(=O)O,COCCOC1=C(C=C2C(=C1)C(=NC=N2)NC3=CC=CC(=C3)C#C)OCCOC,8.24,1,2.2439795,-0.4565,-21.147194,-2.0822482109069824,-0.7663727402687073,0.31726428866386414
methotrexate,erlotinib,OV90,CN(CC1=CN=C2C(=N1)C(=NC(=N2)N)N)C3=CC=C(C=C3)C(=O)NC(CCC(=O)O)C(=O)O,COCCOC1=C(C=C2C(=C1)C(=NC=N2)NC3=CC=CC(=C3)C#C)OCCOC,-3.105,0,-0.062125046,-0.315,-8.104109,0.0989122986793518,-4.675008296966553,0.009239287115633488
methotrexate,erlotinib,RKO,CN(CC1=CN=C2C(=N1)C(=NC(=N2)N)N)C3=CC=C(C=C3)C(=O)NC(CCC(=O)O)C(=O)O,COCCOC1=C(C=C2C(=C1)C(=NC=N2)NC3=CC=CC(=C3)C#C)OCCOC,5.16,1,-6.356933,-0.525,-6.59048,-0.16676554083824158,-1.808534860610962,0.14081528782844543
methotrexate,erlotinib,SKMES1,CN(CC1=CN=C2C(=N1)C(=NC(=N2)N)N)C3=CC=C(C=C3)C(=O)NC(CCC(=O)O)C(=O)O,COCCOC1=C(C=C2C(=C1)C(=NC=N2)NC3=CC=CC(=C3)C#C)OCCOC,-8.495,0,-3.6789713,-0.6305,-5.698749,-2.056105136871338,-1.9295966625213623,0.12679523229599
methotrexate,erlotinib,SKOV3,CN(CC1=CN=C2C(=N1)C(=NC(=N2)N)N)C3=CC=C(C=C3)C(=O)NC(CCC(=O)O)C(=O)O,COCCOC1=C(C=C2C(=C1)C(=NC=N2)NC3=CC=CC(=C3)C#C)OCCOC,1.93,1,3.9785528,-0.467,-1.0274405,0.213294118642807,-0.2765654921531677,0.4312959909439087
methotrexate,erlotinib,SW620,CN(CC1=CN=C2C(=N1)C(=NC(=N2)N)N)C3=CC=C(C=C3)C(=O)NC(CCC(=O)O)C(=O)O,COCCOC1=C(C=C2C(=C1)C(=NC=N2)NC3=CC=CC(=C3)C#C)OCCOC,3.83,1,-12.147263,-0.7005,-5.754237,-0.4657621383666992,0.19066107273101807,0.5475214123725891
methotrexate,erlotinib,SW837,CN(CC1=CN=C2C(=N1)C(=NC(=N2)N)N)C3=CC=C(C=C3)C(=O)NC(CCC(=O)O)C(=O)O,COCCOC1=C(C=C2C(=C1)C(=NC=N2)NC3=CC=CC(=C3)C#C)OCCOC,-2.69,0,4.830925,-0.4245,-1.9361256,0.05373239517211914,-0.41787827014923096,0.39702457189559937
methotrexate,erlotinib,T47D,CN(CC1=CN=C2C(=N1)C(=NC(=N2)N)N)C3=CC=C(C=C3)C(=O)NC(CCC(=O)O)C(=O)O,COCCOC1=C(C=C2C(=C1)C(=NC=N2)NC3=CC=CC(=C3)C#C)OCCOC,-3.83,0,-3.8540473,-0.6645,-8.901855,0.18457499146461487,-0.03265991434454918,0.49183574318885803
methotrexate,geldanamycin,A2058,CN(CC1=CN=C2C(=N1)C(=NC(=N2)N)N)C3=CC=C(C=C3)C(=O)NC(CCC(=O)O)C(=O)O,CC1CC(C(C(C=C(C(C(C=CC=C(C(=O)NC2=CC(=O)C(=C(C1)C2=O)OC)C)OC)OC(=O)N)C)C)O)OC,-6.235,0,-4.9165235,-0.301,-13.793706,-0.6510821580886841,-1.3819001913070679,0.20070399343967438
methotrexate,geldanamycin,A2780,CN(CC1=CN=C2C(=N1)C(=NC(=N2)N)N)C3=CC=C(C=C3)C(=O)NC(CCC(=O)O)C(=O)O,CC1CC(C(C(C=C(C(C(C=CC=C(C(=O)NC2=CC(=O)C(=C(C1)C2=O)OC)C)OC)OC(=O)N)C)C)O)OC,-1.345,0,-1.4108665,-0.1738,-14.194027,0.5577919483184814,3.8659486770629883,0.9794865846633911
methotrexate,geldanamycin,A427,CN(CC1=CN=C2C(=N1)C(=NC(=N2)N)N)C3=CC=C(C=C3)C(=O)NC(CCC(=O)O)C(=O)O,CC1CC(C(C(C=C(C(C(C=CC=C(C(=O)NC2=CC(=O)C(=C(C1)C2=O)OC)C)OC)OC(=O)N)C)C)O)OC,-2.35,0,-2.3982997,-0.2045,-16.233322,-0.8821836709976196,-1.6616040468215942,0.15954679250717163
methotrexate,geldanamycin,HCT116,CN(CC1=CN=C2C(=N1)C(=NC(=N2)N)N)C3=CC=C(C=C3)C(=O)NC(CCC(=O)O)C(=O)O,CC1CC(C(C(C=C(C(C(C=CC=C(C(=O)NC2=CC(=O)C(=C(C1)C2=O)OC)C)OC)OC(=O)N)C)C)O)OC,-6.475,0,-13.722945,-0.3215,-17.58723,-0.8200576305389404,0.28108179569244385,0.5698114037513733
methotrexate,geldanamycin,HT144,CN(CC1=CN=C2C(=N1)C(=NC(=N2)N)N)C3=CC=C(C=C3)C(=O)NC(CCC(=O)O)C(=O)O,CC1CC(C(C(C=C(C(C(C=CC=C(C(=O)NC2=CC(=O)C(=C(C1)C2=O)OC)C)OC)OC(=O)N)C)C)O)OC,3.24,1,-3.8236442,-0.23,-18.440348,-0.9000314474105835,-0.5654568076133728,0.3622858226299286
methotrexate,geldanamycin,HT29,CN(CC1=CN=C2C(=N1)C(=NC(=N2)N)N)C3=CC=C(C=C3)C(=O)NC(CCC(=O)O)C(=O)O,CC1CC(C(C(C=C(C(C(C=CC=C(C(=O)NC2=CC(=O)C(=C(C1)C2=O)OC)C)OC)OC(=O)N)C)C)O)OC,-2.115,0,-7.04216,-0.092,-19.308949,0.17521685361862183,-0.016577046364545822,0.4958558678627014
methotrexate,geldanamycin,LOVO,CN(CC1=CN=C2C(=N1)C(=NC(=N2)N)N)C3=CC=C(C=C3)C(=O)NC(CCC(=O)O)C(=O)O,CC1CC(C(C(C=C(C(C(C=CC=C(C(=O)NC2=CC(=O)C(=C(C1)C2=O)OC)C)OC)OC(=O)N)C)C)O)OC,3.275,1,-17.309967,-0.0919,-14.7863245,0.5322411060333252,1.960510015487671,0.8765881061553955
methotrexate,geldanamycin,MDAMB436,CN(CC1=CN=C2C(=N1)C(=NC(=N2)N)N)C3=CC=C(C=C3)C(=O)NC(CCC(=O)O)C(=O)O,CC1CC(C(C(C=C(C(C(C=CC=C(C(=O)NC2=CC(=O)C(=C(C1)C2=O)OC)C)OC)OC(=O)N)C)C)O)OC,-8.615,0,-5.460838,-0.231,-12.166681,-0.6992813348770142,-3.0484559535980225,0.04528417810797691
methotrexate,geldanamycin,NCIH2122,CN(CC1=CN=C2C(=N1)C(=NC(=N2)N)N)C3=CC=C(C=C3)C(=O)NC(CCC(=O)O)C(=O)O,CC1CC(C(C(C=C(C(C(C=CC=C(C(=O)NC2=CC(=O)C(=C(C1)C2=O)OC)C)OC)OC(=O)N)C)C)O)OC,-2.35,0,-3.2184727,-0.428,-30.560768,0.17893660068511963,3.014556407928467,0.9532274007797241
methotrexate,geldanamycin,NCIH520,CN(CC1=CN=C2C(=N1)C(=NC(=N2)N)N)C3=CC=C(C=C3)C(=O)NC(CCC(=O)O)C(=O)O,CC1CC(C(C(C=C(C(C(C=CC=C(C(=O)NC2=CC(=O)C(=C(C1)C2=O)OC)C)OC)OC(=O)N)C)C)O)OC,-1.175,0,-4.9771295,-0.299,-19.342602,-0.5435280799865723,2.4561679363250732,0.9210113286972046
methotrexate,geldanamycin,OV90,CN(CC1=CN=C2C(=N1)C(=NC(=N2)N)N)C3=CC=C(C=C3)C(=O)NC(CCC(=O)O)C(=O)O,CC1CC(C(C(C=C(C(C(C=CC=C(C(=O)NC2=CC(=O)C(=C(C1)C2=O)OC)C)OC)OC(=O)N)C)C)O)OC,-4.365,0,-4.1729317,-0.2545,-17.931782,0.39398664236068726,0.17069971561431885,0.5425716042518616
methotrexate,geldanamycin,RKO,CN(CC1=CN=C2C(=N1)C(=NC(=N2)N)N)C3=CC=C(C=C3)C(=O)NC(CCC(=O)O)C(=O)O,CC1CC(C(C(C=C(C(C(C=CC=C(C(=O)NC2=CC(=O)C(=C(C1)C2=O)OC)C)OC)OC(=O)N)C)C)O)OC,1.78,1,-6.911836,-0.202,-14.647333,0.4883819818496704,0.8836540579795837,0.7075788974761963
methotrexate,geldanamycin,SKMES1,CN(CC1=CN=C2C(=N1)C(=NC(=N2)N)N)C3=CC=C(C=C3)C(=O)NC(CCC(=O)O)C(=O)O,CC1CC(C(C(C=C(C(C(C=CC=C(C(=O)NC2=CC(=O)C(=C(C1)C2=O)OC)C)OC)OC(=O)N)C)C)O)OC,-5.465,0,-5.542309,-0.342,-15.604118,-1.1506590843200684,-1.7131054401397705,0.15276135504245758
methotrexate,geldanamycin,SKOV3,CN(CC1=CN=C2C(=N1)C(=NC(=N2)N)N)C3=CC=C(C=C3)C(=O)NC(CCC(=O)O)C(=O)O,CC1CC(C(C(C=C(C(C(C=CC=C(C(=O)NC2=CC(=O)C(=C(C1)C2=O)OC)C)OC)OC(=O)N)C)C)O)OC,3.555,1,-5.373833,-0.0263,-14.160871,0.201104998588562,-0.3503546416759491,0.4132964313030243
methotrexate,geldanamycin,SW620,CN(CC1=CN=C2C(=N1)C(=NC(=N2)N)N)C3=CC=C(C=C3)C(=O)NC(CCC(=O)O)C(=O)O,CC1CC(C(C(C=C(C(C(C=CC=C(C(=O)NC2=CC(=O)C(=C(C1)C2=O)OC)C)OC)OC(=O)N)C)C)O)OC,-2.42,0,-7.0469303,-0.1095,-16.273548,0.009834647178649902,0.4387277662754059,0.607955813407898
methotrexate,geldanamycin,SW837,CN(CC1=CN=C2C(=N1)C(=NC(=N2)N)N)C3=CC=C(C=C3)C(=O)NC(CCC(=O)O)C(=O)O,CC1CC(C(C(C=C(C(C(C=CC=C(C(=O)NC2=CC(=O)C(=C(C1)C2=O)OC)C)OC)OC(=O)N)C)C)O)OC,4.69,1,-6.610056,-0.219,-18.498634,0.14711076021194458,1.4866477251052856,0.815574586391449
methotrexate,lapatinib,A2780,CN(CC1=CN=C2C(=N1)C(=NC(=N2)N)N)C3=CC=C(C=C3)C(=O)NC(CCC(=O)O)C(=O)O,CS(=O)(=O)CCNCC1=CC=C(O1)C2=CC3=C(C=C2)N=CN=C3NC4=CC(=C(C=C4)OCC5=CC(=CC=C5)F)Cl,2.37,1,-16.096752,-0.08525,-3.9557457,0.7680951356887817,3.6060636043548584,0.973559558391571
methotrexate,lapatinib,A375,CN(CC1=CN=C2C(=N1)C(=NC(=N2)N)N)C3=CC=C(C=C3)C(=O)NC(CCC(=O)O)C(=O)O,CS(=O)(=O)CCNCC1=CC=C(O1)C2=CC3=C(C=C2)N=CN=C3NC4=CC(=C(C=C4)OCC5=CC(=CC=C5)F)Cl,9.075,1,-14.459897,-0.113,0.55150956,-0.5607926845550537,-3.5155961513519287,0.02887171506881714
methotrexate,lapatinib,A427,CN(CC1=CN=C2C(=N1)C(=NC(=N2)N)N)C3=CC=C(C=C3)C(=O)NC(CCC(=O)O)C(=O)O,CS(=O)(=O)CCNCC1=CC=C(O1)C2=CC3=C(C=C2)N=CN=C3NC4=CC(=C(C=C4)OCC5=CC(=CC=C5)F)Cl,-1.01,0,-2.2067704,-0.12105,-8.743314,-0.6781574487686157,-2.165221691131592,0.10291735827922821
methotrexate,lapatinib,ES2,CN(CC1=CN=C2C(=N1)C(=NC(=N2)N)N)C3=CC=C(C=C3)C(=O)NC(CCC(=O)O)C(=O)O,CS(=O)(=O)CCNCC1=CC=C(O1)C2=CC3=C(C=C2)N=CN=C3NC4=CC(=C(C=C4)OCC5=CC(=CC=C5)F)Cl,8.05,1,-17.95826,-0.1504,-6.713379,0.19708794355392456,-2.7165515422821045,0.0620037242770195
methotrexate,lapatinib,HCT116,CN(CC1=CN=C2C(=N1)C(=NC(=N2)N)N)C3=CC=C(C=C3)C(=O)NC(CCC(=O)O)C(=O)O,CS(=O)(=O)CCNCC1=CC=C(O1)C2=CC3=C(C=C2)N=CN=C3NC4=CC(=C(C=C4)OCC5=CC(=CC=C5)F)Cl,-3.99,0,-22.301718,-0.1024,-6.9944673,-0.6357946395874023,0.30332502722740173,0.5752551555633545
methotrexate,lapatinib,LOVO,CN(CC1=CN=C2C(=N1)C(=NC(=N2)N)N)C3=CC=C(C=C3)C(=O)NC(CCC(=O)O)C(=O)O,CS(=O)(=O)CCNCC1=CC=C(O1)C2=CC3=C(C=C2)N=CN=C3NC4=CC(=C(C=C4)OCC5=CC(=CC=C5)F)Cl,1.825,1,-4.76425,-0.372,1.8627837,-0.9256579279899597,-0.8297509551048279,0.30369773507118225
methotrexate,lapatinib,MDAMB436,CN(CC1=CN=C2C(=N1)C(=NC(=N2)N)N)C3=CC=C(C=C3)C(=O)NC(CCC(=O)O)C(=O)O,CS(=O)(=O)CCNCC1=CC=C(O1)C2=CC3=C(C=C2)N=CN=C3NC4=CC(=C(C=C4)OCC5=CC(=CC=C5)F)Cl,-0.885,0,-9.954285,-0.2735,-5.591629,0.21908915042877197,-4.671367168426514,0.009272676892578602
methotrexate,lapatinib,NCIH2122,CN(CC1=CN=C2C(=N1)C(=NC(=N2)N)N)C3=CC=C(C=C3)C(=O)NC(CCC(=O)O)C(=O)O,CS(=O)(=O)CCNCC1=CC=C(O1)C2=CC3=C(C=C2)N=CN=C3NC4=CC(=C(C=C4)OCC5=CC(=CC=C5)F)Cl,2.8,1,-0.02499922,-0.288,-15.845843,0.16152092814445496,3.6617300510406494,0.9749553203582764
methotrexate,lapatinib,SKMES1,CN(CC1=CN=C2C(=N1)C(=NC(=N2)N)N)C3=CC=C(C=C3)C(=O)NC(CCC(=O)O)C(=O)O,CS(=O)(=O)CCNCC1=CC=C(O1)C2=CC3=C(C=C2)N=CN=C3NC4=CC(=C(C=C4)OCC5=CC(=CC=C5)F)Cl,-7.685,0,-6.352796,-0.0491,-5.1821775,-0.4448884129524231,-2.691382884979248,0.06348375231027603
methotrexate,mk2206,A2780,CN(CC1=CN=C2C(=N1)C(=NC(=N2)N)N)C3=CC=C(C=C3)C(=O)NC(CCC(=O)O)C(=O)O,C1CC(C1)(C2=CC=C(C=C2)C3=C(C=C4C(=N3)C=CN5C4=NNC5=O)C6=CC=CC=C6)N,3.38,1,0.35319164,-0.511,5.5281663,0.435210257768631,0.8697074055671692,0.7046847939491272
methotrexate,mk2206,A375,CN(CC1=CN=C2C(=N1)C(=NC(=N2)N)N)C3=CC=C(C=C3)C(=O)NC(CCC(=O)O)C(=O)O,C1CC(C1)(C2=CC=C(C=C2)C3=C(C=C4C(=N3)C=CN5C4=NNC5=O)C6=CC=CC=C6)N,-1.87,0,-20.889473,-0.3485,7.9814525,-0.9535646438598633,-1.2595529556274414,0.22105085849761963
methotrexate,mk2206,ES2,CN(CC1=CN=C2C(=N1)C(=NC(=N2)N)N)C3=CC=C(C=C3)C(=O)NC(CCC(=O)O)C(=O)O,C1CC(C1)(C2=CC=C(C=C2)C3=C(C=C4C(=N3)C=CN5C4=NNC5=O)C6=CC=CC=C6)N,5.665,1,-10.047318,-0.2695,0.7308045,0.17826566100120544,0.6669373512268066,0.6608170866966248
methotrexate,mk2206,HCT116,CN(CC1=CN=C2C(=N1)C(=NC(=N2)N)N)C3=CC=C(C=C3)C(=O)NC(CCC(=O)O)C(=O)O,C1CC(C1)(C2=CC=C(C=C2)C3=C(C=C4C(=N3)C=CN5C4=NNC5=O)C6=CC=CC=C6)N,-2.61,0,-16.292671,-0.415,1.2194538,-0.820244312286377,-0.19118429720401764,0.4523490071296692
methotrexate,mk2206,HT144,CN(CC1=CN=C2C(=N1)C(=NC(=N2)N)N)C3=CC=C(C=C3)C(=O)NC(CCC(=O)O)C(=O)O,C1CC(C1)(C2=CC=C(C=C2)C3=C(C=C4C(=N3)C=CN5C4=NNC5=O)C6=CC=CC=C6)N,-1.095,0,2.3475032,-0.2455,-1.9662931,-0.04061727970838547,1.617679238319397,0.8344748020172119
methotrexate,mk2206,HT29,CN(CC1=CN=C2C(=N1)C(=NC(=N2)N)N)C3=CC=C(C=C3)C(=O)NC(CCC(=O)O)C(=O)O,C1CC(C1)(C2=CC=C(C=C2)C3=C(C=C4C(=N3)C=CN5C4=NNC5=O)C6=CC=CC=C6)N,-2.515,0,-6.953979,-0.2675,2.7267885,0.08354315161705017,0.5130888819694519,0.6255303025245667
methotrexate,mk2206,MDAMB436,CN(CC1=CN=C2C(=N1)C(=NC(=N2)N)N)C3=CC=C(C=C3)C(=O)NC(CCC(=O)O)C(=O)O,C1CC(C1)(C2=CC=C(C=C2)C3=C(C=C4C(=N3)C=CN5C4=NNC5=O)C6=CC=CC=C6)N,-4.325,0,-3.0737605,-0.11025,3.5161195,-0.8004066348075867,-1.3758947849273682,0.2016691267490387
methotrexate,mk2206,NCIH1650,CN(CC1=CN=C2C(=N1)C(=NC(=N2)N)N)C3=CC=C(C=C3)C(=O)NC(CCC(=O)O)C(=O)O,C1CC(C1)(C2=CC=C(C=C2)C3=C(C=C4C(=N3)C=CN5C4=NNC5=O)C6=CC=CC=C6)N,-0.56,0,-2.7176907,-0.4105,2.0369487,0.7506771087646484,-2.6677777767181396,0.06490170210599899
methotrexate,mk2206,NCIH2122,CN(CC1=CN=C2C(=N1)C(=NC(=N2)N)N)C3=CC=C(C=C3)C(=O)NC(CCC(=O)O)C(=O)O,C1CC(C1)(C2=CC=C(C=C2)C3=C(C=C4C(=N3)C=CN5C4=NNC5=O)C6=CC=CC=C6)N,1.36,1,0.11788939,-0.2555,-6.4293528,0.07514375448226929,0.938245952129364,0.718745231628418
methotrexate,mk2206,NCIH23,CN(CC1=CN=C2C(=N1)C(=NC(=N2)N)N)C3=CC=C(C=C3)C(=O)NC(CCC(=O)O)C(=O)O,C1CC(C1)(C2=CC=C(C=C2)C3=C(C=C4C(=N3)C=CN5C4=NNC5=O)C6=CC=CC=C6)N,6.965,1,-0.7162254,-0.187,-12.274677,-1.6003326177597046,-0.26043376326560974,0.43525707721710205
methotrexate,mk2206,NCIH520,CN(CC1=CN=C2C(=N1)C(=NC(=N2)N)N)C3=CC=C(C=C3)C(=O)NC(CCC(=O)O)C(=O)O,C1CC(C1)(C2=CC=C(C=C2)C3=C(C=C4C(=N3)C=CN5C4=NNC5=O)C6=CC=CC=C6)N,-4.35,0,-5.0168667,-0.2965,-1.9141384,-1.6146020889282227,2.3848626613616943,0.9156657457351685
methotrexate,mk2206,RKO,CN(CC1=CN=C2C(=N1)C(=NC(=N2)N)N)C3=CC=C(C=C3)C(=O)NC(CCC(=O)O)C(=O)O,C1CC(C1)(C2=CC=C(C=C2)C3=C(C=C4C(=N3)C=CN5C4=NNC5=O)C6=CC=CC=C6)N,1.57,1,-8.004774,-0.2975,1.4112498,-0.0956864133477211,-3.4578535556793213,0.030535509809851646
methotrexate,mk2206,SKMES1,CN(CC1=CN=C2C(=N1)C(=NC(=N2)N)N)C3=CC=C(C=C3)C(=O)NC(CCC(=O)O)C(=O)O,C1CC(C1)(C2=CC=C(C=C2)C3=C(C=C4C(=N3)C=CN5C4=NNC5=O)C6=CC=CC=C6)N,-4.225,0,-4.676511,-0.4305,2.5240602,-1.3023393154144287,-0.5105477571487427,0.3750651478767395
methotrexate,mk2206,SKOV3,CN(CC1=CN=C2C(=N1)C(=NC(=N2)N)N)C3=CC=C(C=C3)C(=O)NC(CCC(=O)O)C(=O)O,C1CC(C1)(C2=CC=C(C=C2)C3=C(C=C4C(=N3)C=CN5C4=NNC5=O)C6=CC=CC=C6)N,2.27,1,1.4104575,-0.346,5.893599,0.45982643961906433,0.6764534115791321,0.6629467010498047
methotrexate,mk2206,T47D,CN(CC1=CN=C2C(=N1)C(=NC(=N2)N)N)C3=CC=C(C=C3)C(=O)NC(CCC(=O)O)C(=O)O,C1CC(C1)(C2=CC=C(C=C2)C3=C(C=C4C(=N3)C=CN5C4=NNC5=O)C6=CC=CC=C6)N,-8.025,0,-5.954767,-0.16705,-0.121992074,0.3492394685745239,0.5128476619720459,0.6254737973213196
methotrexate,mk5108,A2058,CN(CC1=CN=C2C(=N1)C(=NC(=N2)N)N)C3=CC=C(C=C3)C(=O)NC(CCC(=O)O)C(=O)O,C1CC(CCC1OC2=C(C(=CC=C2)Cl)F)(CC3=NC(=CC=C3)NC4=NC=CS4)C(=O)O,-4.7,0,-12.013346,-0.04855,-9.851462,-0.22799700498580933,-0.9721886515617371,0.27444446086883545
methotrexate,mk5108,A2780,CN(CC1=CN=C2C(=N1)C(=NC(=N2)N)N)C3=CC=C(C=C3)C(=O)NC(CCC(=O)O)C(=O)O,C1CC(CCC1OC2=C(C(=CC=C2)Cl)F)(CC3=NC(=CC=C3)NC4=NC=CS4)C(=O)O,0.945,1,-5.0823774,-0.03305,-8.587446,0.8387914896011353,2.092947006225586,0.8902157545089722
methotrexate,mk5108,A375,CN(CC1=CN=C2C(=N1)C(=NC(=N2)N)N)C3=CC=C(C=C3)C(=O)NC(CCC(=O)O)C(=O)O,C1CC(CCC1OC2=C(C(=CC=C2)Cl)F)(CC3=NC(=CC=C3)NC4=NC=CS4)C(=O)O,-2.835,0,-9.412393,-0.0888,-6.6762652,-1.261885404586792,-2.1044435501098633,0.10866568237543106
methotrexate,mk5108,ES2,CN(CC1=CN=C2C(=N1)C(=NC(=N2)N)N)C3=CC=C(C=C3)C(=O)NC(CCC(=O)O)C(=O)O,C1CC(CCC1OC2=C(C(=CC=C2)Cl)F)(CC3=NC(=CC=C3)NC4=NC=CS4)C(=O)O,-1.61,0,-9.137529,-0.3325,-9.950224,0.4851793646812439,-2.3440771102905273,0.08753771334886551
methotrexate,mk5108,HCT116,CN(CC1=CN=C2C(=N1)C(=NC(=N2)N)N)C3=CC=C(C=C3)C(=O)NC(CCC(=O)O)C(=O)O,C1CC(CCC1OC2=C(C(=CC=C2)Cl)F)(CC3=NC(=CC=C3)NC4=NC=CS4)C(=O)O,-4.815,0,-14.545774,-0.3,-10.658942,-1.2119529247283936,-0.3653639853000641,0.4096616804599762
methotrexate,mk5108,HT144,CN(CC1=CN=C2C(=N1)C(=NC(=N2)N)N)C3=CC=C(C=C3)C(=O)NC(CCC(=O)O)C(=O)O,C1CC(CCC1OC2=C(C(=CC=C2)Cl)F)(CC3=NC(=CC=C3)NC4=NC=CS4)C(=O)O,-4.99,0,1.2248638,-0.2135,-16.404585,-0.9556009769439697,-5.207905292510986,0.005443334113806486
methotrexate,mk5108,HT29,CN(CC1=CN=C2C(=N1)C(=NC(=N2)N)N)C3=CC=C(C=C3)C(=O)NC(CCC(=O)O)C(=O)O,C1CC(CCC1OC2=C(C(=CC=C2)Cl)F)(CC3=NC(=CC=C3)NC4=NC=CS4)C(=O)O,-2.46,0,-23.733892,-0.3895,-9.364977,0.01051071286201477,0.4601162075996399,0.6130417585372925
methotrexate,mk5108,LOVO,CN(CC1=CN=C2C(=N1)C(=NC(=N2)N)N)C3=CC=C(C=C3)C(=O)NC(CCC(=O)O)C(=O)O,C1CC(CCC1OC2=C(C(=CC=C2)Cl)F)(CC3=NC(=CC=C3)NC4=NC=CS4)C(=O)O,-2.815,0,-15.722555,-0.297,-8.050331,-0.32200029492378235,-4.689258098602295,0.00910975318402052
methotrexate,mk5108,MDAMB436,CN(CC1=CN=C2C(=N1)C(=NC(=N2)N)N)C3=CC=C(C=C3)C(=O)NC(CCC(=O)O)C(=O)O,C1CC(CCC1OC2=C(C(=CC=C2)Cl)F)(CC3=NC(=CC=C3)NC4=NC=CS4)C(=O)O,-3.115,0,-15.323655,-0.433,-8.306059,-0.9158532619476318,-5.210246562957764,0.005430674180388451
methotrexate,mk5108,NCIH1650,CN(CC1=CN=C2C(=N1)C(=NC(=N2)N)N)C3=CC=C(C=C3)C(=O)NC(CCC(=O)O)C(=O)O,C1CC(CCC1OC2=C(C(=CC=C2)Cl)F)(CC3=NC(=CC=C3)NC4=NC=CS4)C(=O)O,-7.395,0,-5.7012634,-0.3695,-11.172782,0.10381775349378586,-3.625544309616089,0.02594360150396824
methotrexate,mk5108,NCIH2122,CN(CC1=CN=C2C(=N1)C(=NC(=N2)N)N)C3=CC=C(C=C3)C(=O)NC(CCC(=O)O)C(=O)O,C1CC(CCC1OC2=C(C(=CC=C2)Cl)F)(CC3=NC(=CC=C3)NC4=NC=CS4)C(=O)O,2.38,1,-1.0485724,-0.245,-20.325596,-0.6123685836791992,2.0202126502990723,0.882902979850769
methotrexate,mk5108,NCIH23,CN(CC1=CN=C2C(=N1)C(=NC(=N2)N)N)C3=CC=C(C=C3)C(=O)NC(CCC(=O)O)C(=O)O,C1CC(CCC1OC2=C(C(=CC=C2)Cl)F)(CC3=NC(=CC=C3)NC4=NC=CS4)C(=O)O,3.45,1,-3.3431315,-0.6755,-21.928926,-1.7380867004394531,-0.30012261867523193,0.42552754282951355
methotrexate,mk5108,NCIH520,CN(CC1=CN=C2C(=N1)C(=NC(=N2)N)N)C3=CC=C(C=C3)C(=O)NC(CCC(=O)O)C(=O)O,C1CC(CCC1OC2=C(C(=CC=C2)Cl)F)(CC3=NC(=CC=C3)NC4=NC=CS4)C(=O)O,-1.155,0,-8.754581,-0.339,-14.911428,-0.7837228775024414,0.6013739705085754,0.6459706425666809
methotrexate,mk5108,OV90,CN(CC1=CN=C2C(=N1)C(=NC(=N2)N)N)C3=CC=C(C=C3)C(=O)NC(CCC(=O)O)C(=O)O,C1CC(CCC1OC2=C(C(=CC=C2)Cl)F)(CC3=NC(=CC=C3)NC4=NC=CS4)C(=O)O,-11.63,0,-2.9923017,-0.51,-12.688332,0.6965057253837585,-5.440833568572998,0.004317149054259062
methotrexate,mk5108,RKO,CN(CC1=CN=C2C(=N1)C(=NC(=N2)N)N)C3=CC=C(C=C3)C(=O)NC(CCC(=O)O)C(=O)O,C1CC(CCC1OC2=C(C(=CC=C2)Cl)F)(CC3=NC(=CC=C3)NC4=NC=CS4)C(=O)O,-4.135,0,-17.823595,-0.4225,-9.6189995,-0.502853512763977,-1.9832935333251953,0.12096819281578064
methotrexate,mk5108,SKMES1,CN(CC1=CN=C2C(=N1)C(=NC(=N2)N)N)C3=CC=C(C=C3)C(=O)NC(CCC(=O)O)C(=O)O,C1CC(CCC1OC2=C(C(=CC=C2)Cl)F)(CC3=NC(=CC=C3)NC4=NC=CS4)C(=O)O,-5.965,0,-9.073252,-0.434,-12.034914,-0.7711914777755737,-2.8747451305389404,0.053416214883327484
methotrexate,mk5108,SW620,CN(CC1=CN=C2C(=N1)C(=NC(=N2)N)N)C3=CC=C(C=C3)C(=O)NC(CCC(=O)O)C(=O)O,C1CC(CCC1OC2=C(C(=CC=C2)Cl)F)(CC3=NC(=CC=C3)NC4=NC=CS4)C(=O)O,-3.06,0,-8.241646,-0.2205,-10.211195,-0.2551083564758301,-0.1565205454826355,0.460949569940567
methotrexate,mk5108,SW837,CN(CC1=CN=C2C(=N1)C(=NC(=N2)N)N)C3=CC=C(C=C3)C(=O)NC(CCC(=O)O)C(=O)O,C1CC(CCC1OC2=C(C(=CC=C2)Cl)F)(CC3=NC(=CC=C3)NC4=NC=CS4)C(=O)O,-0.325,0,-18.792595,-0.124,-9.453056,0.022697269916534424,1.6280782222747803,0.8359062075614929
methotrexate,sorafenib,A2058,CN(CC1=CN=C2C(=N1)C(=NC(=N2)N)N)C3=CC=C(C=C3)C(=O)NC(CCC(=O)O)C(=O)O,CNC(=O)C1=NC=CC(=C1)OC2=CC=C(C=C2)NC(=O)NC3=CC(=C(C=C3)Cl)C(F)(F)F,2.325,1,-5.2366667,-0.1988,-11.463956,-1.0361921787261963,0.136982262134552,0.5341921448707581
methotrexate,sorafenib,A2780,CN(CC1=CN=C2C(=N1)C(=NC(=N2)N)N)C3=CC=C(C=C3)C(=O)NC(CCC(=O)O)C(=O)O,CNC(=O)C1=NC=CC(=C1)OC2=CC=C(C=C2)NC(=O)NC3=CC(=C(C=C3)Cl)C(F)(F)F,0.75,1,-6.4045987,-0.1368,-10.66964,0.9265395402908325,0.7372174859046936,0.6763870716094971
methotrexate,sorafenib,A375,CN(CC1=CN=C2C(=N1)C(=NC(=N2)N)N)C3=CC=C(C=C3)C(=O)NC(CCC(=O)O)C(=O)O,CNC(=O)C1=NC=CC(=C1)OC2=CC=C(C=C2)NC(=O)NC3=CC(=C(C=C3)Cl)C(F)(F)F,7.265,1,-2.8922644,-0.05545,-7.5849175,-1.2608444690704346,2.2095353603363037,0.9011025428771973
methotrexate,sorafenib,A427,CN(CC1=CN=C2C(=N1)C(=NC(=N2)N)N)C3=CC=C(C=C3)C(=O)NC(CCC(=O)O)C(=O)O,CNC(=O)C1=NC=CC(=C1)OC2=CC=C(C=C2)NC(=O)NC3=CC(=C(C=C3)Cl)C(F)(F)F,-2.675,0,-1.4489076,-0.1045,-12.4047985,-0.2552277743816376,1.516459345817566,0.8200165033340454
methotrexate,sorafenib,ES2,CN(CC1=CN=C2C(=N1)C(=NC(=N2)N)N)C3=CC=C(C=C3)C(=O)NC(CCC(=O)O)C(=O)O,CNC(=O)C1=NC=CC(=C1)OC2=CC=C(C=C2)NC(=O)NC3=CC(=C(C=C3)Cl)C(F)(F)F,6.31,1,-2.6492043,-0.0733,-12.145975,0.34279865026474,1.822937250137329,0.8609182238578796
methotrexate,sorafenib,HCT116,CN(CC1=CN=C2C(=N1)C(=NC(=N2)N)N)C3=CC=C(C=C3)C(=O)NC(CCC(=O)O)C(=O)O,CNC(=O)C1=NC=CC(=C1)OC2=CC=C(C=C2)NC(=O)NC3=CC(=C(C=C3)Cl)C(F)(F)F,-3.595,0,-10.651824,-0.1648,-13.844326,-0.658332109451294,0.6445622444152832,0.655784010887146
methotrexate,sorafenib,HT144,CN(CC1=CN=C2C(=N1)C(=NC(=N2)N)N)C3=CC=C(C=C3)C(=O)NC(CCC(=O)O)C(=O)O,CNC(=O)C1=NC=CC(=C1)OC2=CC=C(C=C2)NC(=O)NC3=CC(=C(C=C3)Cl)C(F)(F)F,4.345,1,2.0990772,-0.1088,-15.9508705,-1.2933353185653687,2.975224256515503,0.9514421820640564
methotrexate,sorafenib,HT29,CN(CC1=CN=C2C(=N1)C(=NC(=N2)N)N)C3=CC=C(C=C3)C(=O)NC(CCC(=O)O)C(=O)O,CNC(=O)C1=NC=CC(=C1)OC2=CC=C(C=C2)NC(=O)NC3=CC(=C(C=C3)Cl)C(F)(F)F,-3.485,0,-5.347145,-0.1636325,-12.932039,0.11177048087120056,0.5649113655090332,0.6375882029533386
methotrexate,sorafenib,LOVO,CN(CC1=CN=C2C(=N1)C(=NC(=N2)N)N)C3=CC=C(C=C3)C(=O)NC(CCC(=O)O)C(=O)O,CNC(=O)C1=NC=CC(=C1)OC2=CC=C(C=C2)NC(=O)NC3=CC(=C(C=C3)Cl)C(F)(F)F,0.15,1,-10.404079,-0.0542,-12.34037,-0.6833218932151794,-4.1399688720703125,0.015673767775297165
methotrexate,sorafenib,MDAMB436,CN(CC1=CN=C2C(=N1)C(=NC(=N2)N)N)C3=CC=C(C=C3)C(=O)NC(CCC(=O)O)C(=O)O,CNC(=O)C1=NC=CC(=C1)OC2=CC=C(C=C2)NC(=O)NC3=CC(=C(C=C3)Cl)C(F)(F)F,-0.96,0,-9.064582,-0.154,-10.077624,-0.7971240878105164,-0.5543269515037537,0.3648611009120941
methotrexate,sorafenib,NCIH1650,CN(CC1=CN=C2C(=N1)C(=NC(=N2)N)N)C3=CC=C(C=C3)C(=O)NC(CCC(=O)O)C(=O)O,CNC(=O)C1=NC=CC(=C1)OC2=CC=C(C=C2)NC(=O)NC3=CC(=C(C=C3)Cl)C(F)(F)F,2.445,1,-9.628697,-0.1935,-14.5210705,0.2450597882270813,1.6138269901275635,0.8339420557022095
methotrexate,sorafenib,NCIH23,CN(CC1=CN=C2C(=N1)C(=NC(=N2)N)N)C3=CC=C(C=C3)C(=O)NC(CCC(=O)O)C(=O)O,CNC(=O)C1=NC=CC(=C1)OC2=CC=C(C=C2)NC(=O)NC3=CC(=C(C=C3)Cl)C(F)(F)F,9.9075,1,-4.479927,-0.20675,-24.962608,-1.5784887075424194,0.32088857889175415,0.5795407891273499
methotrexate,sorafenib,NCIH520,CN(CC1=CN=C2C(=N1)C(=NC(=N2)N)N)C3=CC=C(C=C3)C(=O)NC(CCC(=O)O)C(=O)O,CNC(=O)C1=NC=CC(=C1)OC2=CC=C(C=C2)NC(=O)NC3=CC(=C(C=C3)Cl)C(F)(F)F,2.475,1,-3.320535,-0.2925,-15.977925,-0.6410776972770691,3.7388014793395996,0.9767698645591736
methotrexate,sorafenib,OV90,CN(CC1=CN=C2C(=N1)C(=NC(=N2)N)N)C3=CC=C(C=C3)C(=O)NC(CCC(=O)O)C(=O)O,CNC(=O)C1=NC=CC(=C1)OC2=CC=C(C=C2)NC(=O)NC3=CC(=C(C=C3)Cl)C(F)(F)F,-6.52,0,-0.49604443,-0.03825,-14.563843,0.9956571459770203,1.557103157043457,0.8259372711181641
methotrexate,sorafenib,RKO,CN(CC1=CN=C2C(=N1)C(=NC(=N2)N)N)C3=CC=C(C=C3)C(=O)NC(CCC(=O)O)C(=O)O,CNC(=O)C1=NC=CC(=C1)OC2=CC=C(C=C2)NC(=O)NC3=CC(=C(C=C3)Cl)C(F)(F)F,3.285,1,-6.6269965,-0.09045,-12.809599,-0.5620243549346924,2.257063150405884,0.905258059501648
methotrexate,sorafenib,SKMES1,CN(CC1=CN=C2C(=N1)C(=NC(=N2)N)N)C3=CC=C(C=C3)C(=O)NC(CCC(=O)O)C(=O)O,CNC(=O)C1=NC=CC(=C1)OC2=CC=C(C=C2)NC(=O)NC3=CC(=C(C=C3)Cl)C(F)(F)F,4.285,1,-3.7615662,-0.0206,-13.516222,-0.011199772357940674,2.345764398574829,0.9125970005989075
methotrexate,sorafenib,SKOV3,CN(CC1=CN=C2C(=N1)C(=NC(=N2)N)N)C3=CC=C(C=C3)C(=O)NC(CCC(=O)O)C(=O)O,CNC(=O)C1=NC=CC(=C1)OC2=CC=C(C=C2)NC(=O)NC3=CC(=C(C=C3)Cl)C(F)(F)F,11.955,1,6.962518,-0.279125,-9.7680645,0.2010129988193512,0.3869363069534302,0.5955449342727661
methotrexate,sorafenib,SW620,CN(CC1=CN=C2C(=N1)C(=NC(=N2)N)N)C3=CC=C(C=C3)C(=O)NC(CCC(=O)O)C(=O)O,CNC(=O)C1=NC=CC(=C1)OC2=CC=C(C=C2)NC(=O)NC3=CC(=C(C=C3)Cl)C(F)(F)F,4.3175,1,-5.877027,-0.15515,-13.104094,-0.1488741934299469,0.7351869940757751,0.6759424209594727
methotrexate,sorafenib,SW837,CN(CC1=CN=C2C(=N1)C(=NC(=N2)N)N)C3=CC=C(C=C3)C(=O)NC(CCC(=O)O)C(=O)O,CNC(=O)C1=NC=CC(=C1)OC2=CC=C(C=C2)NC(=O)NC3=CC(=C(C=C3)Cl)C(F)(F)F,2.585,1,-6.9826117,-0.1775,-13.686939,0.38219743967056274,1.4607646465301514,0.8116496205329895
methotrexate,sunitinib,A2058,CN(CC1=CN=C2C(=N1)C(=NC(=N2)N)N)C3=CC=C(C=C3)C(=O)NC(CCC(=O)O)C(=O)O,CCN(CC)CCNC(=O)C1=C(NC(=C1C)C=C2C3=C(C=CC(=C3)F)NC2=O)C,-2.645,0,-11.1615305,-0.03825,-7.0422735,-1.057998538017273,-1.3390487432479858,0.2076665461063385
methotrexate,sunitinib,A2780,CN(CC1=CN=C2C(=N1)C(=NC(=N2)N)N)C3=CC=C(C=C3)C(=O)NC(CCC(=O)O)C(=O)O,CCN(CC)CCNC(=O)C1=C(NC(=C1C)C=C2C3=C(C=CC(=C3)F)NC2=O)C,-0.185,0,-5.1507163,-0.0829,-5.946788,1.1415191888809204,3.174790620803833,0.9598744511604309
methotrexate,sunitinib,A375,CN(CC1=CN=C2C(=N1)C(=NC(=N2)N)N)C3=CC=C(C=C3)C(=O)NC(CCC(=O)O)C(=O)O,CCN(CC)CCNC(=O)C1=C(NC(=C1C)C=C2C3=C(C=CC(=C3)F)NC2=O)C,-2.365,0,-6.535547,-0.0733,-4.290352,-1.2872785329818726,0.423175185918808,0.604242742061615
methotrexate,sunitinib,A427,CN(CC1=CN=C2C(=N1)C(=NC(=N2)N)N)C3=CC=C(C=C3)C(=O)NC(CCC(=O)O)C(=O)O,CCN(CC)CCNC(=O)C1=C(NC(=C1C)C=C2C3=C(C=CC(=C3)F)NC2=O)C,-3.005,0,-3.5481124,-0.1751,-8.167797,-0.31910282373428345,0.21768155694007874,0.5542064905166626
methotrexate,sunitinib,HCT116,CN(CC1=CN=C2C(=N1)C(=NC(=N2)N)N)C3=CC=C(C=C3)C(=O)NC(CCC(=O)O)C(=O)O,CCN(CC)CCNC(=O)C1=C(NC(=C1C)C=C2C3=C(C=CC(=C3)F)NC2=O)C,-7.16,0,-15.632533,-0.0883,-9.685832,-0.9688102602958679,-0.27607542276382446,0.43141618371009827
methotrexate,sunitinib,HT29,CN(CC1=CN=C2C(=N1)C(=NC(=N2)N)N)C3=CC=C(C=C3)C(=O)NC(CCC(=O)O)C(=O)O,CCN(CC)CCNC(=O)C1=C(NC(=C1C)C=C2C3=C(C=CC(=C3)F)NC2=O)C,-0.6475,0,-10.692898,-0.3205,-8.961267,0.18718275427818298,0.01149437204003334,0.5028735399246216
methotrexate,sunitinib,MDAMB436,CN(CC1=CN=C2C(=N1)C(=NC(=N2)N)N)C3=CC=C(C=C3)C(=O)NC(CCC(=O)O)C(=O)O,CCN(CC)CCNC(=O)C1=C(NC(=C1C)C=C2C3=C(C=CC(=C3)F)NC2=O)C,-11.905,0,-9.615587,-0.1199,-6.280863,-1.4308815002441406,-3.8086540699005127,0.021696817129850388
methotrexate,sunitinib,NCIH1650,CN(CC1=CN=C2C(=N1)C(=NC(=N2)N)N)C3=CC=C(C=C3)C(=O)NC(CCC(=O)O)C(=O)O,CCN(CC)CCNC(=O)C1=C(NC(=C1C)C=C2C3=C(C=CC(=C3)F)NC2=O)C,-6.63,0,-8.13445,-0.1775,-10.209936,0.4100678563117981,-2.674781560897827,0.06447794288396835
methotrexate,sunitinib,NCIH520,CN(CC1=CN=C2C(=N1)C(=NC(=N2)N)N)C3=CC=C(C=C3)C(=O)NC(CCC(=O)O)C(=O)O,CCN(CC)CCNC(=O)C1=C(NC(=C1C)C=C2C3=C(C=CC(=C3)F)NC2=O)C,2.315,1,-8.486301,-0.316,-11.012993,-0.9276970624923706,3.5738508701324463,0.9727175235748291
methotrexate,sunitinib,OV90,CN(CC1=CN=C2C(=N1)C(=NC(=N2)N)N)C3=CC=C(C=C3)C(=O)NC(CCC(=O)O)C(=O)O,CCN(CC)CCNC(=O)C1=C(NC(=C1C)C=C2C3=C(C=CC(=C3)F)NC2=O)C,-7.83,0,-13.371235,-0.03825,-10.582029,0.6996311545372009,-2.985675096511841,0.048077236860990524
methotrexate,sunitinib,RKO,CN(CC1=CN=C2C(=N1)C(=NC(=N2)N)N)C3=CC=C(C=C3)C(=O)NC(CCC(=O)O)C(=O)O,CCN(CC)CCNC(=O)C1=C(NC(=C1C)C=C2C3=C(C=CC(=C3)F)NC2=O)C,-4.62,0,-10.827776,-0.0608,-9.002299,-0.024464689195156097,0.19061654806137085,0.5475103855133057
methotrexate,sunitinib,SKMES1,CN(CC1=CN=C2C(=N1)C(=NC(=N2)N)N)C3=CC=C(C=C3)C(=O)NC(CCC(=O)O)C(=O)O,CCN(CC)CCNC(=O)C1=C(NC(=C1C)C=C2C3=C(C=CC(=C3)F)NC2=O)C,-9.915,0,-16.422737,-0.167,-9.137194,-0.7394760847091675,-1.0075528621673584,0.26745903491973877
methotrexate,sunitinib,SKOV3,CN(CC1=CN=C2C(=N1)C(=NC(=N2)N)N)C3=CC=C(C=C3)C(=O)NC(CCC(=O)O)C(=O)O,CCN(CC)CCNC(=O)C1=C(NC(=C1C)C=C2C3=C(C=CC(=C3)F)NC2=O)C,2.295,1,-6.9554305,-0.0878,-6.2188025,0.44606953859329224,-0.05836498364806175,0.4854128658771515
methotrexate,sunitinib,SW620,CN(CC1=CN=C2C(=N1)C(=NC(=N2)N)N)C3=CC=C(C=C3)C(=O)NC(CCC(=O)O)C(=O)O,CCN(CC)CCNC(=O)C1=C(NC(=C1C)C=C2C3=C(C=CC(=C3)F)NC2=O)C,-4.9475,0,-10.710889,-0.399375,-8.725056,-0.29186517000198364,-0.6205076575279236,0.349666029214859
methotrexate,sunitinib,SW837,CN(CC1=CN=C2C(=N1)C(=NC(=N2)N)N)C3=CC=C(C=C3)C(=O)NC(CCC(=O)O)C(=O)O,CCN(CC)CCNC(=O)C1=C(NC(=C1C)C=C2C3=C(C=CC(=C3)F)NC2=O)C,-10.175,0,-11.455015,-0.0563,-11.621658,0.8838465213775635,-1.6329033374786377,0.1634330153465271
methotrexate,temozolomide,A2058,CN(CC1=CN=C2C(=N1)C(=NC(=N2)N)N)C3=CC=C(C=C3)C(=O)NC(CCC(=O)O)C(=O)O,CN1C(=O)N2C=NC(=C2N=N1)C(=O)N,-7.56,0,0.9974138,-0.344,-5.4300423,0.002680361270904541,-1.26580011844635,0.21997703611850739
methotrexate,temozolomide,A2780,CN(CC1=CN=C2C(=N1)C(=NC(=N2)N)N)C3=CC=C(C=C3)C(=O)NC(CCC(=O)O)C(=O)O,CN1C(=O)N2C=NC(=C2N=N1)C(=O)N,10.215,1,-19.572649,-0.371,-7.037419,1.8654507398605347,3.1570613384246826,0.9591860771179199
methotrexate,temozolomide,A375,CN(CC1=CN=C2C(=N1)C(=NC(=N2)N)N)C3=CC=C(C=C3)C(=O)NC(CCC(=O)O)C(=O)O,CN1C(=O)N2C=NC(=C2N=N1)C(=O)N,1.79,1,-25.559887,-0.35,-7.417554,-0.43611621856689453,-0.4854205250740051,0.3809729814529419
methotrexate,temozolomide,A427,CN(CC1=CN=C2C(=N1)C(=NC(=N2)N)N)C3=CC=C(C=C3)C(=O)NC(CCC(=O)O)C(=O)O,CN1C(=O)N2C=NC(=C2N=N1)C(=O)N,-6.42,0,-6.5414267,-0.2955,-9.295186,-0.7248164415359497,1.5653553009033203,0.8271204829216003
methotrexate,temozolomide,ES2,CN(CC1=CN=C2C(=N1)C(=NC(=N2)N)N)C3=CC=C(C=C3)C(=O)NC(CCC(=O)O)C(=O)O,CN1C(=O)N2C=NC(=C2N=N1)C(=O)N,-2.65,0,-9.954076,-0.4075,-7.8494263,0.0013613104820251465,2.7710611820220947,0.941091775894165
methotrexate,temozolomide,HCT116,CN(CC1=CN=C2C(=N1)C(=NC(=N2)N)N)C3=CC=C(C=C3)C(=O)NC(CCC(=O)O)C(=O)O,CN1C(=O)N2C=NC(=C2N=N1)C(=O)N,-4.25,0,-67.01509,-0.452,-9.727252,-0.8186485171318054,0.17572708427906036,0.5438190698623657
methotrexate,temozolomide,HT144,CN(CC1=CN=C2C(=N1)C(=NC(=N2)N)N)C3=CC=C(C=C3)C(=O)NC(CCC(=O)O)C(=O)O,CN1C(=O)N2C=NC(=C2N=N1)C(=O)N,1.115,1,-24.087273,-0.4875,-15.7343,0.37863144278526306,-1.2003239393234253,0.23141758143901825
methotrexate,temozolomide,HT29,CN(CC1=CN=C2C(=N1)C(=NC(=N2)N)N)C3=CC=C(C=C3)C(=O)NC(CCC(=O)O)C(=O)O,CN1C(=O)N2C=NC(=C2N=N1)C(=O)N,-0.92,0,-52.09146,-0.2935,-10.174061,-0.031007885932922363,0.23545843362808228,0.5585941076278687
methotrexate,temozolomide,LOVO,CN(CC1=CN=C2C(=N1)C(=NC(=N2)N)N)C3=CC=C(C=C3)C(=O)NC(CCC(=O)O)C(=O)O,CN1C(=O)N2C=NC(=C2N=N1)C(=O)N,0.595,1,-22.629326,-0.5225,-11.869731,-0.5676232576370239,-1.6484123468399048,0.1613236367702484
methotrexate,temozolomide,MDAMB436,CN(CC1=CN=C2C(=N1)C(=NC(=N2)N)N)C3=CC=C(C=C3)C(=O)NC(CCC(=O)O)C(=O)O,CN1C(=O)N2C=NC(=C2N=N1)C(=O)N,-3.41,0,-11.590027,-0.498,-4.7366085,0.06915643811225891,-2.9635720252990723,0.049098968505859375
methotrexate,temozolomide,NCIH2122,CN(CC1=CN=C2C(=N1)C(=NC(=N2)N)N)C3=CC=C(C=C3)C(=O)NC(CCC(=O)O)C(=O)O,CN1C(=O)N2C=NC(=C2N=N1)C(=O)N,2.965,1,-15.545879,-0.1139,-13.0716305,0.6687817573547363,3.863926649093628,0.9794458746910095
methotrexate,temozolomide,NCIH23,CN(CC1=CN=C2C(=N1)C(=NC(=N2)N)N)C3=CC=C(C=C3)C(=O)NC(CCC(=O)O)C(=O)O,CN1C(=O)N2C=NC(=C2N=N1)C(=O)N,3.79,1,-13.294083,-0.0317,-18.586851,-1.746842622756958,0.3499758243560791,0.5866117477416992
methotrexate,temozolomide,OV90,CN(CC1=CN=C2C(=N1)C(=NC(=N2)N)N)C3=CC=C(C=C3)C(=O)NC(CCC(=O)O)C(=O)O,CN1C(=O)N2C=NC(=C2N=N1)C(=O)N,-9.345,0,-7.8611684,-0.07585,-11.450324,0.48100394010543823,-2.6417109966278076,0.06650173664093018
methotrexate,temozolomide,RKO,CN(CC1=CN=C2C(=N1)C(=NC(=N2)N)N)C3=CC=C(C=C3)C(=O)NC(CCC(=O)O)C(=O)O,CN1C(=O)N2C=NC(=C2N=N1)C(=O)N,-2.42,0,-38.69209,-0.078,-8.670333,0.36101865768432617,0.04345471039414406,0.5108619928359985
methotrexate,temozolomide,SKMES1,CN(CC1=CN=C2C(=N1)C(=NC(=N2)N)N)C3=CC=C(C=C3)C(=O)NC(CCC(=O)O)C(=O)O,CN1C(=O)N2C=NC(=C2N=N1)C(=O)N,-8.2,0,-23.56818,-0.0788,-10.585886,-0.32633066177368164,0.3640672564506531,0.5900246500968933
methotrexate,temozolomide,SKOV3,CN(CC1=CN=C2C(=N1)C(=NC(=N2)N)N)C3=CC=C(C=C3)C(=O)NC(CCC(=O)O)C(=O)O,CN1C(=O)N2C=NC(=C2N=N1)C(=O)N,3.08,1,-31.811893,-0.0206,-10.742616,0.060030482709407806,0.026133809238672256,0.5065330862998962
methotrexate,temozolomide,SW620,CN(CC1=CN=C2C(=N1)C(=NC(=N2)N)N)C3=CC=C(C=C3)C(=O)NC(CCC(=O)O)C(=O)O,CN1C(=O)N2C=NC(=C2N=N1)C(=O)N,-7.34,0,-15.760119,-0.0828,-9.275791,-0.07053756713867188,-0.4012851119041443,0.4010035991668701
methotrexate,temozolomide,SW837,CN(CC1=CN=C2C(=N1)C(=NC(=N2)N)N)C3=CC=C(C=C3)C(=O)NC(CCC(=O)O)C(=O)O,CN1C(=O)N2C=NC(=C2N=N1)C(=O)N,-3.155,0,-36.056187,-0.1775,-17.438822,0.16696196794509888,3.4133009910583496,0.9681176543235779
methotrexate,temozolomide,T47D,CN(CC1=CN=C2C(=N1)C(=NC(=N2)N)N)C3=CC=C(C=C3)C(=O)NC(CCC(=O)O)C(=O)O,CN1C(=O)N2C=NC(=C2N=N1)C(=O)N,-1.11,0,-65.45568,-0.153,-19.039602,0.4479628801345825,0.2928299903869629,0.5726888179779053
mk2206,bortezomib,A2058,C1CC(C1)(C2=CC=C(C=C2)C3=C(C=C4C(=N3)C=CN5C4=NNC5=O)C6=CC=CC=C6)N,B(C(CC(C)C)NC(=O)C(CC1=CC=CC=C1)NC(=O)C2=NC=CN=C2)(O)O,1.16,1,-0.851829,-0.1805,4.671015,-1.1271324157714844,0.8110907673835754,0.6923418641090393
mk2206,bortezomib,A2780,C1CC(C1)(C2=CC=C(C=C2)C3=C(C=C4C(=N3)C=CN5C4=NNC5=O)C6=CC=CC=C6)N,B(C(CC(C)C)NC(=O)C(CC1=CC=CC=C1)NC(=O)C2=NC=CN=C2)(O)O,11.61,1,4.9974265,-0.074,4.34202,0.8341549634933472,4.89155912399292,0.9925462603569031
mk2206,bortezomib,A375,C1CC(C1)(C2=CC=C(C=C2)C3=C(C=C4C(=N3)C=CN5C4=NNC5=O)C6=CC=CC=C6)N,B(C(CC(C)C)NC(=O)C(CC1=CC=CC=C1)NC(=O)C2=NC=CN=C2)(O)O,1.09,1,-46.610134,-0.1605,7.0254817,-0.9094420671463013,-0.9628172516822815,0.27631446719169617
mk2206,bortezomib,A427,C1CC(C1)(C2=CC=C(C=C2)C3=C(C=C4C(=N3)C=CN5C4=NNC5=O)C6=CC=CC=C6)N,B(C(CC(C)C)NC(=O)C(CC1=CC=CC=C1)NC(=O)C2=NC=CN=C2)(O)O,-2.555,0,-1.9468046,-0.08175,-1.657408,-0.03934565186500549,-2.110229015350342,0.1081065833568573
mk2206,bortezomib,ES2,C1CC(C1)(C2=CC=C(C=C2)C3=C(C=C4C(=N3)C=CN5C4=NNC5=O)C6=CC=CC=C6)N,B(C(CC(C)C)NC(=O)C(CC1=CC=CC=C1)NC(=O)C2=NC=CN=C2)(O)O,3.145,1,-4.6055903,-0.266,1.2477541,-0.8782461285591125,0.15989089012145996,0.5398877859115601
mk2206,bortezomib,HCT116,C1CC(C1)(C2=CC=C(C=C2)C3=C(C=C4C(=N3)C=CN5C4=NNC5=O)C6=CC=CC=C6)N,B(C(CC(C)C)NC(=O)C(CC1=CC=CC=C1)NC(=O)C2=NC=CN=C2)(O)O,0.51,1,-2.1261463,-0.2065,0.40850678,-0.35246986150741577,-0.4779762029647827,0.382730096578598
mk2206,bortezomib,HT144,C1CC(C1)(C2=CC=C(C=C2)C3=C(C=C4C(=N3)C=CN5C4=NNC5=O)C6=CC=CC=C6)N,B(C(CC(C)C)NC(=O)C(CC1=CC=CC=C1)NC(=O)C2=NC=CN=C2)(O)O,-2.17,0,-4.700594,-0.181,-4.1260133,-0.8464810252189636,-3.7153894901275635,0.023767318576574326
mk2206,bortezomib,HT29,C1CC(C1)(C2=CC=C(C=C2)C3=C(C=C4C(=N3)C=CN5C4=NNC5=O)C6=CC=CC=C6)N,B(C(CC(C)C)NC(=O)C(CC1=CC=CC=C1)NC(=O)C2=NC=CN=C2)(O)O,-1.54,0,-1.5784785,-0.327,2.6954532,0.43311333656311035,0.6364226937294006,0.6539443731307983
mk2206,bortezomib,LOVO,C1CC(C1)(C2=CC=C(C=C2)C3=C(C=C4C(=N3)C=CN5C4=NNC5=O)C6=CC=CC=C6)N,B(C(CC(C)C)NC(=O)C(CC1=CC=CC=C1)NC(=O)C2=NC=CN=C2)(O)O,-1.72,0,0.21364169,-0.26,4.216783,0.04766499996185303,-1.5008478164672852,0.18229910731315613
mk2206,bortezomib,MDAMB436,C1CC(C1)(C2=CC=C(C=C2)C3=C(C=C4C(=N3)C=CN5C4=NNC5=O)C6=CC=CC=C6)N,B(C(CC(C)C)NC(=O)C(CC1=CC=CC=C1)NC(=O)C2=NC=CN=C2)(O)O,-2.55,0,0.113500002,-0.1865,3.8666642,-0.6894447803497314,-2.392728805541992,0.0837288424372673
mk2206,bortezomib,NCIH1650,C1CC(C1)(C2=CC=C(C=C2)C3=C(C=C4C(=N3)C=CN5C4=NNC5=O)C6=CC=CC=C6)N,B(C(CC(C)C)NC(=O)C(CC1=CC=CC=C1)NC(=O)C2=NC=CN=C2)(O)O,-2.15,0,-2.0328171,-0.06055,-2.037097,-0.23742184042930603,-5.100213527679443,0.006058515049517155
mk2206,bortezomib,NCIH2122,C1CC(C1)(C2=CC=C(C=C2)C3=C(C=C4C(=N3)C=CN5C4=NNC5=O)C6=CC=CC=C6)N,B(C(CC(C)C)NC(=O)C(CC1=CC=CC=C1)NC(=O)C2=NC=CN=C2)(O)O,1.895,1,1.8350567,-0.195,-4.44444,-0.07271189987659454,2.8543026447296143,0.9455406665802002
mk2206,bortezomib,NCIH23,C1CC(C1)(C2=CC=C(C=C2)C3=C(C=C4C(=N3)C=CN5C4=NNC5=O)C6=CC=CC=C6)N,B(C(CC(C)C)NC(=O)C(CC1=CC=CC=C1)NC(=O)C2=NC=CN=C2)(O)O,-0.82,0,-2.2905803,-0.187,-13.087366,-1.9893467426300049,-2.250976800918579,0.09526523947715759
mk2206,bortezomib,NCIH520,C1CC(C1)(C2=CC=C(C=C2)C3=C(C=C4C(=N3)C=CN5C4=NNC5=O)C6=CC=CC=C6)N,B(C(CC(C)C)NC(=O)C(CC1=CC=CC=C1)NC(=O)C2=NC=CN=C2)(O)O,-1.225,0,-2.3839784,-0.2115,-4.9729357,-0.7872236967086792,1.7666983604431152,0.8540465831756592
mk2206,bortezomib,OV90,C1CC(C1)(C2=CC=C(C=C2)C3=C(C=C4C(=N3)C=CN5C4=NNC5=O)C6=CC=CC=C6)N,B(C(CC(C)C)NC(=O)C(CC1=CC=CC=C1)NC(=O)C2=NC=CN=C2)(O)O,-4.37,0,-1.4524475,-0.1985,-0.646429,0.9896953105926514,-0.25337082147598267,0.4369939863681793
mk2206,bortezomib,SKOV3,C1CC(C1)(C2=CC=C(C=C2)C3=C(C=C4C(=N3)C=CN5C4=NNC5=O)C6=CC=CC=C6)N,B(C(CC(C)C)NC(=O)C(CC1=CC=CC=C1)NC(=O)C2=NC=CN=C2)(O)O,-2.51,0,-1.7061517,-0.317,4.515344,0.6910129189491272,-0.8646489977836609,0.29636895656585693
mk2206,bortezomib,SW620,C1CC(C1)(C2=CC=C(C=C2)C3=C(C=C4C(=N3)C=CN5C4=NNC5=O)C6=CC=CC=C6)N,B(C(CC(C)C)NC(=O)C(CC1=CC=CC=C1)NC(=O)C2=NC=CN=C2)(O)O,-0.965,0,-8.905622,-0.2105,1.4041435,-0.03704255819320679,0.1997881531715393,0.5497815608978271
mk2206,bortezomib,SW837,C1CC(C1)(C2=CC=C(C=C2)C3=C(C=C4C(=N3)C=CN5C4=NNC5=O)C6=CC=CC=C6)N,B(C(CC(C)C)NC(=O)C(CC1=CC=CC=C1)NC(=O)C2=NC=CN=C2)(O)O,1.98,1,-1.3320402,-0.07795,-3.2836652,0.12626025080680847,-1.8697134256362915,0.13357487320899963
mk2206,bortezomib,T47D,C1CC(C1)(C2=CC=C(C=C2)C3=C(C=C4C(=N3)C=CN5C4=NNC5=O)C6=CC=CC=C6)N,B(C(CC(C)C)NC(=O)C(CC1=CC=CC=C1)NC(=O)C2=NC=CN=C2)(O)O,-1.77,0,-0.6080332,-0.1033,-2.0411413,0.38755694031715393,-0.966749370098114,0.2755289077758789
mk2206,dasatinib,A2058,C1CC(C1)(C2=CC=C(C=C2)C3=C(C=C4C(=N3)C=CN5C4=NNC5=O)C6=CC=CC=C6)N,CC1=C(C(=CC=C1)Cl)NC(=O)C2=CN=C(S2)NC3=NC(=NC(=C3)N4CCN(CC4)CCO)C,12.39,1,16.953907,-0.0206,38.807377,-0.28778210282325745,2.116396188735962,0.892486572265625
mk2206,dasatinib,A2780,C1CC(C1)(C2=CC=C(C=C2)C3=C(C=C4C(=N3)C=CN5C4=NNC5=O)C6=CC=CC=C6)N,CC1=C(C(=CC=C1)Cl)NC(=O)C2=CN=C(S2)NC3=NC(=NC(=C3)N4CCN(CC4)CCO)C,21.6,1,17.696203,-0.07525,45.43745,-0.06959864497184753,3.9918668270111084,0.981869637966156
mk2206,dasatinib,ES2,C1CC(C1)(C2=CC=C(C=C2)C3=C(C=C4C(=N3)C=CN5C4=NNC5=O)C6=CC=CC=C6)N,CC1=C(C(=CC=C1)Cl)NC(=O)C2=CN=C(S2)NC3=NC(=NC(=C3)N4CCN(CC4)CCO)C,-1.565,0,2.0009067,-0.138,31.658518,-0.5470804572105408,1.4983551502227783,0.8173289895057678
mk2206,dasatinib,HT29,C1CC(C1)(C2=CC=C(C=C2)C3=C(C=C4C(=N3)C=CN5C4=NNC5=O)C6=CC=CC=C6)N,CC1=C(C(=CC=C1)Cl)NC(=O)C2=CN=C(S2)NC3=NC(=NC(=C3)N4CCN(CC4)CCO)C,14.95,1,19.101809,-0.155,40.528183,0.298600971698761,0.1463066041469574,0.5365115404129028
mk2206,dasatinib,LOVO,C1CC(C1)(C2=CC=C(C=C2)C3=C(C=C4C(=N3)C=CN5C4=NNC5=O)C6=CC=CC=C6)N,CC1=C(C(=CC=C1)Cl)NC(=O)C2=CN=C(S2)NC3=NC(=NC(=C3)N4CCN(CC4)CCO)C,-2.845,0,10.97277,-0.199,39.00031,0.5727825164794922,-3.8540492057800293,0.02075389213860035
mk2206,dasatinib,NCIH1650,C1CC(C1)(C2=CC=C(C=C2)C3=C(C=C4C(=N3)C=CN5C4=NNC5=O)C6=CC=CC=C6)N,CC1=C(C(=CC=C1)Cl)NC(=O)C2=CN=C(S2)NC3=NC(=NC(=C3)N4CCN(CC4)CCO)C,6.455,1,10.21349,-0.2215,41.72569,0.6166346669197083,-3.906493902206421,0.019714413210749626
mk2206,dasatinib,NCIH23,C1CC(C1)(C2=CC=C(C=C2)C3=C(C=C4C(=N3)C=CN5C4=NNC5=O)C6=CC=CC=C6)N,CC1=C(C(=CC=C1)Cl)NC(=O)C2=CN=C(S2)NC3=NC(=NC(=C3)N4CCN(CC4)CCO)C,4.595,1,14.995452,-0.0997,21.85677,-1.8486746549606323,0.36427170038223267,0.5900741219520569
mk2206,dasatinib,NCIH520,C1CC(C1)(C2=CC=C(C=C2)C3=C(C=C4C(=N3)C=CN5C4=NNC5=O)C6=CC=CC=C6)N,CC1=C(C(=CC=C1)Cl)NC(=O)C2=CN=C(S2)NC3=NC(=NC(=C3)N4CCN(CC4)CCO)C,-2.87,0,9.33569,-0.06675,37.039265,-1.7563436031341553,2.89020037651062,0.9473598599433899
mk2206,dasatinib,OV90,C1CC(C1)(C2=CC=C(C=C2)C3=C(C=C4C(=N3)C=CN5C4=NNC5=O)C6=CC=CC=C6)N,CC1=C(C(=CC=C1)Cl)NC(=O)C2=CN=C(S2)NC3=NC(=NC(=C3)N4CCN(CC4)CCO)C,3.95,1,9.612206,-0.1278,33.969604,0.5189869403839111,0.6403562426567078,0.654833972454071
mk2206,dasatinib,SKMES1,C1CC(C1)(C2=CC=C(C=C2)C3=C(C=C4C(=N3)C=CN5C4=NNC5=O)C6=CC=CC=C6)N,CC1=C(C(=CC=C1)Cl)NC(=O)C2=CN=C(S2)NC3=NC(=NC(=C3)N4CCN(CC4)CCO)C,-2.11,0,10.004978,-0.1038,37.69093,-0.7101320028305054,1.1477460861206055,0.759099006652832
mk2206,dasatinib,SKOV3,C1CC(C1)(C2=CC=C(C=C2)C3=C(C=C4C(=N3)C=CN5C4=NNC5=O)C6=CC=CC=C6)N,CC1=C(C(=CC=C1)Cl)NC(=O)C2=CN=C(S2)NC3=NC(=NC(=C3)N4CCN(CC4)CCO)C,1.445,1,11.459261,-0.12555,36.264782,0.06474398821592331,0.2773868441581726,0.5689054727554321
mk2206,dasatinib,SW620,C1CC(C1)(C2=CC=C(C=C2)C3=C(C=C4C(=N3)C=CN5C4=NNC5=O)C6=CC=CC=C6)N,CC1=C(C(=CC=C1)Cl)NC(=O)C2=CN=C(S2)NC3=NC(=NC(=C3)N4CCN(CC4)CCO)C,-1.31,0,9.740471,-0.1605,34.586052,-0.7924544215202332,0.5347030758857727,0.6305793523788452
mk2206,dasatinib,SW837,C1CC(C1)(C2=CC=C(C=C2)C3=C(C=C4C(=N3)C=CN5C4=NNC5=O)C6=CC=CC=C6)N,CC1=C(C(=CC=C1)Cl)NC(=O)C2=CN=C(S2)NC3=NC(=NC(=C3)N4CCN(CC4)CCO)C,4.135,1,14.258579,-0.1555,37.536648,0.2896699905395508,-0.25863808393478394,0.4356985092163086
mk2206,dinaciclib,A2780,C1CC(C1)(C2=CC=C(C=C2)C3=C(C=C4C(=N3)C=CN5C4=NNC5=O)C6=CC=CC=C6)N,CCC1=C2N=C(C=C(N2N=C1)NCC3=C[N+](=CC=C3)[O-])N4CCCCC4CCO,3.065,1,4.973861,-0.0888,16.7127,0.58011794090271,2.260058641433716,0.905514657497406
mk2206,dinaciclib,A375,C1CC(C1)(C2=CC=C(C=C2)C3=C(C=C4C(=N3)C=CN5C4=NNC5=O)C6=CC=CC=C6)N,CCC1=C2N=C(C=C(N2N=C1)NCC3=C[N+](=CC=C3)[O-])N4CCCCC4CCO,6.47,1,-53.620327,-0.07525,17.646717,-0.3705190420150757,0.8465729355812073,0.6998477578163147
mk2206,dinaciclib,A427,C1CC(C1)(C2=CC=C(C=C2)C3=C(C=C4C(=N3)C=CN5C4=NNC5=O)C6=CC=CC=C6)N,CCC1=C2N=C(C=C(N2N=C1)NCC3=C[N+](=CC=C3)[O-])N4CCCCC4CCO,-3.075,0,-0.66028225,-0.02805,11.286933,-1.1070585250854492,-2.1233818531036377,0.10684491693973541
mk2206,dinaciclib,ES2,C1CC(C1)(C2=CC=C(C=C2)C3=C(C=C4C(=N3)C=CN5C4=NNC5=O)C6=CC=CC=C6)N,CCC1=C2N=C(C=C(N2N=C1)NCC3=C[N+](=CC=C3)[O-])N4CCCCC4CCO,2.47,1,-6.348512,-0.03055,10.167008,0.4314596354961395,1.7839101552963257,0.8561789989471436
mk2206,dinaciclib,HCT116,C1CC(C1)(C2=CC=C(C=C2)C3=C(C=C4C(=N3)C=CN5C4=NNC5=O)C6=CC=CC=C6)N,CCC1=C2N=C(C=C(N2N=C1)NCC3=C[N+](=CC=C3)[O-])N4CCCCC4CCO,1.495,1,-3.005742,-0.03045,9.622374,-0.516651451587677,0.1415078043937683,0.5353180170059204
mk2206,dinaciclib,HT144,C1CC(C1)(C2=CC=C(C=C2)C3=C(C=C4C(=N3)C=CN5C4=NNC5=O)C6=CC=CC=C6)N,CCC1=C2N=C(C=C(N2N=C1)NCC3=C[N+](=CC=C3)[O-])N4CCCCC4CCO,-1.57,0,-6.783169,-0.11295,6.2889295,-0.31416594982147217,-2.996788501739502,0.04757117107510567
mk2206,dinaciclib,HT29,C1CC(C1)(C2=CC=C(C=C2)C3=C(C=C4C(=N3)C=CN5C4=NNC5=O)C6=CC=CC=C6)N,CCC1=C2N=C(C=C(N2N=C1)NCC3=C[N+](=CC=C3)[O-])N4CCCCC4CCO,4.295,1,-1.4253534,-0.1945,13.910025,0.1796727180480957,1.2221944332122803,0.7724494338035583
mk2206,dinaciclib,LOVO,C1CC(C1)(C2=CC=C(C=C2)C3=C(C=C4C(=N3)C=CN5C4=NNC5=O)C6=CC=CC=C6)N,CCC1=C2N=C(C=C(N2N=C1)NCC3=C[N+](=CC=C3)[O-])N4CCCCC4CCO,-2.66,0,-1.9122988,-0.13705,13.412857,-0.48221930861473083,-2.8955461978912354,0.05237416923046112
mk2206,dinaciclib,NCIH2122,C1CC(C1)(C2=CC=C(C=C2)C3=C(C=C4C(=N3)C=CN5C4=NNC5=O)C6=CC=CC=C6)N,CCC1=C2N=C(C=C(N2N=C1)NCC3=C[N+](=CC=C3)[O-])N4CCCCC4CCO,2.685,1,2.8222766,-0.132,5.233647,0.772854745388031,2.702317476272583,0.937163233757019
mk2206,dinaciclib,OV90,C1CC(C1)(C2=CC=C(C=C2)C3=C(C=C4C(=N3)C=CN5C4=NNC5=O)C6=CC=CC=C6)N,CCC1=C2N=C(C=C(N2N=C1)NCC3=C[N+](=CC=C3)[O-])N4CCCCC4CCO,-2.91,0,-1.2703294,-0.183,9.951128,1.3684033155441284,0.36573851108551025,0.59042888879776
mk2206,dinaciclib,RKO,C1CC(C1)(C2=CC=C(C=C2)C3=C(C=C4C(=N3)C=CN5C4=NNC5=O)C6=CC=CC=C6)N,CCC1=C2N=C(C=C(N2N=C1)NCC3=C[N+](=CC=C3)[O-])N4CCCCC4CCO,-3.225,0,-7.0884833,-0.0397,13.311065,0.3861806094646454,0.024681542068719864,0.5061700940132141
mk2206,dinaciclib,SKMES1,C1CC(C1)(C2=CC=C(C=C2)C3=C(C=C4C(=N3)C=CN5C4=NNC5=O)C6=CC=CC=C6)N,CCC1=C2N=C(C=C(N2N=C1)NCC3=C[N+](=CC=C3)[O-])N4CCCCC4CCO,-1.74,0,-0.66218287,-0.0777,13.209803,-0.3556464612483978,1.191267490386963,0.7669677138328552
mk2206,dinaciclib,SKOV3,C1CC(C1)(C2=CC=C(C=C2)C3=C(C=C4C(=N3)C=CN5C4=NNC5=O)C6=CC=CC=C6)N,CCC1=C2N=C(C=C(N2N=C1)NCC3=C[N+](=CC=C3)[O-])N4CCCCC4CCO,3.525,1,-3.0624819,-0.05665,13.286692,0.02381962537765503,0.5676135420799255,0.6382123231887817
mk2206,dinaciclib,SW620,C1CC(C1)(C2=CC=C(C=C2)C3=C(C=C4C(=N3)C=CN5C4=NNC5=O)C6=CC=CC=C6)N,CCC1=C2N=C(C=C(N2N=C1)NCC3=C[N+](=CC=C3)[O-])N4CCCCC4CCO,-1.125,0,-12.19754,-0.02805,9.513214,-0.14899349212646484,0.7993022799491882,0.6898252367973328
mk2206,dinaciclib,SW837,C1CC(C1)(C2=CC=C(C=C2)C3=C(C=C4C(=N3)C=CN5C4=NNC5=O)C6=CC=CC=C6)N,CCC1=C2N=C(C=C(N2N=C1)NCC3=C[N+](=CC=C3)[O-])N4CCCCC4CCO,-3.37,0,-5.811738,-0.03055,7.9107747,0.290073037147522,-0.3063333034515381,0.4240100085735321
mk2206,erlotinib,A2780,C1CC(C1)(C2=CC=C(C=C2)C3=C(C=C4C(=N3)C=CN5C4=NNC5=O)C6=CC=CC=C6)N,COCCOC1=C(C=C2C(=C1)C(=NC=N2)NC3=CC=CC(=C3)C#C)OCCOC,14.53,1,17.49107,-0.1255,27.829561,1.3252966403961182,1.4103091955184937,0.803814709186554
mk2206,erlotinib,A375,C1CC(C1)(C2=CC=C(C=C2)C3=C(C=C4C(=N3)C=CN5C4=NNC5=O)C6=CC=CC=C6)N,COCCOC1=C(C=C2C(=C1)C(=NC=N2)NC3=CC=CC(=C3)C#C)OCCOC,-0.38,0,-1.7951573,-0.0885,29.365679,-1.168192744255066,1.8596746921539307,0.8652589917182922
mk2206,erlotinib,A427,C1CC(C1)(C2=CC=C(C=C2)C3=C(C=C4C(=N3)C=CN5C4=NNC5=O)C6=CC=CC=C6)N,COCCOC1=C(C=C2C(=C1)C(=NC=N2)NC3=CC=CC(=C3)C#C)OCCOC,-3.47,0,7.3033037,-0.06795,21.912735,-0.7596145868301392,-0.506327211856842,0.37605491280555725
mk2206,erlotinib,HCT116,C1CC(C1)(C2=CC=C(C=C2)C3=C(C=C4C(=N3)C=CN5C4=NNC5=O)C6=CC=CC=C6)N,COCCOC1=C(C=C2C(=C1)C(=NC=N2)NC3=CC=CC(=C3)C#C)OCCOC,1.79,1,6.5416865,-0.03045,23.940586,-0.4571134150028229,-0.18131020665168762,0.45479616522789
mk2206,erlotinib,HT144,C1CC(C1)(C2=CC=C(C=C2)C3=C(C=C4C(=N3)C=CN5C4=NNC5=O)C6=CC=CC=C6)N,COCCOC1=C(C=C2C(=C1)C(=NC=N2)NC3=CC=CC(=C3)C#C)OCCOC,-4.925,0,7.639365,-0.138,17.82416,-1.5533044338226318,-2.663752317428589,0.06514643132686615
mk2206,erlotinib,LOVO,C1CC(C1)(C2=CC=C(C=C2)C3=C(C=C4C(=N3)C=CN5C4=NNC5=O)C6=CC=CC=C6)N,COCCOC1=C(C=C2C(=C1)C(=NC=N2)NC3=CC=CC(=C3)C#C)OCCOC,-5.245,0,8.738053,-0.2485,29.276688,0.3829694986343384,-2.78940486907959,0.05789940804243088
mk2206,erlotinib,MDAMB436,C1CC(C1)(C2=CC=C(C=C2)C3=C(C=C4C(=N3)C=CN5C4=NNC5=O)C6=CC=CC=C6)N,COCCOC1=C(C=C2C(=C1)C(=NC=N2)NC3=CC=CC(=C3)C#C)OCCOC,-2.61,0,5.1056333,-0.2955,22.600935,-0.4691717028617859,-1.440483570098877,0.19147047400474548
mk2206,erlotinib,NCIH2122,C1CC(C1)(C2=CC=C(C=C2)C3=C(C=C4C(=N3)C=CN5C4=NNC5=O)C6=CC=CC=C6)N,COCCOC1=C(C=C2C(=C1)C(=NC=N2)NC3=CC=CC(=C3)C#C)OCCOC,13.835,1,13.014076,-0.304,18.454132,-0.7326300740242004,1.5055967569351196,0.8184077143669128
mk2206,erlotinib,NCIH23,C1CC(C1)(C2=CC=C(C=C2)C3=C(C=C4C(=N3)C=CN5C4=NNC5=O)C6=CC=CC=C6)N,COCCOC1=C(C=C2C(=C1)C(=NC=N2)NC3=CC=CC(=C3)C#C)OCCOC,-1.56,0,8.760863,-0.243,7.0802326,-1.433032512664795,-0.19150450825691223,0.45226964354515076
mk2206,erlotinib,OV90,C1CC(C1)(C2=CC=C(C=C2)C3=C(C=C4C(=N3)C=CN5C4=NNC5=O)C6=CC=CC=C6)N,COCCOC1=C(C=C2C(=C1)C(=NC=N2)NC3=CC=CC(=C3)C#C)OCCOC,-2.82,0,5.4560404,-0.321,20.314856,0.4610929787158966,-1.7585387229919434,0.14697344601154327
mk2206,erlotinib,RKO,C1CC(C1)(C2=CC=C(C=C2)C3=C(C=C4C(=N3)C=CN5C4=NNC5=O)C6=CC=CC=C6)N,COCCOC1=C(C=C2C(=C1)C(=NC=N2)NC3=CC=CC(=C3)C#C)OCCOC,-4.51,0,5.9175487,-0.2105,23.346363,-0.1020321249961853,-1.354290246963501,0.20516987144947052
mk2206,erlotinib,SKMES1,C1CC(C1)(C2=CC=C(C=C2)C3=C(C=C4C(=N3)C=CN5C4=NNC5=O)C6=CC=CC=C6)N,COCCOC1=C(C=C2C(=C1)C(=NC=N2)NC3=CC=CC(=C3)C#C)OCCOC,4.1,1,6.6265907,-0.0997,26.029135,-0.9526708126068115,0.5102120041847229,0.624856173992157
mk2206,erlotinib,SKOV3,C1CC(C1)(C2=CC=C(C=C2)C3=C(C=C4C(=N3)C=CN5C4=NNC5=O)C6=CC=CC=C6)N,COCCOC1=C(C=C2C(=C1)C(=NC=N2)NC3=CC=CC(=C3)C#C)OCCOC,9.3,1,10.889835,-0.0543,27.62638,0.5257512927055359,0.8847479224205017,0.7078051567077637
mk2206,erlotinib,SW837,C1CC(C1)(C2=CC=C(C=C2)C3=C(C=C4C(=N3)C=CN5C4=NNC5=O)C6=CC=CC=C6)N,COCCOC1=C(C=C2C(=C1)C(=NC=N2)NC3=CC=CC(=C3)C#C)OCCOC,12.72,1,8.6375675,-0.0206,25.7966,1.0204020738601685,-1.712099552154541,0.152891606092453
mk2206,erlotinib,T47D,C1CC(C1)(C2=CC=C(C=C2)C3=C(C=C4C(=N3)C=CN5C4=NNC5=O)C6=CC=CC=C6)N,COCCOC1=C(C=C2C(=C1)C(=NC=N2)NC3=CC=CC(=C3)C#C)OCCOC,-2.445,0,8.416517,-0.03055,24.84237,-0.12517297267913818,0.03699106350541115,0.5092467069625854
mk2206,geldanamycin,A2058,C1CC(C1)(C2=CC=C(C=C2)C3=C(C=C4C(=N3)C=CN5C4=NNC5=O)C6=CC=CC=C6)N,CC1CC(C(C(C=C(C(C(C=CC=C(C(=O)NC2=CC(=O)C(=C(C1)C2=O)OC)C)OC)OC(=O)N)C)C)O)OC,5.805,1,6.2626123,-0.16205,15.750951,-0.714923620223999,4.1022467613220215,0.9837334752082825
mk2206,geldanamycin,A2780,C1CC(C1)(C2=CC=C(C=C2)C3=C(C=C4C(=N3)C=CN5C4=NNC5=O)C6=CC=CC=C6)N,CC1CC(C(C(C=C(C(C(C=CC=C(C(=O)NC2=CC(=O)C(=C(C1)C2=O)OC)C)OC)OC(=O)N)C)C)O)OC,14.865,1,7.642989,-0.1605,15.90018,0.10711491107940674,4.90487813949585,0.992644190788269
mk2206,geldanamycin,A375,C1CC(C1)(C2=CC=C(C=C2)C3=C(C=C4C(=N3)C=CN5C4=NNC5=O)C6=CC=CC=C6)N,CC1CC(C(C(C=C(C(C(C=CC=C(C(=O)NC2=CC(=O)C(=C(C1)C2=O)OC)C)OC)OC(=O)N)C)C)O)OC,7.1,1,-22.23291,-0.12655,18.956196,-0.6847572326660156,0.5083840489387512,0.6244275569915771
mk2206,geldanamycin,A427,C1CC(C1)(C2=CC=C(C=C2)C3=C(C=C4C(=N3)C=CN5C4=NNC5=O)C6=CC=CC=C6)N,CC1CC(C(C(C=C(C(C(C=CC=C(C(=O)NC2=CC(=O)C(=C(C1)C2=O)OC)C)OC)OC(=O)N)C)C)O)OC,1.685,1,4.419751,-0.223,11.1208935,-1.2183423042297363,1.9686366319656372,0.8774645924568176
mk2206,geldanamycin,ES2,C1CC(C1)(C2=CC=C(C=C2)C3=C(C=C4C(=N3)C=CN5C4=NNC5=O)C6=CC=CC=C6)N,CC1CC(C(C(C=C(C(C(C=CC=C(C(=O)NC2=CC(=O)C(=C(C1)C2=O)OC)C)OC)OC(=O)N)C)C)O)OC,-3.49,0,-6.7640963,-0.47,10.644428,0.43101397156715393,-0.10279855132102966,0.47432300448417664
mk2206,geldanamycin,HCT116,C1CC(C1)(C2=CC=C(C=C2)C3=C(C=C4C(=N3)C=CN5C4=NNC5=O)C6=CC=CC=C6)N,CC1CC(C(C(C=C(C(C(C=CC=C(C(=O)NC2=CC(=O)C(=C(C1)C2=O)OC)C)OC)OC(=O)N)C)C)O)OC,5.995,1,1.6119148,-0.2975,9.458826,-0.5095702409744263,1.2630503177642822,0.7795507907867432
mk2206,geldanamycin,HT144,C1CC(C1)(C2=CC=C(C=C2)C3=C(C=C4C(=N3)C=CN5C4=NNC5=O)C6=CC=CC=C6)N,CC1CC(C(C(C=C(C(C(C=CC=C(C(=O)NC2=CC(=O)C(=C(C1)C2=O)OC)C)OC)OC(=O)N)C)C)O)OC,6.52,1,-3.5328674,-0.428,8.035947,-0.5368138551712036,2.644280195236206,0.9336575865745544
mk2206,geldanamycin,HT29,C1CC(C1)(C2=CC=C(C=C2)C3=C(C=C4C(=N3)C=CN5C4=NNC5=O)C6=CC=CC=C6)N,CC1CC(C(C(C=C(C(C(C=CC=C(C(=O)NC2=CC(=O)C(=C(C1)C2=O)OC)C)OC)OC(=O)N)C)C)O)OC,2.205,1,3.9105864,-0.536,9.9484005,0.3546008765697479,1.1260801553726196,0.7551147937774658
mk2206,geldanamycin,LOVO,C1CC(C1)(C2=CC=C(C=C2)C3=C(C=C4C(=N3)C=CN5C4=NNC5=O)C6=CC=CC=C6)N,CC1CC(C(C(C=C(C(C(C=CC=C(C(=O)NC2=CC(=O)C(=C(C1)C2=O)OC)C)OC)OC(=O)N)C)C)O)OC,-4.345,0,-0.36829326,-0.312,12.358301,0.005316406488418579,0.36345529556274414,0.5898765921592712
mk2206,geldanamycin,MDAMB436,C1CC(C1)(C2=CC=C(C=C2)C3=C(C=C4C(=N3)C=CN5C4=NNC5=O)C6=CC=CC=C6)N,CC1CC(C(C(C=C(C(C(C=CC=C(C(=O)NC2=CC(=O)C(=C(C1)C2=O)OC)C)OC)OC(=O)N)C)C)O)OC,-1.285,0,2.8183923,-0.3445,12.462934,-0.3038530647754669,-1.0927096605300903,0.2511083781719208
mk2206,geldanamycin,NCIH1650,C1CC(C1)(C2=CC=C(C=C2)C3=C(C=C4C(=N3)C=CN5C4=NNC5=O)C6=CC=CC=C6)N,CC1CC(C(C(C=C(C(C(C=CC=C(C(=O)NC2=CC(=O)C(=C(C1)C2=O)OC)C)OC)OC(=O)N)C)C)O)OC,3.625,1,4.469597,-0.3755,11.241269,-0.08844158053398132,2.8214962482452393,0.9438264966011047
mk2206,geldanamycin,NCIH2122,C1CC(C1)(C2=CC=C(C=C2)C3=C(C=C4C(=N3)C=CN5C4=NNC5=O)C6=CC=CC=C6)N,CC1CC(C(C(C=C(C(C(C=CC=C(C(=O)NC2=CC(=O)C(=C(C1)C2=O)OC)C)OC)OC(=O)N)C)C)O)OC,3.87,1,6.149584,-0.397,-3.020679,-0.7905137538909912,3.9351675510406494,0.9808321595191956
mk2206,geldanamycin,NCIH23,C1CC(C1)(C2=CC=C(C=C2)C3=C(C=C4C(=N3)C=CN5C4=NNC5=O)C6=CC=CC=C6)N,CC1CC(C(C(C=C(C(C(C=CC=C(C(=O)NC2=CC(=O)C(=C(C1)C2=O)OC)C)OC)OC(=O)N)C)C)O)OC,-1.36,0,-0.12272157,-0.5065,-6.8988705,-1.9037954807281494,-0.46596047282218933,0.38557279109954834
mk2206,geldanamycin,NCIH520,C1CC(C1)(C2=CC=C(C=C2)C3=C(C=C4C(=N3)C=CN5C4=NNC5=O)C6=CC=CC=C6)N,CC1CC(C(C(C=C(C(C(C=CC=C(C(=O)NC2=CC(=O)C(=C(C1)C2=O)OC)C)OC)OC(=O)N)C)C)O)OC,-10.085,0,-4.673617,-0.4765,7.44629,-1.5425361394882202,0.5519498586654663,0.6345878839492798
mk2206,geldanamycin,RKO,C1CC(C1)(C2=CC=C(C=C2)C3=C(C=C4C(=N3)C=CN5C4=NNC5=O)C6=CC=CC=C6)N,CC1CC(C(C(C=C(C(C(C=CC=C(C(=O)NC2=CC(=O)C(=C(C1)C2=O)OC)C)OC)OC(=O)N)C)C)O)OC,-3.305,0,1.4344343,-0.36,12.286595,-0.4982363283634186,0.8541150093078613,0.7014296054840088
mk2206,geldanamycin,SKMES1,C1CC(C1)(C2=CC=C(C=C2)C3=C(C=C4C(=N3)C=CN5C4=NNC5=O)C6=CC=CC=C6)N,CC1CC(C(C(C=C(C(C(C=CC=C(C(=O)NC2=CC(=O)C(=C(C1)C2=O)OC)C)OC)OC(=O)N)C)C)O)OC,-0.585,0,3.174802,-0.0759,15.03334,-1.075850009918213,2.8797781467437744,0.9468377232551575
mk2206,geldanamycin,SKOV3,C1CC(C1)(C2=CC=C(C=C2)C3=C(C=C4C(=N3)C=CN5C4=NNC5=O)C6=CC=CC=C6)N,CC1CC(C(C(C=C(C(C(C=CC=C(C(=O)NC2=CC(=O)C(=C(C1)C2=O)OC)C)OC)OC(=O)N)C)C)O)OC,4.095,1,3.483197,-0.188,13.146044,0.5907860994338989,1.4773221015930176,0.8141677379608154
mk2206,geldanamycin,SW620,C1CC(C1)(C2=CC=C(C=C2)C3=C(C=C4C(=N3)C=CN5C4=NNC5=O)C6=CC=CC=C6)N,CC1CC(C(C(C=C(C(C(C=CC=C(C(=O)NC2=CC(=O)C(=C(C1)C2=O)OC)C)OC)OC(=O)N)C)C)O)OC,4.345,1,-8.353504,-0.178,8.828031,-0.32157135009765625,0.6970749497413635,0.6675389409065247
mk2206,sorafenib,A2058,C1CC(C1)(C2=CC=C(C=C2)C3=C(C=C4C(=N3)C=CN5C4=NNC5=O)C6=CC=CC=C6)N,CNC(=O)C1=NC=CC(=C1)OC2=CC=C(C=C2)NC(=O)NC3=CC(=C(C=C3)Cl)C(F)(F)F,11.235,1,8.141436,-0.152,16.577991,1.1612375974655151,1.9525117874145508,0.8757203221321106
mk2206,sorafenib,A2780,C1CC(C1)(C2=CC=C(C=C2)C3=C(C=C4C(=N3)C=CN5C4=NNC5=O)C6=CC=CC=C6)N,CNC(=O)C1=NC=CC(=C1)OC2=CC=C(C=C2)NC(=O)NC3=CC(=C(C=C3)Cl)C(F)(F)F,6.915,1,11.740238,-0.1595,18.984632,1.5369527339935303,2.343871831893921,0.9124459028244019
mk2206,sorafenib,A375,C1CC(C1)(C2=CC=C(C=C2)C3=C(C=C4C(=N3)C=CN5C4=NNC5=O)C6=CC=CC=C6)N,CNC(=O)C1=NC=CC(=C1)OC2=CC=C(C=C2)NC(=O)NC3=CC(=C(C=C3)Cl)C(F)(F)F,12.425,1,2.6848469,-0.212,19.466785,0.5178729295730591,2.2605695724487305,0.9055583477020264
mk2206,sorafenib,A427,C1CC(C1)(C2=CC=C(C=C2)C3=C(C=C4C(=N3)C=CN5C4=NNC5=O)C6=CC=CC=C6)N,CNC(=O)C1=NC=CC(=C1)OC2=CC=C(C=C2)NC(=O)NC3=CC(=C(C=C3)Cl)C(F)(F)F,9.8,1,8.83951,-0.4405,14.24888,-0.08630329370498657,-0.24147799611091614,0.43992215394973755
mk2206,sorafenib,ES2,C1CC(C1)(C2=CC=C(C=C2)C3=C(C=C4C(=N3)C=CN5C4=NNC5=O)C6=CC=CC=C6)N,CNC(=O)C1=NC=CC(=C1)OC2=CC=C(C=C2)NC(=O)NC3=CC(=C(C=C3)Cl)C(F)(F)F,5.245,1,3.3046455,-0.3115,10.650557,-0.09138268232345581,1.7884321212768555,0.8567349314689636
mk2206,sorafenib,HCT116,C1CC(C1)(C2=CC=C(C=C2)C3=C(C=C4C(=N3)C=CN5C4=NNC5=O)C6=CC=CC=C6)N,CNC(=O)C1=NC=CC(=C1)OC2=CC=C(C=C2)NC(=O)NC3=CC(=C(C=C3)Cl)C(F)(F)F,11.485,1,5.488582,-0.243,13.33988,-0.617746889591217,-0.01924275979399681,0.4951894283294678
mk2206,sorafenib,HT144,C1CC(C1)(C2=CC=C(C=C2)C3=C(C=C4C(=N3)C=CN5C4=NNC5=O)C6=CC=CC=C6)N,CNC(=O)C1=NC=CC(=C1)OC2=CC=C(C=C2)NC(=O)NC3=CC(=C(C=C3)Cl)C(F)(F)F,2.005,1,6.6358094,-0.419,8.809607,0.46906134486198425,-0.2023523449897766,0.4495837986469269
mk2206,sorafenib,HT29,C1CC(C1)(C2=CC=C(C=C2)C3=C(C=C4C(=N3)C=CN5C4=NNC5=O)C6=CC=CC=C6)N,CNC(=O)C1=NC=CC(=C1)OC2=CC=C(C=C2)NC(=O)NC3=CC(=C(C=C3)Cl)C(F)(F)F,5.635,1,5.362442,-0.415,16.841621,0.017150133848190308,0.028714928776025772,0.5071782469749451
mk2206,sorafenib,LOVO,C1CC(C1)(C2=CC=C(C=C2)C3=C(C=C4C(=N3)C=CN5C4=NNC5=O)C6=CC=CC=C6)N,CNC(=O)C1=NC=CC(=C1)OC2=CC=C(C=C2)NC(=O)NC3=CC(=C(C=C3)Cl)C(F)(F)F,-1.74,0,1.6581153,-0.349,14.261508,0.4571446180343628,-4.590048313140869,0.010050333105027676
mk2206,sorafenib,NCIH2122,C1CC(C1)(C2=CC=C(C=C2)C3=C(C=C4C(=N3)C=CN5C4=NNC5=O)C6=CC=CC=C6)N,CNC(=O)C1=NC=CC(=C1)OC2=CC=C(C=C2)NC(=O)NC3=CC(=C(C=C3)Cl)C(F)(F)F,1.975,1,0.15518545,-0.526,6.710548,-0.7037605047225952,-3.154386043548584,0.040918804705142975
mk2206,sorafenib,NCIH520,C1CC(C1)(C2=CC=C(C=C2)C3=C(C=C4C(=N3)C=CN5C4=NNC5=O)C6=CC=CC=C6)N,CNC(=O)C1=NC=CC(=C1)OC2=CC=C(C=C2)NC(=O)NC3=CC(=C(C=C3)Cl)C(F)(F)F,3.07,1,7.035475,-0.495,10.356656,-1.3740274906158447,-0.4899791479110718,0.37989845871925354
mk2206,sorafenib,OV90,C1CC(C1)(C2=CC=C(C=C2)C3=C(C=C4C(=N3)C=CN5C4=NNC5=O)C6=CC=CC=C6)N,CNC(=O)C1=NC=CC(=C1)OC2=CC=C(C=C2)NC(=O)NC3=CC(=C(C=C3)Cl)C(F)(F)F,3.395,1,6.4525857,-0.3585,10.356579,0.7680531144142151,1.0015132427215576,0.7313560247421265
mk2206,sorafenib,RKO,C1CC(C1)(C2=CC=C(C=C2)C3=C(C=C4C(=N3)C=CN5C4=NNC5=O)C6=CC=CC=C6)N,CNC(=O)C1=NC=CC(=C1)OC2=CC=C(C=C2)NC(=O)NC3=CC(=C(C=C3)Cl)C(F)(F)F,7.345,1,6.377043,-0.0973,14.369524,-0.687727153301239,1.5753904581069946,0.8285507559776306
mk2206,sorafenib,SKMES1,C1CC(C1)(C2=CC=C(C=C2)C3=C(C=C4C(=N3)C=CN5C4=NNC5=O)C6=CC=CC=C6)N,CNC(=O)C1=NC=CC(=C1)OC2=CC=C(C=C2)NC(=O)NC3=CC(=C(C=C3)Cl)C(F)(F)F,5.33,1,2.404442,-0.08755,14.720125,-0.48970159888267517,0.30066925287246704,0.5746061205863953
mk2206,sorafenib,SKOV3,C1CC(C1)(C2=CC=C(C=C2)C3=C(C=C4C(=N3)C=CN5C4=NNC5=O)C6=CC=CC=C6)N,CNC(=O)C1=NC=CC(=C1)OC2=CC=C(C=C2)NC(=O)NC3=CC(=C(C=C3)Cl)C(F)(F)F,14.45,1,8.792032,-0.206,15.741318,0.5151355266571045,-0.3201563358306885,0.4206376373767853
mk2206,sorafenib,SW620,C1CC(C1)(C2=CC=C(C=C2)C3=C(C=C4C(=N3)C=CN5C4=NNC5=O)C6=CC=CC=C6)N,CNC(=O)C1=NC=CC(=C1)OC2=CC=C(C=C2)NC(=O)NC3=CC(=C(C=C3)Cl)C(F)(F)F,5.65,1,5.866934,-0.1394,11.174816,-1.0267285108566284,0.2717755436897278,0.5675287246704102
mk2206,sorafenib,SW837,C1CC(C1)(C2=CC=C(C=C2)C3=C(C=C4C(=N3)C=CN5C4=NNC5=O)C6=CC=CC=C6)N,CNC(=O)C1=NC=CC(=C1)OC2=CC=C(C=C2)NC(=O)NC3=CC(=C(C=C3)Cl)C(F)(F)F,4.41,1,0.72034574,-0.04035,11.813011,0.7153834700584412,-3.5586020946502686,0.027690034359693527
mk2206,sorafenib,T47D,C1CC(C1)(C2=CC=C(C=C2)C3=C(C=C4C(=N3)C=CN5C4=NNC5=O)C6=CC=CC=C6)N,CNC(=O)C1=NC=CC(=C1)OC2=CC=C(C=C2)NC(=O)NC3=CC(=C(C=C3)Cl)C(F)(F)F,7.665,1,4.702836525,-0.12405,14.570417,0.4009532630443573,-0.4238494634628296,0.3955959677696228
mk5108,bortezomib,A2058,C1CC(CCC1OC2=C(C(=CC=C2)Cl)F)(CC3=NC(=CC=C3)NC4=NC=CS4)C(=O)O,B(C(CC(C)C)NC(=O)C(CC1=CC=CC=C1)NC(=O)C2=NC=CN=C2)(O)O,1.88,1,-6.32986,-0.06535,-8.466045,-0.6005282402038574,1.8789045810699463,0.8674852252006531
mk5108,bortezomib,A2780,C1CC(CCC1OC2=C(C(=CC=C2)Cl)F)(CC3=NC(=CC=C3)NC4=NC=CS4)C(=O)O,B(C(CC(C)C)NC(=O)C(CC1=CC=CC=C1)NC(=O)C2=NC=CN=C2)(O)O,3.135,1,2.2879453,-0.192,-8.84616,-0.12802772223949432,6.401625633239746,0.998343825340271
mk5108,bortezomib,A427,C1CC(CCC1OC2=C(C(=CC=C2)Cl)F)(CC3=NC(=CC=C3)NC4=NC=CS4)C(=O)O,B(C(CC(C)C)NC(=O)C(CC1=CC=CC=C1)NC(=O)C2=NC=CN=C2)(O)O,0.135,1,-3.2870383,-0.02855,-12.868641,0.1614074409008026,1.0479631423950195,0.7403835654258728
mk5108,bortezomib,ES2,C1CC(CCC1OC2=C(C(=CC=C2)Cl)F)(CC3=NC(=CC=C3)NC4=NC=CS4)C(=O)O,B(C(CC(C)C)NC(=O)C(CC1=CC=CC=C1)NC(=O)C2=NC=CN=C2)(O)O,2.465,1,-12.20155,-0.0687,-8.711743,-1.3201647996902466,1.9256364107131958,0.8727656602859497
mk5108,bortezomib,HCT116,C1CC(CCC1OC2=C(C(=CC=C2)Cl)F)(CC3=NC(=CC=C3)NC4=NC=CS4)C(=O)O,B(C(CC(C)C)NC(=O)C(CC1=CC=CC=C1)NC(=O)C2=NC=CN=C2)(O)O,-0.29,0,-11.821402,-0.08805,-10.022306,-0.6734136343002319,-1.2069029808044434,0.23024949431419373
mk5108,bortezomib,HT144,C1CC(CCC1OC2=C(C(=CC=C2)Cl)F)(CC3=NC(=CC=C3)NC4=NC=CS4)C(=O)O,B(C(CC(C)C)NC(=O)C(CC1=CC=CC=C1)NC(=O)C2=NC=CN=C2)(O)O,-3.425,0,-8.950895,-0.2095,-15.739332,-0.2019052505493164,-4.629159450531006,0.009668568149209023
mk5108,bortezomib,HT29,C1CC(CCC1OC2=C(C(=CC=C2)Cl)F)(CC3=NC(=CC=C3)NC4=NC=CS4)C(=O)O,B(C(CC(C)C)NC(=O)C(CC1=CC=CC=C1)NC(=O)C2=NC=CN=C2)(O)O,-1.545,0,-20.252823,-0.246,-9.428253,0.1539369523525238,0.7902786731719971,0.6878911256790161
mk5108,bortezomib,LOVO,C1CC(CCC1OC2=C(C(=CC=C2)Cl)F)(CC3=NC(=CC=C3)NC4=NC=CS4)C(=O)O,B(C(CC(C)C)NC(=O)C(CC1=CC=CC=C1)NC(=O)C2=NC=CN=C2)(O)O,-1.19,0,-1.6803674,-0.05945,-8.730562,0.36883360147476196,-4.821064472198486,0.0079937893897295
mk5108,bortezomib,MDAMB436,C1CC(CCC1OC2=C(C(=CC=C2)Cl)F)(CC3=NC(=CC=C3)NC4=NC=CS4)C(=O)O,B(C(CC(C)C)NC(=O)C(CC1=CC=CC=C1)NC(=O)C2=NC=CN=C2)(O)O,-0.79,0,-13.678338,-0.247,-7.286747,-1.116754174232483,-2.4976890087127686,0.07602034509181976
mk5108,bortezomib,NCIH1650,C1CC(CCC1OC2=C(C(=CC=C2)Cl)F)(CC3=NC(=CC=C3)NC4=NC=CS4)C(=O)O,B(C(CC(C)C)NC(=O)C(CC1=CC=CC=C1)NC(=O)C2=NC=CN=C2)(O)O,-1.485,0,-6.837187,-0.174,-14.299976,-0.4116925895214081,-5.889139652252197,0.00276171020232141
mk5108,bortezomib,NCIH2122,C1CC(CCC1OC2=C(C(=CC=C2)Cl)F)(CC3=NC(=CC=C3)NC4=NC=CS4)C(=O)O,B(C(CC(C)C)NC(=O)C(CC1=CC=CC=C1)NC(=O)C2=NC=CN=C2)(O)O,2.545,1,-6.5211854,-0.107,-18.076992,-0.2868289649486542,1.4549970626831055,0.8107662796974182
mk5108,bortezomib,NCIH23,C1CC(CCC1OC2=C(C(=CC=C2)Cl)F)(CC3=NC(=CC=C3)NC4=NC=CS4)C(=O)O,B(C(CC(C)C)NC(=O)C(CC1=CC=CC=C1)NC(=O)C2=NC=CN=C2)(O)O,0.915,1,-4.748419,-0.1725,-20.890858,-1.4767435789108276,-0.16233383119106293,0.45950543880462646
mk5108,bortezomib,NCIH520,C1CC(CCC1OC2=C(C(=CC=C2)Cl)F)(CC3=NC(=CC=C3)NC4=NC=CS4)C(=O)O,B(C(CC(C)C)NC(=O)C(CC1=CC=CC=C1)NC(=O)C2=NC=CN=C2)(O)O,1.33,1,-7.1656523,-0.07965,-15.909547,-0.898230254650116,3.4954721927642822,0.9705586433410645
mk5108,bortezomib,OV90,C1CC(CCC1OC2=C(C(=CC=C2)Cl)F)(CC3=NC(=CC=C3)NC4=NC=CS4)C(=O)O,B(C(CC(C)C)NC(=O)C(CC1=CC=CC=C1)NC(=O)C2=NC=CN=C2)(O)O,-0.77,0,-2.5273976,-0.1705,-12.013912,1.2838339805603027,-3.0021755695343018,0.047327686101198196
mk5108,bortezomib,SKOV3,C1CC(CCC1OC2=C(C(=CC=C2)Cl)F)(CC3=NC(=CC=C3)NC4=NC=CS4)C(=O)O,B(C(CC(C)C)NC(=O)C(CC1=CC=CC=C1)NC(=O)C2=NC=CN=C2)(O)O,5.375,1,-8.157674,-0.2085,-5.325757,0.18440359830856323,-0.2043563276529312,0.4490879774093628
mk5108,bortezomib,SW837,C1CC(CCC1OC2=C(C(=CC=C2)Cl)F)(CC3=NC(=CC=C3)NC4=NC=CS4)C(=O)O,B(C(CC(C)C)NC(=O)C(CC1=CC=CC=C1)NC(=O)C2=NC=CN=C2)(O)O,9.395,1,-8.010077,-0.247,-13.471054,-1.3215973377227783,1.1907371282577515,0.7668728828430176
mk5108,bortezomib,T47D,C1CC(CCC1OC2=C(C(=CC=C2)Cl)F)(CC3=NC(=CC=C3)NC4=NC=CS4)C(=O)O,B(C(CC(C)C)NC(=O)C(CC1=CC=CC=C1)NC(=O)C2=NC=CN=C2)(O)O,-1.025,0,-8.504673,-0.2625,-16.21416,0.28312167525291443,0.15351340174674988,0.5383031368255615
mk5108,dasatinib,A2058,C1CC(CCC1OC2=C(C(=CC=C2)Cl)F)(CC3=NC(=CC=C3)NC4=NC=CS4)C(=O)O,CC1=C(C(=CC=C1)Cl)NC(=O)C2=CN=C(S2)NC3=NC(=NC(=C3)N4CCN(CC4)CCO)C,2.6,1,6.1671176,-0.225,20.932959,-0.8410136699676514,0.22354012727737427,0.55565345287323
mk5108,dasatinib,A2780,C1CC(CCC1OC2=C(C(=CC=C2)Cl)F)(CC3=NC(=CC=C3)NC4=NC=CS4)C(=O)O,CC1=C(C(=CC=C1)Cl)NC(=O)C2=CN=C(S2)NC3=NC(=NC(=C3)N4CCN(CC4)CCO)C,14.6,1,13.070766,-0.11295,29.572334,0.6249842643737793,3.076564073562622,0.955915629863739
mk5108,dasatinib,A375,C1CC(CCC1OC2=C(C(=CC=C2)Cl)F)(CC3=NC(=CC=C3)NC4=NC=CS4)C(=O)O,CC1=C(C(=CC=C1)Cl)NC(=O)C2=CN=C(S2)NC3=NC(=NC(=C3)N4CCN(CC4)CCO)C,2.03,1,1.7840891,-0.04145,25.149944,-1.29624342918396,4.007180690765381,0.9821402430534363
mk5108,dasatinib,A427,C1CC(CCC1OC2=C(C(=CC=C2)Cl)F)(CC3=NC(=CC=C3)NC4=NC=CS4)C(=O)O,CC1=C(C(=CC=C1)Cl)NC(=O)C2=CN=C(S2)NC3=NC(=NC(=C3)N4CCN(CC4)CCO)C,5.23,1,11.84983,-0.131,23.939121,-0.4894052743911743,2.378539800643921,0.9151761531829834
mk5108,dasatinib,ES2,C1CC(CCC1OC2=C(C(=CC=C2)Cl)F)(CC3=NC(=CC=C3)NC4=NC=CS4)C(=O)O,CC1=C(C(=CC=C1)Cl)NC(=O)C2=CN=C(S2)NC3=NC(=NC(=C3)N4CCN(CC4)CCO)C,-4.43,0,-1.42704,-0.0691,18.465672,-0.44328573346138,1.642552375793457,0.8378819823265076
mk5108,dasatinib,HCT116,C1CC(CCC1OC2=C(C(=CC=C2)Cl)F)(CC3=NC(=CC=C3)NC4=NC=CS4)C(=O)O,CC1=C(C(=CC=C1)Cl)NC(=O)C2=CN=C(S2)NC3=NC(=NC(=C3)N4CCN(CC4)CCO)C,10.105,1,-4.4755177,-0.3205,18.747908,-0.9496887922286987,0.3722360134124756,0.5919991731643677
mk5108,dasatinib,HT29,C1CC(CCC1OC2=C(C(=CC=C2)Cl)F)(CC3=NC(=CC=C3)NC4=NC=CS4)C(=O)O,CC1=C(C(=CC=C1)Cl)NC(=O)C2=CN=C(S2)NC3=NC(=NC(=C3)N4CCN(CC4)CCO)C,6.32,1,5.092418,-0.0719,24.730867,0.3870161473751068,0.0905885100364685,0.5226316452026367
mk5108,dasatinib,MDAMB436,C1CC(CCC1OC2=C(C(=CC=C2)Cl)F)(CC3=NC(=CC=C3)NC4=NC=CS4)C(=O)O,CC1=C(C(=CC=C1)Cl)NC(=O)C2=CN=C(S2)NC3=NC(=NC(=C3)N4CCN(CC4)CCO)C,-3.485,0,6.0055604,-0.2425,22.559906,-0.9436279535293579,1.2372493743896484,0.7750848531723022
mk5108,dasatinib,NCIH1650,C1CC(CCC1OC2=C(C(=CC=C2)Cl)F)(CC3=NC(=CC=C3)NC4=NC=CS4)C(=O)O,CC1=C(C(=CC=C1)Cl)NC(=O)C2=CN=C(S2)NC3=NC(=NC(=C3)N4CCN(CC4)CCO)C,0.81,1,1.3505157,-0.09075,26.79871,0.03820270299911499,-3.876936197280884,0.0202938225120306
mk5108,dasatinib,NCIH2122,C1CC(CCC1OC2=C(C(=CC=C2)Cl)F)(CC3=NC(=CC=C3)NC4=NC=CS4)C(=O)O,CC1=C(C(=CC=C1)Cl)NC(=O)C2=CN=C(S2)NC3=NC(=NC(=C3)N4CCN(CC4)CCO)C,3.34,1,-40.548,-0.1511,5.5272303,-0.5212299227714539,2.8184235095977783,0.9436632990837097
mk5108,dasatinib,NCIH23,C1CC(CCC1OC2=C(C(=CC=C2)Cl)F)(CC3=NC(=CC=C3)NC4=NC=CS4)C(=O)O,CC1=C(C(=CC=C1)Cl)NC(=O)C2=CN=C(S2)NC3=NC(=NC(=C3)N4CCN(CC4)CCO)C,-3.475,0,8.528207,-0.06535,9.289142,-1.7099313735961914,-0.4938528537750244,0.37898632884025574
mk5108,dasatinib,NCIH520,C1CC(CCC1OC2=C(C(=CC=C2)Cl)F)(CC3=NC(=CC=C3)NC4=NC=CS4)C(=O)O,CC1=C(C(=CC=C1)Cl)NC(=O)C2=CN=C(S2)NC3=NC(=NC(=C3)N4CCN(CC4)CCO)C,-1.765,0,7.4847975,-0.1199,21.046124,0.28988543152809143,0.7626737356185913,0.6819339394569397
mk5108,dasatinib,OV90,C1CC(CCC1OC2=C(C(=CC=C2)Cl)F)(CC3=NC(=CC=C3)NC4=NC=CS4)C(=O)O,CC1=C(C(=CC=C1)Cl)NC(=O)C2=CN=C(S2)NC3=NC(=NC(=C3)N4CCN(CC4)CCO)C,-1.655,0,-1.1710535,-0.02855,19.02884,1.0530459880828857,-0.20503750443458557,0.44891947507858276
mk5108,dasatinib,SKMES1,C1CC(CCC1OC2=C(C(=CC=C2)Cl)F)(CC3=NC(=CC=C3)NC4=NC=CS4)C(=O)O,CC1=C(C(=CC=C1)Cl)NC(=O)C2=CN=C(S2)NC3=NC(=NC(=C3)N4CCN(CC4)CCO)C,-3.065,0,4.4013534,-0.246,19.866405,0.5577490925788879,0.5122077465057373,0.6253238916397095
mk5108,dasatinib,SKOV3,C1CC(CCC1OC2=C(C(=CC=C2)Cl)F)(CC3=NC(=CC=C3)NC4=NC=CS4)C(=O)O,CC1=C(C(=CC=C1)Cl)NC(=O)C2=CN=C(S2)NC3=NC(=NC(=C3)N4CCN(CC4)CCO)C,6.02,1,1.4461439,-0.0661,22.687336,0.37326812744140625,0.27762943506240845,0.568964958190918
mk5108,dasatinib,SW620,C1CC(CCC1OC2=C(C(=CC=C2)Cl)F)(CC3=NC(=CC=C3)NC4=NC=CS4)C(=O)O,CC1=C(C(=CC=C1)Cl)NC(=O)C2=CN=C(S2)NC3=NC(=NC(=C3)N4CCN(CC4)CCO)C,2.825,1,6.60659,-0.229,22.214901,-0.32962897419929504,-0.339819073677063,0.41585344076156616
mk5108,dasatinib,SW837,C1CC(CCC1OC2=C(C(=CC=C2)Cl)F)(CC3=NC(=CC=C3)NC4=NC=CS4)C(=O)O,CC1=C(C(=CC=C1)Cl)NC(=O)C2=CN=C(S2)NC3=NC(=NC(=C3)N4CCN(CC4)CCO)C,4.655,1,5.5302463,-0.229,23.975342,0.1246025562286377,3.683701515197754,0.9754862189292908
mk5108,dasatinib,T47D,C1CC(CCC1OC2=C(C(=CC=C2)Cl)F)(CC3=NC(=CC=C3)NC4=NC=CS4)C(=O)O,CC1=C(C(=CC=C1)Cl)NC(=O)C2=CN=C(S2)NC3=NC(=NC(=C3)N4CCN(CC4)CCO)C,-9.205,0,2.1861377,-0.09075,22.156202,0.2921983301639557,0.43512681126594543,0.6070972084999084
mk5108,dinaciclib,A2058,C1CC(CCC1OC2=C(C(=CC=C2)Cl)F)(CC3=NC(=CC=C3)NC4=NC=CS4)C(=O)O,CCC1=C2N=C(C=C(N2N=C1)NCC3=C[N+](=CC=C3)[O-])N4CCCCC4CCO,0.86,1,-1.3272985,-0.11295,0.84914345,-1.1776511669158936,1.857855200767517,0.8650467991828918
mk5108,dinaciclib,A2780,C1CC(CCC1OC2=C(C(=CC=C2)Cl)F)(CC3=NC(=CC=C3)NC4=NC=CS4)C(=O)O,CCC1=C2N=C(C=C(N2N=C1)NCC3=C[N+](=CC=C3)[O-])N4CCCCC4CCO,2.82,1,1.6825132,-0.04145,2.946301,-0.40724778175354004,5.143390655517578,0.9941959381103516
mk5108,dinaciclib,A375,C1CC(CCC1OC2=C(C(=CC=C2)Cl)F)(CC3=NC(=CC=C3)NC4=NC=CS4)C(=O)O,CCC1=C2N=C(C=C(N2N=C1)NCC3=C[N+](=CC=C3)[O-])N4CCCCC4CCO,2.425,1,-31.929869,-0.072,3.053307,-1.0154927968978882,3.3469254970550537,0.9660040140151978
mk5108,dinaciclib,HCT116,C1CC(CCC1OC2=C(C(=CC=C2)Cl)F)(CC3=NC(=CC=C3)NC4=NC=CS4)C(=O)O,CCC1=C2N=C(C=C(N2N=C1)NCC3=C[N+](=CC=C3)[O-])N4CCCCC4CCO,-0.18,0,-14.908976,-0.182,-2.1465735,-0.5747809410095215,0.4421955347061157,0.6087821125984192
mk5108,dinaciclib,HT144,C1CC(CCC1OC2=C(C(=CC=C2)Cl)F)(CC3=NC(=CC=C3)NC4=NC=CS4)C(=O)O,CCC1=C2N=C(C=C(N2N=C1)NCC3=C[N+](=CC=C3)[O-])N4CCCCC4CCO,-3.61,0,-20.221964,-0.06825,-7.6888037,-1.3824450969696045,-3.771413803100586,0.022501520812511444
mk5108,dinaciclib,HT29,C1CC(CCC1OC2=C(C(=CC=C2)Cl)F)(CC3=NC(=CC=C3)NC4=NC=CS4)C(=O)O,CCC1=C2N=C(C=C(N2N=C1)NCC3=C[N+](=CC=C3)[O-])N4CCCCC4CCO,2.355,1,-18.240868,-0.2675,0.90545064,0.14937762916088104,1.077929973602295,0.7461020350456238
mk5108,dinaciclib,MDAMB436,C1CC(CCC1OC2=C(C(=CC=C2)Cl)F)(CC3=NC(=CC=C3)NC4=NC=CS4)C(=O)O,CCC1=C2N=C(C=C(N2N=C1)NCC3=C[N+](=CC=C3)[O-])N4CCCCC4CCO,-0.41,0,-14.776319,-0.09075,2.068211,-0.6111726760864258,-2.221437454223633,0.09784185141324997
mk5108,dinaciclib,NCIH1650,C1CC(CCC1OC2=C(C(=CC=C2)Cl)F)(CC3=NC(=CC=C3)NC4=NC=CS4)C(=O)O,CCC1=C2N=C(C=C(N2N=C1)NCC3=C[N+](=CC=C3)[O-])N4CCCCC4CCO,1.055,1,-12.924311,-0.1511,-0.007507285,0.07697677612304688,-3.131580352783203,0.04182323068380356
mk5108,dinaciclib,NCIH2122,C1CC(CCC1OC2=C(C(=CC=C2)Cl)F)(CC3=NC(=CC=C3)NC4=NC=CS4)C(=O)O,CCC1=C2N=C(C=C(N2N=C1)NCC3=C[N+](=CC=C3)[O-])N4CCCCC4CCO,1.155,1,-1.9898458,-0.06535,-9.737322,0.7938648462295532,0.8363104462623596,0.697687566280365
mk5108,dinaciclib,NCIH23,C1CC(CCC1OC2=C(C(=CC=C2)Cl)F)(CC3=NC(=CC=C3)NC4=NC=CS4)C(=O)O,CCC1=C2N=C(C=C(N2N=C1)NCC3=C[N+](=CC=C3)[O-])N4CCCCC4CCO,-2.055,0,-7.1304884,-0.1209,-10.718935,-1.2857266664505005,0.3834003210067749,0.5946929454803467
mk5108,dinaciclib,NCIH520,C1CC(CCC1OC2=C(C(=CC=C2)Cl)F)(CC3=NC(=CC=C3)NC4=NC=CS4)C(=O)O,CCC1=C2N=C(C=C(N2N=C1)NCC3=C[N+](=CC=C3)[O-])N4CCCCC4CCO,-2.71,0,-9.6786375,-0.115,-3.6451037,-1.305877447128296,0.6767341494560242,0.6630094051361084
mk5108,dinaciclib,OV90,C1CC(CCC1OC2=C(C(=CC=C2)Cl)F)(CC3=NC(=CC=C3)NC4=NC=CS4)C(=O)O,CCC1=C2N=C(C=C(N2N=C1)NCC3=C[N+](=CC=C3)[O-])N4CCCCC4CCO,-1.7,0,-7.13914,-0.0458,-2.4191885,0.3332393765449524,-1.7456729412078857,0.14859378337860107
mk5108,dinaciclib,SKMES1,C1CC(CCC1OC2=C(C(=CC=C2)Cl)F)(CC3=NC(=CC=C3)NC4=NC=CS4)C(=O)O,CCC1=C2N=C(C=C(N2N=C1)NCC3=C[N+](=CC=C3)[O-])N4CCCCC4CCO,-1.73,0,-5.781457,-0.229,-1.8464259,-1.6375091075897217,-2.0973212718963623,0.10935745388269424
mk5108,dinaciclib,SKOV3,C1CC(CCC1OC2=C(C(=CC=C2)Cl)F)(CC3=NC(=CC=C3)NC4=NC=CS4)C(=O)O,CCC1=C2N=C(C=C(N2N=C1)NCC3=C[N+](=CC=C3)[O-])N4CCCCC4CCO,7.105,1,-11.729605,-0.181,2.7032118,-0.11897651106119156,1.243719458580017,0.7762107849121094
mk5108,dinaciclib,SW620,C1CC(CCC1OC2=C(C(=CC=C2)Cl)F)(CC3=NC(=CC=C3)NC4=NC=CS4)C(=O)O,CCC1=C2N=C(C=C(N2N=C1)NCC3=C[N+](=CC=C3)[O-])N4CCCCC4CCO,-1.48,0,-11.541919,-0.0545,-0.095671974,0.20698627829551697,1.5380022525787354,0.8231741189956665
mk5108,dinaciclib,SW837,C1CC(CCC1OC2=C(C(=CC=C2)Cl)F)(CC3=NC(=CC=C3)NC4=NC=CS4)C(=O)O,CCC1=C2N=C(C=C(N2N=C1)NCC3=C[N+](=CC=C3)[O-])N4CCCCC4CCO,4.95,1,-45.10368,-0.10535,-4.2215405,-0.27169978618621826,2.619553565979004,0.9321094751358032
mk5108,dinaciclib,T47D,C1CC(CCC1OC2=C(C(=CC=C2)Cl)F)(CC3=NC(=CC=C3)NC4=NC=CS4)C(=O)O,CCC1=C2N=C(C=C(N2N=C1)NCC3=C[N+](=CC=C3)[O-])N4CCCCC4CCO,-4.02,0,-5.6130123,-0.11265,-4.619183,0.5311862230300903,0.1698891818523407,0.5423704385757446
mk5108,erlotinib,A2780,C1CC(CCC1OC2=C(C(=CC=C2)Cl)F)(CC3=NC(=CC=C3)NC4=NC=CS4)C(=O)O,COCCOC1=C(C=C2C(=C1)C(=NC=N2)NC3=CC=CC(=C3)C#C)OCCOC,9.635,1,8.695964,-0.0471,12.906142,0.23450559377670288,3.397228479385376,0.9676178097724915
mk5108,erlotinib,A375,C1CC(CCC1OC2=C(C(=CC=C2)Cl)F)(CC3=NC(=CC=C3)NC4=NC=CS4)C(=O)O,COCCOC1=C(C=C2C(=C1)C(=NC=N2)NC3=CC=CC(=C3)C#C)OCCOC,-0.45,0,3.3375835,-0.3175,13.577608,-0.8545564413070679,3.7367641925811768,0.9767235517501831
mk5108,erlotinib,A427,C1CC(CCC1OC2=C(C(=CC=C2)Cl)F)(CC3=NC(=CC=C3)NC4=NC=CS4)C(=O)O,COCCOC1=C(C=C2C(=C1)C(=NC=N2)NC3=CC=CC(=C3)C#C)OCCOC,4.485,1,6.0816393,-0.182,8.550201,-1.2634494304656982,-0.1831689476966858,0.45433536171913147
mk5108,erlotinib,ES2,C1CC(CCC1OC2=C(C(=CC=C2)Cl)F)(CC3=NC(=CC=C3)NC4=NC=CS4)C(=O)O,COCCOC1=C(C=C2C(=C1)C(=NC=N2)NC3=CC=CC(=C3)C#C)OCCOC,8.495,1,3.906547,-0.0661,5.9927855,0.19106125831604004,3.465024948120117,0.96967613697052
mk5108,erlotinib,HCT116,C1CC(CCC1OC2=C(C(=CC=C2)Cl)F)(CC3=NC(=CC=C3)NC4=NC=CS4)C(=O)O,COCCOC1=C(C=C2C(=C1)C(=NC=N2)NC3=CC=CC(=C3)C#C)OCCOC,6.385,1,5.417472,-0.242,10.371315,-0.8278253674507141,-0.7607251405715942,0.31848886609077454
mk5108,erlotinib,HT144,C1CC(CCC1OC2=C(C(=CC=C2)Cl)F)(CC3=NC(=CC=C3)NC4=NC=CS4)C(=O)O,COCCOC1=C(C=C2C(=C1)C(=NC=N2)NC3=CC=CC(=C3)C#C)OCCOC,-3.01,0,5.75678,-0.1615,1.5895913,-0.26862362027168274,-2.72674298286438,0.061413638293743134
mk5108,erlotinib,HT29,C1CC(CCC1OC2=C(C(=CC=C2)Cl)F)(CC3=NC(=CC=C3)NC4=NC=CS4)C(=O)O,COCCOC1=C(C=C2C(=C1)C(=NC=N2)NC3=CC=CC(=C3)C#C)OCCOC,-3.57,0,2.0927424,-0.09075,14.753136,-0.2617391347885132,0.93406742811203,0.717899739742279
mk5108,erlotinib,NCIH1650,C1CC(CCC1OC2=C(C(=CC=C2)Cl)F)(CC3=NC(=CC=C3)NC4=NC=CS4)C(=O)O,COCCOC1=C(C=C2C(=C1)C(=NC=N2)NC3=CC=CC(=C3)C#C)OCCOC,-2.29,0,3.666554,-0.06535,11.52704,-0.8386916518211365,-3.2021286487579346,0.03908569738268852
mk5108,erlotinib,NCIH2122,C1CC(CCC1OC2=C(C(=CC=C2)Cl)F)(CC3=NC(=CC=C3)NC4=NC=CS4)C(=O)O,COCCOC1=C(C=C2C(=C1)C(=NC=N2)NC3=CC=CC(=C3)C#C)OCCOC,-0.935,0,-0.66445166,-0.272,1.6062022,-0.5961728096008301,1.6655938625335693,0.840987503528595
mk5108,erlotinib,NCIH23,C1CC(CCC1OC2=C(C(=CC=C2)Cl)F)(CC3=NC(=CC=C3)NC4=NC=CS4)C(=O)O,COCCOC1=C(C=C2C(=C1)C(=NC=N2)NC3=CC=CC(=C3)C#C)OCCOC,-1.565,0,6.6832685,-0.1895,-3.765203,-1.8612384796142578,-1.0360506772994995,0.2619127333164215
mk5108,erlotinib,OV90,C1CC(CCC1OC2=C(C(=CC=C2)Cl)F)(CC3=NC(=CC=C3)NC4=NC=CS4)C(=O)O,COCCOC1=C(C=C2C(=C1)C(=NC=N2)NC3=CC=CC(=C3)C#C)OCCOC,-3.835,0,1.1021019,-0.139,6.0924864,0.46322229504585266,-4.305053234100342,0.01332033984363079
mk5108,erlotinib,RKO,C1CC(CCC1OC2=C(C(=CC=C2)Cl)F)(CC3=NC(=CC=C3)NC4=NC=CS4)C(=O)O,COCCOC1=C(C=C2C(=C1)C(=NC=N2)NC3=CC=CC(=C3)C#C)OCCOC,-5.5,0,2.0445986,-0.246,10.437618,0.11909842491149902,-3.3927457332611084,0.03252295032143593
mk5108,erlotinib,SKMES1,C1CC(CCC1OC2=C(C(=CC=C2)Cl)F)(CC3=NC(=CC=C3)NC4=NC=CS4)C(=O)O,COCCOC1=C(C=C2C(=C1)C(=NC=N2)NC3=CC=CC(=C3)C#C)OCCOC,-4.99,0,1.2667112,-0.301,9.050504,-0.6485725045204163,-3.745648145675659,0.023075269535183907
mk5108,erlotinib,SKOV3,C1CC(CCC1OC2=C(C(=CC=C2)Cl)F)(CC3=NC(=CC=C3)NC4=NC=CS4)C(=O)O,COCCOC1=C(C=C2C(=C1)C(=NC=N2)NC3=CC=CC(=C3)C#C)OCCOC,6.63,1,6.339883,-0.2415,14.766957,0.38637128472328186,-0.08951935172080994,0.47763511538505554
mk5108,erlotinib,SW620,C1CC(CCC1OC2=C(C(=CC=C2)Cl)F)(CC3=NC(=CC=C3)NC4=NC=CS4)C(=O)O,COCCOC1=C(C=C2C(=C1)C(=NC=N2)NC3=CC=CC(=C3)C#C)OCCOC,2.015,1,5.0341654,-0.1146,9.6042385,-0.2519959509372711,-0.39757412672042847,0.40189531445503235
mk5108,geldanamycin,A2058,C1CC(CCC1OC2=C(C(=CC=C2)Cl)F)(CC3=NC(=CC=C3)NC4=NC=CS4)C(=O)O,CC1CC(C(C(C=C(C(C(C=CC=C(C(=O)NC2=CC(=O)C(=C(C1)C2=O)OC)C)OC)OC(=O)N)C)C)O)OC,1.145,1,-1.0573181,-0.134,0.6353263,0.25600162148475647,2.0051069259643555,0.8813322186470032
mk5108,geldanamycin,A2780,C1CC(CCC1OC2=C(C(=CC=C2)Cl)F)(CC3=NC(=CC=C3)NC4=NC=CS4)C(=O)O,CC1CC(C(C(C=C(C(C(C=CC=C(C(=O)NC2=CC(=O)C(=C(C1)C2=O)OC)C)OC)OC(=O)N)C)C)O)OC,3.845,1,4.576343,-0.1975,1.7074684,0.4457557499408722,6.148417949676514,0.9978677034378052
mk5108,geldanamycin,A427,C1CC(CCC1OC2=C(C(=CC=C2)Cl)F)(CC3=NC(=CC=C3)NC4=NC=CS4)C(=O)O,CC1CC(C(C(C=C(C(C(C=CC=C(C(=O)NC2=CC(=O)C(=C(C1)C2=O)OC)C)OC)OC(=O)N)C)C)O)OC,5.13,1,2.5924726,-0.326,-1.3646331,-0.6802161931991577,3.3013222217559814,0.964474081993103
mk5108,geldanamycin,HCT116,C1CC(CCC1OC2=C(C(=CC=C2)Cl)F)(CC3=NC(=CC=C3)NC4=NC=CS4)C(=O)O,CC1CC(C(C(C=C(C(C(C=CC=C(C(=O)NC2=CC(=O)C(=C(C1)C2=O)OC)C)OC)OC(=O)N)C)C)O)OC,1.945,1,-3.4209902,-0.2905,-3.3642678,-0.8183434009552002,1.6908831596374512,0.8443402051925659
mk5108,geldanamycin,HT144,C1CC(CCC1OC2=C(C(=CC=C2)Cl)F)(CC3=NC(=CC=C3)NC4=NC=CS4)C(=O)O,CC1CC(C(C(C=C(C(C(C=CC=C(C(=O)NC2=CC(=O)C(=C(C1)C2=O)OC)C)OC)OC(=O)N)C)C)O)OC,2.16,1,-7.743107,-0.1711,-6.718708,0.373151034116745,0.2690037488937378,0.5668483376502991
mk5108,geldanamycin,MDAMB436,C1CC(CCC1OC2=C(C(=CC=C2)Cl)F)(CC3=NC(=CC=C3)NC4=NC=CS4)C(=O)O,CC1CC(C(C(C=C(C(C(C=CC=C(C(=O)NC2=CC(=O)C(=C(C1)C2=O)OC)C)OC)OC(=O)N)C)C)O)OC,2.25,1,-3.3754737,-0.202,0.33186355,-0.45212993025779724,1.0986521244049072,0.7500075101852417
mk5108,geldanamycin,NCIH1650,C1CC(CCC1OC2=C(C(=CC=C2)Cl)F)(CC3=NC(=CC=C3)NC4=NC=CS4)C(=O)O,CC1CC(C(C(C=C(C(C(C=CC=C(C(=O)NC2=CC(=O)C(=C(C1)C2=O)OC)C)OC)OC(=O)N)C)C)O)OC,3.005,1,-1.1421648,-0.1511,-2.8273053,-1.294882893562317,2.2348825931549072,0.9033385515213013
mk5108,geldanamycin,NCIH2122,C1CC(CCC1OC2=C(C(=CC=C2)Cl)F)(CC3=NC(=CC=C3)NC4=NC=CS4)C(=O)O,CC1CC(C(C(C=C(C(C(C=CC=C(C(=O)NC2=CC(=O)C(=C(C1)C2=O)OC)C)OC)OC(=O)N)C)C)O)OC,2.115,1,-4.9481025,-0.1138,-17.471167,-0.6140095591545105,5.385197162628174,0.99543696641922
mk5108,geldanamycin,NCIH23,C1CC(CCC1OC2=C(C(=CC=C2)Cl)F)(CC3=NC(=CC=C3)NC4=NC=CS4)C(=O)O,CC1CC(C(C(C=C(C(C(C=CC=C(C(=O)NC2=CC(=O)C(=C(C1)C2=O)OC)C)OC)OC(=O)N)C)C)O)OC,-0.25,0,1.0830189,-0.4085,-16.417316,-1.7144129276275635,-0.17917877435684204,0.4553247392177582
mk5108,geldanamycin,NCIH520,C1CC(CCC1OC2=C(C(=CC=C2)Cl)F)(CC3=NC(=CC=C3)NC4=NC=CS4)C(=O)O,CC1CC(C(C(C=C(C(C(C=CC=C(C(=O)NC2=CC(=O)C(=C(C1)C2=O)OC)C)OC)OC(=O)N)C)C)O)OC,-2.79,0,-4.8844914,-0.19,-5.4470673,1.4444375038146973,1.8296726942062378,0.8617227077484131
mk5108,geldanamycin,OV90,C1CC(CCC1OC2=C(C(=CC=C2)Cl)F)(CC3=NC(=CC=C3)NC4=NC=CS4)C(=O)O,CC1CC(C(C(C=C(C(C(C=CC=C(C(=O)NC2=CC(=O)C(=C(C1)C2=O)OC)C)OC)OC(=O)N)C)C)O)OC,5.435,1,-5.792006,-0.264,-4.273781,0.3309955596923828,3.1087725162506104,0.9572532176971436
mk5108,geldanamycin,RKO,C1CC(CCC1OC2=C(C(=CC=C2)Cl)F)(CC3=NC(=CC=C3)NC4=NC=CS4)C(=O)O,CC1CC(C(C(C=C(C(C(C=CC=C(C(=O)NC2=CC(=O)C(=C(C1)C2=O)OC)C)OC)OC(=O)N)C)C)O)OC,5.05,1,-14.728219,-0.2505,1.5353243,-0.34361857175827026,4.688962459564209,0.9908875226974487
mk5108,geldanamycin,SKMES1,C1CC(CCC1OC2=C(C(=CC=C2)Cl)F)(CC3=NC(=CC=C3)NC4=NC=CS4)C(=O)O,CC1CC(C(C(C=C(C(C(C=CC=C(C(=O)NC2=CC(=O)C(=C(C1)C2=O)OC)C)OC)OC(=O)N)C)C)O)OC,2.89,1,0.17455553,-0.372,-1.2300102,-0.41835302114486694,2.7012832164764404,0.9371023178100586
mk5108,geldanamycin,SKOV3,C1CC(CCC1OC2=C(C(=CC=C2)Cl)F)(CC3=NC(=CC=C3)NC4=NC=CS4)C(=O)O,CC1CC(C(C(C=C(C(C(C=CC=C(C(=O)NC2=CC(=O)C(=C(C1)C2=O)OC)C)OC)OC(=O)N)C)C)O)OC,10.625,1,2.3361583,-0.1765,1.0896122,0.192633718252182,1.7255648374557495,0.8488442301750183
mk5108,geldanamycin,SW620,C1CC(CCC1OC2=C(C(=CC=C2)Cl)F)(CC3=NC(=CC=C3)NC4=NC=CS4)C(=O)O,CC1CC(C(C(C=C(C(C(C=CC=C(C(=O)NC2=CC(=O)C(=C(C1)C2=O)OC)C)OC)OC(=O)N)C)C)O)OC,4.12,1,2.735052,-0.179,-1.6610478,0.13753807544708252,1.0108413696289062,0.7331847548484802
mk5108,geldanamycin,T47D,C1CC(CCC1OC2=C(C(=CC=C2)Cl)F)(CC3=NC(=CC=C3)NC4=NC=CS4)C(=O)O,CC1CC(C(C(C=C(C(C(C=CC=C(C(=O)NC2=CC(=O)C(=C(C1)C2=O)OC)C)OC)OC(=O)N)C)C)O)OC,7.345,1,6.413323,-0.1511,-6.088005,0.40565890073776245,1.1642638444900513,0.7621065974235535
mk5108,mk2206,A2780,C1CC(CCC1OC2=C(C(=CC=C2)Cl)F)(CC3=NC(=CC=C3)NC4=NC=CS4)C(=O)O,C1CC(C1)(C2=CC=C(C=C2)C3=C(C=C4C(=N3)C=CN5C4=NNC5=O)C6=CC=CC=C6)N,9.665,1,12.381959,-0.04145,21.859865,1.452354907989502,3.58264422416687,0.9729499220848083
mk5108,mk2206,A427,C1CC(CCC1OC2=C(C(=CC=C2)Cl)F)(CC3=NC(=CC=C3)NC4=NC=CS4)C(=O)O,C1CC(C1)(C2=CC=C(C=C2)C3=C(C=C4C(=N3)C=CN5C4=NNC5=O)C6=CC=CC=C6)N,-1.215,0,2.2943077,-0.0471,17.05916,-0.46789783239364624,2.5505664348602295,0.9276115298271179
mk5108,mk2206,HCT116,C1CC(CCC1OC2=C(C(=CC=C2)Cl)F)(CC3=NC(=CC=C3)NC4=NC=CS4)C(=O)O,C1CC(C1)(C2=CC=C(C=C2)C3=C(C=C4C(=N3)C=CN5C4=NNC5=O)C6=CC=CC=C6)N,6.935,1,4.135834,-0.17905,17.218422,-0.9957137107849121,-0.9661142230033875,0.27565568685531616
mk5108,mk2206,HT144,C1CC(CCC1OC2=C(C(=CC=C2)Cl)F)(CC3=NC(=CC=C3)NC4=NC=CS4)C(=O)O,C1CC(C1)(C2=CC=C(C=C2)C3=C(C=C4C(=N3)C=CN5C4=NNC5=O)C6=CC=CC=C6)N,-7.52,0,8.573519,-0.2085,10.738886,-1.483238697052002,-4.07603120803833,0.01669137179851532
mk5108,mk2206,HT29,C1CC(CCC1OC2=C(C(=CC=C2)Cl)F)(CC3=NC(=CC=C3)NC4=NC=CS4)C(=O)O,C1CC(C1)(C2=CC=C(C=C2)C3=C(C=C4C(=N3)C=CN5C4=NNC5=O)C6=CC=CC=C6)N,3.455,1,1.4988341,-0.15485,19.79369,0.03215012699365616,1.244946837425232,0.7764238715171814
mk5108,mk2206,LOVO,C1CC(CCC1OC2=C(C(=CC=C2)Cl)F)(CC3=NC(=CC=C3)NC4=NC=CS4)C(=O)O,C1CC(C1)(C2=CC=C(C=C2)C3=C(C=C4C(=N3)C=CN5C4=NNC5=O)C6=CC=CC=C6)N,-3.265,0,5.960827,-0.1051,17.782314,-0.6615808606147766,-4.83328104019165,0.007897493429481983
mk5108,mk2206,MDAMB436,C1CC(CCC1OC2=C(C(=CC=C2)Cl)F)(CC3=NC(=CC=C3)NC4=NC=CS4)C(=O)O,C1CC(C1)(C2=CC=C(C=C2)C3=C(C=C4C(=N3)C=CN5C4=NNC5=O)C6=CC=CC=C6)N,-5.17,0,-0.45672116,-0.1745,17.214153,-1.3078529834747314,-2.1610844135284424,0.10329996049404144
mk5108,mk2206,NCIH1650,C1CC(CCC1OC2=C(C(=CC=C2)Cl)F)(CC3=NC(=CC=C3)NC4=NC=CS4)C(=O)O,C1CC(C1)(C2=CC=C(C=C2)C3=C(C=C4C(=N3)C=CN5C4=NNC5=O)C6=CC=CC=C6)N,-7.09,0,2.5061617,-0.247,19.352385,-0.009332418441772461,-4.251222133636475,0.014046692289412022
mk5108,mk2206,NCIH2122,C1CC(CCC1OC2=C(C(=CC=C2)Cl)F)(CC3=NC(=CC=C3)NC4=NC=CS4)C(=O)O,C1CC(C1)(C2=CC=C(C=C2)C3=C(C=C4C(=N3)C=CN5C4=NNC5=O)C6=CC=CC=C6)N,-1.89,0,1.4574789,-0.1146,7.9643807,-1.312490463256836,2.65883469581604,0.9345534443855286
mk5108,mk2206,NCIH23,C1CC(CCC1OC2=C(C(=CC=C2)Cl)F)(CC3=NC(=CC=C3)NC4=NC=CS4)C(=O)O,C1CC(C1)(C2=CC=C(C=C2)C3=C(C=C4C(=N3)C=CN5C4=NNC5=O)C6=CC=CC=C6)N,-1.805,0,4.0183387,-0.117,5.6774898,-1.6554559469223022,-0.2734631896018982,0.43205708265304565
mk5108,mk2206,NCIH520,C1CC(CCC1OC2=C(C(=CC=C2)Cl)F)(CC3=NC(=CC=C3)NC4=NC=CS4)C(=O)O,C1CC(C1)(C2=CC=C(C=C2)C3=C(C=C4C(=N3)C=CN5C4=NNC5=O)C6=CC=CC=C6)N,-1.545,0,1.1530116,-0.15815,12.382567,-0.7649031281471252,-1.189849615097046,0.2332858443260193
mk5108,mk2206,OV90,C1CC(CCC1OC2=C(C(=CC=C2)Cl)F)(CC3=NC(=CC=C3)NC4=NC=CS4)C(=O)O,C1CC(C1)(C2=CC=C(C=C2)C3=C(C=C4C(=N3)C=CN5C4=NNC5=O)C6=CC=CC=C6)N,-2.92,0,0.03249423,-0.1012,14.129446,0.36976709961891174,-3.2381949424743652,0.03775341063737869
mk5108,mk2206,RKO,C1CC(CCC1OC2=C(C(=CC=C2)Cl)F)(CC3=NC(=CC=C3)NC4=NC=CS4)C(=O)O,C1CC(C1)(C2=CC=C(C=C2)C3=C(C=C4C(=N3)C=CN5C4=NNC5=O)C6=CC=CC=C6)N,-8.44,0,-2.361927,-0.09955,18.484861,-0.3212478458881378,-0.8984132409095764,0.28937670588493347
mk5108,mk2206,SKMES1,C1CC(CCC1OC2=C(C(=CC=C2)Cl)F)(CC3=NC(=CC=C3)NC4=NC=CS4)C(=O)O,C1CC(C1)(C2=CC=C(C=C2)C3=C(C=C4C(=N3)C=CN5C4=NNC5=O)C6=CC=CC=C6)N,-1.455,0,4.0042567,-0.1068,18.161003,-1.2068434953689575,-0.10303230583667755,0.4742646813392639
mk5108,mk2206,SKOV3,C1CC(CCC1OC2=C(C(=CC=C2)Cl)F)(CC3=NC(=CC=C3)NC4=NC=CS4)C(=O)O,C1CC(C1)(C2=CC=C(C=C2)C3=C(C=C4C(=N3)C=CN5C4=NNC5=O)C6=CC=CC=C6)N,5.865,1,6.2400026,-0.1841,21.82185,-0.38428786396980286,1.429179072380066,0.8067734241485596
mk5108,mk2206,SW620,C1CC(CCC1OC2=C(C(=CC=C2)Cl)F)(CC3=NC(=CC=C3)NC4=NC=CS4)C(=O)O,C1CC(C1)(C2=CC=C(C=C2)C3=C(C=C4C(=N3)C=CN5C4=NNC5=O)C6=CC=CC=C6)N,-4.88,0,1.0138844,-0.2075,16.12699,-0.33436140418052673,-1.0575504302978516,0.2577778398990631
mk5108,mk2206,T47D,C1CC(CCC1OC2=C(C(=CC=C2)Cl)F)(CC3=NC(=CC=C3)NC4=NC=CS4)C(=O)O,C1CC(C1)(C2=CC=C(C=C2)C3=C(C=C4C(=N3)C=CN5C4=NNC5=O)C6=CC=CC=C6)N,-6.88,0,1.7506127,-0.1147,16.256685,0.11572344601154327,0.3338911235332489,0.5827057957649231
mk5108,sorafenib,A2058,C1CC(CCC1OC2=C(C(=CC=C2)Cl)F)(CC3=NC(=CC=C3)NC4=NC=CS4)C(=O)O,CNC(=O)C1=NC=CC(=C1)OC2=CC=C(C=C2)NC(=O)NC3=CC(=C(C=C3)Cl)C(F)(F)F,7.405,1,-3.5395072,-0.3435,1.9289433,-0.34153643250465393,2.769685745239258,0.9410155415534973
mk5108,sorafenib,A2780,C1CC(CCC1OC2=C(C(=CC=C2)Cl)F)(CC3=NC(=CC=C3)NC4=NC=CS4)C(=O)O,CNC(=O)C1=NC=CC(=C1)OC2=CC=C(C=C2)NC(=O)NC3=CC(=C(C=C3)Cl)C(F)(F)F,4.83,1,3.0571842,-0.3395,4.8649826,1.1887338161468506,4.368591785430908,0.9874894022941589
mk5108,sorafenib,A375,C1CC(CCC1OC2=C(C(=CC=C2)Cl)F)(CC3=NC(=CC=C3)NC4=NC=CS4)C(=O)O,CNC(=O)C1=NC=CC(=C1)OC2=CC=C(C=C2)NC(=O)NC3=CC(=C(C=C3)Cl)C(F)(F)F,10.775,1,4.0239854,-0.374,5.197671,-0.0638086199760437,3.379356861114502,0.9670531749725342
mk5108,sorafenib,A427,C1CC(CCC1OC2=C(C(=CC=C2)Cl)F)(CC3=NC(=CC=C3)NC4=NC=CS4)C(=O)O,CNC(=O)C1=NC=CC(=C1)OC2=CC=C(C=C2)NC(=O)NC3=CC(=C(C=C3)Cl)C(F)(F)F,1.44,1,3.9495907,-0.5515,1.8215578,0.3279973864555359,2.795624017715454,0.9424389004707336
mk5108,sorafenib,ES2,C1CC(CCC1OC2=C(C(=CC=C2)Cl)F)(CC3=NC(=CC=C3)NC4=NC=CS4)C(=O)O,CNC(=O)C1=NC=CC(=C1)OC2=CC=C(C=C2)NC(=O)NC3=CC(=C(C=C3)Cl)C(F)(F)F,4.555,1,4.8287,-0.3255,-0.48308274,0.1544647216796875,3.6838080883026123,0.9754888415336609
mk5108,sorafenib,HCT116,C1CC(CCC1OC2=C(C(=CC=C2)Cl)F)(CC3=NC(=CC=C3)NC4=NC=CS4)C(=O)O,CNC(=O)C1=NC=CC(=C1)OC2=CC=C(C=C2)NC(=O)NC3=CC(=C(C=C3)Cl)C(F)(F)F,5.325,1,6.329402,-0.553,1.3675807,-0.8222625255584717,0.24877133965492249,0.5618740916252136
mk5108,sorafenib,HT144,C1CC(CCC1OC2=C(C(=CC=C2)Cl)F)(CC3=NC(=CC=C3)NC4=NC=CS4)C(=O)O,CNC(=O)C1=NC=CC(=C1)OC2=CC=C(C=C2)NC(=O)NC3=CC(=C(C=C3)Cl)C(F)(F)F,2.915,1,7.993247,-0.4475,-4.883052,-0.07629168033599854,1.4244296550750732,0.8060319423675537
mk5108,sorafenib,LOVO,C1CC(CCC1OC2=C(C(=CC=C2)Cl)F)(CC3=NC(=CC=C3)NC4=NC=CS4)C(=O)O,CNC(=O)C1=NC=CC(=C1)OC2=CC=C(C=C2)NC(=O)NC3=CC(=C(C=C3)Cl)C(F)(F)F,-2.755,0,-4.345086,-0.3285,-0.04061707,0.49295487999916077,-1.6783651113510132,0.1573120802640915
mk5108,sorafenib,MDAMB436,C1CC(CCC1OC2=C(C(=CC=C2)Cl)F)(CC3=NC(=CC=C3)NC4=NC=CS4)C(=O)O,CNC(=O)C1=NC=CC(=C1)OC2=CC=C(C=C2)NC(=O)NC3=CC(=C(C=C3)Cl)C(F)(F)F,-0.545,0,-8.36919,-0.13515,1.2387959,0.02816903591156006,-1.12392258644104,0.24528440833091736
mk5108,sorafenib,NCIH1650,C1CC(CCC1OC2=C(C(=CC=C2)Cl)F)(CC3=NC(=CC=C3)NC4=NC=CS4)C(=O)O,CNC(=O)C1=NC=CC(=C1)OC2=CC=C(C=C2)NC(=O)NC3=CC(=C(C=C3)Cl)C(F)(F)F,2.515,1,-0.6489783,-0.0419,1.0515282,-0.07952901721000671,-0.8359259963035583,0.30239349603652954
mk5108,sorafenib,NCIH2122,C1CC(CCC1OC2=C(C(=CC=C2)Cl)F)(CC3=NC(=CC=C3)NC4=NC=CS4)C(=O)O,CNC(=O)C1=NC=CC(=C1)OC2=CC=C(C=C2)NC(=O)NC3=CC(=C(C=C3)Cl)C(F)(F)F,-2.12,0,-7.4815397,-0.02155,-8.414282,-0.48104149103164673,0.08030922710895538,0.520066499710083
mk5108,sorafenib,NCIH23,C1CC(CCC1OC2=C(C(=CC=C2)Cl)F)(CC3=NC(=CC=C3)NC4=NC=CS4)C(=O)O,CNC(=O)C1=NC=CC(=C1)OC2=CC=C(C=C2)NC(=O)NC3=CC(=C(C=C3)Cl)C(F)(F)F,1.935,1,1.9559101,-0.04635,-8.6284275,-1.6023247241973877,-0.6152684092521667,0.3508583605289459
mk5108,sorafenib,NCIH520,C1CC(CCC1OC2=C(C(=CC=C2)Cl)F)(CC3=NC(=CC=C3)NC4=NC=CS4)C(=O)O,CNC(=O)C1=NC=CC(=C1)OC2=CC=C(C=C2)NC(=O)NC3=CC(=C(C=C3)Cl)C(F)(F)F,2.64,1,2.695269,-0.02215,-2.6872363,-0.4243850111961365,2.8357863426208496,0.9445792436599731
mk5108,sorafenib,OV90,C1CC(CCC1OC2=C(C(=CC=C2)Cl)F)(CC3=NC(=CC=C3)NC4=NC=CS4)C(=O)O,CNC(=O)C1=NC=CC(=C1)OC2=CC=C(C=C2)NC(=O)NC3=CC(=C(C=C3)Cl)C(F)(F)F,2.645,1,0.372368,-0.0768,-2.2987323,1.114564061164856,-0.22513774037361145,0.4439520835876465
mk5108,sorafenib,SKMES1,C1CC(CCC1OC2=C(C(=CC=C2)Cl)F)(CC3=NC(=CC=C3)NC4=NC=CS4)C(=O)O,CNC(=O)C1=NC=CC(=C1)OC2=CC=C(C=C2)NC(=O)NC3=CC(=C(C=C3)Cl)C(F)(F)F,4.415,1,-0.19785924,-0.0206,-0.9986644,-0.14563527703285217,3.2397027015686035,0.9623013734817505
mk5108,sorafenib,SKOV3,C1CC(CCC1OC2=C(C(=CC=C2)Cl)F)(CC3=NC(=CC=C3)NC4=NC=CS4)C(=O)O,CNC(=O)C1=NC=CC(=C1)OC2=CC=C(C=C2)NC(=O)NC3=CC(=C(C=C3)Cl)C(F)(F)F,17.86,1,7.9994936,-0.0287,4.034624,0.5007054805755615,0.13744673132896423,0.5343076586723328
mk5108,sorafenib,SW620,C1CC(CCC1OC2=C(C(=CC=C2)Cl)F)(CC3=NC(=CC=C3)NC4=NC=CS4)C(=O)O,CNC(=O)C1=NC=CC(=C1)OC2=CC=C(C=C2)NC(=O)NC3=CC(=C(C=C3)Cl)C(F)(F)F,5.675,1,4.389997,-0.03935,1.4773192,-0.5238962173461914,-0.01184665784239769,0.4970383644104004
mk5108,sorafenib,SW837,C1CC(CCC1OC2=C(C(=CC=C2)Cl)F)(CC3=NC(=CC=C3)NC4=NC=CS4)C(=O)O,CNC(=O)C1=NC=CC(=C1)OC2=CC=C(C=C2)NC(=O)NC3=CC(=C(C=C3)Cl)C(F)(F)F,3.18,1,-2.9008255,-0.0314,-0.6888685,0.5622528791427612,1.4639605283737183,0.8121376633644104
mk5108,sorafenib,T47D,C1CC(CCC1OC2=C(C(=CC=C2)Cl)F)(CC3=NC(=CC=C3)NC4=NC=CS4)C(=O)O,CNC(=O)C1=NC=CC(=C1)OC2=CC=C(C=C2)NC(=O)NC3=CC(=C(C=C3)Cl)C(F)(F)F,6.23,1,10.671556,-0.0663,-1.3117886,0.26227179169654846,0.19647932052612305,0.548962414264679
paclitaxel,bortezomib,A2058,CC1=C2C(C(=O)C3(C(CC4C(C3C(C(C2(C)C)(CC1OC(=O)C(C(C5=CC=CC=C5)NC(=O)C6=CC=CC=C6)O)O)OC(=O)C7=CC=CC=C7)(CO4)OC(=O)C)O)C)OC(=O)C,B(C(CC(C)C)NC(=O)C(CC1=CC=CC=C1)NC(=O)C2=NC=CN=C2)(O)O,2.205,1,4.1520424,-0.0636,-17.29424,-1.0056555271148682,1.2482109069824219,0.7769899964332581
paclitaxel,bortezomib,A2780,CC1=C2C(C(=O)C3(C(CC4C(C3C(C(C2(C)C)(CC1OC(=O)C(C(C5=CC=CC=C5)NC(=O)C6=CC=CC=C6)O)O)OC(=O)C7=CC=CC=C7)(CO4)OC(=O)C)O)C)OC(=O)C,B(C(CC(C)C)NC(=O)C(CC1=CC=CC=C1)NC(=O)C2=NC=CN=C2)(O)O,1.54,1,-20.378296,-0.05495,-19.12238,-0.2396085560321808,4.75140905380249,0.9914345741271973
paclitaxel,bortezomib,A375,CC1=C2C(C(=O)C3(C(CC4C(C3C(C(C2(C)C)(CC1OC(=O)C(C(C5=CC=CC=C5)NC(=O)C6=CC=CC=C6)O)O)OC(=O)C7=CC=CC=C7)(CO4)OC(=O)C)O)C)OC(=O)C,B(C(CC(C)C)NC(=O)C(CC1=CC=CC=C1)NC(=O)C2=NC=CN=C2)(O)O,-1.17,0,3.28727,-0.1515,-8.235624,0.405571311712265,-1.5421487092971802,0.17622312903404236
paclitaxel,bortezomib,A427,CC1=C2C(C(=O)C3(C(CC4C(C3C(C(C2(C)C)(CC1OC(=O)C(C(C5=CC=CC=C5)NC(=O)C6=CC=CC=C6)O)O)OC(=O)C7=CC=CC=C7)(CO4)OC(=O)C)O)C)OC(=O)C,B(C(CC(C)C)NC(=O)C(CC1=CC=CC=C1)NC(=O)C2=NC=CN=C2)(O)O,-0.98,0,3.9390748,-0.10835,-21.273148,-1.2255017757415771,-0.689503014087677,0.33414363861083984
paclitaxel,bortezomib,HCT116,CC1=C2C(C(=O)C3(C(CC4C(C3C(C(C2(C)C)(CC1OC(=O)C(C(C5=CC=CC=C5)NC(=O)C6=CC=CC=C6)O)O)OC(=O)C7=CC=CC=C7)(CO4)OC(=O)C)O)C)OC(=O)C,B(C(CC(C)C)NC(=O)C(CC1=CC=CC=C1)NC(=O)C2=NC=CN=C2)(O)O,0.1,1,-2.4323668,-0.0763,-22.850777,-0.6430290937423706,-0.16815808415412903,0.45805928111076355
paclitaxel,bortezomib,HT29,CC1=C2C(C(=O)C3(C(CC4C(C3C(C(C2(C)C)(CC1OC(=O)C(C(C5=CC=CC=C5)NC(=O)C6=CC=CC=C6)O)O)OC(=O)C7=CC=CC=C7)(CO4)OC(=O)C)O)C)OC(=O)C,B(C(CC(C)C)NC(=O)C(CC1=CC=CC=C1)NC(=O)C2=NC=CN=C2)(O)O,-0.59,0,2.613642,-0.113,-23.43898,-0.3579148054122925,-0.03967985138297081,0.4900813102722168
paclitaxel,bortezomib,LOVO,CC1=C2C(C(=O)C3(C(CC4C(C3C(C(C2(C)C)(CC1OC(=O)C(C(C5=CC=CC=C5)NC(=O)C6=CC=CC=C6)O)O)OC(=O)C7=CC=CC=C7)(CO4)OC(=O)C)O)C)OC(=O)C,B(C(CC(C)C)NC(=O)C(CC1=CC=CC=C1)NC(=O)C2=NC=CN=C2)(O)O,0.995,1,4.33333,-0.173,-14.351233,-1.0064597129821777,-1.5290212631225586,0.1781369149684906
paclitaxel,bortezomib,MDAMB436,CC1=C2C(C(=O)C3(C(CC4C(C3C(C(C2(C)C)(CC1OC(=O)C(C(C5=CC=CC=C5)NC(=O)C6=CC=CC=C6)O)O)OC(=O)C7=CC=CC=C7)(CO4)OC(=O)C)O)C)OC(=O)C,B(C(CC(C)C)NC(=O)C(CC1=CC=CC=C1)NC(=O)C2=NC=CN=C2)(O)O,1.335,1,2.9292131025,-0.0561,-15.826566,-0.5587138533592224,1.4153317213058472,0.8046055436134338
paclitaxel,bortezomib,NCIH1650,CC1=C2C(C(=O)C3(C(CC4C(C3C(C(C2(C)C)(CC1OC(=O)C(C(C5=CC=CC=C5)NC(=O)C6=CC=CC=C6)O)O)OC(=O)C7=CC=CC=C7)(CO4)OC(=O)C)O)C)OC(=O)C,B(C(CC(C)C)NC(=O)C(CC1=CC=CC=C1)NC(=O)C2=NC=CN=C2)(O)O,-3.48,0,-1.2685822,-0.335,-21.101065,0.1891077756881714,-3.677156448364258,0.024670757353305817
paclitaxel,bortezomib,NCIH2122,CC1=C2C(C(=O)C3(C(CC4C(C3C(C(C2(C)C)(CC1OC(=O)C(C(C5=CC=CC=C5)NC(=O)C6=CC=CC=C6)O)O)OC(=O)C7=CC=CC=C7)(CO4)OC(=O)C)O)C)OC(=O)C,B(C(CC(C)C)NC(=O)C(CC1=CC=CC=C1)NC(=O)C2=NC=CN=C2)(O)O,-26.135,0,-3.4734612,-0.1805,-42.488613,-1.4098610877990723,1.143829584121704,0.7583820819854736
paclitaxel,bortezomib,NCIH23,CC1=C2C(C(=O)C3(C(CC4C(C3C(C(C2(C)C)(CC1OC(=O)C(C(C5=CC=CC=C5)NC(=O)C6=CC=CC=C6)O)O)OC(=O)C7=CC=CC=C7)(CO4)OC(=O)C)O)C)OC(=O)C,B(C(CC(C)C)NC(=O)C(CC1=CC=CC=C1)NC(=O)C2=NC=CN=C2)(O)O,-0.95,0,2.0446925,-0.138,-36.04485,-1.5846338272094727,-0.7335519790649414,0.32441574335098267
paclitaxel,bortezomib,NCIH520,CC1=C2C(C(=O)C3(C(CC4C(C3C(C(C2(C)C)(CC1OC(=O)C(C(C5=CC=CC=C5)NC(=O)C6=CC=CC=C6)O)O)OC(=O)C7=CC=CC=C7)(CO4)OC(=O)C)O)C)OC(=O)C,B(C(CC(C)C)NC(=O)C(CC1=CC=CC=C1)NC(=O)C2=NC=CN=C2)(O)O,1.16,1,-44.972534,-0.19,-24.39291,-1.1322834491729736,3.3782522678375244,0.9670179486274719
paclitaxel,bortezomib,RKO,CC1=C2C(C(=O)C3(C(CC4C(C3C(C(C2(C)C)(CC1OC(=O)C(C(C5=CC=CC=C5)NC(=O)C6=CC=CC=C6)O)O)OC(=O)C7=CC=CC=C7)(CO4)OC(=O)C)O)C)OC(=O)C,B(C(CC(C)C)NC(=O)C(CC1=CC=CC=C1)NC(=O)C2=NC=CN=C2)(O)O,0.565,1,6.0441136,-0.09145,-15.32773,-0.208272784948349,-0.3246772885322571,0.419536292552948
paclitaxel,bortezomib,SKOV3,CC1=C2C(C(=O)C3(C(CC4C(C3C(C(C2(C)C)(CC1OC(=O)C(C(C5=CC=CC=C5)NC(=O)C6=CC=CC=C6)O)O)OC(=O)C7=CC=CC=C7)(CO4)OC(=O)C)O)C)OC(=O)C,B(C(CC(C)C)NC(=O)C(CC1=CC=CC=C1)NC(=O)C2=NC=CN=C2)(O)O,-1.16,0,-0.7435367,-0.0544,-10.430876,0.11551635712385178,-0.33066999912261963,0.41807761788368225
paclitaxel,bortezomib,SW620,CC1=C2C(C(=O)C3(C(CC4C(C3C(C(C2(C)C)(CC1OC(=O)C(C(C5=CC=CC=C5)NC(=O)C6=CC=CC=C6)O)O)OC(=O)C7=CC=CC=C7)(CO4)OC(=O)C)O)C)OC(=O)C,B(C(CC(C)C)NC(=O)C(CC1=CC=CC=C1)NC(=O)C2=NC=CN=C2)(O)O,2.7,1,-7.5877075,-0.0206,-15.844242,0.09380984306335449,-0.5325887203216553,0.3699132800102234
paclitaxel,bortezomib,T47D,CC1=C2C(C(=O)C3(C(CC4C(C3C(C(C2(C)C)(CC1OC(=O)C(C(C5=CC=CC=C5)NC(=O)C6=CC=CC=C6)O)O)OC(=O)C7=CC=CC=C7)(CO4)OC(=O)C)O)C)OC(=O)C,B(C(CC(C)C)NC(=O)C(CC1=CC=CC=C1)NC(=O)C2=NC=CN=C2)(O)O,-0.23,0,1.804973935,-0.0206,-24.821526,0.4604528844356537,-0.5260049700737,0.3714491128921509
paclitaxel,dasatinib,A375,CC1=C2C(C(=O)C3(C(CC4C(C3C(C(C2(C)C)(CC1OC(=O)C(C(C5=CC=CC=C5)NC(=O)C6=CC=CC=C6)O)O)OC(=O)C7=CC=CC=C7)(CO4)OC(=O)C)O)C)OC(=O)C,CC1=C(C(=CC=C1)Cl)NC(=O)C2=CN=C(S2)NC3=NC(=NC(=C3)N4CCN(CC4)CCO)C,5.085,1,-33.23802,-0.11635,27.827225,-0.12960103154182434,3.774932384490967,0.9775757789611816
paclitaxel,dasatinib,ES2,CC1=C2C(C(=O)C3(C(CC4C(C3C(C(C2(C)C)(CC1OC(=O)C(C(C5=CC=CC=C5)NC(=O)C6=CC=CC=C6)O)O)OC(=O)C7=CC=CC=C7)(CO4)OC(=O)C)O)C)OC(=O)C,CC1=C(C(=CC=C1)Cl)NC(=O)C2=CN=C(S2)NC3=NC(=NC(=C3)N4CCN(CC4)CCO)C,7.75,1,0.02489714,-0.3925,20.358719,0.0909450352191925,3.619488477706909,0.9739029407501221
paclitaxel,dasatinib,HCT116,CC1=C2C(C(=O)C3(C(CC4C(C3C(C(C2(C)C)(CC1OC(=O)C(C(C5=CC=CC=C5)NC(=O)C6=CC=CC=C6)O)O)OC(=O)C7=CC=CC=C7)(CO4)OC(=O)C)O)C)OC(=O)C,CC1=C(C(=CC=C1)Cl)NC(=O)C2=CN=C(S2)NC3=NC(=NC(=C3)N4CCN(CC4)CCO)C,5.71,1,-1.1889907,-0.209,11.331621,-0.9112355709075928,0.4443109929561615,0.6092857718467712
paclitaxel,dasatinib,HT144,CC1=C2C(C(=O)C3(C(CC4C(C3C(C(C2(C)C)(CC1OC(=O)C(C(C5=CC=CC=C5)NC(=O)C6=CC=CC=C6)O)O)OC(=O)C7=CC=CC=C7)(CO4)OC(=O)C)O)C)OC(=O)C,CC1=C(C(=CC=C1)Cl)NC(=O)C2=CN=C(S2)NC3=NC(=NC(=C3)N4CCN(CC4)CCO)C,8.805,1,2.126214,-0.502,14.606631,-0.9820168614387512,5.220786094665527,0.994625985622406
paclitaxel,dasatinib,HT29,CC1=C2C(C(=O)C3(C(CC4C(C3C(C(C2(C)C)(CC1OC(=O)C(C(C5=CC=CC=C5)NC(=O)C6=CC=CC=C6)O)O)OC(=O)C7=CC=CC=C7)(CO4)OC(=O)C)O)C)OC(=O)C,CC1=C(C(=CC=C1)Cl)NC(=O)C2=CN=C(S2)NC3=NC(=NC(=C3)N4CCN(CC4)CCO)C,2.98,1,-6.6397457,-0.299,15.008905,0.20373651385307312,0.32011091709136963,0.5793513059616089
paclitaxel,dasatinib,LOVO,CC1=C2C(C(=O)C3(C(CC4C(C3C(C(C2(C)C)(CC1OC(=O)C(C(C5=CC=CC=C5)NC(=O)C6=CC=CC=C6)O)O)OC(=O)C7=CC=CC=C7)(CO4)OC(=O)C)O)C)OC(=O)C,CC1=C(C(=CC=C1)Cl)NC(=O)C2=CN=C(S2)NC3=NC(=NC(=C3)N4CCN(CC4)CCO)C,-0.26,0,3.021004,-0.4965,21.234299,0.2264648675918579,-2.193554162979126,0.10033082216978073
paclitaxel,dasatinib,NCIH1650,CC1=C2C(C(=O)C3(C(CC4C(C3C(C(C2(C)C)(CC1OC(=O)C(C(C5=CC=CC=C5)NC(=O)C6=CC=CC=C6)O)O)OC(=O)C7=CC=CC=C7)(CO4)OC(=O)C)O)C)OC(=O)C,CC1=C(C(=CC=C1)Cl)NC(=O)C2=CN=C(S2)NC3=NC(=NC(=C3)N4CCN(CC4)CCO)C,-1.79,0,-2.9284391,-0.4395,22.499508,1.025167465209961,-1.1542232036590576,0.23971854150295258
paclitaxel,dasatinib,NCIH2122,CC1=C2C(C(=O)C3(C(CC4C(C3C(C(C2(C)C)(CC1OC(=O)C(C(C5=CC=CC=C5)NC(=O)C6=CC=CC=C6)O)O)OC(=O)C7=CC=CC=C7)(CO4)OC(=O)C)O)C)OC(=O)C,CC1=C(C(=CC=C1)Cl)NC(=O)C2=CN=C(S2)NC3=NC(=NC(=C3)N4CCN(CC4)CCO)C,7.47,1,4.0653954,-0.22,-13.0308,-0.5589365363121033,1.7925231456756592,0.8572363257408142
paclitaxel,dasatinib,NCIH23,CC1=C2C(C(=O)C3(C(CC4C(C3C(C(C2(C)C)(CC1OC(=O)C(C(C5=CC=CC=C5)NC(=O)C6=CC=CC=C6)O)O)OC(=O)C7=CC=CC=C7)(CO4)OC(=O)C)O)C)OC(=O)C,CC1=C(C(=CC=C1)Cl)NC(=O)C2=CN=C(S2)NC3=NC(=NC(=C3)N4CCN(CC4)CCO)C,-4.91,0,0.33608106,-0.485,-2.563701,-1.7404148578643799,0.6153973937034607,0.6491710543632507
paclitaxel,dasatinib,OV90,CC1=C2C(C(=O)C3(C(CC4C(C3C(C(C2(C)C)(CC1OC(=O)C(C(C5=CC=CC=C5)NC(=O)C6=CC=CC=C6)O)O)OC(=O)C7=CC=CC=C7)(CO4)OC(=O)C)O)C)OC(=O)C,CC1=C(C(=CC=C1)Cl)NC(=O)C2=CN=C(S2)NC3=NC(=NC(=C3)N4CCN(CC4)CCO)C,0.755,1,3.6017208,-0.03035,16.568413,0.946622371673584,-0.7621874809265137,0.31817153096199036
paclitaxel,dasatinib,RKO,CC1=C2C(C(=O)C3(C(CC4C(C3C(C(C2(C)C)(CC1OC(=O)C(C(C5=CC=CC=C5)NC(=O)C6=CC=CC=C6)O)O)OC(=O)C7=CC=CC=C7)(CO4)OC(=O)C)O)C)OC(=O)C,CC1=C(C(=CC=C1)Cl)NC(=O)C2=CN=C(S2)NC3=NC(=NC(=C3)N4CCN(CC4)CCO)C,3.415,1,-22.014868,-0.0395,18.360683,0.1055673286318779,0.7207581996917725,0.6727739572525024
paclitaxel,dasatinib,SKMES1,CC1=C2C(C(=O)C3(C(CC4C(C3C(C(C2(C)C)(CC1OC(=O)C(C(C5=CC=CC=C5)NC(=O)C6=CC=CC=C6)O)O)OC(=O)C7=CC=CC=C7)(CO4)OC(=O)C)O)C)OC(=O)C,CC1=C(C(=CC=C1)Cl)NC(=O)C2=CN=C(S2)NC3=NC(=NC(=C3)N4CCN(CC4)CCO)C,4.87,1,1.1781868,-0.11325,19.311413,0.469583123922348,1.7140134572982788,0.8473561406135559
paclitaxel,dasatinib,SKOV3,CC1=C2C(C(=O)C3(C(CC4C(C3C(C(C2(C)C)(CC1OC(=O)C(C(C5=CC=CC=C5)NC(=O)C6=CC=CC=C6)O)O)OC(=O)C7=CC=CC=C7)(CO4)OC(=O)C)O)C)OC(=O)C,CC1=C(C(=CC=C1)Cl)NC(=O)C2=CN=C(S2)NC3=NC(=NC(=C3)N4CCN(CC4)CCO)C,-0.05,0,4.975253,-0.0206,22.873459,0.06717728078365326,-0.07615837454795837,0.4809696078300476
paclitaxel,dasatinib,SW620,CC1=C2C(C(=O)C3(C(CC4C(C3C(C(C2(C)C)(CC1OC(=O)C(C(C5=CC=CC=C5)NC(=O)C6=CC=CC=C6)O)O)OC(=O)C7=CC=CC=C7)(CO4)OC(=O)C)O)C)OC(=O)C,CC1=C(C(=CC=C1)Cl)NC(=O)C2=CN=C(S2)NC3=NC(=NC(=C3)N4CCN(CC4)CCO)C,4.36,1,0.98798877,-0.042,18.461586,-0.284576952457428,0.8355764746665955,0.6975327134132385
paclitaxel,dasatinib,SW837,CC1=C2C(C(=O)C3(C(CC4C(C3C(C(C2(C)C)(CC1OC(=O)C(C(C5=CC=CC=C5)NC(=O)C6=CC=CC=C6)O)O)OC(=O)C7=CC=CC=C7)(CO4)OC(=O)C)O)C)OC(=O)C,CC1=C(C(=CC=C1)Cl)NC(=O)C2=CN=C(S2)NC3=NC(=NC(=C3)N4CCN(CC4)CCO)C,-2.27,0,-7.4579654,-0.5925,21.287771,0.043507277965545654,2.7553632259368896,0.9402155876159668
paclitaxel,dasatinib,T47D,CC1=C2C(C(=O)C3(C(CC4C(C3C(C(C2(C)C)(CC1OC(=O)C(C(C5=CC=CC=C5)NC(=O)C6=CC=CC=C6)O)O)OC(=O)C7=CC=CC=C7)(CO4)OC(=O)C)O)C)OC(=O)C,CC1=C(C(=CC=C1)Cl)NC(=O)C2=CN=C(S2)NC3=NC(=NC(=C3)N4CCN(CC4)CCO)C,0.44,1,-0.07279332,-0.0767,18.6455,0.5087859630584717,-0.039156895130872726,0.49021202325820923
paclitaxel,dinaciclib,A2058,CC1=C2C(C(=O)C3(C(CC4C(C3C(C(C2(C)C)(CC1OC(=O)C(C(C5=CC=CC=C5)NC(=O)C6=CC=CC=C6)O)O)OC(=O)C7=CC=CC=C7)(CO4)OC(=O)C)O)C)OC(=O)C,CCC1=C2N=C(C=C(N2N=C1)NCC3=C[N+](=CC=C3)[O-])N4CCCCC4CCO,0.765,1,-1.8742543,-0.477,-5.276427,-0.2599564492702484,2.228527307510376,0.9027822017669678
paclitaxel,dinaciclib,A2780,CC1=C2C(C(=O)C3(C(CC4C(C3C(C(C2(C)C)(CC1OC(=O)C(C(C5=CC=CC=C5)NC(=O)C6=CC=CC=C6)O)O)OC(=O)C7=CC=CC=C7)(CO4)OC(=O)C)O)C)OC(=O)C,CCC1=C2N=C(C=C(N2N=C1)NCC3=C[N+](=CC=C3)[O-])N4CCCCC4CCO,3.635,1,5.7040944,-0.2605,-5.3468614,1.169622778892517,5.7311224937438965,0.9967670440673828
paclitaxel,dinaciclib,A375,CC1=C2C(C(=O)C3(C(CC4C(C3C(C(C2(C)C)(CC1OC(=O)C(C(C5=CC=CC=C5)NC(=O)C6=CC=CC=C6)O)O)OC(=O)C7=CC=CC=C7)(CO4)OC(=O)C)O)C)OC(=O)C,CCC1=C2N=C(C=C(N2N=C1)NCC3=C[N+](=CC=C3)[O-])N4CCCCC4CCO,6.43,1,-1.2360206,-0.205,3.9108367,-0.3270564079284668,5.0922017097473145,0.993893027305603
paclitaxel,dinaciclib,A427,CC1=C2C(C(=O)C3(C(CC4C(C3C(C(C2(C)C)(CC1OC(=O)C(C(C5=CC=CC=C5)NC(=O)C6=CC=CC=C6)O)O)OC(=O)C7=CC=CC=C7)(CO4)OC(=O)C)O)C)OC(=O)C,CCC1=C2N=C(C=C(N2N=C1)NCC3=C[N+](=CC=C3)[O-])N4CCCCC4CCO,1.785,1,-1.8167415,-0.0768,-7.935935,-0.3912621736526489,-1.2491694688796997,0.2228439450263977
paclitaxel,dinaciclib,ES2,CC1=C2C(C(=O)C3(C(CC4C(C3C(C(C2(C)C)(CC1OC(=O)C(C(C5=CC=CC=C5)NC(=O)C6=CC=CC=C6)O)O)OC(=O)C7=CC=CC=C7)(CO4)OC(=O)C)O)C)OC(=O)C,CCC1=C2N=C(C=C(N2N=C1)NCC3=C[N+](=CC=C3)[O-])N4CCCCC4CCO,3.41,1,-2.6658053,-0.02075,-0.94274116,0.8403046131134033,1.2054071426391602,0.7694852948188782
paclitaxel,dinaciclib,HT144,CC1=C2C(C(=O)C3(C(CC4C(C3C(C(C2(C)C)(CC1OC(=O)C(C(C5=CC=CC=C5)NC(=O)C6=CC=CC=C6)O)O)OC(=O)C7=CC=CC=C7)(CO4)OC(=O)C)O)C)OC(=O)C,CCC1=C2N=C(C=C(N2N=C1)NCC3=C[N+](=CC=C3)[O-])N4CCCCC4CCO,2.17,1,2.3900628,-0.06805,-5.156015,-0.3788629174232483,1.2876302003860474,0.7837458252906799
paclitaxel,dinaciclib,HT29,CC1=C2C(C(=O)C3(C(CC4C(C3C(C(C2(C)C)(CC1OC(=O)C(C(C5=CC=CC=C5)NC(=O)C6=CC=CC=C6)O)O)OC(=O)C7=CC=CC=C7)(CO4)OC(=O)C)O)C)OC(=O)C,CCC1=C2N=C(C=C(N2N=C1)NCC3=C[N+](=CC=C3)[O-])N4CCCCC4CCO,2.44,1,-7.094614,-0.0811,-11.680355,0.12661880254745483,0.4170174300670624,0.6027693152427673
paclitaxel,dinaciclib,LOVO,CC1=C2C(C(=O)C3(C(CC4C(C3C(C(C2(C)C)(CC1OC(=O)C(C(C5=CC=CC=C5)NC(=O)C6=CC=CC=C6)O)O)OC(=O)C7=CC=CC=C7)(CO4)OC(=O)C)O)C)OC(=O)C,CCC1=C2N=C(C=C(N2N=C1)NCC3=C[N+](=CC=C3)[O-])N4CCCCC4CCO,1.175,1,1.8756924,-0.0206,-4.281515,0.43418383598327637,-1.3814866542816162,0.2007703334093094
paclitaxel,dinaciclib,NCIH1650,CC1=C2C(C(=O)C3(C(CC4C(C3C(C(C2(C)C)(CC1OC(=O)C(C(C5=CC=CC=C5)NC(=O)C6=CC=CC=C6)O)O)OC(=O)C7=CC=CC=C7)(CO4)OC(=O)C)O)C)OC(=O)C,CCC1=C2N=C(C=C(N2N=C1)NCC3=C[N+](=CC=C3)[O-])N4CCCCC4CCO,3.195,1,3.0721378,-0.03045,-5.5527706,0.9017091989517212,-0.4902574121952057,0.3798329532146454
paclitaxel,dinaciclib,NCIH2122,CC1=C2C(C(=O)C3(C(CC4C(C3C(C(C2(C)C)(CC1OC(=O)C(C(C5=CC=CC=C5)NC(=O)C6=CC=CC=C6)O)O)OC(=O)C7=CC=CC=C7)(CO4)OC(=O)C)O)C)OC(=O)C,CCC1=C2N=C(C=C(N2N=C1)NCC3=C[N+](=CC=C3)[O-])N4CCCCC4CCO,2.965,1,-12.285476,-0.0269,-31.278652,-0.2164703905582428,1.6496124267578125,0.8388386368751526
paclitaxel,dinaciclib,NCIH23,CC1=C2C(C(=O)C3(C(CC4C(C3C(C(C2(C)C)(CC1OC(=O)C(C(C5=CC=CC=C5)NC(=O)C6=CC=CC=C6)O)O)OC(=O)C7=CC=CC=C7)(CO4)OC(=O)C)O)C)OC(=O)C,CCC1=C2N=C(C=C(N2N=C1)NCC3=C[N+](=CC=C3)[O-])N4CCCCC4CCO,-0.985,0,-0.024492163,-0.06855,-24.636478,-1.4767279624938965,0.42731335759162903,0.6052319407463074
paclitaxel,dinaciclib,NCIH520,CC1=C2C(C(=O)C3(C(CC4C(C3C(C(C2(C)C)(CC1OC(=O)C(C(C5=CC=CC=C5)NC(=O)C6=CC=CC=C6)O)O)OC(=O)C7=CC=CC=C7)(CO4)OC(=O)C)O)C)OC(=O)C,CCC1=C2N=C(C=C(N2N=C1)NCC3=C[N+](=CC=C3)[O-])N4CCCCC4CCO,-0.38,0,-1.6545762,-0.09445,-9.998759,0.12238789349794388,1.1235487461090088,0.7546464204788208
paclitaxel,dinaciclib,SKOV3,CC1=C2C(C(=O)C3(C(CC4C(C3C(C(C2(C)C)(CC1OC(=O)C(C(C5=CC=CC=C5)NC(=O)C6=CC=CC=C6)O)O)OC(=O)C7=CC=CC=C7)(CO4)OC(=O)C)O)C)OC(=O)C,CCC1=C2N=C(C=C(N2N=C1)NCC3=C[N+](=CC=C3)[O-])N4CCCCC4CCO,2.815,1,0.04877786,-0.04325,-1.0938288,0.014671772718429565,0.6502325534820557,0.6570628881454468
paclitaxel,dinaciclib,SW620,CC1=C2C(C(=O)C3(C(CC4C(C3C(C(C2(C)C)(CC1OC(=O)C(C(C5=CC=CC=C5)NC(=O)C6=CC=CC=C6)O)O)OC(=O)C7=CC=CC=C7)(CO4)OC(=O)C)O)C)OC(=O)C,CCC1=C2N=C(C=C(N2N=C1)NCC3=C[N+](=CC=C3)[O-])N4CCCCC4CCO,2.915,1,0.13479237,-0.0515,-5.426339,0.27978435158729553,0.879738986492157,0.7067680954933167
paclitaxel,dinaciclib,SW837,CC1=C2C(C(=O)C3(C(CC4C(C3C(C(C2(C)C)(CC1OC(=O)C(C(C5=CC=CC=C5)NC(=O)C6=CC=CC=C6)O)O)OC(=O)C7=CC=CC=C7)(CO4)OC(=O)C)O)C)OC(=O)C,CCC1=C2N=C(C=C(N2N=C1)NCC3=C[N+](=CC=C3)[O-])N4CCCCC4CCO,0.875,1,-5.5418706,-0.0206,-8.052992,0.677379846572876,0.9600602984428406,0.7231338620185852
paclitaxel,dinaciclib,T47D,CC1=C2C(C(=O)C3(C(CC4C(C3C(C(C2(C)C)(CC1OC(=O)C(C(C5=CC=CC=C5)NC(=O)C6=CC=CC=C6)O)O)OC(=O)C7=CC=CC=C7)(CO4)OC(=O)C)O)C)OC(=O)C,CCC1=C2N=C(C=C(N2N=C1)NCC3=C[N+](=CC=C3)[O-])N4CCCCC4CCO,-4.115,0,1.6074947,-0.02405,-11.095189,0.7410928010940552,0.09694148600101471,0.5242164134979248
paclitaxel,erlotinib,A2058,CC1=C2C(C(=O)C3(C(CC4C(C3C(C(C2(C)C)(CC1OC(=O)C(C(C5=CC=CC=C5)NC(=O)C6=CC=CC=C6)O)O)OC(=O)C7=CC=CC=C7)(CO4)OC(=O)C)O)C)OC(=O)C,COCCOC1=C(C=C2C(=C1)C(=NC=N2)NC3=CC=CC(=C3)C#C)OCCOC,-2.215,0,1.9212674,-0.0248,9.095911,-0.6305689215660095,2.9080262184143066,0.9482418298721313
paclitaxel,erlotinib,A2780,CC1=C2C(C(=O)C3(C(CC4C(C3C(C(C2(C)C)(CC1OC(=O)C(C(C5=CC=CC=C5)NC(=O)C6=CC=CC=C6)O)O)OC(=O)C7=CC=CC=C7)(CO4)OC(=O)C)O)C)OC(=O)C,COCCOC1=C(C=C2C(=C1)C(=NC=N2)NC3=CC=CC(=C3)C#C)OCCOC,3.865,1,9.074439,-0.0472,9.187639,1.332841396331787,4.985793590545654,0.9932119846343994
paclitaxel,erlotinib,A375,CC1=C2C(C(=O)C3(C(CC4C(C3C(C(C2(C)C)(CC1OC(=O)C(C(C5=CC=CC=C5)NC(=O)C6=CC=CC=C6)O)O)OC(=O)C7=CC=CC=C7)(CO4)OC(=O)C)O)C)OC(=O)C,COCCOC1=C(C=C2C(=C1)C(=NC=N2)NC3=CC=CC(=C3)C#C)OCCOC,9.965,1,-0.3340315,-0.0723,19.007957,-1.266636848449707,3.8745830059051514,0.9796593189239502
paclitaxel,erlotinib,A427,CC1=C2C(C(=O)C3(C(CC4C(C3C(C(C2(C)C)(CC1OC(=O)C(C(C5=CC=CC=C5)NC(=O)C6=CC=CC=C6)O)O)OC(=O)C7=CC=CC=C7)(CO4)OC(=O)C)O)C)OC(=O)C,COCCOC1=C(C=C2C(=C1)C(=NC=N2)NC3=CC=CC(=C3)C#C)OCCOC,-0.435,0,10.34,-0.0206,5.708955,-0.7603311538696289,2.5742123126983643,0.9291833639144897
paclitaxel,erlotinib,ES2,CC1=C2C(C(=O)C3(C(CC4C(C3C(C(C2(C)C)(CC1OC(=O)C(C(C5=CC=CC=C5)NC(=O)C6=CC=CC=C6)O)O)OC(=O)C7=CC=CC=C7)(CO4)OC(=O)C)O)C)OC(=O)C,COCCOC1=C(C=C2C(=C1)C(=NC=N2)NC3=CC=CC(=C3)C#C)OCCOC,13.65,1,15.354146,-0.0447,10.553928,0.5642110109329224,4.655534744262695,0.9905807375907898
paclitaxel,erlotinib,HCT116,CC1=C2C(C(=O)C3(C(CC4C(C3C(C(C2(C)C)(CC1OC(=O)C(C(C5=CC=CC=C5)NC(=O)C6=CC=CC=C6)O)O)OC(=O)C7=CC=CC=C7)(CO4)OC(=O)C)O)C)OC(=O)C,COCCOC1=C(C=C2C(=C1)C(=NC=N2)NC3=CC=CC(=C3)C#C)OCCOC,-1.36,0,-4.642361,-0.21895,4.193147,-0.7067775726318359,0.37118738889694214,0.5917458534240723
paclitaxel,erlotinib,HT144,CC1=C2C(C(=O)C3(C(CC4C(C3C(C(C2(C)C)(CC1OC(=O)C(C(C5=CC=CC=C5)NC(=O)C6=CC=CC=C6)O)O)OC(=O)C7=CC=CC=C7)(CO4)OC(=O)C)O)C)OC(=O)C,COCCOC1=C(C=C2C(=C1)C(=NC=N2)NC3=CC=CC(=C3)C#C)OCCOC,3.305,1,-6.630126,-0.3091,9.224593,-0.5247975587844849,3.7594025135040283,0.9772327542304993
paclitaxel,erlotinib,HT29,CC1=C2C(C(=O)C3(C(CC4C(C3C(C(C2(C)C)(CC1OC(=O)C(C(C5=CC=CC=C5)NC(=O)C6=CC=CC=C6)O)O)OC(=O)C7=CC=CC=C7)(CO4)OC(=O)C)O)C)OC(=O)C,COCCOC1=C(C=C2C(=C1)C(=NC=N2)NC3=CC=CC(=C3)C#C)OCCOC,4.445,1,-11.333082,-0.321,7.1271763,-0.12591388821601868,0.8699321150779724,0.7047315835952759
paclitaxel,erlotinib,MDAMB436,CC1=C2C(C(=O)C3(C(CC4C(C3C(C(C2(C)C)(CC1OC(=O)C(C(C5=CC=CC=C5)NC(=O)C6=CC=CC=C6)O)O)OC(=O)C7=CC=CC=C7)(CO4)OC(=O)C)O)C)OC(=O)C,COCCOC1=C(C=C2C(=C1)C(=NC=N2)NC3=CC=CC(=C3)C#C)OCCOC,-3.38,0,1.3875229,-0.4245,6.2516766,-0.11089987307786942,-1.0983924865722656,0.2500412166118622
paclitaxel,erlotinib,NCIH1650,CC1=C2C(C(=O)C3(C(CC4C(C3C(C(C2(C)C)(CC1OC(=O)C(C(C5=CC=CC=C5)NC(=O)C6=CC=CC=C6)O)O)OC(=O)C7=CC=CC=C7)(CO4)OC(=O)C)O)C)OC(=O)C,COCCOC1=C(C=C2C(=C1)C(=NC=N2)NC3=CC=CC(=C3)C#C)OCCOC,-6.955,0,-1.048623,-0.35,10.672357,-0.35515499114990234,-4.6829047203063965,0.009167282842099667
paclitaxel,erlotinib,NCIH2122,CC1=C2C(C(=O)C3(C(CC4C(C3C(C(C2(C)C)(CC1OC(=O)C(C(C5=CC=CC=C5)NC(=O)C6=CC=CC=C6)O)O)OC(=O)C7=CC=CC=C7)(CO4)OC(=O)C)O)C)OC(=O)C,COCCOC1=C(C=C2C(=C1)C(=NC=N2)NC3=CC=CC(=C3)C#C)OCCOC,0.445,1,9.895943,-0.1775,-16.552206,-0.7702573537826538,1.0131170749664307,0.7336297035217285
paclitaxel,erlotinib,NCIH23,CC1=C2C(C(=O)C3(C(CC4C(C3C(C(C2(C)C)(CC1OC(=O)C(C(C5=CC=CC=C5)NC(=O)C6=CC=CC=C6)O)O)OC(=O)C7=CC=CC=C7)(CO4)OC(=O)C)O)C)OC(=O)C,COCCOC1=C(C=C2C(=C1)C(=NC=N2)NC3=CC=CC(=C3)C#C)OCCOC,-3.55,0,-1.7011188,-0.0327,-13.2789345,-1.6014714241027832,-0.28485971689224243,0.42926275730133057
paclitaxel,erlotinib,NCIH520,CC1=C2C(C(=O)C3(C(CC4C(C3C(C(C2(C)C)(CC1OC(=O)C(C(C5=CC=CC=C5)NC(=O)C6=CC=CC=C6)O)O)OC(=O)C7=CC=CC=C7)(CO4)OC(=O)C)O)C)OC(=O)C,COCCOC1=C(C=C2C(=C1)C(=NC=N2)NC3=CC=CC(=C3)C#C)OCCOC,0.655,1,16.956238,-0.05605,3.2280226,0.5889229774475098,2.3169968128204346,0.9102749824523926
paclitaxel,erlotinib,RKO,CC1=C2C(C(=O)C3(C(CC4C(C3C(C(C2(C)C)(CC1OC(=O)C(C(C5=CC=CC=C5)NC(=O)C6=CC=CC=C6)O)O)OC(=O)C7=CC=CC=C7)(CO4)OC(=O)C)O)C)OC(=O)C,COCCOC1=C(C=C2C(=C1)C(=NC=N2)NC3=CC=CC(=C3)C#C)OCCOC,-1.39,0,9.809952,-0.0206,8.385775,0.1080704927444458,-0.35042238235473633,0.4132799804210663
paclitaxel,erlotinib,SKMES1,CC1=C2C(C(=O)C3(C(CC4C(C3C(C(C2(C)C)(CC1OC(=O)C(C(C5=CC=CC=C5)NC(=O)C6=CC=CC=C6)O)O)OC(=O)C7=CC=CC=C7)(CO4)OC(=O)C)O)C)OC(=O)C,COCCOC1=C(C=C2C(=C1)C(=NC=N2)NC3=CC=CC(=C3)C#C)OCCOC,1.655,1,-3.1374884,-0.0206,11.334229,0.0453639030456543,4.322172164916992,0.9869028329849243
paclitaxel,erlotinib,SKOV3,CC1=C2C(C(=O)C3(C(CC4C(C3C(C(C2(C)C)(CC1OC(=O)C(C(C5=CC=CC=C5)NC(=O)C6=CC=CC=C6)O)O)OC(=O)C7=CC=CC=C7)(CO4)OC(=O)C)O)C)OC(=O)C,COCCOC1=C(C=C2C(=C1)C(=NC=N2)NC3=CC=CC(=C3)C#C)OCCOC,1.31,1,6.449504,-0.02065,16.802933,-0.150543212890625,0.19199590384960175,0.547852098941803
paclitaxel,erlotinib,SW620,CC1=C2C(C(=O)C3(C(CC4C(C3C(C(C2(C)C)(CC1OC(=O)C(C(C5=CC=CC=C5)NC(=O)C6=CC=CC=C6)O)O)OC(=O)C7=CC=CC=C7)(CO4)OC(=O)C)O)C)OC(=O)C,COCCOC1=C(C=C2C(=C1)C(=NC=N2)NC3=CC=CC(=C3)C#C)OCCOC,5.68,1,5.3836994,-0.02555,8.122463,-0.09229451417922974,0.638952910900116,0.6545166969299316
paclitaxel,erlotinib,SW837,CC1=C2C(C(=O)C3(C(CC4C(C3C(C(C2(C)C)(CC1OC(=O)C(C(C5=CC=CC=C5)NC(=O)C6=CC=CC=C6)O)O)OC(=O)C7=CC=CC=C7)(CO4)OC(=O)C)O)C)OC(=O)C,COCCOC1=C(C=C2C(=C1)C(=NC=N2)NC3=CC=CC(=C3)C#C)OCCOC,-3.33,0,8.074291,-0.0206,12.03414,-0.25051048398017883,2.7971417903900146,0.9425211548805237
paclitaxel,geldanamycin,A2058,CC1=C2C(C(=O)C3(C(CC4C(C3C(C(C2(C)C)(CC1OC(=O)C(C(C5=CC=CC=C5)NC(=O)C6=CC=CC=C6)O)O)OC(=O)C7=CC=CC=C7)(CO4)OC(=O)C)O)C)OC(=O)C,CC1CC(C(C(C=C(C(C(C=CC=C(C(=O)NC2=CC(=O)C(=C(C1)C2=O)OC)C)OC)OC(=O)N)C)C)O)OC,1.535,1,-7.580229,-0.02555,-4.877989,-1.7781721353530884,2.6883065700531006,0.9363330602645874
paclitaxel,geldanamycin,A375,CC1=C2C(C(=O)C3(C(CC4C(C3C(C(C2(C)C)(CC1OC(=O)C(C(C5=CC=CC=C5)NC(=O)C6=CC=CC=C6)O)O)OC(=O)C7=CC=CC=C7)(CO4)OC(=O)C)O)C)OC(=O)C,CC1CC(C(C(C=C(C(C(C=CC=C(C(=O)NC2=CC(=O)C(=C(C1)C2=O)OC)C)OC)OC(=O)N)C)C)O)OC,-0.655,0,-3.8584166,-0.02075,4.827179,-1.0860188007354736,5.691850185394287,0.9966379404067993
paclitaxel,geldanamycin,ES2,CC1=C2C(C(=O)C3(C(CC4C(C3C(C(C2(C)C)(CC1OC(=O)C(C(C5=CC=CC=C5)NC(=O)C6=CC=CC=C6)O)O)OC(=O)C7=CC=CC=C7)(CO4)OC(=O)C)O)C)OC(=O)C,CC1CC(C(C(C=C(C(C(C=CC=C(C(=O)NC2=CC(=O)C(=C(C1)C2=O)OC)C)OC)OC(=O)N)C)C)O)OC,4.835,1,-53.605007,-0.0515,-1.1404256,-0.27866944670677185,0.16348797082901,0.5407811999320984
paclitaxel,geldanamycin,HT144,CC1=C2C(C(=O)C3(C(CC4C(C3C(C(C2(C)C)(CC1OC(=O)C(C(C5=CC=CC=C5)NC(=O)C6=CC=CC=C6)O)O)OC(=O)C7=CC=CC=C7)(CO4)OC(=O)C)O)C)OC(=O)C,CC1CC(C(C(C=C(C(C(C=CC=C(C(=O)NC2=CC(=O)C(=C(C1)C2=O)OC)C)OC)OC(=O)N)C)C)O)OC,2.0,1,-8.332716,-0.02405,-3.256938,-1.4065704345703125,4.040607929229736,0.9827170968055725
paclitaxel,geldanamycin,HT29,CC1=C2C(C(=O)C3(C(CC4C(C3C(C(C2(C)C)(CC1OC(=O)C(C(C5=CC=CC=C5)NC(=O)C6=CC=CC=C6)O)O)OC(=O)C7=CC=CC=C7)(CO4)OC(=O)C)O)C)OC(=O)C,CC1CC(C(C(C=C(C(C(C=CC=C(C(=O)NC2=CC(=O)C(=C(C1)C2=O)OC)C)OC)OC(=O)N)C)C)O)OC,-1.55,0,-4.0140133,-0.0206,-14.052473,0.2666641175746918,0.027778897434473038,0.5069442987442017
paclitaxel,geldanamycin,LOVO,CC1=C2C(C(=O)C3(C(CC4C(C3C(C(C2(C)C)(CC1OC(=O)C(C(C5=CC=CC=C5)NC(=O)C6=CC=CC=C6)O)O)OC(=O)C7=CC=CC=C7)(CO4)OC(=O)C)O)C)OC(=O)C,CC1CC(C(C(C=C(C(C(C=CC=C(C(=O)NC2=CC(=O)C(=C(C1)C2=O)OC)C)OC)OC(=O)N)C)C)O)OC,1.285,1,3.2119026,-0.0206,-5.8510084,-0.24538815021514893,1.969281792640686,0.8775339722633362
paclitaxel,geldanamycin,MDAMB436,CC1=C2C(C(=O)C3(C(CC4C(C3C(C(C2(C)C)(CC1OC(=O)C(C(C5=CC=CC=C5)NC(=O)C6=CC=CC=C6)O)O)OC(=O)C7=CC=CC=C7)(CO4)OC(=O)C)O)C)OC(=O)C,CC1CC(C(C(C=C(C(C(C=CC=C(C(=O)NC2=CC(=O)C(=C(C1)C2=O)OC)C)OC)OC(=O)N)C)C)O)OC,1.31,1,6.410588,-0.0248,-6.740465,-0.23431003093719482,0.5250059962272644,0.6283175945281982
paclitaxel,geldanamycin,NCIH1650,CC1=C2C(C(=O)C3(C(CC4C(C3C(C(C2(C)C)(CC1OC(=O)C(C(C5=CC=CC=C5)NC(=O)C6=CC=CC=C6)O)O)OC(=O)C7=CC=CC=C7)(CO4)OC(=O)C)O)C)OC(=O)C,CC1CC(C(C(C=C(C(C(C=CC=C(C(=O)NC2=CC(=O)C(=C(C1)C2=O)OC)C)OC)OC(=O)N)C)C)O)OC,-0.38,0,-5.7517605,-0.0755,-7.931347,0.23397767543792725,-3.2707226276397705,0.03658934682607651
paclitaxel,geldanamycin,NCIH2122,CC1=C2C(C(=O)C3(C(CC4C(C3C(C(C2(C)C)(CC1OC(=O)C(C(C5=CC=CC=C5)NC(=O)C6=CC=CC=C6)O)O)OC(=O)C7=CC=CC=C7)(CO4)OC(=O)C)O)C)OC(=O)C,CC1CC(C(C(C=C(C(C(C=CC=C(C(=O)NC2=CC(=O)C(=C(C1)C2=O)OC)C)OC)OC(=O)N)C)C)O)OC,-23.905,0,-7.391035,-0.0239,-39.065334,-0.9369906187057495,2.425959348678589,0.9187855124473572
paclitaxel,geldanamycin,NCIH23,CC1=C2C(C(=O)C3(C(CC4C(C3C(C(C2(C)C)(CC1OC(=O)C(C(C5=CC=CC=C5)NC(=O)C6=CC=CC=C6)O)O)OC(=O)C7=CC=CC=C7)(CO4)OC(=O)C)O)C)OC(=O)C,CC1CC(C(C(C=C(C(C(C=CC=C(C(=O)NC2=CC(=O)C(=C(C1)C2=O)OC)C)OC)OC(=O)N)C)C)O)OC,-2.165,0,-0.3165141,-0.0206,-28.885427,-1.746403694152832,0.04456751421093941,0.511139988899231
paclitaxel,geldanamycin,NCIH520,CC1=C2C(C(=O)C3(C(CC4C(C3C(C(C2(C)C)(CC1OC(=O)C(C(C5=CC=CC=C5)NC(=O)C6=CC=CC=C6)O)O)OC(=O)C7=CC=CC=C7)(CO4)OC(=O)C)O)C)OC(=O)C,CC1CC(C(C(C=C(C(C(C=CC=C(C(=O)NC2=CC(=O)C(=C(C1)C2=O)OC)C)OC)OC(=O)N)C)C)O)OC,-3.82,0,-54.484722,-0.03875,-11.970794,-0.3564603924751282,3.8988354206085205,0.980137050151825
paclitaxel,geldanamycin,OV90,CC1=C2C(C(=O)C3(C(CC4C(C3C(C(C2(C)C)(CC1OC(=O)C(C(C5=CC=CC=C5)NC(=O)C6=CC=CC=C6)O)O)OC(=O)C7=CC=CC=C7)(CO4)OC(=O)C)O)C)OC(=O)C,CC1CC(C(C(C=C(C(C(C=CC=C(C(=O)NC2=CC(=O)C(=C(C1)C2=O)OC)C)OC)OC(=O)N)C)C)O)OC,4.65,1,-66.53662,-0.0206,-8.503359,0.0969068706035614,1.2646143436431885,0.7798194289207458
paclitaxel,geldanamycin,RKO,CC1=C2C(C(=O)C3(C(CC4C(C3C(C(C2(C)C)(CC1OC(=O)C(C(C5=CC=CC=C5)NC(=O)C6=CC=CC=C6)O)O)OC(=O)C7=CC=CC=C7)(CO4)OC(=O)C)O)C)OC(=O)C,CC1CC(C(C(C=C(C(C(C=CC=C(C(=O)NC2=CC(=O)C(=C(C1)C2=O)OC)C)OC)OC(=O)N)C)C)O)OC,3.71,1,3.3850756,-0.0776,-5.167058,-0.25556302070617676,0.31510108709335327,0.5781298875808716
paclitaxel,geldanamycin,SKMES1,CC1=C2C(C(=O)C3(C(CC4C(C3C(C(C2(C)C)(CC1OC(=O)C(C(C5=CC=CC=C5)NC(=O)C6=CC=CC=C6)O)O)OC(=O)C7=CC=CC=C7)(CO4)OC(=O)C)O)C)OC(=O)C,CC1CC(C(C(C=C(C(C(C=CC=C(C(=O)NC2=CC(=O)C(=C(C1)C2=O)OC)C)OC)OC(=O)N)C)C)O)OC,1.25,1,0.99275035,-0.10705,-4.12752,0.127882719039917,2.9905014038085938,0.9521431922912598
paclitaxel,geldanamycin,SKOV3,CC1=C2C(C(=O)C3(C(CC4C(C3C(C(C2(C)C)(CC1OC(=O)C(C(C5=CC=CC=C5)NC(=O)C6=CC=CC=C6)O)O)OC(=O)C7=CC=CC=C7)(CO4)OC(=O)C)O)C)OC(=O)C,CC1CC(C(C(C=C(C(C(C=CC=C(C(=O)NC2=CC(=O)C(=C(C1)C2=O)OC)C)OC)OC(=O)N)C)C)O)OC,1.39,1,-19.099045,-0.0206,-1.248522,0.2827536165714264,0.13232259452342987,0.5330324769020081
paclitaxel,geldanamycin,SW620,CC1=C2C(C(=O)C3(C(CC4C(C3C(C(C2(C)C)(CC1OC(=O)C(C(C5=CC=CC=C5)NC(=O)C6=CC=CC=C6)O)O)OC(=O)C7=CC=CC=C7)(CO4)OC(=O)C)O)C)OC(=O)C,CC1CC(C(C(C=C(C(C(C=CC=C(C(=O)NC2=CC(=O)C(=C(C1)C2=O)OC)C)OC)OC(=O)N)C)C)O)OC,3.185,1,-28.259106,-0.05015,-6.845493,0.0950498878955841,0.8712959885597229,0.7050153017044067
paclitaxel,geldanamycin,SW837,CC1=C2C(C(=O)C3(C(CC4C(C3C(C(C2(C)C)(CC1OC(=O)C(C(C5=CC=CC=C5)NC(=O)C6=CC=CC=C6)O)O)OC(=O)C7=CC=CC=C7)(CO4)OC(=O)C)O)C)OC(=O)C,CC1CC(C(C(C=C(C(C(C=CC=C(C(=O)NC2=CC(=O)C(=C(C1)C2=O)OC)C)OC)OC(=O)N)C)C)O)OC,-1.505,0,-2.186881,-0.0206,-7.4492016,0.49708840250968933,1.4981786012649536,0.8173026442527771
paclitaxel,geldanamycin,T47D,CC1=C2C(C(=O)C3(C(CC4C(C3C(C(C2(C)C)(CC1OC(=O)C(C(C5=CC=CC=C5)NC(=O)C6=CC=CC=C6)O)O)OC(=O)C7=CC=CC=C7)(CO4)OC(=O)C)O)C)OC(=O)C,CC1CC(C(C(C=C(C(C(C=CC=C(C(=O)NC2=CC(=O)C(=C(C1)C2=O)OC)C)OC)OC(=O)N)C)C)O)OC,8.255,1,4.7314577,-0.0394,-9.947255,0.6056627631187439,0.22084036469459534,0.5549867749214172
paclitaxel,lapatinib,A2780,CC1=C2C(C(=O)C3(C(CC4C(C3C(C(C2(C)C)(CC1OC(=O)C(C(C5=CC=CC=C5)NC(=O)C6=CC=CC=C6)O)O)OC(=O)C7=CC=CC=C7)(CO4)OC(=O)C)O)C)OC(=O)C,CS(=O)(=O)CCNCC1=CC=C(O1)C2=CC3=C(C=C2)N=CN=C3NC4=CC(=C(C=C4)OCC5=CC(=CC=C5)F)Cl,5.99,1,0.8589602,-0.12285,8.12182,0.481394499540329,6.5147624015808105,0.9985207915306091
paclitaxel,lapatinib,A375,CC1=C2C(C(=O)C3(C(CC4C(C3C(C(C2(C)C)(CC1OC(=O)C(C(C5=CC=CC=C5)NC(=O)C6=CC=CC=C6)O)O)OC(=O)C7=CC=CC=C7)(CO4)OC(=O)C)O)C)OC(=O)C,CS(=O)(=O)CCNCC1=CC=C(O1)C2=CC3=C(C=C2)N=CN=C3NC4=CC(=C(C=C4)OCC5=CC(=CC=C5)F)Cl,18.215,1,2.6405354,-0.08175,19.861141,-0.49128443002700806,0.7988128662109375,0.6897204518318176
paclitaxel,lapatinib,A427,CC1=C2C(C(=O)C3(C(CC4C(C3C(C(C2(C)C)(CC1OC(=O)C(C(C5=CC=CC=C5)NC(=O)C6=CC=CC=C6)O)O)OC(=O)C7=CC=CC=C7)(CO4)OC(=O)C)O)C)OC(=O)C,CS(=O)(=O)CCNCC1=CC=C(O1)C2=CC3=C(C=C2)N=CN=C3NC4=CC(=C(C=C4)OCC5=CC(=CC=C5)F)Cl,-0.93,0,-7.3462105,-0.0748,3.9744537,-1.423425316810608,0.1734314262866974,0.5432494878768921
paclitaxel,lapatinib,ES2,CC1=C2C(C(=O)C3(C(CC4C(C3C(C(C2(C)C)(CC1OC(=O)C(C(C5=CC=CC=C5)NC(=O)C6=CC=CC=C6)O)O)OC(=O)C7=CC=CC=C7)(CO4)OC(=O)C)O)C)OC(=O)C,CS(=O)(=O)CCNCC1=CC=C(O1)C2=CC3=C(C=C2)N=CN=C3NC4=CC(=C(C=C4)OCC5=CC(=CC=C5)F)Cl,15.91,1,0.4132692,-0.06685,10.689896,-1.363065242767334,0.44848132133483887,0.6102780699729919
paclitaxel,lapatinib,HCT116,CC1=C2C(C(=O)C3(C(CC4C(C3C(C(C2(C)C)(CC1OC(=O)C(C(C5=CC=CC=C5)NC(=O)C6=CC=CC=C6)O)O)OC(=O)C7=CC=CC=C7)(CO4)OC(=O)C)O)C)OC(=O)C,CS(=O)(=O)CCNCC1=CC=C(O1)C2=CC3=C(C=C2)N=CN=C3NC4=CC(=C(C=C4)OCC5=CC(=CC=C5)F)Cl,3.7,1,-1.4095646,-0.0801,3.2408602,-0.5992522239685059,0.9075376391410828,0.7124959826469421
paclitaxel,lapatinib,HT144,CC1=C2C(C(=O)C3(C(CC4C(C3C(C(C2(C)C)(CC1OC(=O)C(C(C5=CC=CC=C5)NC(=O)C6=CC=CC=C6)O)O)OC(=O)C7=CC=CC=C7)(CO4)OC(=O)C)O)C)OC(=O)C,CS(=O)(=O)CCNCC1=CC=C(O1)C2=CC3=C(C=C2)N=CN=C3NC4=CC(=C(C=C4)OCC5=CC(=CC=C5)F)Cl,3.315,1,-0.6983281,-0.0206,10.780102,-0.4118143916130066,3.7765138149261475,0.9776104092597961
paclitaxel,lapatinib,HT29,CC1=C2C(C(=O)C3(C(CC4C(C3C(C(C2(C)C)(CC1OC(=O)C(C(C5=CC=CC=C5)NC(=O)C6=CC=CC=C6)O)O)OC(=O)C7=CC=CC=C7)(CO4)OC(=O)C)O)C)OC(=O)C,CS(=O)(=O)CCNCC1=CC=C(O1)C2=CC3=C(C=C2)N=CN=C3NC4=CC(=C(C=C4)OCC5=CC(=CC=C5)F)Cl,4.39,1,1.0524129,-0.0529,6.1246424,-0.10883919149637222,1.0648728609085083,0.7436206936836243
paclitaxel,lapatinib,LOVO,CC1=C2C(C(=O)C3(C(CC4C(C3C(C(C2(C)C)(CC1OC(=O)C(C(C5=CC=CC=C5)NC(=O)C6=CC=CC=C6)O)O)OC(=O)C7=CC=CC=C7)(CO4)OC(=O)C)O)C)OC(=O)C,CS(=O)(=O)CCNCC1=CC=C(O1)C2=CC3=C(C=C2)N=CN=C3NC4=CC(=C(C=C4)OCC5=CC(=CC=C5)F)Cl,2.115,1,-1.1906232,-0.1185,15.515507,-0.8507842421531677,0.329636812210083,0.5816709995269775
paclitaxel,lapatinib,MDAMB436,CC1=C2C(C(=O)C3(C(CC4C(C3C(C(C2(C)C)(CC1OC(=O)C(C(C5=CC=CC=C5)NC(=O)C6=CC=CC=C6)O)O)OC(=O)C7=CC=CC=C7)(CO4)OC(=O)C)O)C)OC(=O)C,CS(=O)(=O)CCNCC1=CC=C(O1)C2=CC3=C(C=C2)N=CN=C3NC4=CC(=C(C=C4)OCC5=CC(=CC=C5)F)Cl,2.01,1,-6.48833392,-0.1229,5.021572,-0.08589982986450195,-0.5641000270843506,0.36259934306144714
paclitaxel,lapatinib,NCIH1650,CC1=C2C(C(=O)C3(C(CC4C(C3C(C(C2(C)C)(CC1OC(=O)C(C(C5=CC=CC=C5)NC(=O)C6=CC=CC=C6)O)O)OC(=O)C7=CC=CC=C7)(CO4)OC(=O)C)O)C)OC(=O)C,CS(=O)(=O)CCNCC1=CC=C(O1)C2=CC3=C(C=C2)N=CN=C3NC4=CC(=C(C=C4)OCC5=CC(=CC=C5)F)Cl,-4.71,0,-7.755336,-0.13985,12.951656,0.27558988332748413,-1.2534042596817017,0.22211138904094696
paclitaxel,lapatinib,NCIH2122,CC1=C2C(C(=O)C3(C(CC4C(C3C(C(C2(C)C)(CC1OC(=O)C(C(C5=CC=CC=C5)NC(=O)C6=CC=CC=C6)O)O)OC(=O)C7=CC=CC=C7)(CO4)OC(=O)C)O)C)OC(=O)C,CS(=O)(=O)CCNCC1=CC=C(O1)C2=CC3=C(C=C2)N=CN=C3NC4=CC(=C(C=C4)OCC5=CC(=CC=C5)F)Cl,1.03,1,-1.268291,-0.0457,-18.186848,-0.6850775480270386,3.470376491546631,0.9698330760002136
paclitaxel,lapatinib,NCIH23,CC1=C2C(C(=O)C3(C(CC4C(C3C(C(C2(C)C)(CC1OC(=O)C(C(C5=CC=CC=C5)NC(=O)C6=CC=CC=C6)O)O)OC(=O)C7=CC=CC=C7)(CO4)OC(=O)C)O)C)OC(=O)C,CS(=O)(=O)CCNCC1=CC=C(O1)C2=CC3=C(C=C2)N=CN=C3NC4=CC(=C(C=C4)OCC5=CC(=CC=C5)F)Cl,0.76,1,1.54736,-0.221,-15.463707,-2.017364025115967,0.8594944477081299,0.7025550007820129
paclitaxel,lapatinib,NCIH520,CC1=C2C(C(=O)C3(C(CC4C(C3C(C(C2(C)C)(CC1OC(=O)C(C(C5=CC=CC=C5)NC(=O)C6=CC=CC=C6)O)O)OC(=O)C7=CC=CC=C7)(CO4)OC(=O)C)O)C)OC(=O)C,CS(=O)(=O)CCNCC1=CC=C(O1)C2=CC3=C(C=C2)N=CN=C3NC4=CC(=C(C=C4)OCC5=CC(=CC=C5)F)Cl,1.325,1,-3.5179667,-0.173,3.7877395,-0.34427326917648315,1.7574447393417358,0.852889358997345
paclitaxel,lapatinib,OV90,CC1=C2C(C(=O)C3(C(CC4C(C3C(C(C2(C)C)(CC1OC(=O)C(C(C5=CC=CC=C5)NC(=O)C6=CC=CC=C6)O)O)OC(=O)C7=CC=CC=C7)(CO4)OC(=O)C)O)C)OC(=O)C,CS(=O)(=O)CCNCC1=CC=C(O1)C2=CC3=C(C=C2)N=CN=C3NC4=CC(=C(C=C4)OCC5=CC(=CC=C5)F)Cl,-5.215,0,-25.485537,-0.2635,5.732134,-0.1207432746887207,-4.645059108734131,0.009517508558928967
paclitaxel,lapatinib,RKO,CC1=C2C(C(=O)C3(C(CC4C(C3C(C(C2(C)C)(CC1OC(=O)C(C(C5=CC=CC=C5)NC(=O)C6=CC=CC=C6)O)O)OC(=O)C7=CC=CC=C7)(CO4)OC(=O)C)O)C)OC(=O)C,CS(=O)(=O)CCNCC1=CC=C(O1)C2=CC3=C(C=C2)N=CN=C3NC4=CC(=C(C=C4)OCC5=CC(=CC=C5)F)Cl,-3.105,0,-2.3216276,-0.1101,7.4356813,-0.1942240297794342,0.7645042538642883,0.682330846786499
paclitaxel,lapatinib,SKMES1,CC1=C2C(C(=O)C3(C(CC4C(C3C(C(C2(C)C)(CC1OC(=O)C(C(C5=CC=CC=C5)NC(=O)C6=CC=CC=C6)O)O)OC(=O)C7=CC=CC=C7)(CO4)OC(=O)C)O)C)OC(=O)C,CS(=O)(=O)CCNCC1=CC=C(O1)C2=CC3=C(C=C2)N=CN=C3NC4=CC(=C(C=C4)OCC5=CC(=CC=C5)F)Cl,9.56,1,-13.778868,-0.0537,11.315506,-0.663009524345398,0.3552355170249939,0.5878865718841553
paclitaxel,lapatinib,SKOV3,CC1=C2C(C(=O)C3(C(CC4C(C3C(C(C2(C)C)(CC1OC(=O)C(C(C5=CC=CC=C5)NC(=O)C6=CC=CC=C6)O)O)OC(=O)C7=CC=CC=C7)(CO4)OC(=O)C)O)C)OC(=O)C,CS(=O)(=O)CCNCC1=CC=C(O1)C2=CC3=C(C=C2)N=CN=C3NC4=CC(=C(C=C4)OCC5=CC(=CC=C5)F)Cl,-0.26,0,-2.3122103,-0.0355,15.666773,0.11125688999891281,0.13642168045043945,0.5340526103973389
paclitaxel,lapatinib,SW620,CC1=C2C(C(=O)C3(C(CC4C(C3C(C(C2(C)C)(CC1OC(=O)C(C(C5=CC=CC=C5)NC(=O)C6=CC=CC=C6)O)O)OC(=O)C7=CC=CC=C7)(CO4)OC(=O)C)O)C)OC(=O)C,CS(=O)(=O)CCNCC1=CC=C(O1)C2=CC3=C(C=C2)N=CN=C3NC4=CC(=C(C=C4)OCC5=CC(=CC=C5)F)Cl,5.45,1,-6.940971,-0.0206,7.209118,-0.44019389152526855,1.9761738777160645,0.8782726526260376
paclitaxel,lapatinib,T47D,CC1=C2C(C(=O)C3(C(CC4C(C3C(C(C2(C)C)(CC1OC(=O)C(C(C5=CC=CC=C5)NC(=O)C6=CC=CC=C6)O)O)OC(=O)C7=CC=CC=C7)(CO4)OC(=O)C)O)C)OC(=O)C,CS(=O)(=O)CCNCC1=CC=C(O1)C2=CC3=C(C=C2)N=CN=C3NC4=CC(=C(C=C4)OCC5=CC(=CC=C5)F)Cl,-6.38,0,2.576587115,-0.0206,8.149066,0.58724045753479,0.05757570639252663,0.5143899321556091
paclitaxel,mk2206,A2058,CC1=C2C(C(=O)C3(C(CC4C(C3C(C(C2(C)C)(CC1OC(=O)C(C(C5=CC=CC=C5)NC(=O)C6=CC=CC=C6)O)O)OC(=O)C7=CC=CC=C7)(CO4)OC(=O)C)O)C)OC(=O)C,C1CC(C1)(C2=CC=C(C=C2)C3=C(C=C4C(=N3)C=CN5C4=NNC5=O)C6=CC=CC=C6)N,-0.84,0,1.0102965,-0.4935,16.376177,-0.581079363822937,4.270578861236572,0.9862188696861267
paclitaxel,mk2206,A2780,CC1=C2C(C(=O)C3(C(CC4C(C3C(C(C2(C)C)(CC1OC(=O)C(C(C5=CC=CC=C5)NC(=O)C6=CC=CC=C6)O)O)OC(=O)C7=CC=CC=C7)(CO4)OC(=O)C)O)C)OC(=O)C,C1CC(C1)(C2=CC=C(C=C2)C3=C(C=C4C(=N3)C=CN5C4=NNC5=O)C6=CC=CC=C6)N,6.805,1,-4.653493,-0.2705,15.935535,0.9859217405319214,6.665768146514893,0.9987278580665588
paclitaxel,mk2206,A375,CC1=C2C(C(=O)C3(C(CC4C(C3C(C(C2(C)C)(CC1OC(=O)C(C(C5=CC=CC=C5)NC(=O)C6=CC=CC=C6)O)O)OC(=O)C7=CC=CC=C7)(CO4)OC(=O)C)O)C)OC(=O)C,C1CC(C1)(C2=CC=C(C=C2)C3=C(C=C4C(=N3)C=CN5C4=NNC5=O)C6=CC=CC=C6)N,13.1,1,4.68216,-0.2205,25.349457,-0.8279790878295898,1.9407964944839478,0.8744396567344666
paclitaxel,mk2206,ES2,CC1=C2C(C(=O)C3(C(CC4C(C3C(C(C2(C)C)(CC1OC(=O)C(C(C5=CC=CC=C5)NC(=O)C6=CC=CC=C6)O)O)OC(=O)C7=CC=CC=C7)(CO4)OC(=O)C)O)C)OC(=O)C,C1CC(C1)(C2=CC=C(C=C2)C3=C(C=C4C(=N3)C=CN5C4=NNC5=O)C6=CC=CC=C6)N,6.55,1,0.57425994,-0.07815,16.435108,-0.5679219961166382,-0.016356822103261948,0.4959108531475067
paclitaxel,mk2206,HCT116,CC1=C2C(C(=O)C3(C(CC4C(C3C(C(C2(C)C)(CC1OC(=O)C(C(C5=CC=CC=C5)NC(=O)C6=CC=CC=C6)O)O)OC(=O)C7=CC=CC=C7)(CO4)OC(=O)C)O)C)OC(=O)C,C1CC(C1)(C2=CC=C(C=C2)C3=C(C=C4C(=N3)C=CN5C4=NNC5=O)C6=CC=CC=C6)N,5.705,1,3.7025113,-0.0421,8.699601,-0.8198116421699524,0.12926247715950012,0.5322706699371338
paclitaxel,mk2206,HT29,CC1=C2C(C(=O)C3(C(CC4C(C3C(C(C2(C)C)(CC1OC(=O)C(C(C5=CC=CC=C5)NC(=O)C6=CC=CC=C6)O)O)OC(=O)C7=CC=CC=C7)(CO4)OC(=O)C)O)C)OC(=O)C,C1CC(C1)(C2=CC=C(C=C2)C3=C(C=C4C(=N3)C=CN5C4=NNC5=O)C6=CC=CC=C6)N,5.94,1,-20.259653,-0.131,10.1291065,0.3167180120944977,-0.08363541960716248,0.47910329699516296
paclitaxel,mk2206,LOVO,CC1=C2C(C(=O)C3(C(CC4C(C3C(C(C2(C)C)(CC1OC(=O)C(C(C5=CC=CC=C5)NC(=O)C6=CC=CC=C6)O)O)OC(=O)C7=CC=CC=C7)(CO4)OC(=O)C)O)C)OC(=O)C,C1CC(C1)(C2=CC=C(C=C2)C3=C(C=C4C(=N3)C=CN5C4=NNC5=O)C6=CC=CC=C6)N,-1.975,0,-1.2635512,-0.0663,16.24298,-0.5711547136306763,-2.543426275253296,0.07286936044692993
paclitaxel,mk2206,NCIH1650,CC1=C2C(C(=O)C3(C(CC4C(C3C(C(C2(C)C)(CC1OC(=O)C(C(C5=CC=CC=C5)NC(=O)C6=CC=CC=C6)O)O)OC(=O)C7=CC=CC=C7)(CO4)OC(=O)C)O)C)OC(=O)C,C1CC(C1)(C2=CC=C(C=C2)C3=C(C=C4C(=N3)C=CN5C4=NNC5=O)C6=CC=CC=C6)N,-1.255,0,-0.12482144,-0.1975,16.110395,1.0234962701797485,-0.4696853756904602,0.38469067215919495
paclitaxel,mk2206,NCIH2122,CC1=C2C(C(=O)C3(C(CC4C(C3C(C(C2(C)C)(CC1OC(=O)C(C(C5=CC=CC=C5)NC(=O)C6=CC=CC=C6)O)O)OC(=O)C7=CC=CC=C7)(CO4)OC(=O)C)O)C)OC(=O)C,C1CC(C1)(C2=CC=C(C=C2)C3=C(C=C4C(=N3)C=CN5C4=NNC5=O)C6=CC=CC=C6)N,2.035,1,2.100305,-0.1905,-11.923347,-0.9785892963409424,0.28400981426239014,0.570529043674469
paclitaxel,mk2206,NCIH520,CC1=C2C(C(=O)C3(C(CC4C(C3C(C(C2(C)C)(CC1OC(=O)C(C(C5=CC=CC=C5)NC(=O)C6=CC=CC=C6)O)O)OC(=O)C7=CC=CC=C7)(CO4)OC(=O)C)O)C)OC(=O)C,C1CC(C1)(C2=CC=C(C=C2)C3=C(C=C4C(=N3)C=CN5C4=NNC5=O)C6=CC=CC=C6)N,1.125,1,-3.3891172,-0.0885,8.6025715,-1.0747950077056885,-0.3313163220882416,0.41792038083076477
paclitaxel,mk2206,OV90,CC1=C2C(C(=O)C3(C(CC4C(C3C(C(C2(C)C)(CC1OC(=O)C(C(C5=CC=CC=C5)NC(=O)C6=CC=CC=C6)O)O)OC(=O)C7=CC=CC=C7)(CO4)OC(=O)C)O)C)OC(=O)C,C1CC(C1)(C2=CC=C(C=C2)C3=C(C=C4C(=N3)C=CN5C4=NNC5=O)C6=CC=CC=C6)N,-2.795,0,0.029881518,-0.1133,12.33338,-0.5550817251205444,1.3591521978378296,0.7956218719482422
paclitaxel,mk2206,RKO,CC1=C2C(C(=O)C3(C(CC4C(C3C(C(C2(C)C)(CC1OC(=O)C(C(C5=CC=CC=C5)NC(=O)C6=CC=CC=C6)O)O)OC(=O)C7=CC=CC=C7)(CO4)OC(=O)C)O)C)OC(=O)C,C1CC(C1)(C2=CC=C(C=C2)C3=C(C=C4C(=N3)C=CN5C4=NNC5=O)C6=CC=CC=C6)N,3.39,1,0.7409057,-0.0817,14.406045,-0.3104356825351715,0.5451101064682007,0.633000373840332
paclitaxel,mk2206,SKMES1,CC1=C2C(C(=O)C3(C(CC4C(C3C(C(C2(C)C)(CC1OC(=O)C(C(C5=CC=CC=C5)NC(=O)C6=CC=CC=C6)O)O)OC(=O)C7=CC=CC=C7)(CO4)OC(=O)C)O)C)OC(=O)C,C1CC(C1)(C2=CC=C(C=C2)C3=C(C=C4C(=N3)C=CN5C4=NNC5=O)C6=CC=CC=C6)N,4.17,1,-3.0482183,-0.0206,18.43502,-0.9927148818969727,2.732854127883911,0.9389376640319824
paclitaxel,mk2206,SKOV3,CC1=C2C(C(=O)C3(C(CC4C(C3C(C(C2(C)C)(CC1OC(=O)C(C(C5=CC=CC=C5)NC(=O)C6=CC=CC=C6)O)O)OC(=O)C7=CC=CC=C7)(CO4)OC(=O)C)O)C)OC(=O)C,C1CC(C1)(C2=CC=C(C=C2)C3=C(C=C4C(=N3)C=CN5C4=NNC5=O)C6=CC=CC=C6)N,6.205,1,4.4349365,-0.0206,21.574516,-0.4572560489177704,0.06667447090148926,0.5166624784469604
paclitaxel,mk2206,T47D,CC1=C2C(C(=O)C3(C(CC4C(C3C(C(C2(C)C)(CC1OC(=O)C(C(C5=CC=CC=C5)NC(=O)C6=CC=CC=C6)O)O)OC(=O)C7=CC=CC=C7)(CO4)OC(=O)C)O)C)OC(=O)C,C1CC(C1)(C2=CC=C(C=C2)C3=C(C=C4C(=N3)C=CN5C4=NNC5=O)C6=CC=CC=C6)N,-5.865,0,-11.92603677,-0.1215,12.9928,0.42707687616348267,-0.6824303865432739,0.3357190787792206
paclitaxel,mk5108,A2058,CC1=C2C(C(=O)C3(C(CC4C(C3C(C(C2(C)C)(CC1OC(=O)C(C(C5=CC=CC=C5)NC(=O)C6=CC=CC=C6)O)O)OC(=O)C7=CC=CC=C7)(CO4)OC(=O)C)O)C)OC(=O)C,C1CC(CCC1OC2=C(C(=CC=C2)Cl)F)(CC3=NC(=CC=C3)NC4=NC=CS4)C(=O)O,10.05,1,1.6949166,-0.05255,-0.09815087,-0.48291146755218506,-1.4668443202972412,0.1874227225780487
paclitaxel,mk5108,A2780,CC1=C2C(C(=O)C3(C(CC4C(C3C(C(C2(C)C)(CC1OC(=O)C(C(C5=CC=CC=C5)NC(=O)C6=CC=CC=C6)O)O)OC(=O)C7=CC=CC=C7)(CO4)OC(=O)C)O)C)OC(=O)C,C1CC(CCC1OC2=C(C(=CC=C2)Cl)F)(CC3=NC(=CC=C3)NC4=NC=CS4)C(=O)O,16.52,1,-21.21795,-0.0432,1.0216107,0.7748671770095825,6.48432731628418,0.9984751343727112
paclitaxel,mk5108,A375,CC1=C2C(C(=O)C3(C(CC4C(C3C(C(C2(C)C)(CC1OC(=O)C(C(C5=CC=CC=C5)NC(=O)C6=CC=CC=C6)O)O)OC(=O)C7=CC=CC=C7)(CO4)OC(=O)C)O)C)OC(=O)C,C1CC(CCC1OC2=C(C(=CC=C2)Cl)F)(CC3=NC(=CC=C3)NC4=NC=CS4)C(=O)O,10.545,1,2.0053082,-0.03345,9.087024,-0.8666226863861084,1.5395770072937012,0.8234032392501831
paclitaxel,mk5108,A427,CC1=C2C(C(=O)C3(C(CC4C(C3C(C(C2(C)C)(CC1OC(=O)C(C(C5=CC=CC=C5)NC(=O)C6=CC=CC=C6)O)O)OC(=O)C7=CC=CC=C7)(CO4)OC(=O)C)O)C)OC(=O)C,C1CC(CCC1OC2=C(C(=CC=C2)Cl)F)(CC3=NC(=CC=C3)NC4=NC=CS4)C(=O)O,6.605,1,3.9093623,-0.03035,-2.0841842,-0.8870299458503723,1.2013752460479736,0.7687693238258362
paclitaxel,mk5108,ES2,CC1=C2C(C(=O)C3(C(CC4C(C3C(C(C2(C)C)(CC1OC(=O)C(C(C5=CC=CC=C5)NC(=O)C6=CC=CC=C6)O)O)OC(=O)C7=CC=CC=C7)(CO4)OC(=O)C)O)C)OC(=O)C,C1CC(CCC1OC2=C(C(=CC=C2)Cl)F)(CC3=NC(=CC=C3)NC4=NC=CS4)C(=O)O,7.805,1,1.0145038,-0.0206,3.6548703,0.009282618761062622,-1.2132729291915894,0.22912247478961945
paclitaxel,mk5108,HCT116,CC1=C2C(C(=O)C3(C(CC4C(C3C(C(C2(C)C)(CC1OC(=O)C(C(C5=CC=CC=C5)NC(=O)C6=CC=CC=C6)O)O)OC(=O)C7=CC=CC=C7)(CO4)OC(=O)C)O)C)OC(=O)C,C1CC(CCC1OC2=C(C(=CC=C2)Cl)F)(CC3=NC(=CC=C3)NC4=NC=CS4)C(=O)O,6.365,1,-2.5120318,-0.05055,-4.4072933,-0.8428818583488464,0.4985567331314087,0.6221201419830322
paclitaxel,mk5108,HT144,CC1=C2C(C(=O)C3(C(CC4C(C3C(C(C2(C)C)(CC1OC(=O)C(C(C5=CC=CC=C5)NC(=O)C6=CC=CC=C6)O)O)OC(=O)C7=CC=CC=C7)(CO4)OC(=O)C)O)C)OC(=O)C,C1CC(CCC1OC2=C(C(=CC=C2)Cl)F)(CC3=NC(=CC=C3)NC4=NC=CS4)C(=O)O,2.475,1,-28.510826,-0.0293,-0.65944284,-0.49353525042533875,-0.9355233311653137,0.28180548548698425
paclitaxel,mk5108,HT29,CC1=C2C(C(=O)C3(C(CC4C(C3C(C(C2(C)C)(CC1OC(=O)C(C(C5=CC=CC=C5)NC(=O)C6=CC=CC=C6)O)O)OC(=O)C7=CC=CC=C7)(CO4)OC(=O)C)O)C)OC(=O)C,C1CC(CCC1OC2=C(C(=CC=C2)Cl)F)(CC3=NC(=CC=C3)NC4=NC=CS4)C(=O)O,12.005,1,3.4188929,-0.0206,-3.0254393,-0.00875556468963623,0.5773722529411316,0.6404625177383423
paclitaxel,mk5108,MDAMB436,CC1=C2C(C(=O)C3(C(CC4C(C3C(C(C2(C)C)(CC1OC(=O)C(C(C5=CC=CC=C5)NC(=O)C6=CC=CC=C6)O)O)OC(=O)C7=CC=CC=C7)(CO4)OC(=O)C)O)C)OC(=O)C,C1CC(CCC1OC2=C(C(=CC=C2)Cl)F)(CC3=NC(=CC=C3)NC4=NC=CS4)C(=O)O,6.135,1,8.471364,-0.194,-0.7520946,-0.3172272741794586,-2.352313756942749,0.08688203990459442
paclitaxel,mk5108,NCIH1650,CC1=C2C(C(=O)C3(C(CC4C(C3C(C(C2(C)C)(CC1OC(=O)C(C(C5=CC=CC=C5)NC(=O)C6=CC=CC=C6)O)O)OC(=O)C7=CC=CC=C7)(CO4)OC(=O)C)O)C)OC(=O)C,C1CC(CCC1OC2=C(C(=CC=C2)Cl)F)(CC3=NC(=CC=C3)NC4=NC=CS4)C(=O)O,2.885,1,7.204874,-0.07615,1.2249196,-0.12084472179412842,-2.334810256958008,0.08828072994947433
paclitaxel,mk5108,RKO,CC1=C2C(C(=O)C3(C(CC4C(C3C(C(C2(C)C)(CC1OC(=O)C(C(C5=CC=CC=C5)NC(=O)C6=CC=CC=C6)O)O)OC(=O)C7=CC=CC=C7)(CO4)OC(=O)C)O)C)OC(=O)C,C1CC(CCC1OC2=C(C(=CC=C2)Cl)F)(CC3=NC(=CC=C3)NC4=NC=CS4)C(=O)O,13.72,1,5.731164,-0.05745,1.3581728,-0.04768168926239014,0.5691455602645874,0.6385660171508789
paclitaxel,mk5108,SKMES1,CC1=C2C(C(=O)C3(C(CC4C(C3C(C(C2(C)C)(CC1OC(=O)C(C(C5=CC=CC=C5)NC(=O)C6=CC=CC=C6)O)O)OC(=O)C7=CC=CC=C7)(CO4)OC(=O)C)O)C)OC(=O)C,C1CC(CCC1OC2=C(C(=CC=C2)Cl)F)(CC3=NC(=CC=C3)NC4=NC=CS4)C(=O)O,4.185,1,2.2727528,-0.0206,0.94008964,-0.5634378790855408,-1.0521069765090942,0.25882071256637573
paclitaxel,mk5108,SW620,CC1=C2C(C(=O)C3(C(CC4C(C3C(C(C2(C)C)(CC1OC(=O)C(C(C5=CC=CC=C5)NC(=O)C6=CC=CC=C6)O)O)OC(=O)C7=CC=CC=C7)(CO4)OC(=O)C)O)C)OC(=O)C,C1CC(CCC1OC2=C(C(=CC=C2)Cl)F)(CC3=NC(=CC=C3)NC4=NC=CS4)C(=O)O,3.69,1,-2.8075683,-0.02705,0.0216041,-0.02851426601409912,0.30511659383773804,0.5756928324699402
paclitaxel,mk5108,SW837,CC1=C2C(C(=O)C3(C(CC4C(C3C(C(C2(C)C)(CC1OC(=O)C(C(C5=CC=CC=C5)NC(=O)C6=CC=CC=C6)O)O)OC(=O)C7=CC=CC=C7)(CO4)OC(=O)C)O)C)OC(=O)C,C1CC(CCC1OC2=C(C(=CC=C2)Cl)F)(CC3=NC(=CC=C3)NC4=NC=CS4)C(=O)O,12.2,1,0.9936332,-0.0353,1.9969414,0.36598843336105347,3.4887123107910156,0.9703648090362549
paclitaxel,mk5108,T47D,CC1=C2C(C(=O)C3(C(CC4C(C3C(C(C2(C)C)(CC1OC(=O)C(C(C5=CC=CC=C5)NC(=O)C6=CC=CC=C6)O)O)OC(=O)C7=CC=CC=C7)(CO4)OC(=O)C)O)C)OC(=O)C,C1CC(CCC1OC2=C(C(=CC=C2)Cl)F)(CC3=NC(=CC=C3)NC4=NC=CS4)C(=O)O,-1.79,0,2.755351,-0.02925,-3.5544114,0.5716800689697266,0.06167333200573921,0.5154134035110474
paclitaxel,sorafenib,A2058,CC1=C2C(C(=O)C3(C(CC4C(C3C(C(C2(C)C)(CC1OC(=O)C(C(C5=CC=CC=C5)NC(=O)C6=CC=CC=C6)O)O)OC(=O)C7=CC=CC=C7)(CO4)OC(=O)C)O)C)OC(=O)C,CNC(=O)C1=NC=CC(=C1)OC2=CC=C(C=C2)NC(=O)NC3=CC(=C(C=C3)Cl)C(F)(F)F,3.62,1,-0.68725735,-0.1805,-3.944018,-0.4755477011203766,0.32329586148262024,0.5801272988319397
paclitaxel,sorafenib,A2780,CC1=C2C(C(=O)C3(C(CC4C(C3C(C(C2(C)C)(CC1OC(=O)C(C(C5=CC=CC=C5)NC(=O)C6=CC=CC=C6)O)O)OC(=O)C7=CC=CC=C7)(CO4)OC(=O)C)O)C)OC(=O)C,CNC(=O)C1=NC=CC(=C1)OC2=CC=C(C=C2)NC(=O)NC3=CC(=C(C=C3)Cl)C(F)(F)F,4.475,1,0.5369907,-0.09745,-3.8407283,1.5308780670166016,4.858450412750244,0.9922972321510315
paclitaxel,sorafenib,A375,CC1=C2C(C(=O)C3(C(CC4C(C3C(C(C2(C)C)(CC1OC(=O)C(C(C5=CC=CC=C5)NC(=O)C6=CC=CC=C6)O)O)OC(=O)C7=CC=CC=C7)(CO4)OC(=O)C)O)C)OC(=O)C,CNC(=O)C1=NC=CC(=C1)OC2=CC=C(C=C2)NC(=O)NC3=CC(=C(C=C3)Cl)C(F)(F)F,9.97,1,3.2323885,-0.06085,5.845416,-0.21763771772384644,5.003960132598877,0.9933333992958069
paclitaxel,sorafenib,A427,CC1=C2C(C(=O)C3(C(CC4C(C3C(C(C2(C)C)(CC1OC(=O)C(C(C5=CC=CC=C5)NC(=O)C6=CC=CC=C6)O)O)OC(=O)C7=CC=CC=C7)(CO4)OC(=O)C)O)C)OC(=O)C,CNC(=O)C1=NC=CC(=C1)OC2=CC=C(C=C2)NC(=O)NC3=CC(=C(C=C3)Cl)C(F)(F)F,0.335,1,4.916357,-0.0748,-5.28776,0.486617773771286,3.7662761211395264,0.9773852229118347
paclitaxel,sorafenib,ES2,CC1=C2C(C(=O)C3(C(CC4C(C3C(C(C2(C)C)(CC1OC(=O)C(C(C5=CC=CC=C5)NC(=O)C6=CC=CC=C6)O)O)OC(=O)C7=CC=CC=C7)(CO4)OC(=O)C)O)C)OC(=O)C,CNC(=O)C1=NC=CC(=C1)OC2=CC=C(C=C2)NC(=O)NC3=CC(=C(C=C3)Cl)C(F)(F)F,7.2,1,6.387098,-0.02765,-0.8852597,0.7333441376686096,3.3755340576171875,0.9669311046600342
paclitaxel,sorafenib,HCT116,CC1=C2C(C(=O)C3(C(CC4C(C3C(C(C2(C)C)(CC1OC(=O)C(C(C5=CC=CC=C5)NC(=O)C6=CC=CC=C6)O)O)OC(=O)C7=CC=CC=C7)(CO4)OC(=O)C)O)C)OC(=O)C,CNC(=O)C1=NC=CC(=C1)OC2=CC=C(C=C2)NC(=O)NC3=CC(=C(C=C3)Cl)C(F)(F)F,2.5,1,-0.6762786,-0.0373,-8.5120735,-0.5693358778953552,0.6639692187309265,0.660151481628418
paclitaxel,sorafenib,HT144,CC1=C2C(C(=O)C3(C(CC4C(C3C(C(C2(C)C)(CC1OC(=O)C(C(C5=CC=CC=C5)NC(=O)C6=CC=CC=C6)O)O)OC(=O)C7=CC=CC=C7)(CO4)OC(=O)C)O)C)OC(=O)C,CNC(=O)C1=NC=CC(=C1)OC2=CC=C(C=C2)NC(=O)NC3=CC(=C(C=C3)Cl)C(F)(F)F,3.455,1,0.32280907,-0.2915,-2.4909065,-0.7768552899360657,4.400590896606445,0.9878786206245422
paclitaxel,sorafenib,HT29,CC1=C2C(C(=O)C3(C(CC4C(C3C(C(C2(C)C)(CC1OC(=O)C(C(C5=CC=CC=C5)NC(=O)C6=CC=CC=C6)O)O)OC(=O)C7=CC=CC=C7)(CO4)OC(=O)C)O)C)OC(=O)C,CNC(=O)C1=NC=CC(=C1)OC2=CC=C(C=C2)NC(=O)NC3=CC(=C(C=C3)Cl)C(F)(F)F,0.17,1,4.927433,-0.121,-8.816689,0.3573189973831177,0.2125977873802185,0.5529501438140869
paclitaxel,sorafenib,LOVO,CC1=C2C(C(=O)C3(C(CC4C(C3C(C(C2(C)C)(CC1OC(=O)C(C(C5=CC=CC=C5)NC(=O)C6=CC=CC=C6)O)O)OC(=O)C7=CC=CC=C7)(CO4)OC(=O)C)O)C)OC(=O)C,CNC(=O)C1=NC=CC(=C1)OC2=CC=C(C=C2)NC(=O)NC3=CC(=C(C=C3)Cl)C(F)(F)F,-1.45,0,1.5553342,-0.25,-3.4060464,0.5938596129417419,0.35972630977630615,0.5889741778373718
paclitaxel,sorafenib,MDAMB436,CC1=C2C(C(=O)C3(C(CC4C(C3C(C(C2(C)C)(CC1OC(=O)C(C(C5=CC=CC=C5)NC(=O)C6=CC=CC=C6)O)O)OC(=O)C7=CC=CC=C7)(CO4)OC(=O)C)O)C)OC(=O)C,CNC(=O)C1=NC=CC(=C1)OC2=CC=C(C=C2)NC(=O)NC3=CC(=C(C=C3)Cl)C(F)(F)F,-0.495,0,-30.30152,-0.04855,-5.144699,0.5049254894256592,-2.329119920730591,0.0887398049235344
paclitaxel,sorafenib,NCIH1650,CC1=C2C(C(=O)C3(C(CC4C(C3C(C(C2(C)C)(CC1OC(=O)C(C(C5=CC=CC=C5)NC(=O)C6=CC=CC=C6)O)O)OC(=O)C7=CC=CC=C7)(CO4)OC(=O)C)O)C)OC(=O)C,CNC(=O)C1=NC=CC(=C1)OC2=CC=C(C=C2)NC(=O)NC3=CC(=C(C=C3)Cl)C(F)(F)F,-3.25,0,-19.917315,-0.06645,-4.042609,1.343698263168335,0.11820876598358154,0.5295178294181824
paclitaxel,sorafenib,NCIH23,CC1=C2C(C(=O)C3(C(CC4C(C3C(C(C2(C)C)(CC1OC(=O)C(C(C5=CC=CC=C5)NC(=O)C6=CC=CC=C6)O)O)OC(=O)C7=CC=CC=C7)(CO4)OC(=O)C)O)C)OC(=O)C,CNC(=O)C1=NC=CC(=C1)OC2=CC=C(C=C2)NC(=O)NC3=CC(=C(C=C3)Cl)C(F)(F)F,0.33,1,7.8410854,-0.143,-21.844316,-1.3545458316802979,0.6585747599601746,0.6589401364326477
paclitaxel,sorafenib,NCIH520,CC1=C2C(C(=O)C3(C(CC4C(C3C(C(C2(C)C)(CC1OC(=O)C(C(C5=CC=CC=C5)NC(=O)C6=CC=CC=C6)O)O)OC(=O)C7=CC=CC=C7)(CO4)OC(=O)C)O)C)OC(=O)C,CNC(=O)C1=NC=CC(=C1)OC2=CC=C(C=C2)NC(=O)NC3=CC(=C(C=C3)Cl)C(F)(F)F,2.625,1,6.124754,-0.04505,-9.2597475,0.12282466888427734,1.8244655132293701,0.8611010313034058
paclitaxel,sorafenib,OV90,CC1=C2C(C(=O)C3(C(CC4C(C3C(C(C2(C)C)(CC1OC(=O)C(C(C5=CC=CC=C5)NC(=O)C6=CC=CC=C6)O)O)OC(=O)C7=CC=CC=C7)(CO4)OC(=O)C)O)C)OC(=O)C,CNC(=O)C1=NC=CC(=C1)OC2=CC=C(C=C2)NC(=O)NC3=CC(=C(C=C3)Cl)C(F)(F)F,1.3,1,-42.518593,-0.0889,-6.2685657,1.536569356918335,0.8750660419464111,0.7057987451553345
paclitaxel,sorafenib,RKO,CC1=C2C(C(=O)C3(C(CC4C(C3C(C(C2(C)C)(CC1OC(=O)C(C(C5=CC=CC=C5)NC(=O)C6=CC=CC=C6)O)O)OC(=O)C7=CC=CC=C7)(CO4)OC(=O)C)O)C)OC(=O)C,CNC(=O)C1=NC=CC(=C1)OC2=CC=C(C=C2)NC(=O)NC3=CC(=C(C=C3)Cl)C(F)(F)F,1.975,1,6.566294,-0.2775,-2.94755,0.009253084659576416,0.8049309849739075,0.6910282969474792
paclitaxel,sorafenib,SKMES1,CC1=C2C(C(=O)C3(C(CC4C(C3C(C(C2(C)C)(CC1OC(=O)C(C(C5=CC=CC=C5)NC(=O)C6=CC=CC=C6)O)O)OC(=O)C7=CC=CC=C7)(CO4)OC(=O)C)O)C)OC(=O)C,CNC(=O)C1=NC=CC(=C1)OC2=CC=C(C=C2)NC(=O)NC3=CC(=C(C=C3)Cl)C(F)(F)F,6.37,1,1.8683624,-0.0826,-2.6218085,0.5256251096725464,5.479711055755615,0.9958468079566956
paclitaxel,sorafenib,SKOV3,CC1=C2C(C(=O)C3(C(CC4C(C3C(C(C2(C)C)(CC1OC(=O)C(C(C5=CC=CC=C5)NC(=O)C6=CC=CC=C6)O)O)OC(=O)C7=CC=CC=C7)(CO4)OC(=O)C)O)C)OC(=O)C,CNC(=O)C1=NC=CC(=C1)OC2=CC=C(C=C2)NC(=O)NC3=CC(=C(C=C3)Cl)C(F)(F)F,10.77,1,-1.446471,-0.217,1.9097191,0.18789565563201904,-0.1784033328294754,0.45551711320877075
paclitaxel,sorafenib,SW620,CC1=C2C(C(=O)C3(C(CC4C(C3C(C(C2(C)C)(CC1OC(=O)C(C(C5=CC=CC=C5)NC(=O)C6=CC=CC=C6)O)O)OC(=O)C7=CC=CC=C7)(CO4)OC(=O)C)O)C)OC(=O)C,CNC(=O)C1=NC=CC(=C1)OC2=CC=C(C=C2)NC(=O)NC3=CC(=C(C=C3)Cl)C(F)(F)F,5.1,1,2.8947387,-0.0347,-4.2425084,-0.2927042245864868,0.8255497813224792,0.6954131126403809
paclitaxel,sorafenib,SW837,CC1=C2C(C(=O)C3(C(CC4C(C3C(C(C2(C)C)(CC1OC(=O)C(C(C5=CC=CC=C5)NC(=O)C6=CC=CC=C6)O)O)OC(=O)C7=CC=CC=C7)(CO4)OC(=O)C)O)C)OC(=O)C,CNC(=O)C1=NC=CC(=C1)OC2=CC=C(C=C2)NC(=O)NC3=CC(=C(C=C3)Cl)C(F)(F)F,-1.845,0,-5.3135805,-0.1455,-3.6923022,0.2685368061065674,1.7954037189483643,0.8575884699821472
paclitaxel,sorafenib,T47D,CC1=C2C(C(=O)C3(C(CC4C(C3C(C(C2(C)C)(CC1OC(=O)C(C(C5=CC=CC=C5)NC(=O)C6=CC=CC=C6)O)O)OC(=O)C7=CC=CC=C7)(CO4)OC(=O)C)O)C)OC(=O)C,CNC(=O)C1=NC=CC(=C1)OC2=CC=C(C=C2)NC(=O)NC3=CC(=C(C=C3)Cl)C(F)(F)F,1.16,1,8.328024,-0.104,-7.4018655,0.681786298751831,-0.36150532960891724,0.41059520840644836
paclitaxel,sunitinib,A2058,CC1=C2C(C(=O)C3(C(CC4C(C3C(C(C2(C)C)(CC1OC(=O)C(C(C5=CC=CC=C5)NC(=O)C6=CC=CC=C6)O)O)OC(=O)C7=CC=CC=C7)(CO4)OC(=O)C)O)C)OC(=O)C,CCN(CC)CCNC(=O)C1=C(NC(=C1C)C=C2C3=C(C=CC(=C3)F)NC2=O)C,5.86,1,3.509555,-0.2535,1.3985068,-1.3028266429901123,3.6083602905273438,0.9736185669898987
paclitaxel,sunitinib,A2780,CC1=C2C(C(=O)C3(C(CC4C(C3C(C(C2(C)C)(CC1OC(=O)C(C(C5=CC=CC=C5)NC(=O)C6=CC=CC=C6)O)O)OC(=O)C7=CC=CC=C7)(CO4)OC(=O)C)O)C)OC(=O)C,CCN(CC)CCNC(=O)C1=C(NC(=C1C)C=C2C3=C(C=CC(=C3)F)NC2=O)C,6.365,1,-2.0889425,-0.09395,2.2968206,0.6788464784622192,7.145466327667236,0.9992121458053589
paclitaxel,sunitinib,A375,CC1=C2C(C(=O)C3(C(CC4C(C3C(C(C2(C)C)(CC1OC(=O)C(C(C5=CC=CC=C5)NC(=O)C6=CC=CC=C6)O)O)OC(=O)C7=CC=CC=C7)(CO4)OC(=O)C)O)C)OC(=O)C,CCN(CC)CCNC(=O)C1=C(NC(=C1C)C=C2C3=C(C=CC(=C3)F)NC2=O)C,8.385,1,-16.988846,-0.0933,10.248424,0.5952209234237671,3.7421224117279053,0.9768451452255249
paclitaxel,sunitinib,A427,CC1=C2C(C(=O)C3(C(CC4C(C3C(C(C2(C)C)(CC1OC(=O)C(C(C5=CC=CC=C5)NC(=O)C6=CC=CC=C6)O)O)OC(=O)C7=CC=CC=C7)(CO4)OC(=O)C)O)C)OC(=O)C,CCN(CC)CCNC(=O)C1=C(NC(=C1C)C=C2C3=C(C=CC(=C3)F)NC2=O)C,4.46,1,-2.4047,-0.1705,-0.95191425,-0.6662014722824097,2.949023962020874,0.9502173662185669
paclitaxel,sunitinib,ES2,CC1=C2C(C(=O)C3(C(CC4C(C3C(C(C2(C)C)(CC1OC(=O)C(C(C5=CC=CC=C5)NC(=O)C6=CC=CC=C6)O)O)OC(=O)C7=CC=CC=C7)(CO4)OC(=O)C)O)C)OC(=O)C,CCN(CC)CCNC(=O)C1=C(NC(=C1C)C=C2C3=C(C=CC(=C3)F)NC2=O)C,10.17,1,1.373022,-0.05625,4.34104,-0.3032557964324951,3.158236265182495,0.9592320322990417
paclitaxel,sunitinib,HCT116,CC1=C2C(C(=O)C3(C(CC4C(C3C(C(C2(C)C)(CC1OC(=O)C(C(C5=CC=CC=C5)NC(=O)C6=CC=CC=C6)O)O)OC(=O)C7=CC=CC=C7)(CO4)OC(=O)C)O)C)OC(=O)C,CCN(CC)CCNC(=O)C1=C(NC(=C1C)C=C2C3=C(C=CC(=C3)F)NC2=O)C,9.19,1,-3.927767,-0.352,-4.154853,-0.66130530834198,0.4672916829586029,0.6147425174713135
paclitaxel,sunitinib,HT144,CC1=C2C(C(=O)C3(C(CC4C(C3C(C(C2(C)C)(CC1OC(=O)C(C(C5=CC=CC=C5)NC(=O)C6=CC=CC=C6)O)O)OC(=O)C7=CC=CC=C7)(CO4)OC(=O)C)O)C)OC(=O)C,CCN(CC)CCNC(=O)C1=C(NC(=C1C)C=C2C3=C(C=CC(=C3)F)NC2=O)C,4.385,1,-10.00027,-0.2655,0.710549,-1.302909255027771,3.3102710247039795,0.9647794961929321
paclitaxel,sunitinib,HT29,CC1=C2C(C(=O)C3(C(CC4C(C3C(C(C2(C)C)(CC1OC(=O)C(C(C5=CC=CC=C5)NC(=O)C6=CC=CC=C6)O)O)OC(=O)C7=CC=CC=C7)(CO4)OC(=O)C)O)C)OC(=O)C,CCN(CC)CCNC(=O)C1=C(NC(=C1C)C=C2C3=C(C=CC(=C3)F)NC2=O)C,5.71,1,-0.005426366,-0.2,-3.8221328,0.2648228406906128,0.3921675980091095,0.5968043804168701
paclitaxel,sunitinib,LOVO,CC1=C2C(C(=O)C3(C(CC4C(C3C(C(C2(C)C)(CC1OC(=O)C(C(C5=CC=CC=C5)NC(=O)C6=CC=CC=C6)O)O)OC(=O)C7=CC=CC=C7)(CO4)OC(=O)C)O)C)OC(=O)C,CCN(CC)CCNC(=O)C1=C(NC(=C1C)C=C2C3=C(C=CC(=C3)F)NC2=O)C,-2.085,0,1.7253933,-0.12995,2.9084437,-0.4285067319869995,0.6245560050010681,0.6512540578842163
paclitaxel,sunitinib,MDAMB436,CC1=C2C(C(=O)C3(C(CC4C(C3C(C(C2(C)C)(CC1OC(=O)C(C(C5=CC=CC=C5)NC(=O)C6=CC=CC=C6)O)O)OC(=O)C7=CC=CC=C7)(CO4)OC(=O)C)O)C)OC(=O)C,CCN(CC)CCNC(=O)C1=C(NC(=C1C)C=C2C3=C(C=CC(=C3)F)NC2=O)C,-2.775,0,1.1951486,-0.401,0.04403434,-0.5972989201545715,-0.6465722918510437,0.3437623977661133
paclitaxel,sunitinib,NCIH1650,CC1=C2C(C(=O)C3(C(CC4C(C3C(C(C2(C)C)(CC1OC(=O)C(C(C5=CC=CC=C5)NC(=O)C6=CC=CC=C6)O)O)OC(=O)C7=CC=CC=C7)(CO4)OC(=O)C)O)C)OC(=O)C,CCN(CC)CCNC(=O)C1=C(NC(=C1C)C=C2C3=C(C=CC(=C3)F)NC2=O)C,-5.095,0,3.9353294,-0.262,0.42952457,0.39381060004234314,-3.2325775623321533,0.03795801103115082
paclitaxel,sunitinib,NCIH2122,CC1=C2C(C(=O)C3(C(CC4C(C3C(C(C2(C)C)(CC1OC(=O)C(C(C5=CC=CC=C5)NC(=O)C6=CC=CC=C6)O)O)OC(=O)C7=CC=CC=C7)(CO4)OC(=O)C)O)C)OC(=O)C,CCN(CC)CCNC(=O)C1=C(NC(=C1C)C=C2C3=C(C=CC(=C3)F)NC2=O)C,7.79,1,-31.759846,-0.1555,-26.413128,-0.6320348381996155,1.2139872312545776,0.7710036635398865
paclitaxel,sunitinib,NCIH23,CC1=C2C(C(=O)C3(C(CC4C(C3C(C(C2(C)C)(CC1OC(=O)C(C(C5=CC=CC=C5)NC(=O)C6=CC=CC=C6)O)O)OC(=O)C7=CC=CC=C7)(CO4)OC(=O)C)O)C)OC(=O)C,CCN(CC)CCNC(=O)C1=C(NC(=C1C)C=C2C3=C(C=CC(=C3)F)NC2=O)C,1.2,1,1.9252261,-0.248,-18.289585,-1.4655647277832031,0.7072805762290955,0.6697999835014343
paclitaxel,sunitinib,NCIH520,CC1=C2C(C(=O)C3(C(CC4C(C3C(C(C2(C)C)(CC1OC(=O)C(C(C5=CC=CC=C5)NC(=O)C6=CC=CC=C6)O)O)OC(=O)C7=CC=CC=C7)(CO4)OC(=O)C)O)C)OC(=O)C,CCN(CC)CCNC(=O)C1=C(NC(=C1C)C=C2C3=C(C=CC(=C3)F)NC2=O)C,6.655,1,-1.4265252,-0.35,-3.8876395,-0.2214263379573822,7.117393493652344,0.9991897940635681
paclitaxel,sunitinib,OV90,CC1=C2C(C(=O)C3(C(CC4C(C3C(C(C2(C)C)(CC1OC(=O)C(C(C5=CC=CC=C5)NC(=O)C6=CC=CC=C6)O)O)OC(=O)C7=CC=CC=C7)(CO4)OC(=O)C)O)C)OC(=O)C,CCN(CC)CCNC(=O)C1=C(NC(=C1C)C=C2C3=C(C=CC(=C3)F)NC2=O)C,-0.735,0,-0.15844996,-0.2955,-0.8983478,0.9226610660552979,-2.440389633178711,0.08014418184757233
paclitaxel,sunitinib,RKO,CC1=C2C(C(=O)C3(C(CC4C(C3C(C(C2(C)C)(CC1OC(=O)C(C(C5=CC=CC=C5)NC(=O)C6=CC=CC=C6)O)O)OC(=O)C7=CC=CC=C7)(CO4)OC(=O)C)O)C)OC(=O)C,CCN(CC)CCNC(=O)C1=C(NC(=C1C)C=C2C3=C(C=CC(=C3)F)NC2=O)C,-2.1,0,-0.6647592,-0.0881,0.91591114,0.16081678867340088,1.6782680749893188,0.8426750898361206
paclitaxel,sunitinib,SKMES1,CC1=C2C(C(=O)C3(C(CC4C(C3C(C(C2(C)C)(CC1OC(=O)C(C(C5=CC=CC=C5)NC(=O)C6=CC=CC=C6)O)O)OC(=O)C7=CC=CC=C7)(CO4)OC(=O)C)O)C)OC(=O)C,CCN(CC)CCNC(=O)C1=C(NC(=C1C)C=C2C3=C(C=CC(=C3)F)NC2=O)C,5.155,1,-4.0648155,-0.052,2.61657,-0.2739739716053009,6.096376895904541,0.9977540373802185
paclitaxel,sunitinib,SKOV3,CC1=C2C(C(=O)C3(C(CC4C(C3C(C(C2(C)C)(CC1OC(=O)C(C(C5=CC=CC=C5)NC(=O)C6=CC=CC=C6)O)O)OC(=O)C7=CC=CC=C7)(CO4)OC(=O)C)O)C)OC(=O)C,CCN(CC)CCNC(=O)C1=C(NC(=C1C)C=C2C3=C(C=CC(=C3)F)NC2=O)C,5.73,1,-2.962847,-0.0325,6.654088,0.5002924799919128,0.32413244247436523,0.580331027507782
paclitaxel,sunitinib,SW620,CC1=C2C(C(=O)C3(C(CC4C(C3C(C(C2(C)C)(CC1OC(=O)C(C(C5=CC=CC=C5)NC(=O)C6=CC=CC=C6)O)O)OC(=O)C7=CC=CC=C7)(CO4)OC(=O)C)O)C)OC(=O)C,CCN(CC)CCNC(=O)C1=C(NC(=C1C)C=C2C3=C(C=CC(=C3)F)NC2=O)C,4.7,1,1.7915199,-0.275,0.5962227,-0.0453052818775177,0.6376656889915466,0.6542255878448486
paclitaxel,temozolomide,A2058,CC1=C2C(C(=O)C3(C(CC4C(C3C(C(C2(C)C)(CC1OC(=O)C(C(C5=CC=CC=C5)NC(=O)C6=CC=CC=C6)O)O)OC(=O)C7=CC=CC=C7)(CO4)OC(=O)C)O)C)OC(=O)C,CN1C(=O)N2C=NC(=C2N=N1)C(=O)N,-2.22,0,-0.25434086,-0.0948,-3.1995988,-0.7328648567199707,0.028353217989206314,0.5070878267288208
paclitaxel,temozolomide,A2780,CC1=C2C(C(=O)C3(C(CC4C(C3C(C(C2(C)C)(CC1OC(=O)C(C(C5=CC=CC=C5)NC(=O)C6=CC=CC=C6)O)O)OC(=O)C7=CC=CC=C7)(CO4)OC(=O)C)O)C)OC(=O)C,CN1C(=O)N2C=NC(=C2N=N1)C(=O)N,0.755,1,-5.0071177,-0.07295,-4.5685854,1.7117308378219604,6.047521114349365,0.997641921043396
paclitaxel,temozolomide,A427,CC1=C2C(C(=O)C3(C(CC4C(C3C(C(C2(C)C)(CC1OC(=O)C(C(C5=CC=CC=C5)NC(=O)C6=CC=CC=C6)O)O)OC(=O)C7=CC=CC=C7)(CO4)OC(=O)C)O)C)OC(=O)C,CN1C(=O)N2C=NC(=C2N=N1)C(=O)N,-2.8,0,-0.5216481,-0.04635,-6.3326545,-0.8117886781692505,-1.459417700767517,0.18855640292167664
paclitaxel,temozolomide,HCT116,CC1=C2C(C(=O)C3(C(CC4C(C3C(C(C2(C)C)(CC1OC(=O)C(C(C5=CC=CC=C5)NC(=O)C6=CC=CC=C6)O)O)OC(=O)C7=CC=CC=C7)(CO4)OC(=O)C)O)C)OC(=O)C,CN1C(=O)N2C=NC(=C2N=N1)C(=O)N,4.6625,1,5.5371194,-0.05475,-10.319581,-0.3359372913837433,0.33820855617523193,0.5837553143501282
paclitaxel,temozolomide,HT29,CC1=C2C(C(=O)C3(C(CC4C(C3C(C(C2(C)C)(CC1OC(=O)C(C(C5=CC=CC=C5)NC(=O)C6=CC=CC=C6)O)O)OC(=O)C7=CC=CC=C7)(CO4)OC(=O)C)O)C)OC(=O)C,CN1C(=O)N2C=NC(=C2N=N1)C(=O)N,2.4225,1,-32.068348,-0.1245,-10.376345,0.21394053101539612,0.5756134390830994,0.6400574445724487
paclitaxel,temozolomide,LOVO,CC1=C2C(C(=O)C3(C(CC4C(C3C(C(C2(C)C)(CC1OC(=O)C(C(C5=CC=CC=C5)NC(=O)C6=CC=CC=C6)O)O)OC(=O)C7=CC=CC=C7)(CO4)OC(=O)C)O)C)OC(=O)C,CN1C(=O)N2C=NC(=C2N=N1)C(=O)N,2.745,1,-0.21185096,-0.149,-7.2323704,-1.2111722230911255,-0.47664371132850647,0.383044958114624
paclitaxel,temozolomide,MDAMB436,CC1=C2C(C(=O)C3(C(CC4C(C3C(C(C2(C)C)(CC1OC(=O)C(C(C5=CC=CC=C5)NC(=O)C6=CC=CC=C6)O)O)OC(=O)C7=CC=CC=C7)(CO4)OC(=O)C)O)C)OC(=O)C,CN1C(=O)N2C=NC(=C2N=N1)C(=O)N,2.15,1,-3.12497221,-0.265,-4.070549,0.5017093420028687,0.06502503156661987,0.5162505507469177
paclitaxel,temozolomide,NCIH1650,CC1=C2C(C(=O)C3(C(CC4C(C3C(C(C2(C)C)(CC1OC(=O)C(C(C5=CC=CC=C5)NC(=O)C6=CC=CC=C6)O)O)OC(=O)C7=CC=CC=C7)(CO4)OC(=O)C)O)C)OC(=O)C,CN1C(=O)N2C=NC(=C2N=N1)C(=O)N,5.425,1,-5.9181967,-0.2235,-11.322566,0.352159321308136,1.7847161293029785,0.8562783002853394
paclitaxel,temozolomide,NCIH2122,CC1=C2C(C(=O)C3(C(CC4C(C3C(C(C2(C)C)(CC1OC(=O)C(C(C5=CC=CC=C5)NC(=O)C6=CC=CC=C6)O)O)OC(=O)C7=CC=CC=C7)(CO4)OC(=O)C)O)C)OC(=O)C,CN1C(=O)N2C=NC(=C2N=N1)C(=O)N,-28.36,0,-9.61419,-0.09805,-26.1386,-1.1705241203308105,1.4249924421310425,0.8061199188232422
paclitaxel,temozolomide,NCIH23,CC1=C2C(C(=O)C3(C(CC4C(C3C(C(C2(C)C)(CC1OC(=O)C(C(C5=CC=CC=C5)NC(=O)C6=CC=CC=C6)O)O)OC(=O)C7=CC=CC=C7)(CO4)OC(=O)C)O)C)OC(=O)C,CN1C(=O)N2C=NC(=C2N=N1)C(=O)N,-2.9975,0,-6.7109976,-0.067475,-20.853241,-1.2711949348449707,-0.043742965906858444,0.489065945148468
paclitaxel,temozolomide,OV90,CC1=C2C(C(=O)C3(C(CC4C(C3C(C(C2(C)C)(CC1OC(=O)C(C(C5=CC=CC=C5)NC(=O)C6=CC=CC=C6)O)O)OC(=O)C7=CC=CC=C7)(CO4)OC(=O)C)O)C)OC(=O)C,CN1C(=O)N2C=NC(=C2N=N1)C(=O)N,-2.105,0,-3.051546,-0.1291,-8.003009,0.3978751003742218,-1.3911967277526855,0.19921676814556122
paclitaxel,temozolomide,RKO,CC1=C2C(C(=O)C3(C(CC4C(C3C(C(C2(C)C)(CC1OC(=O)C(C(C5=CC=CC=C5)NC(=O)C6=CC=CC=C6)O)O)OC(=O)C7=CC=CC=C7)(CO4)OC(=O)C)O)C)OC(=O)C,CN1C(=O)N2C=NC(=C2N=N1)C(=O)N,3.835,1,-7.833172,-0.0889,-4.572146,0.21100357174873352,2.2585277557373047,0.9053835868835449
paclitaxel,temozolomide,SW837,CC1=C2C(C(=O)C3(C(CC4C(C3C(C(C2(C)C)(CC1OC(=O)C(C(C5=CC=CC=C5)NC(=O)C6=CC=CC=C6)O)O)OC(=O)C7=CC=CC=C7)(CO4)OC(=O)C)O)C)OC(=O)C,CN1C(=O)N2C=NC(=C2N=N1)C(=O)N,4.745,1,-14.65249,-0.149,-11.768753,0.31491538882255554,1.1068525314331055,0.7515418529510498
paclitaxel,temozolomide,T47D,CC1=C2C(C(=O)C3(C(CC4C(C3C(C(C2(C)C)(CC1OC(=O)C(C(C5=CC=CC=C5)NC(=O)C6=CC=CC=C6)O)O)OC(=O)C7=CC=CC=C7)(CO4)OC(=O)C)O)C)OC(=O)C,CN1C(=O)N2C=NC(=C2N=N1)C(=O)N,5.5475,1,-30.52472505,-0.1531,-15.503529,0.7178405523300171,0.1917044073343277,0.5477798581123352
sorafenib,dinaciclib,A2058,CNC(=O)C1=NC=CC(=C1)OC2=CC=C(C=C2)NC(=O)NC3=CC(=C(C=C3)Cl)C(F)(F)F,CCC1=C2N=C(C=C(N2N=C1)NCC3=C[N+](=CC=C3)[O-])N4CCCCC4CCO,9.745,1,-2.572077,-0.431,-0.40907863,1.0065022706985474,1.206252932548523,0.7696352601051331
sorafenib,dinaciclib,A2780,CNC(=O)C1=NC=CC(=C1)OC2=CC=C(C=C2)NC(=O)NC3=CC(=C(C=C3)Cl)C(F)(F)F,CCC1=C2N=C(C=C(N2N=C1)NCC3=C[N+](=CC=C3)[O-])N4CCCCC4CCO,0.625,1,0.21642701,-0.327,1.077084,0.7983477711677551,4.989169120788574,0.9932346940040588
sorafenib,dinaciclib,A375,CNC(=O)C1=NC=CC(=C1)OC2=CC=C(C=C2)NC(=O)NC3=CC(=C(C=C3)Cl)C(F)(F)F,CCC1=C2N=C(C=C(N2N=C1)NCC3=C[N+](=CC=C3)[O-])N4CCCCC4CCO,8.465,1,-0.60039085,-0.525,1.2776927,-0.3158400058746338,4.463356018066406,0.9886077046394348
sorafenib,dinaciclib,ES2,CNC(=O)C1=NC=CC(=C1)OC2=CC=C(C=C2)NC(=O)NC3=CC(=C(C=C3)Cl)C(F)(F)F,CCC1=C2N=C(C=C(N2N=C1)NCC3=C[N+](=CC=C3)[O-])N4CCCCC4CCO,7.585,1,1.7267529,-0.356,-2.8582716,-0.144771546125412,5.2377519607543945,0.9947158694267273
sorafenib,dinaciclib,HCT116,CNC(=O)C1=NC=CC(=C1)OC2=CC=C(C=C2)NC(=O)NC3=CC(=C(C=C3)Cl)C(F)(F)F,CCC1=C2N=C(C=C(N2N=C1)NCC3=C[N+](=CC=C3)[O-])N4CCCCC4CCO,1.675,1,0.8892824,-0.4535,-3.6407883,-0.4742986261844635,0.8541582226753235,0.7014387249946594
sorafenib,dinaciclib,HT144,CNC(=O)C1=NC=CC(=C1)OC2=CC=C(C=C2)NC(=O)NC3=CC(=C(C=C3)Cl)C(F)(F)F,CCC1=C2N=C(C=C(N2N=C1)NCC3=C[N+](=CC=C3)[O-])N4CCCCC4CCO,4.225,1,-2.252019,-0.51,-8.46723,0.5866288542747498,2.419614553451538,0.9183108806610107
sorafenib,dinaciclib,HT29,CNC(=O)C1=NC=CC(=C1)OC2=CC=C(C=C2)NC(=O)NC3=CC(=C(C=C3)Cl)C(F)(F)F,CCC1=C2N=C(C=C(N2N=C1)NCC3=C[N+](=CC=C3)[O-])N4CCCCC4CCO,-0.115,0,-5.699265,-0.5295,-1.438377,0.2534816265106201,0.22848713397979736,0.5568745732307434
sorafenib,dinaciclib,LOVO,CNC(=O)C1=NC=CC(=C1)OC2=CC=C(C=C2)NC(=O)NC3=CC(=C(C=C3)Cl)C(F)(F)F,CCC1=C2N=C(C=C(N2N=C1)NCC3=C[N+](=CC=C3)[O-])N4CCCCC4CCO,-1.52,0,-10.670348,-0.476,-2.7265656,1.942711353302002,-0.02716493234038353,0.4932091534137726
sorafenib,dinaciclib,MDAMB436,CNC(=O)C1=NC=CC(=C1)OC2=CC=C(C=C2)NC(=O)NC3=CC(=C(C=C3)Cl)C(F)(F)F,CCC1=C2N=C(C=C(N2N=C1)NCC3=C[N+](=CC=C3)[O-])N4CCCCC4CCO,0.28,1,-8.775702,-0.2208,-0.57127446,0.416648268699646,-1.220295786857605,0.22788439691066742
sorafenib,dinaciclib,NCIH1650,CNC(=O)C1=NC=CC(=C1)OC2=CC=C(C=C2)NC(=O)NC3=CC(=C(C=C3)Cl)C(F)(F)F,CCC1=C2N=C(C=C(N2N=C1)NCC3=C[N+](=CC=C3)[O-])N4CCCCC4CCO,7.59,1,-11.874472,-0.232,-3.759663,0.505121111869812,2.3442509174346924,0.9124761819839478
sorafenib,dinaciclib,NCIH2122,CNC(=O)C1=NC=CC(=C1)OC2=CC=C(C=C2)NC(=O)NC3=CC(=C(C=C3)Cl)C(F)(F)F,CCC1=C2N=C(C=C(N2N=C1)NCC3=C[N+](=CC=C3)[O-])N4CCCCC4CCO,0.64,1,-9.776945,-0.2705,-10.138287,0.8521566390991211,-0.46410828828811646,0.38601166009902954
sorafenib,dinaciclib,NCIH23,CNC(=O)C1=NC=CC(=C1)OC2=CC=C(C=C2)NC(=O)NC3=CC(=C(C=C3)Cl)C(F)(F)F,CCC1=C2N=C(C=C(N2N=C1)NCC3=C[N+](=CC=C3)[O-])N4CCCCC4CCO,2.61,1,-3.0162477,-0.4045,-13.649448,-1.419461727142334,0.5910481810569763,0.643605649471283
sorafenib,dinaciclib,NCIH520,CNC(=O)C1=NC=CC(=C1)OC2=CC=C(C=C2)NC(=O)NC3=CC(=C(C=C3)Cl)C(F)(F)F,CCC1=C2N=C(C=C(N2N=C1)NCC3=C[N+](=CC=C3)[O-])N4CCCCC4CCO,4.89,1,-3.1234539,-0.329,-3.299277,-1.0783519744873047,2.6572282314300537,0.9344550967216492
sorafenib,dinaciclib,RKO,CNC(=O)C1=NC=CC(=C1)OC2=CC=C(C=C2)NC(=O)NC3=CC(=C(C=C3)Cl)C(F)(F)F,CCC1=C2N=C(C=C(N2N=C1)NCC3=C[N+](=CC=C3)[O-])N4CCCCC4CCO,3.54,1,-2.12257,-0.3855,-0.4392241,-0.10302284359931946,4.465898513793945,0.9886361956596375
sorafenib,dinaciclib,SKOV3,CNC(=O)C1=NC=CC(=C1)OC2=CC=C(C=C2)NC(=O)NC3=CC(=C(C=C3)Cl)C(F)(F)F,CCC1=C2N=C(C=C(N2N=C1)NCC3=C[N+](=CC=C3)[O-])N4CCCCC4CCO,12.65,1,-5.1681447,-0.36,-0.57730335,0.14885970950126648,0.390474796295166,0.5963970422744751
sorafenib,dinaciclib,SW620,CNC(=O)C1=NC=CC(=C1)OC2=CC=C(C=C2)NC(=O)NC3=CC(=C(C=C3)Cl)C(F)(F)F,CCC1=C2N=C(C=C(N2N=C1)NCC3=C[N+](=CC=C3)[O-])N4CCCCC4CCO,5.015,1,-1.4007208,-0.547,-1.7878429,-0.5623568892478943,0.8296089172363281,0.6962721943855286
sorafenib,dinaciclib,T47D,CNC(=O)C1=NC=CC(=C1)OC2=CC=C(C=C2)NC(=O)NC3=CC(=C(C=C3)Cl)C(F)(F)F,CCC1=C2N=C(C=C(N2N=C1)NCC3=C[N+](=CC=C3)[O-])N4CCCCC4CCO,7.66,1,2.6668835,-0.9945,-6.123943,0.6689932346343994,-0.3151843249797821,0.42184978723526
sunitinib,bortezomib,A2058,CCN(CC)CCNC(=O)C1=C(NC(=C1C)C=C2C3=C(C=CC(=C3)F)NC2=O)C,B(C(CC(C)C)NC(=O)C(CC1=CC=CC=C1)NC(=O)C2=NC=CN=C2)(O)O,5.225,1,-0.95993716,-0.1319,-6.596345,-1.9813114404678345,3.769871950149536,0.977464497089386
sunitinib,bortezomib,A2780,CCN(CC)CCNC(=O)C1=C(NC(=C1C)C=C2C3=C(C=CC(=C3)F)NC2=O)C,B(C(CC(C)C)NC(=O)C(CC1=CC=CC=C1)NC(=O)C2=NC=CN=C2)(O)O,5.825,1,3.1305223,-0.09635,-7.6573524,-0.8586300611495972,6.096206188201904,0.9977536797523499
sunitinib,bortezomib,A375,CCN(CC)CCNC(=O)C1=C(NC(=C1C)C=C2C3=C(C=CC(=C3)F)NC2=O)C,B(C(CC(C)C)NC(=O)C(CC1=CC=CC=C1)NC(=O)C2=NC=CN=C2)(O)O,1.925,1,-12.9204445,-0.072,-4.8763523,-1.0599734783172607,3.7750415802001953,0.9775781631469727
sunitinib,bortezomib,HCT116,CCN(CC)CCNC(=O)C1=C(NC(=C1C)C=C2C3=C(C=CC(=C3)F)NC2=O)C,B(C(CC(C)C)NC(=O)C(CC1=CC=CC=C1)NC(=O)C2=NC=CN=C2)(O)O,3.57,1,-0.43331918,-0.0721,-8.971045,-0.8076391220092773,-0.36199259757995605,0.41047728061676025
sunitinib,bortezomib,HT144,CCN(CC)CCNC(=O)C1=C(NC(=C1C)C=C2C3=C(C=CC(=C3)F)NC2=O)C,B(C(CC(C)C)NC(=O)C(CC1=CC=CC=C1)NC(=O)C2=NC=CN=C2)(O)O,-1.855,0,-11.948907,-0.02355,-15.333408,-0.2906784415245056,-0.6394806504249573,0.34536394476890564
sunitinib,bortezomib,HT29,CCN(CC)CCNC(=O)C1=C(NC(=C1C)C=C2C3=C(C=CC(=C3)F)NC2=O)C,B(C(CC(C)C)NC(=O)C(CC1=CC=CC=C1)NC(=O)C2=NC=CN=C2)(O)O,4.91,1,-7.425761,-0.0942,-9.985688,0.12886425852775574,0.6958228349685669,0.6672609448432922
sunitinib,bortezomib,LOVO,CCN(CC)CCNC(=O)C1=C(NC(=C1C)C=C2C3=C(C=CC(=C3)F)NC2=O)C,B(C(CC(C)C)NC(=O)C(CC1=CC=CC=C1)NC(=O)C2=NC=CN=C2)(O)O,1.62,1,2.499578,-0.13275,-7.6759515,0.20254921913146973,1.7751545906066895,0.8550975918769836
sunitinib,bortezomib,MDAMB436,CCN(CC)CCNC(=O)C1=C(NC(=C1C)C=C2C3=C(C=CC(=C3)F)NC2=O)C,B(C(CC(C)C)NC(=O)C(CC1=CC=CC=C1)NC(=O)C2=NC=CN=C2)(O)O,1.005,1,-8.835154,-0.0303,-6.343096,-0.7984150052070618,0.7324410080909729,0.6753407120704651
sunitinib,bortezomib,NCIH1650,CCN(CC)CCNC(=O)C1=C(NC(=C1C)C=C2C3=C(C=CC(=C3)F)NC2=O)C,B(C(CC(C)C)NC(=O)C(CC1=CC=CC=C1)NC(=O)C2=NC=CN=C2)(O)O,-1.84,0,-7.563993,-0.03495,-15.2912,-0.9081573486328125,-5.31905460357666,0.004873514175415039
sunitinib,bortezomib,NCIH2122,CCN(CC)CCNC(=O)C1=C(NC(=C1C)C=C2C3=C(C=CC(=C3)F)NC2=O)C,B(C(CC(C)C)NC(=O)C(CC1=CC=CC=C1)NC(=O)C2=NC=CN=C2)(O)O,14.99,1,-8.087511,-0.0666,-15.934614,0.10392297059297562,5.530449390411377,0.9960514903068542
sunitinib,bortezomib,NCIH23,CCN(CC)CCNC(=O)C1=C(NC(=C1C)C=C2C3=C(C=CC(=C3)F)NC2=O)C,B(C(CC(C)C)NC(=O)C(CC1=CC=CC=C1)NC(=O)C2=NC=CN=C2)(O)O,1.51,1,-6.555767,-0.0568,-20.653996,-1.3909897804260254,-0.01844751462340355,0.49538829922676086
sunitinib,bortezomib,NCIH520,CCN(CC)CCNC(=O)C1=C(NC(=C1C)C=C2C3=C(C=CC(=C3)F)NC2=O)C,B(C(CC(C)C)NC(=O)C(CC1=CC=CC=C1)NC(=O)C2=NC=CN=C2)(O)O,4.335,1,-4.589754,-0.02585,-13.103891,-2.2023041248321533,5.540487289428711,0.9960907101631165
sunitinib,bortezomib,OV90,CCN(CC)CCNC(=O)C1=C(NC(=C1C)C=C2C3=C(C=CC(=C3)F)NC2=O)C,B(C(CC(C)C)NC(=O)C(CC1=CC=CC=C1)NC(=O)C2=NC=CN=C2)(O)O,0.225,1,-21.421844,-0.03775,-10.696201,0.8525162935256958,-0.54545658826828,0.3669191300868988
sunitinib,bortezomib,SKMES1,CCN(CC)CCNC(=O)C1=C(NC(=C1C)C=C2C3=C(C=CC(=C3)F)NC2=O)C,B(C(CC(C)C)NC(=O)C(CC1=CC=CC=C1)NC(=O)C2=NC=CN=C2)(O)O,2.25,1,-2.8200088,-0.04995,-10.194099,-0.9773238897323608,2.449127674102783,0.9204975962638855
sunitinib,bortezomib,SKOV3,CCN(CC)CCNC(=O)C1=C(NC(=C1C)C=C2C3=C(C=CC(=C3)F)NC2=O)C,B(C(CC(C)C)NC(=O)C(CC1=CC=CC=C1)NC(=O)C2=NC=CN=C2)(O)O,0.53,1,-11.712767,-0.084,-7.0983243,0.3544081151485443,-0.0006678663194179535,0.49983304738998413
sunitinib,bortezomib,SW620,CCN(CC)CCNC(=O)C1=C(NC(=C1C)C=C2C3=C(C=CC(=C3)F)NC2=O)C,B(C(CC(C)C)NC(=O)C(CC1=CC=CC=C1)NC(=O)C2=NC=CN=C2)(O)O,1.47,1,0.62536836,-0.0318,-7.5651236,-0.1471729874610901,0.6312001943588257,0.6527615189552307
sunitinib,bortezomib,T47D,CCN(CC)CCNC(=O)C1=C(NC(=C1C)C=C2C3=C(C=CC(=C3)F)NC2=O)C,B(C(CC(C)C)NC(=O)C(CC1=CC=CC=C1)NC(=O)C2=NC=CN=C2)(O)O,6.22,1,-25.687721,-0.0781,-15.071337,0.2289496660232544,0.18924397230148315,0.5471702814102173
sunitinib,cyclophosphamide,HT29,CCN(CC)CCNC(=O)C1=C(NC(=C1C)C=C2C3=C(C=CC(=C3)F)NC2=O)C,C1CNP(=O)(OC1)N(CCCl)CCCl,-5.4,0,-24.751118,-0.234,5.181303,0.47390615940093994,-0.09777233004570007,0.47557637095451355
sunitinib,dasatinib,A2058,CCN(CC)CCNC(=O)C1=C(NC(=C1C)C=C2C3=C(C=CC(=C3)F)NC2=O)C,CC1=C(C(=CC=C1)Cl)NC(=O)C2=CN=C(S2)NC3=NC(=NC(=C3)N4CCN(CC4)CCO)C,16.65,1,13.751775,-0.08995,22.864773,-1.0982953310012817,2.616400718688965,0.9319096207618713
sunitinib,dasatinib,A2780,CCN(CC)CCNC(=O)C1=C(NC(=C1C)C=C2C3=C(C=CC(=C3)F)NC2=O)C,CC1=C(C(=CC=C1)Cl)NC(=O)C2=CN=C(S2)NC3=NC(=NC(=C3)N4CCN(CC4)CCO)C,14.7,1,16.610453,-0.1215,29.95254,0.4100925922393799,4.926982879638672,0.9928038716316223
sunitinib,dasatinib,A375,CCN(CC)CCNC(=O)C1=C(NC(=C1C)C=C2C3=C(C=CC(=C3)F)NC2=O)C,CC1=C(C(=CC=C1)Cl)NC(=O)C2=CN=C(S2)NC3=NC(=NC(=C3)N4CCN(CC4)CCO)C,14.775,1,14.768893,-0.0252,25.647598,-0.3476051986217499,3.676398754119873,0.9753109812736511
sunitinib,dasatinib,A427,CCN(CC)CCNC(=O)C1=C(NC(=C1C)C=C2C3=C(C=CC(=C3)F)NC2=O)C,CC1=C(C(=CC=C1)Cl)NC(=O)C2=CN=C(S2)NC3=NC(=NC(=C3)N4CCN(CC4)CCO)C,5.14,1,18.498526,-0.03085,23.831654,-0.7657871246337891,4.221527576446533,0.9855360388755798
sunitinib,dasatinib,ES2,CCN(CC)CCNC(=O)C1=C(NC(=C1C)C=C2C3=C(C=CC(=C3)F)NC2=O)C,CC1=C(C(=CC=C1)Cl)NC(=O)C2=CN=C(S2)NC3=NC(=NC(=C3)N4CCN(CC4)CCO)C,15.41,1,8.073533,-0.06195,19.002045,-0.6726168990135193,3.3479063510894775,0.9660362005233765
sunitinib,dasatinib,HT144,CCN(CC)CCNC(=O)C1=C(NC(=C1C)C=C2C3=C(C=CC(=C3)F)NC2=O)C,CC1=C(C(=CC=C1)Cl)NC(=O)C2=CN=C(S2)NC3=NC(=NC(=C3)N4CCN(CC4)CCO)C,13.465,1,-0.08597715,-0.0206,9.155916,-1.4656530618667603,3.571359395980835,0.9726513028144836
sunitinib,dasatinib,MDAMB436,CCN(CC)CCNC(=O)C1=C(NC(=C1C)C=C2C3=C(C=CC(=C3)F)NC2=O)C,CC1=C(C(=CC=C1)Cl)NC(=O)C2=CN=C(S2)NC3=NC(=NC(=C3)N4CCN(CC4)CCO)C,7.31,1,8.844252,-0.172,22.925999,-0.08581996709108353,-0.3179551959037781,0.42117413878440857
sunitinib,dasatinib,NCIH1650,CCN(CC)CCNC(=O)C1=C(NC(=C1C)C=C2C3=C(C=CC(=C3)F)NC2=O)C,CC1=C(C(=CC=C1)Cl)NC(=O)C2=CN=C(S2)NC3=NC(=NC(=C3)N4CCN(CC4)CCO)C,3.925,1,7.085959,-0.1114,24.974895,-0.05681169033050537,-0.18200305104255676,0.4546244144439697
sunitinib,dasatinib,NCIH2122,CCN(CC)CCNC(=O)C1=C(NC(=C1C)C=C2C3=C(C=CC(=C3)F)NC2=O)C,CC1=C(C(=CC=C1)Cl)NC(=O)C2=CN=C(S2)NC3=NC(=NC(=C3)N4CCN(CC4)CCO)C,39.81,1,-4.805016,-0.0686,7.6042643,-0.4371759295463562,2.8755204677581787,0.946622908115387
sunitinib,dasatinib,NCIH520,CCN(CC)CCNC(=O)C1=C(NC(=C1C)C=C2C3=C(C=CC(=C3)F)NC2=O)C,CC1=C(C(=CC=C1)Cl)NC(=O)C2=CN=C(S2)NC3=NC(=NC(=C3)N4CCN(CC4)CCO)C,8.505,1,9.347825,-0.0633,24.39958,-1.425613284111023,3.590902090072632,0.9731664061546326
sunitinib,dasatinib,RKO,CCN(CC)CCNC(=O)C1=C(NC(=C1C)C=C2C3=C(C=CC(=C3)F)NC2=O)C,CC1=C(C(=CC=C1)Cl)NC(=O)C2=CN=C(S2)NC3=NC(=NC(=C3)N4CCN(CC4)CCO)C,16.445,1,16.970814,-0.0206,21.067074,0.3158469796180725,1.134638786315918,0.756693959236145
sunitinib,dasatinib,SKMES1,CCN(CC)CCNC(=O)C1=C(NC(=C1C)C=C2C3=C(C=CC(=C3)F)NC2=O)C,CC1=C(C(=CC=C1)Cl)NC(=O)C2=CN=C(S2)NC3=NC(=NC(=C3)N4CCN(CC4)CCO)C,1.425,1,4.711001,-0.0475,20.51081,0.1529199481010437,2.2681634426116943,0.9062058329582214
sunitinib,dinaciclib,A2058,CCN(CC)CCNC(=O)C1=C(NC(=C1C)C=C2C3=C(C=CC(=C3)F)NC2=O)C,CCC1=C2N=C(C=C(N2N=C1)NCC3=C[N+](=CC=C3)[O-])N4CCCCC4CCO,11.53,1,8.066736,-0.0206,3.1469226,-0.35231637954711914,4.782104015350342,0.9916912317276001
sunitinib,dinaciclib,A2780,CCN(CC)CCNC(=O)C1=C(NC(=C1C)C=C2C3=C(C=CC(=C3)F)NC2=O)C,CCC1=C2N=C(C=C(N2N=C1)NCC3=C[N+](=CC=C3)[O-])N4CCCCC4CCO,6.425,1,2.9051094,-0.0261,3.641665,0.5054376125335693,8.52946949005127,0.9998025298118591
sunitinib,dinaciclib,A375,CCN(CC)CCNC(=O)C1=C(NC(=C1C)C=C2C3=C(C=CC(=C3)F)NC2=O)C,CCC1=C2N=C(C=C(N2N=C1)NCC3=C[N+](=CC=C3)[O-])N4CCCCC4CCO,8.19,1,1.4656174,-0.0206,4.5481277,1.0569195747375488,5.4917521476745605,0.9958963394165039
sunitinib,dinaciclib,HCT116,CCN(CC)CCNC(=O)C1=C(NC(=C1C)C=C2C3=C(C=CC(=C3)F)NC2=O)C,CCC1=C2N=C(C=C(N2N=C1)NCC3=C[N+](=CC=C3)[O-])N4CCCCC4CCO,7.025,1,5.6210804,-0.0342,-0.9315792,-1.0123227834701538,0.434926837682724,0.6070495247840881
sunitinib,dinaciclib,HT144,CCN(CC)CCNC(=O)C1=C(NC(=C1C)C=C2C3=C(C=CC(=C3)F)NC2=O)C,CCC1=C2N=C(C=C(N2N=C1)NCC3=C[N+](=CC=C3)[O-])N4CCCCC4CCO,6.085,1,-4.219129,-0.0206,-6.8225894,0.6132789850234985,-0.5328684449195862,0.3698481321334839
sunitinib,dinaciclib,HT29,CCN(CC)CCNC(=O)C1=C(NC(=C1C)C=C2C3=C(C=CC(=C3)F)NC2=O)C,CCC1=C2N=C(C=C(N2N=C1)NCC3=C[N+](=CC=C3)[O-])N4CCCCC4CCO,13.225,1,5.9336014,-0.0206,-0.018764636,0.30427688360214233,0.8902882933616638,0.7089496850967407
sunitinib,dinaciclib,LOVO,CCN(CC)CCNC(=O)C1=C(NC(=C1C)C=C2C3=C(C=CC(=C3)F)NC2=O)C,CCC1=C2N=C(C=C(N2N=C1)NCC3=C[N+](=CC=C3)[O-])N4CCCCC4CCO,2.97,1,3.4450715,-0.0427,0.26691946,-0.9416812658309937,0.5490273833274841,0.6339098811149597
sunitinib,dinaciclib,NCIH2122,CCN(CC)CCNC(=O)C1=C(NC(=C1C)C=C2C3=C(C=CC(=C3)F)NC2=O)C,CCC1=C2N=C(C=C(N2N=C1)NCC3=C[N+](=CC=C3)[O-])N4CCCCC4CCO,16.035,1,0.021581572,-0.0206,-7.1774406,0.8530586361885071,5.9619879722595215,0.9974318146705627
sunitinib,dinaciclib,NCIH520,CCN(CC)CCNC(=O)C1=C(NC(=C1C)C=C2C3=C(C=CC(=C3)F)NC2=O)C,CCC1=C2N=C(C=C(N2N=C1)NCC3=C[N+](=CC=C3)[O-])N4CCCCC4CCO,9.38,1,-0.5527044,-0.02805,-0.33778796,-1.3700668811798096,5.600474834442139,0.9963175058364868
sunitinib,dinaciclib,OV90,CCN(CC)CCNC(=O)C1=C(NC(=C1C)C=C2C3=C(C=CC(=C3)F)NC2=O)C,CCC1=C2N=C(C=C(N2N=C1)NCC3=C[N+](=CC=C3)[O-])N4CCCCC4CCO,2.57,1,-21.656439,-0.0206,-1.7286122,1.7853929996490479,1.9607610702514648,0.8766152858734131
sunitinib,dinaciclib,SKMES1,CCN(CC)CCNC(=O)C1=C(NC(=C1C)C=C2C3=C(C=CC(=C3)F)NC2=O)C,CCC1=C2N=C(C=C(N2N=C1)NCC3=C[N+](=CC=C3)[O-])N4CCCCC4CCO,4.17,1,-3.0947587,-0.0206,-0.47031084,-1.0328526496887207,3.583747148513794,0.972978949546814
sunitinib,dinaciclib,SKOV3,CCN(CC)CCNC(=O)C1=C(NC(=C1C)C=C2C3=C(C=CC(=C3)F)NC2=O)C,CCC1=C2N=C(C=C(N2N=C1)NCC3=C[N+](=CC=C3)[O-])N4CCCCC4CCO,5.645,1,-4.486496,-0.03035,0.96477944,0.5325124263763428,1.0020389556884766,0.7314592599868774
sunitinib,erlotinib,A2058,CCN(CC)CCNC(=O)C1=C(NC(=C1C)C=C2C3=C(C=CC(=C3)F)NC2=O)C,COCCOC1=C(C=C2C(=C1)C(=NC=N2)NC3=CC=CC(=C3)C#C)OCCOC,13.775,1,7.187374,-0.05165,12.347179,-1.786618709564209,2.646937131881714,0.933821976184845
sunitinib,erlotinib,A2780,CCN(CC)CCNC(=O)C1=C(NC(=C1C)C=C2C3=C(C=CC(=C3)F)NC2=O)C,COCCOC1=C(C=C2C(=C1)C(=NC=N2)NC3=CC=CC(=C3)C#C)OCCOC,11.885,1,8.655592,-0.0206,13.903392,-0.5264301300048828,2.811525344848633,0.9432954788208008
sunitinib,erlotinib,A375,CCN(CC)CCNC(=O)C1=C(NC(=C1C)C=C2C3=C(C=CC(=C3)F)NC2=O)C,COCCOC1=C(C=C2C(=C1)C(=NC=N2)NC3=CC=CC(=C3)C#C)OCCOC,7.485,1,11.462123,-0.0206,15.622229,-0.9440494775772095,-0.570051908493042,0.36122485995292664
sunitinib,erlotinib,A427,CCN(CC)CCNC(=O)C1=C(NC(=C1C)C=C2C3=C(C=CC(=C3)F)NC2=O)C,COCCOC1=C(C=C2C(=C1)C(=NC=N2)NC3=CC=CC(=C3)C#C)OCCOC,8.84,1,9.84462,-0.0206,9.239554,-1.15531587600708,2.6283702850341797,0.9326652884483337
sunitinib,erlotinib,ES2,CCN(CC)CCNC(=O)C1=C(NC(=C1C)C=C2C3=C(C=CC(=C3)F)NC2=O)C,COCCOC1=C(C=C2C(=C1)C(=NC=N2)NC3=CC=CC(=C3)C#C)OCCOC,13.955,1,4.947372,-0.0206,7.604702,-0.3168337345123291,3.134981155395508,0.9583128690719604
sunitinib,erlotinib,HCT116,CCN(CC)CCNC(=O)C1=C(NC(=C1C)C=C2C3=C(C=CC(=C3)F)NC2=O)C,COCCOC1=C(C=C2C(=C1)C(=NC=N2)NC3=CC=CC(=C3)C#C)OCCOC,3.835,1,2.9630098,-0.03065,12.117941,-0.9591658115386963,-0.6184714436531067,0.3501291871070862
sunitinib,erlotinib,HT29,CCN(CC)CCNC(=O)C1=C(NC(=C1C)C=C2C3=C(C=CC(=C3)F)NC2=O)C,COCCOC1=C(C=C2C(=C1)C(=NC=N2)NC3=CC=CC(=C3)C#C)OCCOC,14.465,1,11.66878,-0.0708,14.529536,0.04974297434091568,0.04772629216313362,0.5119293332099915
sunitinib,erlotinib,NCIH1650,CCN(CC)CCNC(=O)C1=C(NC(=C1C)C=C2C3=C(C=CC(=C3)F)NC2=O)C,COCCOC1=C(C=C2C(=C1)C(=NC=N2)NC3=CC=CC(=C3)C#C)OCCOC,6.28,1,4.43,-0.0206,10.824201,0.09507915377616882,0.08703131973743439,0.5217441320419312
sunitinib,erlotinib,NCIH2122,CCN(CC)CCNC(=O)C1=C(NC(=C1C)C=C2C3=C(C=CC(=C3)F)NC2=O)C,COCCOC1=C(C=C2C(=C1)C(=NC=N2)NC3=CC=CC(=C3)C#C)OCCOC,19.13,1,-1.306423,-0.02085,4.7323065,-1.3189468383789062,2.3479785919189453,0.9127734303474426
sunitinib,erlotinib,NCIH23,CCN(CC)CCNC(=O)C1=C(NC(=C1C)C=C2C3=C(C=CC(=C3)F)NC2=O)C,COCCOC1=C(C=C2C(=C1)C(=NC=N2)NC3=CC=CC(=C3)C#C)OCCOC,5.95,1,9.322086,-0.0206,-3.2389932,-1.6361474990844727,-1.0197211503982544,0.2650817036628723
sunitinib,erlotinib,NCIH520,CCN(CC)CCNC(=O)C1=C(NC(=C1C)C=C2C3=C(C=CC(=C3)F)NC2=O)C,COCCOC1=C(C=C2C(=C1)C(=NC=N2)NC3=CC=CC(=C3)C#C)OCCOC,11.505,1,4.7287717,-0.0385,9.701159,-2.209122657775879,1.1938872337341309,0.7674355506896973
sunitinib,erlotinib,OV90,CCN(CC)CCNC(=O)C1=C(NC(=C1C)C=C2C3=C(C=CC(=C3)F)NC2=O)C,COCCOC1=C(C=C2C(=C1)C(=NC=N2)NC3=CC=CC(=C3)C#C)OCCOC,0.815,1,-7.5433216,-0.0206,6.8380575,0.2926424443721771,-2.9642105102539062,0.04906916618347168
sunitinib,erlotinib,SKMES1,CCN(CC)CCNC(=O)C1=C(NC(=C1C)C=C2C3=C(C=CC(=C3)F)NC2=O)C,COCCOC1=C(C=C2C(=C1)C(=NC=N2)NC3=CC=CC(=C3)C#C)OCCOC,10.78,1,1.2579376,-0.03065,10.890762,-1.0759861469268799,0.49029725790023804,0.6201764345169067
sunitinib,erlotinib,SKOV3,CCN(CC)CCNC(=O)C1=C(NC(=C1C)C=C2C3=C(C=CC(=C3)F)NC2=O)C,COCCOC1=C(C=C2C(=C1)C(=NC=N2)NC3=CC=CC(=C3)C#C)OCCOC,6.735,1,5.1464534,-0.0206,13.388469,0.5587520599365234,-0.5578441619873047,0.3640464246273041
sunitinib,erlotinib,SW620,CCN(CC)CCNC(=O)C1=C(NC(=C1C)C=C2C3=C(C=CC(=C3)F)NC2=O)C,COCCOC1=C(C=C2C(=C1)C(=NC=N2)NC3=CC=CC(=C3)C#C)OCCOC,7.45,1,3.7338595,-0.0206,9.605833,-0.4800001382827759,0.23411399126052856,0.5582625865936279
sunitinib,erlotinib,SW837,CCN(CC)CCNC(=O)C1=C(NC(=C1C)C=C2C3=C(C=CC(=C3)F)NC2=O)C,COCCOC1=C(C=C2C(=C1)C(=NC=N2)NC3=CC=CC(=C3)C#C)OCCOC,-1.02,0,4.572495,-0.0302,9.9896965,0.3048263490200043,-4.050718307495117,0.017111947759985924
sunitinib,erlotinib,T47D,CCN(CC)CCNC(=O)C1=C(NC(=C1C)C=C2C3=C(C=CC(=C3)F)NC2=O)C,COCCOC1=C(C=C2C(=C1)C(=NC=N2)NC3=CC=CC(=C3)C#C)OCCOC,12.77,1,1.321261,-0.03765,8.98064,0.22816887497901917,-0.24629166722297668,0.4387364685535431
sunitinib,geldanamycin,A2058,CCN(CC)CCNC(=O)C1=C(NC(=C1C)C=C2C3=C(C=CC(=C3)F)NC2=O)C,CC1CC(C(C(C=C(C(C(C=CC=C(C(=O)NC2=CC(=O)C(=C(C1)C2=O)OC)C)OC)OC(=O)N)C)C)O)OC,10.3,1,6.528524,-0.05505,3.1022315,-1.4332953691482544,3.4676530361175537,0.9697532653808594
sunitinib,geldanamycin,A2780,CCN(CC)CCNC(=O)C1=C(NC(=C1C)C=C2C3=C(C=CC(=C3)F)NC2=O)C,CC1CC(C(C(C=C(C(C(C=CC=C(C(=O)NC2=CC(=O)C(=C(C1)C2=O)OC)C)OC)OC(=O)N)C)C)O)OC,6.27,1,5.523471,-0.0206,3.5889523,0.20661848783493042,3.9318783283233643,0.9807702302932739
sunitinib,geldanamycin,A375,CCN(CC)CCNC(=O)C1=C(NC(=C1C)C=C2C3=C(C=CC(=C3)F)NC2=O)C,CC1CC(C(C(C=C(C(C(C=CC=C(C(=O)NC2=CC(=O)C(=C(C1)C2=O)OC)C)OC)OC(=O)N)C)C)O)OC,9.735,1,-0.97263163,-0.0206,6.1824255,0.5200542211532593,3.247288942337036,0.9625755548477173
sunitinib,geldanamycin,A427,CCN(CC)CCNC(=O)C1=C(NC(=C1C)C=C2C3=C(C=CC(=C3)F)NC2=O)C,CC1CC(C(C(C=C(C(C(C=CC=C(C(=O)NC2=CC(=O)C(=C(C1)C2=O)OC)C)OC)OC(=O)N)C)C)O)OC,5.445,1,8.43364,-0.0206,0.18819647,-0.9249483346939087,3.3477683067321777,0.9660317301750183
sunitinib,geldanamycin,ES2,CCN(CC)CCNC(=O)C1=C(NC(=C1C)C=C2C3=C(C=CC(=C3)F)NC2=O)C,CC1CC(C(C(C=C(C(C(C=CC=C(C(=O)NC2=CC(=O)C(=C(C1)C2=O)OC)C)OC)OC(=O)N)C)C)O)OC,8.345,1,-0.5443,-0.0206,1.0961738,-0.5418958067893982,4.083998203277588,0.9834389090538025
sunitinib,geldanamycin,HCT116,CCN(CC)CCNC(=O)C1=C(NC(=C1C)C=C2C3=C(C=CC(=C3)F)NC2=O)C,CC1CC(C(C(C=C(C(C(C=CC=C(C(=O)NC2=CC(=O)C(=C(C1)C2=O)OC)C)OC)OC(=O)N)C)C)O)OC,13.615,1,4.7458587,-0.0692,-0.8894825,-0.7896143198013306,0.23360878229141235,0.5581380128860474
sunitinib,geldanamycin,HT144,CCN(CC)CCNC(=O)C1=C(NC(=C1C)C=C2C3=C(C=CC(=C3)F)NC2=O)C,CC1CC(C(C(C=C(C(C(C=CC=C(C(=O)NC2=CC(=O)C(=C(C1)C2=O)OC)C)OC)OC(=O)N)C)C)O)OC,6.4,1,-7.225078,-0.04275,-5.2673454,-0.9042436480522156,1.6304553747177124,0.8362320065498352
sunitinib,geldanamycin,HT29,CCN(CC)CCNC(=O)C1=C(NC(=C1C)C=C2C3=C(C=CC(=C3)F)NC2=O)C,CC1CC(C(C(C=C(C(C(C=CC=C(C(=O)NC2=CC(=O)C(=C(C1)C2=O)OC)C)OC)OC(=O)N)C)C)O)OC,4.275,1,5.775601,-0.0206,-3.1331484,0.6932841539382935,0.391243040561676,0.5965818762779236
sunitinib,geldanamycin,LOVO,CCN(CC)CCNC(=O)C1=C(NC(=C1C)C=C2C3=C(C=CC(=C3)F)NC2=O)C,CC1CC(C(C(C=C(C(C(C=CC=C(C(=O)NC2=CC(=O)C(=C(C1)C2=O)OC)C)OC)OC(=O)N)C)C)O)OC,6.245,1,4.513004,-0.0708,0.17423575,-0.9398089647293091,2.9596245288848877,0.9507163763046265
sunitinib,geldanamycin,NCIH1650,CCN(CC)CCNC(=O)C1=C(NC(=C1C)C=C2C3=C(C=CC(=C3)F)NC2=O)C,CC1CC(C(C(C=C(C(C(C=CC=C(C(=O)NC2=CC(=O)C(=C(C1)C2=O)OC)C)OC)OC(=O)N)C)C)O)OC,6.41,1,2.6404123,-0.0206,-3.0098157,-0.3356020748615265,2.1942625045776367,0.8997331261634827
sunitinib,geldanamycin,NCIH2122,CCN(CC)CCNC(=O)C1=C(NC(=C1C)C=C2C3=C(C=CC(=C3)F)NC2=O)C,CC1CC(C(C(C=C(C(C(C=CC=C(C(=O)NC2=CC(=O)C(=C(C1)C2=O)OC)C)OC)OC(=O)N)C)C)O)OC,10.805,1,-3.6302075,-0.02355,-14.525565,0.4314024746417999,4.903924942016602,0.9926371574401855
sunitinib,geldanamycin,NCIH23,CCN(CC)CCNC(=O)C1=C(NC(=C1C)C=C2C3=C(C=CC(=C3)F)NC2=O)C,CC1CC(C(C(C=C(C(C(C=CC=C(C(=O)NC2=CC(=O)C(=C(C1)C2=O)OC)C)OC)OC(=O)N)C)C)O)OC,1.645,1,1.5414575,-0.0206,-15.874851,-1.4648427963256836,-0.033828254789114,0.4915437400341034
sunitinib,geldanamycin,OV90,CCN(CC)CCNC(=O)C1=C(NC(=C1C)C=C2C3=C(C=CC(=C3)F)NC2=O)C,CC1CC(C(C(C=C(C(C(C=CC=C(C(=O)NC2=CC(=O)C(=C(C1)C2=O)OC)C)OC)OC(=O)N)C)C)O)OC,4.045,1,-23.684624,-0.0206,-2.1182706,0.7483590245246887,4.139225959777832,0.9843147397041321
sunitinib,geldanamycin,RKO,CCN(CC)CCNC(=O)C1=C(NC(=C1C)C=C2C3=C(C=CC(=C3)F)NC2=O)C,CC1CC(C(C(C=C(C(C(C=CC=C(C(=O)NC2=CC(=O)C(=C(C1)C2=O)OC)C)OC)OC(=O)N)C)C)O)OC,6.93,1,1.7623923,-0.0206,1.2101616,0.169976145029068,3.791834592819214,0.9779433012008667
sunitinib,geldanamycin,SKMES1,CCN(CC)CCNC(=O)C1=C(NC(=C1C)C=C2C3=C(C=CC(=C3)F)NC2=O)C,CC1CC(C(C(C=C(C(C(C=CC=C(C(=O)NC2=CC(=O)C(=C(C1)C2=O)OC)C)OC)OC(=O)N)C)C)O)OC,9.15,1,0.8649753,-0.04885,0.87643737,0.21941709518432617,3.140307664871216,0.9585250616073608
sunitinib,geldanamycin,SKOV3,CCN(CC)CCNC(=O)C1=C(NC(=C1C)C=C2C3=C(C=CC(=C3)F)NC2=O)C,CC1CC(C(C(C=C(C(C(C=CC=C(C(=O)NC2=CC(=O)C(=C(C1)C2=O)OC)C)OC)OC(=O)N)C)C)O)OC,4.635,1,0.9339716,-0.0206,0.0963277,0.8305395841598511,-0.022185970097780228,0.4944537281990051
sunitinib,geldanamycin,SW620,CCN(CC)CCNC(=O)C1=C(NC(=C1C)C=C2C3=C(C=CC(=C3)F)NC2=O)C,CC1CC(C(C(C=C(C(C(C=CC=C(C(=O)NC2=CC(=O)C(=C(C1)C2=O)OC)C)OC)OC(=O)N)C)C)O)OC,4.335,1,3.6462102,-0.0708,-0.4082031,-0.03346416354179382,1.7087268829345703,0.8466711044311523
sunitinib,geldanamycin,T47D,CCN(CC)CCNC(=O)C1=C(NC(=C1C)C=C2C3=C(C=CC(=C3)F)NC2=O)C,CC1CC(C(C(C=C(C(C(C=CC=C(C(=O)NC2=CC(=O)C(=C(C1)C2=O)OC)C)OC)OC(=O)N)C)C)O)OC,15.78,1,8.539579,-0.03765,-3.6089206,0.6126828789710999,0.5415331125259399,0.6321690082550049
sunitinib,lapatinib,A2058,CCN(CC)CCNC(=O)C1=C(NC(=C1C)C=C2C3=C(C=CC(=C3)F)NC2=O)C,CS(=O)(=O)CCNCC1=CC=C(O1)C2=CC3=C(C=C2)N=CN=C3NC4=CC(=C(C=C4)OCC5=CC(=CC=C5)F)Cl,23.475,1,13.153109,-0.0206,11.64381,-0.624532163143158,5.909226417541504,0.9972930550575256
sunitinib,lapatinib,A2780,CCN(CC)CCNC(=O)C1=C(NC(=C1C)C=C2C3=C(C=CC(=C3)F)NC2=O)C,CS(=O)(=O)CCNCC1=CC=C(O1)C2=CC3=C(C=C2)N=CN=C3NC4=CC(=C(C=C4)OCC5=CC(=CC=C5)F)Cl,17.135,1,12.618795,-0.0206,13.494441,0.9600656628608704,5.411038875579834,0.9955528378486633
sunitinib,lapatinib,A375,CCN(CC)CCNC(=O)C1=C(NC(=C1C)C=C2C3=C(C=CC(=C3)F)NC2=O)C,CS(=O)(=O)CCNCC1=CC=C(O1)C2=CC3=C(C=C2)N=CN=C3NC4=CC(=C(C=C4)OCC5=CC(=CC=C5)F)Cl,9.015,1,1.361676,-0.037,16.535738,0.18432846665382385,2.7258036136627197,0.9385321736335754
sunitinib,lapatinib,A427,CCN(CC)CCNC(=O)C1=C(NC(=C1C)C=C2C3=C(C=CC(=C3)F)NC2=O)C,CS(=O)(=O)CCNCC1=CC=C(O1)C2=CC3=C(C=C2)N=CN=C3NC4=CC(=C(C=C4)OCC5=CC(=CC=C5)F)Cl,11.57,1,8.289329,-0.0206,7.4506474,-0.5532176494598389,3.029217481613159,0.953876793384552
sunitinib,lapatinib,HT144,CCN(CC)CCNC(=O)C1=C(NC(=C1C)C=C2C3=C(C=CC(=C3)F)NC2=O)C,CS(=O)(=O)CCNCC1=CC=C(O1)C2=CC3=C(C=C2)N=CN=C3NC4=CC(=C(C=C4)OCC5=CC(=CC=C5)F)Cl,14.765,1,7.523777,-0.0206,5.3509703,-0.5062082409858704,1.4401819705963135,0.8084828853607178
sunitinib,lapatinib,LOVO,CCN(CC)CCNC(=O)C1=C(NC(=C1C)C=C2C3=C(C=CC(=C3)F)NC2=O)C,CS(=O)(=O)CCNCC1=CC=C(O1)C2=CC3=C(C=C2)N=CN=C3NC4=CC(=C(C=C4)OCC5=CC(=CC=C5)F)Cl,2.525,1,8.8057995,-0.0206,16.813019,-0.48909813165664673,3.1296486854553223,0.9580993056297302
sunitinib,lapatinib,NCIH1650,CCN(CC)CCNC(=O)C1=C(NC(=C1C)C=C2C3=C(C=CC(=C3)F)NC2=O)C,CS(=O)(=O)CCNCC1=CC=C(O1)C2=CC3=C(C=C2)N=CN=C3NC4=CC(=C(C=C4)OCC5=CC(=CC=C5)F)Cl,10.99,1,6.8545723,-0.0589,13.5531845,-0.6355246305465698,0.14493325352668762,0.5361700057983398
sunitinib,lapatinib,NCIH2122,CCN(CC)CCNC(=O)C1=C(NC(=C1C)C=C2C3=C(C=CC(=C3)F)NC2=O)C,CS(=O)(=O)CCNCC1=CC=C(O1)C2=CC3=C(C=C2)N=CN=C3NC4=CC(=C(C=C4)OCC5=CC(=CC=C5)F)Cl,26.34,1,8.031292,-0.0206,1.3492231,0.39544832706451416,3.5397090911865234,0.9717967510223389
sunitinib,lapatinib,NCIH520,CCN(CC)CCNC(=O)C1=C(NC(=C1C)C=C2C3=C(C=CC(=C3)F)NC2=O)C,CS(=O)(=O)CCNCC1=CC=C(O1)C2=CC3=C(C=C2)N=CN=C3NC4=CC(=C(C=C4)OCC5=CC(=CC=C5)F)Cl,12.745,1,2.237868,-0.0206,9.243492,-1.2707126140594482,4.6699748039245605,0.9907145500183105
sunitinib,lapatinib,OV90,CCN(CC)CCNC(=O)C1=C(NC(=C1C)C=C2C3=C(C=CC(=C3)F)NC2=O)C,CS(=O)(=O)CCNCC1=CC=C(O1)C2=CC3=C(C=C2)N=CN=C3NC4=CC(=C(C=C4)OCC5=CC(=CC=C5)F)Cl,2.29,1,-0.7834211,-0.03765,7.875155,0.553675651550293,-2.0147721767425537,0.11766064167022705
sunitinib,lapatinib,RKO,CCN(CC)CCNC(=O)C1=C(NC(=C1C)C=C2C3=C(C=CC(=C3)F)NC2=O)C,CS(=O)(=O)CCNCC1=CC=C(O1)C2=CC3=C(C=C2)N=CN=C3NC4=CC(=C(C=C4)OCC5=CC(=CC=C5)F)Cl,4.945,1,7.3564963,-0.0206,8.67728,-0.4545251131057739,2.040764570236206,0.8850111365318298
sunitinib,lapatinib,SKMES1,CCN(CC)CCNC(=O)C1=C(NC(=C1C)C=C2C3=C(C=CC(=C3)F)NC2=O)C,CS(=O)(=O)CCNCC1=CC=C(O1)C2=CC3=C(C=C2)N=CN=C3NC4=CC(=C(C=C4)OCC5=CC(=CC=C5)F)Cl,7.105,1,4.928788,-0.0206,11.753147,-0.3667079210281372,-0.7446482181549072,0.3219885230064392
sunitinib,lapatinib,SW837,CCN(CC)CCNC(=O)C1=C(NC(=C1C)C=C2C3=C(C=CC(=C3)F)NC2=O)C,CS(=O)(=O)CCNCC1=CC=C(O1)C2=CC3=C(C=C2)N=CN=C3NC4=CC(=C(C=C4)OCC5=CC(=CC=C5)F)Cl,6.175,1,8.241367,-0.0206,13.145141,-0.4368070363998413,-1.0926015377044678,0.2511287033557892
sunitinib,mk2206,A2780,CCN(CC)CCNC(=O)C1=C(NC(=C1C)C=C2C3=C(C=CC(=C3)F)NC2=O)C,C1CC(C1)(C2=CC=C(C=C2)C3=C(C=C4C(=N3)C=CN5C4=NNC5=O)C6=CC=CC=C6)N,11.89,1,16.397802,-0.566,23.93261,1.886434555053711,6.3048014640808105,0.998175859451294
sunitinib,mk2206,A375,CCN(CC)CCNC(=O)C1=C(NC(=C1C)C=C2C3=C(C=CC(=C3)F)NC2=O)C,C1CC(C1)(C2=CC=C(C=C2)C3=C(C=C4C(=N3)C=CN5C4=NNC5=O)C6=CC=CC=C6)N,10.34,1,-0.8361559,-0.531,24.286245,0.4680482745170593,3.0642001628875732,0.9553916454315186
sunitinib,mk2206,ES2,CCN(CC)CCNC(=O)C1=C(NC(=C1C)C=C2C3=C(C=CC(=C3)F)NC2=O)C,C1CC(C1)(C2=CC=C(C=C2)C3=C(C=C4C(=N3)C=CN5C4=NNC5=O)C6=CC=CC=C6)N,9.15,1,5.270142,-0.5965,15.54867,0.03992050886154175,3.558626651763916,0.9723106026649475
sunitinib,mk2206,HCT116,CCN(CC)CCNC(=O)C1=C(NC(=C1C)C=C2C3=C(C=CC(=C3)F)NC2=O)C,C1CC(C1)(C2=CC=C(C=C2)C3=C(C=C4C(=N3)C=CN5C4=NNC5=O)C6=CC=CC=C6)N,16.565,1,10.864736,-0.4705,19.009766,-0.9032277464866638,0.515204131603241,0.6260256171226501
sunitinib,mk2206,HT144,CCN(CC)CCNC(=O)C1=C(NC(=C1C)C=C2C3=C(C=CC(=C3)F)NC2=O)C,C1CC(C1)(C2=CC=C(C=C2)C3=C(C=C4C(=N3)C=CN5C4=NNC5=O)C6=CC=CC=C6)N,8.515,1,13.98387,-0.578,12.399156,-0.15010778605937958,0.296017587184906,0.5734686851501465
sunitinib,mk2206,MDAMB436,CCN(CC)CCNC(=O)C1=C(NC(=C1C)C=C2C3=C(C=CC(=C3)F)NC2=O)C,C1CC(C1)(C2=CC=C(C=C2)C3=C(C=C4C(=N3)C=CN5C4=NNC5=O)C6=CC=CC=C6)N,3.68,1,6.877507,-0.0206,18.535835,-0.8081652522087097,-1.4842687845230103,0.18478350341320038
sunitinib,mk2206,NCIH520,CCN(CC)CCNC(=O)C1=C(NC(=C1C)C=C2C3=C(C=CC(=C3)F)NC2=O)C,C1CC(C1)(C2=CC=C(C=C2)C3=C(C=C4C(=N3)C=CN5C4=NNC5=O)C6=CC=CC=C6)N,7.725,1,4.905836,-0.0206,16.025415,-0.5515882968902588,3.1828954219818115,0.9601855278015137
sunitinib,mk2206,RKO,CCN(CC)CCNC(=O)C1=C(NC(=C1C)C=C2C3=C(C=CC(=C3)F)NC2=O)C,C1CC(C1)(C2=CC=C(C=C2)C3=C(C=C4C(=N3)C=CN5C4=NNC5=O)C6=CC=CC=C6)N,3.635,1,10.047428,-0.0409,17.849075,0.11953482031822205,3.005326509475708,0.9528141021728516
sunitinib,mk2206,SKMES1,CCN(CC)CCNC(=O)C1=C(NC(=C1C)C=C2C3=C(C=CC(=C3)F)NC2=O)C,C1CC(C1)(C2=CC=C(C=C2)C3=C(C=C4C(=N3)C=CN5C4=NNC5=O)C6=CC=CC=C6)N,9.665,1,7.4230127,-0.05455,19.852337,0.3158421516418457,1.4425925016403198,0.8088558316230774
sunitinib,mk2206,SKOV3,CCN(CC)CCNC(=O)C1=C(NC(=C1C)C=C2C3=C(C=CC(=C3)F)NC2=O)C,C1CC(C1)(C2=CC=C(C=C2)C3=C(C=C4C(=N3)C=CN5C4=NNC5=O)C6=CC=CC=C6)N,14.06,1,14.09769,-0.02435,20.998642,0.5343155264854431,0.29727697372436523,0.5737767219543457
sunitinib,mk2206,SW620,CCN(CC)CCNC(=O)C1=C(NC(=C1C)C=C2C3=C(C=CC(=C3)F)NC2=O)C,C1CC(C1)(C2=CC=C(C=C2)C3=C(C=C4C(=N3)C=CN5C4=NNC5=O)C6=CC=CC=C6)N,3.53,1,-2.335063,-0.0219,17.10537,-0.05475586652755737,0.854916512966156,0.7015974521636963
sunitinib,mk2206,SW837,CCN(CC)CCNC(=O)C1=C(NC(=C1C)C=C2C3=C(C=CC(=C3)F)NC2=O)C,C1CC(C1)(C2=CC=C(C=C2)C3=C(C=C4C(=N3)C=CN5C4=NNC5=O)C6=CC=CC=C6)N,-1.775,0,3.083199,-0.0583,14.252155,0.9627128839492798,-1.7644195556640625,0.14623768627643585
sunitinib,mk2206,T47D,CCN(CC)CCNC(=O)C1=C(NC(=C1C)C=C2C3=C(C=CC(=C3)F)NC2=O)C,C1CC(C1)(C2=CC=C(C=C2)C3=C(C=C4C(=N3)C=CN5C4=NNC5=O)C6=CC=CC=C6)N,12.875,1,5.5197663,-0.0416,18.283504,0.30639758706092834,0.930094838142395,0.7170945405960083
sunitinib,mk5108,A2058,CCN(CC)CCNC(=O)C1=C(NC(=C1C)C=C2C3=C(C=CC(=C3)F)NC2=O)C,C1CC(CCC1OC2=C(C(=CC=C2)Cl)F)(CC3=NC(=CC=C3)NC4=NC=CS4)C(=O)O,2.435,1,-0.5565792,-0.06495,6.020445,-1.0154191255569458,1.5163391828536987,0.8199988007545471
sunitinib,mk5108,A2780,CCN(CC)CCNC(=O)C1=C(NC(=C1C)C=C2C3=C(C=CC(=C3)F)NC2=O)C,C1CC(CCC1OC2=C(C(=CC=C2)Cl)F)(CC3=NC(=CC=C3)NC4=NC=CS4)C(=O)O,3.585,1,7.0141835,-0.09505,8.333816,1.0428547859191895,5.151627063751221,0.994243323802948
sunitinib,mk5108,A375,CCN(CC)CCNC(=O)C1=C(NC(=C1C)C=C2C3=C(C=CC(=C3)F)NC2=O)C,C1CC(CCC1OC2=C(C(=CC=C2)Cl)F)(CC3=NC(=CC=C3)NC4=NC=CS4)C(=O)O,8.775,1,-0.853623,-0.0811,9.081378,-0.06306338310241699,4.497639179229736,0.988987386226654
sunitinib,mk5108,A427,CCN(CC)CCNC(=O)C1=C(NC(=C1C)C=C2C3=C(C=CC(=C3)F)NC2=O)C,C1CC(CCC1OC2=C(C(=CC=C2)Cl)F)(CC3=NC(=CC=C3)NC4=NC=CS4)C(=O)O,6.27,1,8.53557,-0.133,4.777158,0.1865949034690857,3.013580560684204,0.9531838893890381
sunitinib,mk5108,ES2,CCN(CC)CCNC(=O)C1=C(NC(=C1C)C=C2C3=C(C=CC(=C3)F)NC2=O)C,C1CC(CCC1OC2=C(C(=CC=C2)Cl)F)(CC3=NC(=CC=C3)NC4=NC=CS4)C(=O)O,0.995,1,0.83175915,-0.09025,3.704384,-0.44857558608055115,2.5965797901153564,0.9306411743164062
sunitinib,mk5108,HCT116,CCN(CC)CCNC(=O)C1=C(NC(=C1C)C=C2C3=C(C=CC(=C3)F)NC2=O)C,C1CC(CCC1OC2=C(C(=CC=C2)Cl)F)(CC3=NC(=CC=C3)NC4=NC=CS4)C(=O)O,7.005,1,-1.3376163,-0.181,6.0023026,-0.9349400401115417,-0.2296607494354248,0.44283586740493774
sunitinib,mk5108,HT144,CCN(CC)CCNC(=O)C1=C(NC(=C1C)C=C2C3=C(C=CC(=C3)F)NC2=O)C,C1CC(CCC1OC2=C(C(=CC=C2)Cl)F)(CC3=NC(=CC=C3)NC4=NC=CS4)C(=O)O,-3.15,0,3.997087,-0.09245,-3.8717453,-0.1326269507408142,-5.878933906555176,0.0027899607084691525
sunitinib,mk5108,HT29,CCN(CC)CCNC(=O)C1=C(NC(=C1C)C=C2C3=C(C=CC(=C3)F)NC2=O)C,C1CC(CCC1OC2=C(C(=CC=C2)Cl)F)(CC3=NC(=CC=C3)NC4=NC=CS4)C(=O)O,8.13,1,4.4796267,-0.19825,6.4925294,0.11245971918106079,0.4041616916656494,0.5996870994567871
sunitinib,mk5108,LOVO,CCN(CC)CCNC(=O)C1=C(NC(=C1C)C=C2C3=C(C=CC(=C3)F)NC2=O)C,C1CC(CCC1OC2=C(C(=CC=C2)Cl)F)(CC3=NC(=CC=C3)NC4=NC=CS4)C(=O)O,-1.07,0,3.3034983,-0.1714,5.3317237,-0.5121646523475647,-3.7112762928009033,0.023862943053245544
sunitinib,mk5108,MDAMB436,CCN(CC)CCNC(=O)C1=C(NC(=C1C)C=C2C3=C(C=CC(=C3)F)NC2=O)C,C1CC(CCC1OC2=C(C(=CC=C2)Cl)F)(CC3=NC(=CC=C3)NC4=NC=CS4)C(=O)O,-4.76,0,-2.8407316,-0.2105,5.524508,0.06725117564201355,-2.87271785736084,0.053518813103437424
sunitinib,mk5108,NCIH1650,CCN(CC)CCNC(=O)C1=C(NC(=C1C)C=C2C3=C(C=CC(=C3)F)NC2=O)C,C1CC(CCC1OC2=C(C(=CC=C2)Cl)F)(CC3=NC(=CC=C3)NC4=NC=CS4)C(=O)O,-7.16,0,-1.9084698,-0.142,3.7510338,-0.29577621817588806,-3.6468234062194824,0.025411253795027733
sunitinib,mk5108,NCIH2122,CCN(CC)CCNC(=O)C1=C(NC(=C1C)C=C2C3=C(C=CC(=C3)F)NC2=O)C,C1CC(CCC1OC2=C(C(=CC=C2)Cl)F)(CC3=NC(=CC=C3)NC4=NC=CS4)C(=O)O,8.57,1,-11.097993,-0.246,-4.6181555,0.3641681969165802,1.4126803874969482,0.8041883707046509
sunitinib,mk5108,NCIH23,CCN(CC)CCNC(=O)C1=C(NC(=C1C)C=C2C3=C(C=CC(=C3)F)NC2=O)C,C1CC(CCC1OC2=C(C(=CC=C2)Cl)F)(CC3=NC(=CC=C3)NC4=NC=CS4)C(=O)O,-3.425,0,-1.166422,-0.169,-5.15125,-1.4660029411315918,0.06486529111862183,0.5162106156349182
sunitinib,mk5108,NCIH520,CCN(CC)CCNC(=O)C1=C(NC(=C1C)C=C2C3=C(C=CC(=C3)F)NC2=O)C,C1CC(CCC1OC2=C(C(=CC=C2)Cl)F)(CC3=NC(=CC=C3)NC4=NC=CS4)C(=O)O,4.62,1,-1.7993084,-0.06925,2.0787554,-0.14542973041534424,0.5578331351280212,0.635951042175293
sunitinib,mk5108,OV90,CCN(CC)CCNC(=O)C1=C(NC(=C1C)C=C2C3=C(C=CC(=C3)F)NC2=O)C,C1CC(CCC1OC2=C(C(=CC=C2)Cl)F)(CC3=NC(=CC=C3)NC4=NC=CS4)C(=O)O,-3.02,0,-4.725276,-0.1475,2.0242689,0.941062331199646,-5.142079830169678,0.005811547860503197
sunitinib,mk5108,RKO,CCN(CC)CCNC(=O)C1=C(NC(=C1C)C=C2C3=C(C=CC(=C3)F)NC2=O)C,C1CC(CCC1OC2=C(C(=CC=C2)Cl)F)(CC3=NC(=CC=C3)NC4=NC=CS4)C(=O)O,3.12,1,-0.21215542,-0.0206,5.6016417,0.46388113498687744,-0.10154944658279419,0.47463440895080566
sunitinib,mk5108,SKMES1,CCN(CC)CCNC(=O)C1=C(NC(=C1C)C=C2C3=C(C=CC(=C3)F)NC2=O)C,C1CC(CCC1OC2=C(C(=CC=C2)Cl)F)(CC3=NC(=CC=C3)NC4=NC=CS4)C(=O)O,-1.885,0,-5.0998516,-0.0206,3.0914526,-0.14249438047409058,-1.7257130146026611,0.15113675594329834
sunitinib,mk5108,SW620,CCN(CC)CCNC(=O)C1=C(NC(=C1C)C=C2C3=C(C=CC(=C3)F)NC2=O)C,C1CC(CCC1OC2=C(C(=CC=C2)Cl)F)(CC3=NC(=CC=C3)NC4=NC=CS4)C(=O)O,8.015,1,-2.729781,-0.0467,4.3337803,0.1604665219783783,-0.15902578830718994,0.4603271484375
sunitinib,mk5108,SW837,CCN(CC)CCNC(=O)C1=C(NC(=C1C)C=C2C3=C(C=CC(=C3)F)NC2=O)C,C1CC(CCC1OC2=C(C(=CC=C2)Cl)F)(CC3=NC(=CC=C3)NC4=NC=CS4)C(=O)O,-3.49,0,-7.5811462,-0.0206,0.9504047,0.5528463125228882,-0.07988622784614563,0.4800390899181366
sunitinib,mk5108,T47D,CCN(CC)CCNC(=O)C1=C(NC(=C1C)C=C2C3=C(C=CC(=C3)F)NC2=O)C,C1CC(CCC1OC2=C(C(=CC=C2)Cl)F)(CC3=NC(=CC=C3)NC4=NC=CS4)C(=O)O,8.305,1,0.7486661,-0.0206,1.8822613,0.5276486873626709,0.44479525089263916,0.6094010472297668
sunitinib,sorafenib,A2780,CCN(CC)CCNC(=O)C1=C(NC(=C1C)C=C2C3=C(C=CC(=C3)F)NC2=O)C,CNC(=O)C1=NC=CC(=C1)OC2=CC=C(C=C2)NC(=O)NC3=CC(=C(C=C3)Cl)C(F)(F)F,2.435,1,2.667892,-0.04865,5.7034025,0.7889658808708191,4.084603786468506,0.9834486842155457
sunitinib,sorafenib,A375,CCN(CC)CCNC(=O)C1=C(NC(=C1C)C=C2C3=C(C=CC(=C3)F)NC2=O)C,CNC(=O)C1=NC=CC(=C1)OC2=CC=C(C=C2)NC(=O)NC3=CC(=C(C=C3)Cl)C(F)(F)F,9.495,1,-1.3831098,-0.0206,6.863122,-0.7080054879188538,4.068047523498535,0.983177125453949
sunitinib,sorafenib,A427,CCN(CC)CCNC(=O)C1=C(NC(=C1C)C=C2C3=C(C=CC(=C3)F)NC2=O)C,CNC(=O)C1=NC=CC(=C1)OC2=CC=C(C=C2)NC(=O)NC3=CC(=C(C=C3)Cl)C(F)(F)F,4.575,1,2.1478348,-0.0206,2.5572705,-0.10478947311639786,3.1867611408233643,0.9603330492973328
sunitinib,sorafenib,ES2,CCN(CC)CCNC(=O)C1=C(NC(=C1C)C=C2C3=C(C=CC(=C3)F)NC2=O)C,CNC(=O)C1=NC=CC(=C1)OC2=CC=C(C=C2)NC(=O)NC3=CC(=C(C=C3)Cl)C(F)(F)F,4.605,1,1.4527583,-0.03065,0.37916222,-0.5572357773780823,4.699394702911377,0.9909812808036804
sunitinib,sorafenib,HCT116,CCN(CC)CCNC(=O)C1=C(NC(=C1C)C=C2C3=C(C=CC(=C3)F)NC2=O)C,CNC(=O)C1=NC=CC(=C1)OC2=CC=C(C=C2)NC(=O)NC3=CC(=C(C=C3)Cl)C(F)(F)F,9.6,1,1.0110127,-0.0206,1.9419372,-0.929957389831543,-0.04182366654276848,0.4895455539226532
sunitinib,sorafenib,HT144,CCN(CC)CCNC(=O)C1=C(NC(=C1C)C=C2C3=C(C=CC(=C3)F)NC2=O)C,CNC(=O)C1=NC=CC(=C1)OC2=CC=C(C=C2)NC(=O)NC3=CC(=C(C=C3)Cl)C(F)(F)F,5.925,1,2.1754415,-0.0206,-4.2868757,-0.9623596668243408,2.1487221717834473,0.8955493569374084
sunitinib,sorafenib,HT29,CCN(CC)CCNC(=O)C1=C(NC(=C1C)C=C2C3=C(C=CC(=C3)F)NC2=O)C,CNC(=O)C1=NC=CC(=C1)OC2=CC=C(C=C2)NC(=O)NC3=CC(=C(C=C3)Cl)C(F)(F)F,2.67,1,-2.5039735,-0.0664,2.3025248,0.30803659558296204,0.19485118985176086,0.548559308052063
sunitinib,sorafenib,MDAMB436,CCN(CC)CCNC(=O)C1=C(NC(=C1C)C=C2C3=C(C=CC(=C3)F)NC2=O)C,CNC(=O)C1=NC=CC(=C1)OC2=CC=C(C=C2)NC(=O)NC3=CC(=C(C=C3)Cl)C(F)(F)F,-3.475,0,-12.706158,-0.1275,2.3851988,0.20837637782096863,-1.1445696353912354,0.24148234724998474
sunitinib,sorafenib,NCIH1650,CCN(CC)CCNC(=O)C1=C(NC(=C1C)C=C2C3=C(C=CC(=C3)F)NC2=O)C,CNC(=O)C1=NC=CC(=C1)OC2=CC=C(C=C2)NC(=O)NC3=CC(=C(C=C3)Cl)C(F)(F)F,-2.265,0,-9.295413,-0.138,-0.4518635,0.382858544588089,2.509453773498535,0.9248018860816956
sunitinib,sorafenib,NCIH2122,CCN(CC)CCNC(=O)C1=C(NC(=C1C)C=C2C3=C(C=CC(=C3)F)NC2=O)C,CNC(=O)C1=NC=CC(=C1)OC2=CC=C(C=C2)NC(=O)NC3=CC(=C(C=C3)Cl)C(F)(F)F,3.015,1,-13.822652,-0.215,-6.32145,0.07964861392974854,-0.8439452052116394,0.3007045388221741
sunitinib,sorafenib,NCIH23,CCN(CC)CCNC(=O)C1=C(NC(=C1C)C=C2C3=C(C=CC(=C3)F)NC2=O)C,CNC(=O)C1=NC=CC(=C1)OC2=CC=C(C=C2)NC(=O)NC3=CC(=C(C=C3)Cl)C(F)(F)F,0.86,1,-2.4810174,-0.085,-8.48296,-1.6180708408355713,-0.37500429153442383,0.4073323905467987
sunitinib,sorafenib,NCIH520,CCN(CC)CCNC(=O)C1=C(NC(=C1C)C=C2C3=C(C=CC(=C3)F)NC2=O)C,CNC(=O)C1=NC=CC(=C1)OC2=CC=C(C=C2)NC(=O)NC3=CC(=C(C=C3)Cl)C(F)(F)F,8.225,1,-2.169057,-0.1145,-0.034513555,-1.233027696609497,4.042786121368408,0.9827540516853333
sunitinib,sorafenib,OV90,CCN(CC)CCNC(=O)C1=C(NC(=C1C)C=C2C3=C(C=CC(=C3)F)NC2=O)C,CNC(=O)C1=NC=CC(=C1)OC2=CC=C(C=C2)NC(=O)NC3=CC(=C(C=C3)Cl)C(F)(F)F,1.95,1,-10.206747,-0.1451,-1.5932978,0.9347802996635437,1.3998085260391235,0.802153468132019
sunitinib,sorafenib,RKO,CCN(CC)CCNC(=O)C1=C(NC(=C1C)C=C2C3=C(C=CC(=C3)F)NC2=O)C,CNC(=O)C1=NC=CC(=C1)OC2=CC=C(C=C2)NC(=O)NC3=CC(=C(C=C3)Cl)C(F)(F)F,3.545,1,-2.6931882,-0.0206,1.8747873,0.15268203616142273,2.3675076961517334,0.9143158197402954
sunitinib,sorafenib,SKMES1,CCN(CC)CCNC(=O)C1=C(NC(=C1C)C=C2C3=C(C=CC(=C3)F)NC2=O)C,CNC(=O)C1=NC=CC(=C1)OC2=CC=C(C=C2)NC(=O)NC3=CC(=C(C=C3)Cl)C(F)(F)F,2.615,1,-5.796018,-0.02635,0.28556255,-0.1801776885986328,5.181934833526611,0.994414210319519
sunitinib,sorafenib,SKOV3,CCN(CC)CCNC(=O)C1=C(NC(=C1C)C=C2C3=C(C=CC(=C3)F)NC2=O)C,CNC(=O)C1=NC=CC(=C1)OC2=CC=C(C=C2)NC(=O)NC3=CC(=C(C=C3)Cl)C(F)(F)F,7.26,1,-0.9994265,-0.0206,2.3804922,0.5327978134155273,-0.15047262609004974,0.46245265007019043
sunitinib,sorafenib,SW620,CCN(CC)CCNC(=O)C1=C(NC(=C1C)C=C2C3=C(C=CC(=C3)F)NC2=O)C,CNC(=O)C1=NC=CC(=C1)OC2=CC=C(C=C2)NC(=O)NC3=CC(=C(C=C3)Cl)C(F)(F)F,4.89,1,-2.1260417,-0.0407,0.9343273,-0.44949644804000854,0.0879453718662262,0.5219721794128418
sunitinib,sorafenib,SW837,CCN(CC)CCNC(=O)C1=C(NC(=C1C)C=C2C3=C(C=CC(=C3)F)NC2=O)C,CNC(=O)C1=NC=CC(=C1)OC2=CC=C(C=C2)NC(=O)NC3=CC(=C(C=C3)Cl)C(F)(F)F,-5.15,0,-13.572514,-0.0206,-3.3739998,1.2629368305206299,-1.8466529846191406,0.13626635074615479
sunitinib,sorafenib,T47D,CCN(CC)CCNC(=O)C1=C(NC(=C1C)C=C2C3=C(C=CC(=C3)F)NC2=O)C,CNC(=O)C1=NC=CC(=C1)OC2=CC=C(C=C2)NC(=O)NC3=CC(=C(C=C3)Cl)C(F)(F)F,24.08,1,6.2313247,-0.0908,0.027769605,0.5521021485328674,0.12172366678714752,0.5303934216499329
sunitinib,temozolomide,A2780,CCN(CC)CCNC(=O)C1=C(NC(=C1C)C=C2C3=C(C=CC(=C3)F)NC2=O)C,CN1C(=O)N2C=NC(=C2N=N1)C(=O)N,14.905,1,-4.214066,-0.03125,10.557331,1.025862216949463,6.786208629608154,0.9988719820976257
sunitinib,temozolomide,A427,CCN(CC)CCNC(=O)C1=C(NC(=C1C)C=C2C3=C(C=CC(=C3)F)NC2=O)C,CN1C(=O)N2C=NC(=C2N=N1)C(=O)N,7.89,1,12.198965,-0.0206,7.143716,-1.07184636592865,4.11649751663208,0.983959972858429
sunitinib,temozolomide,ES2,CCN(CC)CCNC(=O)C1=C(NC(=C1C)C=C2C3=C(C=CC(=C3)F)NC2=O)C,CN1C(=O)N2C=NC(=C2N=N1)C(=O)N,-3.85,0,-3.305161,-0.0206,5.761817,0.2830832004547119,2.6647238731384277,0.9349126815795898
sunitinib,temozolomide,HT144,CCN(CC)CCNC(=O)C1=C(NC(=C1C)C=C2C3=C(C=CC(=C3)F)NC2=O)C,CN1C(=O)N2C=NC(=C2N=N1)C(=O)N,-1.895,0,-20.833412,-0.04885,-2.664494,0.0801677256822586,0.20645380020141602,0.551430881023407
sunitinib,temozolomide,HT29,CCN(CC)CCNC(=O)C1=C(NC(=C1C)C=C2C3=C(C=CC(=C3)F)NC2=O)C,CN1C(=O)N2C=NC(=C2N=N1)C(=O)N,9.035,1,-33.021324,-0.0206,6.423931,0.4336920976638794,0.8210752606391907,0.6944645643234253
sunitinib,temozolomide,LOVO,CCN(CC)CCNC(=O)C1=C(NC(=C1C)C=C2C3=C(C=CC(=C3)F)NC2=O)C,CN1C(=O)N2C=NC(=C2N=N1)C(=O)N,7.515,1,-30.604277,-0.05265,2.3008957,0.035292647778987885,3.610539674758911,0.9736745357513428
sunitinib,temozolomide,NCIH1650,CCN(CC)CCNC(=O)C1=C(NC(=C1C)C=C2C3=C(C=CC(=C3)F)NC2=O)C,CN1C(=O)N2C=NC(=C2N=N1)C(=O)N,1.295,1,-52.70849,-0.05375,-1.8872733,-0.5397546887397766,2.4788806438446045,0.9226479530334473
sunitinib,temozolomide,NCIH23,CCN(CC)CCNC(=O)C1=C(NC(=C1C)C=C2C3=C(C=CC(=C3)F)NC2=O)C,CN1C(=O)N2C=NC(=C2N=N1)C(=O)N,0.2675,1,-6.683177,-0.0542,-0.86038953,-1.5079293251037598,0.6932681798934937,0.6666935086250305
sunitinib,temozolomide,OV90,CCN(CC)CCNC(=O)C1=C(NC(=C1C)C=C2C3=C(C=CC(=C3)F)NC2=O)C,CN1C(=O)N2C=NC(=C2N=N1)C(=O)N,-3.085,0,2.1551828,-0.0848,3.3268943,0.7655982971191406,1.111568808555603,0.752421498298645
sunitinib,temozolomide,RKO,CCN(CC)CCNC(=O)C1=C(NC(=C1C)C=C2C3=C(C=CC(=C3)F)NC2=O)C,CN1C(=O)N2C=NC(=C2N=N1)C(=O)N,5.29,1,-57.417854,-0.0267,6.3548126,0.005143195390701294,2.5625202655792236,0.9284101128578186
sunitinib,temozolomide,SKMES1,CCN(CC)CCNC(=O)C1=C(NC(=C1C)C=C2C3=C(C=CC(=C3)F)NC2=O)C,CN1C(=O)N2C=NC(=C2N=N1)C(=O)N,5.61,1,-24.998293,-0.1435,4.9408045,0.7116352319717407,3.2913496494293213,0.9641308784484863
sunitinib,temozolomide,SKOV3,CCN(CC)CCNC(=O)C1=C(NC(=C1C)C=C2C3=C(C=CC(=C3)F)NC2=O)C,CN1C(=O)N2C=NC(=C2N=N1)C(=O)N,5.515,1,-39.984917,-0.255375,3.555139,0.47880250215530396,1.2206690311431885,0.7721812725067139
temozolomide,bortezomib,A2780,CN1C(=O)N2C=NC(=C2N=N1)C(=O)N,B(C(CC(C)C)NC(=O)C(CC1=CC=CC=C1)NC(=O)C2=NC=CN=C2)(O)O,1.63,1,-24.293743,-0.04895,-3.6461644,-0.974054217338562,3.693645715713501,0.9757229089736938
temozolomide,bortezomib,A427,CN1C(=O)N2C=NC(=C2N=N1)C(=O)N,B(C(CC(C)C)NC(=O)C(CC1=CC=CC=C1)NC(=O)C2=NC=CN=C2)(O)O,-2.7,0,-1.6129619,-0.05735,-8.918812,-0.07465100288391113,-2.604424476623535,0.06885421276092529
temozolomide,bortezomib,ES2,CN1C(=O)N2C=NC(=C2N=N1)C(=O)N,B(C(CC(C)C)NC(=O)C(CC1=CC=CC=C1)NC(=O)C2=NC=CN=C2)(O)O,1.64,1,-10.50655,-0.0258,-2.8378708,-0.31976959109306335,2.1572368144989014,0.8963431119918823
temozolomide,bortezomib,HCT116,CN1C(=O)N2C=NC(=C2N=N1)C(=O)N,B(C(CC(C)C)NC(=O)C(CC1=CC=CC=C1)NC(=O)C2=NC=CN=C2)(O)O,1.665,1,-61.575115,-0.0206,-5.9339323,-0.11794376373291016,-0.3588687777519226,0.41123339533805847
temozolomide,bortezomib,HT144,CN1C(=O)N2C=NC(=C2N=N1)C(=O)N,B(C(CC(C)C)NC(=O)C(CC1=CC=CC=C1)NC(=O)C2=NC=CN=C2)(O)O,-0.09,0,-59.539658,-0.0206,-11.866761,0.39596396684646606,0.34191983938217163,0.584656834602356
temozolomide,bortezomib,HT29,CN1C(=O)N2C=NC(=C2N=N1)C(=O)N,B(C(CC(C)C)NC(=O)C(CC1=CC=CC=C1)NC(=O)C2=NC=CN=C2)(O)O,1.46,1,-53.72302,-0.0206,-6.4427385,-0.29598698019981384,0.26659274101257324,0.5662562251091003
temozolomide,bortezomib,NCIH1650,CN1C(=O)N2C=NC(=C2N=N1)C(=O)N,B(C(CC(C)C)NC(=O)C(CC1=CC=CC=C1)NC(=O)C2=NC=CN=C2)(O)O,0.805,1,-44.39581,-0.0206,-16.078138,0.36792200803756714,-3.3670907020568848,0.03333994373679161
temozolomide,bortezomib,NCIH2122,CN1C(=O)N2C=NC(=C2N=N1)C(=O)N,B(C(CC(C)C)NC(=O)C(CC1=CC=CC=C1)NC(=O)C2=NC=CN=C2)(O)O,2.25,1,-33.430405,-0.0206,-6.59889,-0.5917884707450867,4.291311740875244,0.9864978194236755
temozolomide,bortezomib,NCIH23,CN1C(=O)N2C=NC(=C2N=N1)C(=O)N,B(C(CC(C)C)NC(=O)C(CC1=CC=CC=C1)NC(=O)C2=NC=CN=C2)(O)O,-1.55,0,-9.419422,-0.0206,-14.1678505,-1.583429217338562,-0.3097480535507202,0.42317625880241394
temozolomide,bortezomib,OV90,CN1C(=O)N2C=NC(=C2N=N1)C(=O)N,B(C(CC(C)C)NC(=O)C(CC1=CC=CC=C1)NC(=O)C2=NC=CN=C2)(O)O,-0.595,0,-3.0780654,-0.0258,-7.8227005,0.8071103096008301,-0.43406516313552856,0.3931560218334198
temozolomide,bortezomib,RKO,CN1C(=O)N2C=NC(=C2N=N1)C(=O)N,B(C(CC(C)C)NC(=O)C(CC1=CC=CC=C1)NC(=O)C2=NC=CN=C2)(O)O,1.255,1,-49.780712,-0.0335,-2.7075226,-0.577187180519104,2.957307815551758,0.9506077766418457
temozolomide,bortezomib,SKMES1,CN1C(=O)N2C=NC(=C2N=N1)C(=O)N,B(C(CC(C)C)NC(=O)C(CC1=CC=CC=C1)NC(=O)C2=NC=CN=C2)(O)O,1.83,1,-22.322895,-0.0206,-4.8627024,0.2271740883588791,-0.7907511591911316,0.3120073974132538
temozolomide,bortezomib,SKOV3,CN1C(=O)N2C=NC(=C2N=N1)C(=O)N,B(C(CC(C)C)NC(=O)C(CC1=CC=CC=C1)NC(=O)C2=NC=CN=C2)(O)O,3.52,1,-68.69894,-0.0206,-7.1062593,0.047452718019485474,-0.16763144731521606,0.4581899642944336
temozolomide,bortezomib,SW620,CN1C(=O)N2C=NC(=C2N=N1)C(=O)N,B(C(CC(C)C)NC(=O)C(CC1=CC=CC=C1)NC(=O)C2=NC=CN=C2)(O)O,0.97,1,-8.51715,-0.0206,-4.5580063,-0.31549781560897827,-0.6283328533172607,0.34788864850997925
temozolomide,bortezomib,SW837,CN1C(=O)N2C=NC(=C2N=N1)C(=O)N,B(C(CC(C)C)NC(=O)C(CC1=CC=CC=C1)NC(=O)C2=NC=CN=C2)(O)O,11.02,1,-36.297096,-0.0206,-17.08117,-0.4725516736507416,2.619065284729004,0.9320785403251648
temozolomide,bortezomib,T47D,CN1C(=O)N2C=NC(=C2N=N1)C(=O)N,B(C(CC(C)C)NC(=O)C(CC1=CC=CC=C1)NC(=O)C2=NC=CN=C2)(O)O,9.86,1,-33.838023265,-0.05655,-15.092855,0.40441182255744934,0.1625315248966217,0.5405436754226685
temozolomide,cyclophosphamide,NCIH23,CN1C(=O)N2C=NC(=C2N=N1)C(=O)N,C1CNP(=O)(OC1)N(CCCl)CCCl,2.0,1,0.28295502,-0.1166,-0.4936038,-1.7990922927856445,0.4056190550327301,0.6000369787216187
temozolomide,dasatinib,A2780,CN1C(=O)N2C=NC(=C2N=N1)C(=O)N,CC1=C(C(=CC=C1)Cl)NC(=O)C2=CN=C(S2)NC3=NC(=NC(=C3)N4CCN(CC4)CCO)C,11.945,1,15.973297,-0.9455,26.1724,-0.02436511218547821,5.615807056427002,0.9963733553886414
temozolomide,dasatinib,A375,CN1C(=O)N2C=NC(=C2N=N1)C(=O)N,CC1=C(C(=CC=C1)Cl)NC(=O)C2=CN=C(S2)NC3=NC(=NC(=C3)N4CCN(CC4)CCO)C,-4.43,0,-14.825277,-0.825,20.854307,-1.383289098739624,3.8121440410614014,0.9783771634101868
temozolomide,dasatinib,HCT116,CN1C(=O)N2C=NC(=C2N=N1)C(=O)N,CC1=C(C(=CC=C1)Cl)NC(=O)C2=CN=C(S2)NC3=NC(=NC(=C3)N4CCN(CC4)CCO)C,4.22,1,-9.178471,-0.965,16.530682,-0.7368386387825012,-0.11072373390197754,0.47234728932380676
temozolomide,dasatinib,HT144,CN1C(=O)N2C=NC(=C2N=N1)C(=O)N,CC1=C(C(=CC=C1)Cl)NC(=O)C2=CN=C(S2)NC3=NC(=NC(=C3)N4CCN(CC4)CCO)C,6.295,1,-10.605136,-0.06415,6.4238706,-1.0978134870529175,3.645887613296509,0.9745655655860901
temozolomide,dasatinib,HT29,CN1C(=O)N2C=NC(=C2N=N1)C(=O)N,CC1=C(C(=CC=C1)Cl)NC(=O)C2=CN=C(S2)NC3=NC(=NC(=C3)N4CCN(CC4)CCO)C,-0.06,0,-39.03512,-0.0962,19.637993,-0.16674518585205078,0.5748978853225708,0.6398925185203552
temozolomide,dasatinib,LOVO,CN1C(=O)N2C=NC(=C2N=N1)C(=O)N,CC1=C(C(=CC=C1)Cl)NC(=O)C2=CN=C(S2)NC3=NC(=NC(=C3)N4CCN(CC4)CCO)C,-2.585,0,-11.085057,-0.10695,16.148933,-0.9896124601364136,0.5471028685569763,0.6334631443023682
temozolomide,dasatinib,MDAMB436,CN1C(=O)N2C=NC(=C2N=N1)C(=O)N,CC1=C(C(=CC=C1)Cl)NC(=O)C2=CN=C(S2)NC3=NC(=NC(=C3)N4CCN(CC4)CCO)C,-6.94,0,-0.08363207,-0.2925,21.653929,-0.5967521071434021,-0.8834550380706787,0.2924623191356659
temozolomide,dasatinib,NCIH1650,CN1C(=O)N2C=NC(=C2N=N1)C(=O)N,CC1=C(C(=CC=C1)Cl)NC(=O)C2=CN=C(S2)NC3=NC(=NC(=C3)N4CCN(CC4)CCO)C,0.35,1,-18.054354,-0.1005,14.825373,-0.6351670622825623,3.062695026397705,0.9553274512290955
temozolomide,dasatinib,NCIH2122,CN1C(=O)N2C=NC(=C2N=N1)C(=O)N,CC1=C(C(=CC=C1)Cl)NC(=O)C2=CN=C(S2)NC3=NC(=NC(=C3)N4CCN(CC4)CCO)C,10.74,1,-28.518883,-0.1082,10.698462,-1.2504665851593018,5.709712505340576,0.9966973066329956
temozolomide,dasatinib,NCIH23,CN1C(=O)N2C=NC(=C2N=N1)C(=O)N,CC1=C(C(=CC=C1)Cl)NC(=O)C2=CN=C(S2)NC3=NC(=NC(=C3)N4CCN(CC4)CCO)C,-7.87,0,-1.7594727,-0.124,9.633478,-2.0635757446289062,0.14854830503463745,0.5370689034461975
temozolomide,dasatinib,NCIH520,CN1C(=O)N2C=NC(=C2N=N1)C(=O)N,CC1=C(C(=CC=C1)Cl)NC(=O)C2=CN=C(S2)NC3=NC(=NC(=C3)N4CCN(CC4)CCO)C,-1.21,0,3.987091,-0.1283,19.268799,-1.5134378671646118,0.45398661494255066,0.6115866899490356
temozolomide,dasatinib,RKO,CN1C(=O)N2C=NC(=C2N=N1)C(=O)N,CC1=C(C(=CC=C1)Cl)NC(=O)C2=CN=C(S2)NC3=NC(=NC(=C3)N4CCN(CC4)CCO)C,-2.115,0,-39.36629,-0.0368,18.910206,-0.684994101524353,2.171053409576416,0.8976197838783264
temozolomide,dasatinib,SKMES1,CN1C(=O)N2C=NC(=C2N=N1)C(=O)N,CC1=C(C(=CC=C1)Cl)NC(=O)C2=CN=C(S2)NC3=NC(=NC(=C3)N4CCN(CC4)CCO)C,-3.545,0,-29.563215,-0.02495,16.58744,-0.09342995285987854,-0.8461440205574036,0.3002423644065857
temozolomide,dasatinib,SKOV3,CN1C(=O)N2C=NC(=C2N=N1)C(=O)N,CC1=C(C(=CC=C1)Cl)NC(=O)C2=CN=C(S2)NC3=NC(=NC(=C3)N4CCN(CC4)CCO)C,1.45,1,-17.888264,-0.0337,13.358508,-0.11175984144210815,0.28732573986053467,0.571341335773468
temozolomide,dasatinib,SW620,CN1C(=O)N2C=NC(=C2N=N1)C(=O)N,CC1=C(C(=CC=C1)Cl)NC(=O)C2=CN=C(S2)NC3=NC(=NC(=C3)N4CCN(CC4)CCO)C,7.75,1,11.560232,-0.0272,17.483826,-0.40787649154663086,0.03843631222844124,0.5096079111099243
temozolomide,dasatinib,SW837,CN1C(=O)N2C=NC(=C2N=N1)C(=O)N,CC1=C(C(=CC=C1)Cl)NC(=O)C2=CN=C(S2)NC3=NC(=NC(=C3)N4CCN(CC4)CCO)C,0.605,1,-20.812084,-0.0873,11.106922,-1.002957820892334,3.9696812629699707,0.9814704060554504
temozolomide,dasatinib,T47D,CN1C(=O)N2C=NC(=C2N=N1)C(=O)N,CC1=C(C(=CC=C1)Cl)NC(=O)C2=CN=C(S2)NC3=NC(=NC(=C3)N4CCN(CC4)CCO)C,5.32,1,-12.00925,-0.0376,13.681637,0.45678725838661194,0.534819483757019,0.6306065320968628
temozolomide,dinaciclib,A2058,CN1C(=O)N2C=NC(=C2N=N1)C(=O)N,CCC1=C2N=C(C=C(N2N=C1)NCC3=C[N+](=CC=C3)[O-])N4CCCCC4CCO,2.155,1,2.2218006,-0.114,9.47678,-0.27880430221557617,2.16611385345459,0.8971649408340454
temozolomide,dinaciclib,A2780,CN1C(=O)N2C=NC(=C2N=N1)C(=O)N,CCC1=C2N=C(C=C(N2N=C1)NCC3=C[N+](=CC=C3)[O-])N4CCCCC4CCO,7.79,1,-10.308714,-0.0664,6.5507374,0.010241329669952393,2.033764362335205,0.8842967748641968
temozolomide,dinaciclib,A427,CN1C(=O)N2C=NC(=C2N=N1)C(=O)N,CCC1=C2N=C(C=C(N2N=C1)NCC3=C[N+](=CC=C3)[O-])N4CCCCC4CCO,-0.225,0,-0.04018883,-0.08435,1.369326,-0.5839686393737793,-1.2373592853546143,0.22489599883556366
temozolomide,dinaciclib,ES2,CN1C(=O)N2C=NC(=C2N=N1)C(=O)N,CCC1=C2N=C(C=C(N2N=C1)NCC3=C[N+](=CC=C3)[O-])N4CCCCC4CCO,-0.53,0,-8.912211,-0.0422,3.7069032,-0.5346218943595886,1.8755273818969727,0.8670966029167175
temozolomide,dinaciclib,HCT116,CN1C(=O)N2C=NC(=C2N=N1)C(=O)N,CCC1=C2N=C(C=C(N2N=C1)NCC3=C[N+](=CC=C3)[O-])N4CCCCC4CCO,1.8,1,-58.78648,-0.0858,1.6682774,-0.7045474052429199,-0.2893751859664917,0.4281568229198456
temozolomide,dinaciclib,HT144,CN1C(=O)N2C=NC(=C2N=N1)C(=O)N,CCC1=C2N=C(C=C(N2N=C1)NCC3=C[N+](=CC=C3)[O-])N4CCCCC4CCO,-17.315,0,-103.23152,-0.3695,-4.097114,-0.09428650140762329,-1.7774118185043335,0.1446230113506317
temozolomide,dinaciclib,HT29,CN1C(=O)N2C=NC(=C2N=N1)C(=O)N,CCC1=C2N=C(C=C(N2N=C1)NCC3=C[N+](=CC=C3)[O-])N4CCCCC4CCO,3.82,1,-63.892426,-0.23,1.9416243,-0.034984976053237915,0.9631385207176208,0.7237496972084045
temozolomide,dinaciclib,MDAMB436,CN1C(=O)N2C=NC(=C2N=N1)C(=O)N,CCC1=C2N=C(C=C(N2N=C1)NCC3=C[N+](=CC=C3)[O-])N4CCCCC4CCO,-0.37,0,-3.577396,-0.297,8.133566,-0.4952908754348755,0.274136483669281,0.5681081414222717
temozolomide,dinaciclib,NCIH1650,CN1C(=O)N2C=NC(=C2N=N1)C(=O)N,CCC1=C2N=C(C=C(N2N=C1)NCC3=C[N+](=CC=C3)[O-])N4CCCCC4CCO,4.655,1,-70.96515,-0.366,-3.9950697,-0.26455628871917725,3.0529861450195312,0.9549112319946289
temozolomide,dinaciclib,NCIH2122,CN1C(=O)N2C=NC(=C2N=N1)C(=O)N,CCC1=C2N=C(C=C(N2N=C1)NCC3=C[N+](=CC=C3)[O-])N4CCCCC4CCO,1.075,1,-11.5577965,-0.335,0.40699366,0.0516606941819191,4.789245128631592,0.9917498230934143
temozolomide,dinaciclib,NCIH23,CN1C(=O)N2C=NC(=C2N=N1)C(=O)N,CCC1=C2N=C(C=C(N2N=C1)NCC3=C[N+](=CC=C3)[O-])N4CCCCC4CCO,-3.22,0,-9.192415,-0.37,-5.2857356,-2.0659878253936768,0.3122254014015198,0.57742840051651
temozolomide,dinaciclib,OV90,CN1C(=O)N2C=NC(=C2N=N1)C(=O)N,CCC1=C2N=C(C=C(N2N=C1)NCC3=C[N+](=CC=C3)[O-])N4CCCCC4CCO,-0.73,0,-6.26198,-0.4345,-0.14493878,0.3201349973678589,0.9833936095237732,0.7277810573577881
temozolomide,dinaciclib,RKO,CN1C(=O)N2C=NC(=C2N=N1)C(=O)N,CCC1=C2N=C(C=C(N2N=C1)NCC3=C[N+](=CC=C3)[O-])N4CCCCC4CCO,0.11,1,-68.32181,-0.3255,4.907162,-0.3817162811756134,1.2056012153625488,0.7695196866989136
temozolomide,dinaciclib,SKOV3,CN1C(=O)N2C=NC(=C2N=N1)C(=O)N,CCC1=C2N=C(C=C(N2N=C1)NCC3=C[N+](=CC=C3)[O-])N4CCCCC4CCO,5.065,1,-67.61852,-0.02485,-0.45239028,-0.3738134503364563,1.317496418952942,0.7887648940086365
temozolomide,dinaciclib,SW620,CN1C(=O)N2C=NC(=C2N=N1)C(=O)N,CCC1=C2N=C(C=C(N2N=C1)NCC3=C[N+](=CC=C3)[O-])N4CCCCC4CCO,2.54,1,-4.7404537,-0.0206,1.9134834,-0.289089560508728,1.0256456136703491,0.7360708713531494
temozolomide,dinaciclib,SW837,CN1C(=O)N2C=NC(=C2N=N1)C(=O)N,CCC1=C2N=C(C=C(N2N=C1)NCC3=C[N+](=CC=C3)[O-])N4CCCCC4CCO,-10.74,0,-106.588684,-0.04875,-9.617752,-0.06318885087966919,4.117547988891602,0.9839766025543213
temozolomide,dinaciclib,T47D,CN1C(=O)N2C=NC(=C2N=N1)C(=O)N,CCC1=C2N=C(C=C(N2N=C1)NCC3=C[N+](=CC=C3)[O-])N4CCCCC4CCO,14.8,1,-37.964317,-0.0439,-5.7912583,0.12775176763534546,0.08714693784713745,0.5217729806900024
temozolomide,erlotinib,A2058,CN1C(=O)N2C=NC(=C2N=N1)C(=O)N,COCCOC1=C(C=C2C(=C1)C(=NC=N2)NC3=CC=CC(=C3)C#C)OCCOC,4.1,1,5.168634,-0.0206,12.504256,0.3931052088737488,1.2809089422225952,0.782604455947876
temozolomide,erlotinib,A2780,CN1C(=O)N2C=NC(=C2N=N1)C(=O)N,COCCOC1=C(C=C2C(=C1)C(=NC=N2)NC3=CC=CC(=C3)C#C)OCCOC,16.12,1,3.841403,-0.05485,10.697254,1.2235021591186523,3.7312188148498535,0.976597249507904
temozolomide,erlotinib,A375,CN1C(=O)N2C=NC(=C2N=N1)C(=O)N,COCCOC1=C(C=C2C(=C1)C(=NC=N2)NC3=CC=CC(=C3)C#C)OCCOC,1.885,1,-6.883631,-0.0206,10.740017,-0.7306653261184692,0.047125015407800674,0.5117790699005127
temozolomide,erlotinib,A427,CN1C(=O)N2C=NC(=C2N=N1)C(=O)N,COCCOC1=C(C=C2C(=C1)C(=NC=N2)NC3=CC=CC(=C3)C#C)OCCOC,2.625,1,10.580753,-0.0873,6.5304565,-1.0480252504348755,0.6125779747962952,0.6485286355018616
temozolomide,erlotinib,HCT116,CN1C(=O)N2C=NC(=C2N=N1)C(=O)N,COCCOC1=C(C=C2C(=C1)C(=NC=N2)NC3=CC=CC(=C3)C#C)OCCOC,5.72,1,-74.49585,-0.0596,8.972119,-0.7882779836654663,-0.27608877420425415,0.4314129054546356
temozolomide,erlotinib,LOVO,CN1C(=O)N2C=NC(=C2N=N1)C(=O)N,COCCOC1=C(C=C2C(=C1)C(=NC=N2)NC3=CC=CC(=C3)C#C)OCCOC,-2.26,0,-33.006336,-0.0206,7.182623,0.014022588729858398,-0.9097461104393005,0.287051796913147
temozolomide,erlotinib,MDAMB436,CN1C(=O)N2C=NC(=C2N=N1)C(=O)N,COCCOC1=C(C=C2C(=C1)C(=NC=N2)NC3=CC=CC(=C3)C#C)OCCOC,-6.285,0,-13.58021,-0.0928,10.663125,0.2959069013595581,-1.7664601802825928,0.14598308503627777
temozolomide,erlotinib,NCIH1650,CN1C(=O)N2C=NC(=C2N=N1)C(=O)N,COCCOC1=C(C=C2C(=C1)C(=NC=N2)NC3=CC=CC(=C3)C#C)OCCOC,2.22,1,-28.15595,-0.06895,1.2825972,-0.20368017256259918,0.4706563353538513,0.6155390739440918
temozolomide,erlotinib,NCIH2122,CN1C(=O)N2C=NC(=C2N=N1)C(=O)N,COCCOC1=C(C=C2C(=C1)C(=NC=N2)NC3=CC=CC(=C3)C#C)OCCOC,2.53,1,-14.221062,-0.0206,6.9124203,-0.936561107635498,0.7947611808776855,0.6888527274131775
temozolomide,erlotinib,NCIH23,CN1C(=O)N2C=NC(=C2N=N1)C(=O)N,COCCOC1=C(C=C2C(=C1)C(=NC=N2)NC3=CC=CC(=C3)C#C)OCCOC,-1.87,0,-3.0315235,-0.0206,-2.577168,-2.0569024085998535,-0.8362964987754822,0.302315354347229
temozolomide,erlotinib,NCIH520,CN1C(=O)N2C=NC(=C2N=N1)C(=O)N,COCCOC1=C(C=C2C(=C1)C(=NC=N2)NC3=CC=CC(=C3)C#C)OCCOC,3.73,1,1.9029548,-0.05425,5.3918514,-0.31989604234695435,-0.9118718504905701,0.2866169512271881
temozolomide,erlotinib,OV90,CN1C(=O)N2C=NC(=C2N=N1)C(=O)N,COCCOC1=C(C=C2C(=C1)C(=NC=N2)NC3=CC=CC(=C3)C#C)OCCOC,-4.11,0,-10.702604,-0.1008,3.485179,0.21497255563735962,-2.1350104808807373,0.1057402640581131
temozolomide,erlotinib,RKO,CN1C(=O)N2C=NC(=C2N=N1)C(=O)N,COCCOC1=C(C=C2C(=C1)C(=NC=N2)NC3=CC=CC(=C3)C#C)OCCOC,-3.045,0,-3.9259853,-0.0206,7.3659544,0.06971153616905212,-0.4122294783592224,0.3983776569366455
temozolomide,erlotinib,SKOV3,CN1C(=O)N2C=NC(=C2N=N1)C(=O)N,COCCOC1=C(C=C2C(=C1)C(=NC=N2)NC3=CC=CC(=C3)C#C)OCCOC,5.185,1,-64.556335,-0.0206,5.702567,-0.10124696046113968,0.5751131176948547,0.6399421691894531
temozolomide,erlotinib,SW620,CN1C(=O)N2C=NC(=C2N=N1)C(=O)N,COCCOC1=C(C=C2C(=C1)C(=NC=N2)NC3=CC=CC(=C3)C#C)OCCOC,7.51,1,4.003541,-0.0206,5.9889107,-0.30521729588508606,0.12185436487197876,0.5304259657859802
temozolomide,erlotinib,SW837,CN1C(=O)N2C=NC(=C2N=N1)C(=O)N,COCCOC1=C(C=C2C(=C1)C(=NC=N2)NC3=CC=CC(=C3)C#C)OCCOC,6.98,1,-33.029034,-0.0206,1.3210266,0.3615960478782654,4.141590118408203,0.9843512773513794
temozolomide,geldanamycin,A2058,CN1C(=O)N2C=NC(=C2N=N1)C(=O)N,CC1CC(C(C(C=C(C(C(C=CC=C(C(=O)NC2=CC(=O)C(=C(C1)C2=O)OC)C)OC)OC(=O)N)C)C)O)OC,10.555,1,9.945316,-0.137,3.521871,-0.8065515160560608,1.538326382637024,0.8232213258743286
temozolomide,geldanamycin,A2780,CN1C(=O)N2C=NC(=C2N=N1)C(=O)N,CC1CC(C(C(C=C(C(C(C=CC=C(C(=O)NC2=CC(=O)C(=C(C1)C2=O)OC)C)OC)OC(=O)N)C)C)O)OC,2.13,1,-16.444065,-0.0534,1.100494,-0.6016404628753662,5.8029255867004395,0.9969903230667114
temozolomide,geldanamycin,A375,CN1C(=O)N2C=NC(=C2N=N1)C(=O)N,CC1CC(C(C(C=C(C(C(C=CC=C(C(=O)NC2=CC(=O)C(=C(C1)C2=O)OC)C)OC)OC(=O)N)C)C)O)OC,0.155,1,-9.434299,-0.0367,1.4439431,-0.4579774737358093,1.484877347946167,0.815308153629303
temozolomide,geldanamycin,ES2,CN1C(=O)N2C=NC(=C2N=N1)C(=O)N,CC1CC(C(C(C=C(C(C(C=CC=C(C(=O)NC2=CC(=O)C(=C(C1)C2=O)OC)C)OC)OC(=O)N)C)C)O)OC,-0.835,0,-4.602092,-0.4165,-0.14434548,0.14570221304893494,3.3930253982543945,0.967485785484314
temozolomide,geldanamycin,HCT116,CN1C(=O)N2C=NC(=C2N=N1)C(=O)N,CC1CC(C(C(C=C(C(C(C=CC=C(C(=O)NC2=CC(=O)C(=C(C1)C2=O)OC)C)OC)OC(=O)N)C)C)O)OC,2.74,1,-60.842266,-0.11665,-3.412128,-0.3358304500579834,0.21553587913513184,0.5536763072013855
temozolomide,geldanamycin,HT144,CN1C(=O)N2C=NC(=C2N=N1)C(=O)N,CC1CC(C(C(C=C(C(C(C=CC=C(C(=O)NC2=CC(=O)C(=C(C1)C2=O)OC)C)OC)OC(=O)N)C)C)O)OC,3.05,1,-43.214977,-0.0514,-8.479687,-0.0007729828357696533,5.002252101898193,0.9933220744132996
temozolomide,geldanamycin,HT29,CN1C(=O)N2C=NC(=C2N=N1)C(=O)N,CC1CC(C(C(C=C(C(C(C=CC=C(C(=O)NC2=CC(=O)C(=C(C1)C2=O)OC)C)OC)OC(=O)N)C)C)O)OC,0.74,1,-27.530926,-0.044,-6.2621174,0.3615590035915375,1.1723783016204834,0.7635746598243713
temozolomide,geldanamycin,MDAMB436,CN1C(=O)N2C=NC(=C2N=N1)C(=O)N,CC1CC(C(C(C=C(C(C(C=CC=C(C(=O)NC2=CC(=O)C(=C(C1)C2=O)OC)C)OC)OC(=O)N)C)C)O)OC,1.195,1,-9.890063,-0.0831,2.036335,-0.44963470101356506,-3.334418296813965,0.03440913185477257
temozolomide,geldanamycin,NCIH1650,CN1C(=O)N2C=NC(=C2N=N1)C(=O)N,CC1CC(C(C(C=C(C(C(C=CC=C(C(=O)NC2=CC(=O)C(=C(C1)C2=O)OC)C)OC)OC(=O)N)C)C)O)OC,2.645,1,-45.98559,-0.0937,-10.533011,-0.4840327799320221,3.7221782207489014,0.9763897061347961
temozolomide,geldanamycin,NCIH2122,CN1C(=O)N2C=NC(=C2N=N1)C(=O)N,CC1CC(C(C(C=C(C(C(C=CC=C(C(=O)NC2=CC(=O)C(=C(C1)C2=O)OC)C)OC)OC(=O)N)C)C)O)OC,3.395,1,-8.863974,-0.1594,-11.116233,-0.34155702590942383,6.950911521911621,0.9990431666374207
temozolomide,geldanamycin,NCIH23,CN1C(=O)N2C=NC(=C2N=N1)C(=O)N,CC1CC(C(C(C=C(C(C(C=CC=C(C(=O)NC2=CC(=O)C(=C(C1)C2=O)OC)C)OC)OC(=O)N)C)C)O)OC,-7.74,0,-8.852154,-0.0206,-13.854763,-1.567204475402832,0.3638922870159149,0.5899823307991028
temozolomide,geldanamycin,NCIH520,CN1C(=O)N2C=NC(=C2N=N1)C(=O)N,CC1CC(C(C(C=C(C(C(C=CC=C(C(=O)NC2=CC(=O)C(=C(C1)C2=O)OC)C)OC)OC(=O)N)C)C)O)OC,-1.04,0,-13.190202,-0.0518,-5.6221104,-1.468536138534546,3.2851579189300537,0.9639160633087158
temozolomide,geldanamycin,OV90,CN1C(=O)N2C=NC(=C2N=N1)C(=O)N,CC1CC(C(C(C=C(C(C(C=CC=C(C(=O)NC2=CC(=O)C(=C(C1)C2=O)OC)C)OC)OC(=O)N)C)C)O)OC,3.98,1,-8.030792,-0.0367,-6.27176,1.457446813583374,5.457398891448975,0.9957535266876221
temozolomide,geldanamycin,SKMES1,CN1C(=O)N2C=NC(=C2N=N1)C(=O)N,CC1CC(C(C(C=C(C(C(C=CC=C(C(=O)NC2=CC(=O)C(=C(C1)C2=O)OC)C)OC)OC(=O)N)C)C)O)OC,1.785,1,-24.66251,-0.0367,-1.5873809,-0.5660957098007202,1.5931750535964966,0.831062376499176
temozolomide,geldanamycin,SKOV3,CN1C(=O)N2C=NC(=C2N=N1)C(=O)N,CC1CC(C(C(C=C(C(C(C=CC=C(C(=O)NC2=CC(=O)C(=C(C1)C2=O)OC)C)OC)OC(=O)N)C)C)O)OC,5.475,1,-39.33426,-0.0589,-6.731082,-0.0016587674617767334,1.147788405418396,0.7591067552566528
temozolomide,geldanamycin,SW620,CN1C(=O)N2C=NC(=C2N=N1)C(=O)N,CC1CC(C(C(C=C(C(C(C=CC=C(C(=O)NC2=CC(=O)C(=C(C1)C2=O)OC)C)OC)OC(=O)N)C)C)O)OC,0.75,1,-3.8585517,-0.12135,-3.578698,0.045383989810943604,1.039419174194336,0.7387378811836243
temozolomide,geldanamycin,SW837,CN1C(=O)N2C=NC(=C2N=N1)C(=O)N,CC1CC(C(C(C=C(C(C(C=CC=C(C(=O)NC2=CC(=O)C(=C(C1)C2=O)OC)C)OC)OC(=O)N)C)C)O)OC,8.435,1,-32.39151,-0.1645,-14.353525,-0.7844730615615845,6.304633617401123,0.9981755018234253
temozolomide,geldanamycin,T47D,CN1C(=O)N2C=NC(=C2N=N1)C(=O)N,CC1CC(C(C(C=C(C(C(C=CC=C(C(=O)NC2=CC(=O)C(=C(C1)C2=O)OC)C)OC)OC(=O)N)C)C)O)OC,11.535,1,-15.376057,-0.0367,-11.426165,0.36938396096229553,1.0607428550720215,0.7428324818611145
temozolomide,lapatinib,A2058,CN1C(=O)N2C=NC(=C2N=N1)C(=O)N,CS(=O)(=O)CCNCC1=CC=C(O1)C2=CC3=C(C=C2)N=CN=C3NC4=CC(=C(C=C4)OCC5=CC(=CC=C5)F)Cl,4.94,1,8.643077,-0.0206,9.387585,0.06051230430603027,3.112445592880249,0.9574031829833984
temozolomide,lapatinib,A427,CN1C(=O)N2C=NC(=C2N=N1)C(=O)N,CS(=O)(=O)CCNCC1=CC=C(O1)C2=CC3=C(C=C2)N=CN=C3NC4=CC(=C(C=C4)OCC5=CC(=CC=C5)F)Cl,-1.525,0,5.706685,-0.052,2.3000145,-1.167086124420166,-0.32759207487106323,0.4188266098499298
temozolomide,lapatinib,ES2,CN1C(=O)N2C=NC(=C2N=N1)C(=O)N,CS(=O)(=O)CCNCC1=CC=C(O1)C2=CC3=C(C=C2)N=CN=C3NC4=CC(=C(C=C4)OCC5=CC(=CC=C5)F)Cl,-1.68,0,-1.4238822,-0.0206,3.4094052,-0.7730424404144287,-0.5106373429298401,0.3750441074371338
temozolomide,lapatinib,HCT116,CN1C(=O)N2C=NC(=C2N=N1)C(=O)N,CS(=O)(=O)CCNCC1=CC=C(O1)C2=CC3=C(C=C2)N=CN=C3NC4=CC(=C(C=C4)OCC5=CC(=CC=C5)F)Cl,-2.44,0,-8.733235,-0.0206,5.283399,-0.49490711092948914,0.7197577357292175,0.6725536584854126
temozolomide,lapatinib,HT144,CN1C(=O)N2C=NC(=C2N=N1)C(=O)N,CS(=O)(=O)CCNCC1=CC=C(O1)C2=CC3=C(C=C2)N=CN=C3NC4=CC(=C(C=C4)OCC5=CC(=CC=C5)F)Cl,0.815,1,-72.316246,-0.0206,-0.5124033,0.7671291828155518,2.0151660442352295,0.8823802471160889
temozolomide,lapatinib,HT29,CN1C(=O)N2C=NC(=C2N=N1)C(=O)N,CS(=O)(=O)CCNCC1=CC=C(O1)C2=CC3=C(C=C2)N=CN=C3NC4=CC(=C(C=C4)OCC5=CC(=CC=C5)F)Cl,6.65,1,-65.75724,-0.0206,7.6603684,-0.267191082239151,1.3089126348495483,0.7873311638832092
temozolomide,lapatinib,LOVO,CN1C(=O)N2C=NC(=C2N=N1)C(=O)N,CS(=O)(=O)CCNCC1=CC=C(O1)C2=CC3=C(C=C2)N=CN=C3NC4=CC(=C(C=C4)OCC5=CC(=CC=C5)F)Cl,1.655,1,-9.173971,-0.0206,6.919639,-1.1413789987564087,-0.42470890283584595,0.39539051055908203
temozolomide,lapatinib,MDAMB436,CN1C(=O)N2C=NC(=C2N=N1)C(=O)N,CS(=O)(=O)CCNCC1=CC=C(O1)C2=CC3=C(C=C2)N=CN=C3NC4=CC(=C(C=C4)OCC5=CC(=CC=C5)F)Cl,1.32,1,1.293550918,-0.053,8.412215,1.1253530979156494,0.679365336894989,0.663597047328949
temozolomide,lapatinib,NCIH1650,CN1C(=O)N2C=NC(=C2N=N1)C(=O)N,CS(=O)(=O)CCNCC1=CC=C(O1)C2=CC3=C(C=C2)N=CN=C3NC4=CC(=C(C=C4)OCC5=CC(=CC=C5)F)Cl,3.28,1,-27.236858,-0.04755,1.5194728,-1.008353590965271,2.2087292671203613,0.9010306596755981
temozolomide,lapatinib,NCIH2122,CN1C(=O)N2C=NC(=C2N=N1)C(=O)N,CS(=O)(=O)CCNCC1=CC=C(O1)C2=CC3=C(C=C2)N=CN=C3NC4=CC(=C(C=C4)OCC5=CC(=CC=C5)F)Cl,4.535,1,-6.588481,-0.0241,1.7109925,-0.22141802310943604,0.9451490044593811,0.7201385498046875
temozolomide,lapatinib,NCIH23,CN1C(=O)N2C=NC(=C2N=N1)C(=O)N,CS(=O)(=O)CCNCC1=CC=C(O1)C2=CC3=C(C=C2)N=CN=C3NC4=CC(=C(C=C4)OCC5=CC(=CC=C5)F)Cl,-0.67,0,-2.0361543,-0.0262,-6.070807,-1.7731695175170898,0.3942508101463318,0.5973055362701416
temozolomide,lapatinib,RKO,CN1C(=O)N2C=NC(=C2N=N1)C(=O)N,CS(=O)(=O)CCNCC1=CC=C(O1)C2=CC3=C(C=C2)N=CN=C3NC4=CC(=C(C=C4)OCC5=CC(=CC=C5)F)Cl,-1.435,0,-70.47436,-0.0206,4.7094564,-0.36570990085601807,0.656843364238739,0.6585509181022644
temozolomide,lapatinib,SKMES1,CN1C(=O)N2C=NC(=C2N=N1)C(=O)N,CS(=O)(=O)CCNCC1=CC=C(O1)C2=CC3=C(C=C2)N=CN=C3NC4=CC(=C(C=C4)OCC5=CC(=CC=C5)F)Cl,-0.695,0,-18.523445,-0.2575,5.8225784,-0.8925155401229858,0.06257626414299011,0.5156389474868774
temozolomide,lapatinib,SKOV3,CN1C(=O)N2C=NC(=C2N=N1)C(=O)N,CS(=O)(=O)CCNCC1=CC=C(O1)C2=CC3=C(C=C2)N=CN=C3NC4=CC(=C(C=C4)OCC5=CC(=CC=C5)F)Cl,1.93,1,-14.317542,-0.399,3.5324023,-0.1612667441368103,-0.36107495427131653,0.41069933772087097
temozolomide,lapatinib,SW620,CN1C(=O)N2C=NC(=C2N=N1)C(=O)N,CS(=O)(=O)CCNCC1=CC=C(O1)C2=CC3=C(C=C2)N=CN=C3NC4=CC(=C(C=C4)OCC5=CC(=CC=C5)F)Cl,4.39,1,0.10960536,-0.376,3.5845842,-0.2799244821071625,0.7638559341430664,0.6821903586387634
temozolomide,lapatinib,SW837,CN1C(=O)N2C=NC(=C2N=N1)C(=O)N,CS(=O)(=O)CCNCC1=CC=C(O1)C2=CC3=C(C=C2)N=CN=C3NC4=CC(=C(C=C4)OCC5=CC(=CC=C5)F)Cl,1.535,1,-24.960472,-0.3675,2.1508918,-1.2325845956802368,2.0042850971221924,0.8812462687492371
temozolomide,lapatinib,T47D,CN1C(=O)N2C=NC(=C2N=N1)C(=O)N,CS(=O)(=O)CCNCC1=CC=C(O1)C2=CC3=C(C=C2)N=CN=C3NC4=CC(=C(C=C4)OCC5=CC(=CC=C5)F)Cl,0.24,1,-10.67297027,-0.257,-0.30544356,0.5260049700737,0.4375130832195282,0.6076662540435791
temozolomide,mk2206,A2780,CN1C(=O)N2C=NC(=C2N=N1)C(=O)N,C1CC(C1)(C2=CC=C(C=C2)C3=C(C=C4C(=N3)C=CN5C4=NNC5=O)C6=CC=CC=C6)N,11.245,1,-12.093236,-0.02505,20.842558,0.9683188796043396,5.70047664642334,0.9966667294502258
temozolomide,mk2206,ES2,CN1C(=O)N2C=NC(=C2N=N1)C(=O)N,C1CC(C1)(C2=CC=C(C=C2)C3=C(C=C4C(=N3)C=CN5C4=NNC5=O)C6=CC=CC=C6)N,-2.71,0,-2.9743886,-0.07755,14.182024,0.12186051160097122,-0.880572497844696,0.29305917024612427
temozolomide,mk2206,HT144,CN1C(=O)N2C=NC(=C2N=N1)C(=O)N,C1CC(C1)(C2=CC=C(C=C2)C3=C(C=C4C(=N3)C=CN5C4=NNC5=O)C6=CC=CC=C6)N,-1.905,0,-38.295746,-0.03065,9.748452,-0.12030834704637527,0.9625190496444702,0.7236258387565613
temozolomide,mk2206,HT29,CN1C(=O)N2C=NC(=C2N=N1)C(=O)N,C1CC(C1)(C2=CC=C(C=C2)C3=C(C=C4C(=N3)C=CN5C4=NNC5=O)C6=CC=CC=C6)N,4.435,1,-39.436283,-0.0206,15.400479,-0.15950140357017517,1.16366708278656,0.7619984149932861
temozolomide,mk2206,MDAMB436,CN1C(=O)N2C=NC(=C2N=N1)C(=O)N,C1CC(C1)(C2=CC=C(C=C2)C3=C(C=C4C(=N3)C=CN5C4=NNC5=O)C6=CC=CC=C6)N,-2.25,0,-3.390367962,-0.0241,18.344557,-0.2959052324295044,0.5286476612091064,0.6291676759719849
temozolomide,mk2206,NCIH1650,CN1C(=O)N2C=NC(=C2N=N1)C(=O)N,C1CC(C1)(C2=CC=C(C=C2)C3=C(C=C4C(=N3)C=CN5C4=NNC5=O)C6=CC=CC=C6)N,-3.255,0,-29.95996,-0.0247,10.088383,-0.05038290470838547,1.9144686460494995,0.8715203404426575
temozolomide,mk2206,NCIH2122,CN1C(=O)N2C=NC(=C2N=N1)C(=O)N,C1CC(C1)(C2=CC=C(C=C2)C3=C(C=C4C(=N3)C=CN5C4=NNC5=O)C6=CC=CC=C6)N,-4.69,0,-8.461578,-0.0206,13.783666,-0.4312286674976349,1.9962456226348877,0.8804023265838623
temozolomide,mk2206,NCIH23,CN1C(=O)N2C=NC(=C2N=N1)C(=O)N,C1CC(C1)(C2=CC=C(C=C2)C3=C(C=C4C(=N3)C=CN5C4=NNC5=O)C6=CC=CC=C6)N,-5.345,0,0.027500372,-0.02245,7.457142,-1.9804575443267822,0.20329836010932922,0.5506502389907837
temozolomide,mk2206,NCIH520,CN1C(=O)N2C=NC(=C2N=N1)C(=O)N,C1CC(C1)(C2=CC=C(C=C2)C3=C(C=C4C(=N3)C=CN5C4=NNC5=O)C6=CC=CC=C6)N,-1.97,0,-18.947855,-0.0206,12.548311,-1.1534507274627686,1.2510175704956055,0.7774759531021118
temozolomide,mk2206,OV90,CN1C(=O)N2C=NC(=C2N=N1)C(=O)N,C1CC(C1)(C2=CC=C(C=C2)C3=C(C=C4C(=N3)C=CN5C4=NNC5=O)C6=CC=CC=C6)N,-1.93,0,-11.30861,-0.0206,11.783356,1.3930506706237793,-0.7524968385696411,0.32027748227119446
temozolomide,mk2206,RKO,CN1C(=O)N2C=NC(=C2N=N1)C(=O)N,C1CC(C1)(C2=CC=C(C=C2)C3=C(C=C4C(=N3)C=CN5C4=NNC5=O)C6=CC=CC=C6)N,3.49,1,-35.72473,-0.052,16.020697,0.18348529934883118,-0.1681019365787506,0.4580731689929962
temozolomide,mk2206,SKMES1,CN1C(=O)N2C=NC(=C2N=N1)C(=O)N,C1CC(C1)(C2=CC=C(C=C2)C3=C(C=C4C(=N3)C=CN5C4=NNC5=O)C6=CC=CC=C6)N,-0.715,0,-17.705927,-0.0409,17.052946,-0.9497125148773193,2.619791269302368,0.9321244955062866
temozolomide,mk2206,SKOV3,CN1C(=O)N2C=NC(=C2N=N1)C(=O)N,C1CC(C1)(C2=CC=C(C=C2)C3=C(C=C4C(=N3)C=CN5C4=NNC5=O)C6=CC=CC=C6)N,7.155,1,-25.383343,-0.0206,13.564045,-0.08204859495162964,1.6742297410964966,0.8421388864517212
temozolomide,mk2206,SW620,CN1C(=O)N2C=NC(=C2N=N1)C(=O)N,C1CC(C1)(C2=CC=C(C=C2)C3=C(C=C4C(=N3)C=CN5C4=NNC5=O)C6=CC=CC=C6)N,-1.075,0,-4.3940787,-0.0206,13.562696,-0.3892502784729004,-0.09339281916618347,0.4766687750816345
temozolomide,mk2206,SW837,CN1C(=O)N2C=NC(=C2N=N1)C(=O)N,C1CC(C1)(C2=CC=C(C=C2)C3=C(C=C4C(=N3)C=CN5C4=NNC5=O)C6=CC=CC=C6)N,3.78,1,-29.55693,-0.0408,5.2504916,-0.29398635029792786,3.078139066696167,0.955981969833374
temozolomide,mk2206,T47D,CN1C(=O)N2C=NC(=C2N=N1)C(=O)N,C1CC(C1)(C2=CC=C(C=C2)C3=C(C=C4C(=N3)C=CN5C4=NNC5=O)C6=CC=CC=C6)N,8.6,1,-13.399939415,-0.0206,10.908506,-0.16273191571235657,1.0947668552398682,0.7492783069610596
temozolomide,mk5108,A2058,CN1C(=O)N2C=NC(=C2N=N1)C(=O)N,C1CC(CCC1OC2=C(C(=CC=C2)Cl)F)(CC3=NC(=CC=C3)NC4=NC=CS4)C(=O)O,-2.26,0,0.81661856,-0.06685,9.874207,-1.0138447284698486,1.37727689743042,0.7985532879829407
temozolomide,mk5108,A2780,CN1C(=O)N2C=NC(=C2N=N1)C(=O)N,C1CC(CCC1OC2=C(C(=CC=C2)Cl)F)(CC3=NC(=CC=C3)NC4=NC=CS4)C(=O)O,2.825,1,-10.129318,-0.05505,8.210864,1.032117247581482,3.481231212615967,0.970149040222168
temozolomide,mk5108,A375,CN1C(=O)N2C=NC(=C2N=N1)C(=O)N,C1CC(CCC1OC2=C(C(=CC=C2)Cl)F)(CC3=NC(=CC=C3)NC4=NC=CS4)C(=O)O,-2.995,0,-0.062996134,-0.1037,7.0365825,-0.5121967196464539,2.1156067848205566,0.8924108147621155
temozolomide,mk5108,A427,CN1C(=O)N2C=NC(=C2N=N1)C(=O)N,C1CC(CCC1OC2=C(C(=CC=C2)Cl)F)(CC3=NC(=CC=C3)NC4=NC=CS4)C(=O)O,3.65,1,8.961903,-0.08275,4.1284857,-0.774882435798645,-0.04948883876204491,0.48763027787208557
temozolomide,mk5108,ES2,CN1C(=O)N2C=NC(=C2N=N1)C(=O)N,C1CC(CCC1OC2=C(C(=CC=C2)Cl)F)(CC3=NC(=CC=C3)NC4=NC=CS4)C(=O)O,-4.455,0,4.596254,-0.0533,4.968938,-0.08332764357328415,-0.27541184425354004,0.43157899379730225
temozolomide,mk5108,HCT116,CN1C(=O)N2C=NC(=C2N=N1)C(=O)N,C1CC(CCC1OC2=C(C(=CC=C2)Cl)F)(CC3=NC(=CC=C3)NC4=NC=CS4)C(=O)O,2.785,1,-21.397278,-0.1825,5.500051,-1.0535941123962402,-0.6043742299079895,0.35334357619285583
temozolomide,mk5108,HT144,CN1C(=O)N2C=NC(=C2N=N1)C(=O)N,C1CC(CCC1OC2=C(C(=CC=C2)Cl)F)(CC3=NC(=CC=C3)NC4=NC=CS4)C(=O)O,-3.165,0,-9.206969,-0.0778,-3.5004435,-0.002678990364074707,-0.5412027835845947,0.3679078221321106
temozolomide,mk5108,MDAMB436,CN1C(=O)N2C=NC(=C2N=N1)C(=O)N,C1CC(CCC1OC2=C(C(=CC=C2)Cl)F)(CC3=NC(=CC=C3)NC4=NC=CS4)C(=O)O,-3.05,0,2.6251702,-0.0876,8.1655655,-0.059632718563079834,-3.012460947036743,0.04686609283089638
temozolomide,mk5108,NCIH1650,CN1C(=O)N2C=NC(=C2N=N1)C(=O)N,C1CC(CCC1OC2=C(C(=CC=C2)Cl)F)(CC3=NC(=CC=C3)NC4=NC=CS4)C(=O)O,0.605,1,-12.127051,-0.10035,-1.5101273,-0.6536859273910522,-2.7040927410125732,0.0627322793006897
temozolomide,mk5108,NCIH520,CN1C(=O)N2C=NC(=C2N=N1)C(=O)N,C1CC(CCC1OC2=C(C(=CC=C2)Cl)F)(CC3=NC(=CC=C3)NC4=NC=CS4)C(=O)O,-4.115,0,-26.614983,-0.0206,1.3606988,-1.2630887031555176,1.326874017715454,0.7903230786323547
temozolomide,mk5108,OV90,CN1C(=O)N2C=NC(=C2N=N1)C(=O)N,C1CC(CCC1OC2=C(C(=CC=C2)Cl)F)(CC3=NC(=CC=C3)NC4=NC=CS4)C(=O)O,-4.09,0,-1.610867,-0.0206,1.1362787,0.40712395310401917,-1.8250290155410767,0.13883152604103088
temozolomide,mk5108,RKO,CN1C(=O)N2C=NC(=C2N=N1)C(=O)N,C1CC(CCC1OC2=C(C(=CC=C2)Cl)F)(CC3=NC(=CC=C3)NC4=NC=CS4)C(=O)O,1.705,1,-4.928892,-0.0206,6.5810585,0.16708731651306152,-0.22980470955371857,0.4428003430366516
temozolomide,mk5108,SKMES1,CN1C(=O)N2C=NC(=C2N=N1)C(=O)N,C1CC(CCC1OC2=C(C(=CC=C2)Cl)F)(CC3=NC(=CC=C3)NC4=NC=CS4)C(=O)O,-3.815,0,-23.556242,-0.0206,3.794964,-0.017349548637866974,-1.4575527906417847,0.18884189426898956
temozolomide,mk5108,SKOV3,CN1C(=O)N2C=NC(=C2N=N1)C(=O)N,C1CC(CCC1OC2=C(C(=CC=C2)Cl)F)(CC3=NC(=CC=C3)NC4=NC=CS4)C(=O)O,8.86,1,-13.147118,-0.0206,2.5750093,-0.44960683584213257,1.0871471166610718,0.7478441596031189
temozolomide,mk5108,SW620,CN1C(=O)N2C=NC(=C2N=N1)C(=O)N,C1CC(CCC1OC2=C(C(=CC=C2)Cl)F)(CC3=NC(=CC=C3)NC4=NC=CS4)C(=O)O,-1.605,0,2.634851,-0.0206,4.368701,-0.23640912771224976,0.06660440564155579,0.5166449546813965
temozolomide,mk5108,SW837,CN1C(=O)N2C=NC(=C2N=N1)C(=O)N,C1CC(CCC1OC2=C(C(=CC=C2)Cl)F)(CC3=NC(=CC=C3)NC4=NC=CS4)C(=O)O,8.505,1,-3.177325,-0.0206,-4.1058426,-0.6465035080909729,2.719606876373291,0.9381737112998962
temozolomide,mk5108,T47D,CN1C(=O)N2C=NC(=C2N=N1)C(=O)N,C1CC(CCC1OC2=C(C(=CC=C2)Cl)F)(CC3=NC(=CC=C3)NC4=NC=CS4)C(=O)O,8.74,1,-13.38543,-0.0838,-2.4125128,0.29546284675598145,0.6823216080665588,0.6642566919326782
temozolomide,paclitaxel,SW620,CN1C(=O)N2C=NC(=C2N=N1)C(=O)N,CC1=C2C(C(=O)C3(C(CC4C(C3C(C(C2(C)C)(CC1OC(=O)C(C(C5=CC=CC=C5)NC(=O)C6=CC=CC=C6)O)O)OC(=O)C7=CC=CC=C7)(CO4)OC(=O)C)O)C)OC(=O)C,-0.59,0,-7.223325,-0.0206,-4.7065687,-0.10647007822990417,0.09217637777328491,0.523027777671814
temozolomide,sorafenib,A2058,CN1C(=O)N2C=NC(=C2N=N1)C(=O)N,CNC(=O)C1=NC=CC(=C1)OC2=CC=C(C=C2)NC(=O)NC3=CC(=C(C=C3)Cl)C(F)(F)F,5.19,1,-2.386568,-0.0239,8.853787,-0.38408949971199036,1.9463152885437012,0.8750443458557129
temozolomide,sorafenib,A2780,CN1C(=O)N2C=NC(=C2N=N1)C(=O)N,CNC(=O)C1=NC=CC(=C1)OC2=CC=C(C=C2)NC(=O)NC3=CC(=C(C=C3)Cl)C(F)(F)F,5.86,1,-23.687386,-0.0578,6.7760735,1.022364616394043,4.7275824546813965,0.991229772567749
temozolomide,sorafenib,A375,CN1C(=O)N2C=NC(=C2N=N1)C(=O)N,CNC(=O)C1=NC=CC(=C1)OC2=CC=C(C=C2)NC(=O)NC3=CC(=C(C=C3)Cl)C(F)(F)F,6.25,1,-12.306111,-0.0206,6.627109,-0.3991956114768982,4.854415416717529,0.9922663569450378
temozolomide,sorafenib,A427,CN1C(=O)N2C=NC(=C2N=N1)C(=O)N,CNC(=O)C1=NC=CC(=C1)OC2=CC=C(C=C2)NC(=O)NC3=CC(=C(C=C3)Cl)C(F)(F)F,0.94,1,2.5223842,-0.0554,2.6760602,-1.2059876918792725,2.355010747909546,0.9133316874504089
temozolomide,sorafenib,ES2,CN1C(=O)N2C=NC(=C2N=N1)C(=O)N,CNC(=O)C1=NC=CC(=C1)OC2=CC=C(C=C2)NC(=O)NC3=CC(=C(C=C3)Cl)C(F)(F)F,1.61,1,-2.094344,-0.0241,2.9276466,0.04844467341899872,5.627044200897217,0.9964137673377991
temozolomide,sorafenib,HCT116,CN1C(=O)N2C=NC(=C2N=N1)C(=O)N,CNC(=O)C1=NC=CC(=C1)OC2=CC=C(C=C2)NC(=O)NC3=CC(=C(C=C3)Cl)C(F)(F)F,4.64,1,-50.067844,-0.0206,2.8657434,-0.529823362827301,1.0193746089935303,0.7348507642745972
temozolomide,sorafenib,HT144,CN1C(=O)N2C=NC(=C2N=N1)C(=O)N,CNC(=O)C1=NC=CC(=C1)OC2=CC=C(C=C2)NC(=O)NC3=CC(=C(C=C3)Cl)C(F)(F)F,4.365,1,-46.48702,-0.0206,-2.7987108,0.6673272848129272,3.3262484073638916,0.9653183817863464
temozolomide,sorafenib,HT29,CN1C(=O)N2C=NC(=C2N=N1)C(=O)N,CNC(=O)C1=NC=CC(=C1)OC2=CC=C(C=C2)NC(=O)NC3=CC(=C(C=C3)Cl)C(F)(F)F,-0.24,0,-44.371304,-0.0206,2.7813404,-0.10215643048286438,1.2425886392593384,0.7760142683982849
temozolomide,sorafenib,LOVO,CN1C(=O)N2C=NC(=C2N=N1)C(=O)N,CNC(=O)C1=NC=CC(=C1)OC2=CC=C(C=C2)NC(=O)NC3=CC(=C(C=C3)Cl)C(F)(F)F,-1.465,0,-33.052483,-0.0206,-2.3056438,0.006892561912536621,-1.5323328971862793,0.17765259742736816
temozolomide,sorafenib,MDAMB436,CN1C(=O)N2C=NC(=C2N=N1)C(=O)N,CNC(=O)C1=NC=CC(=C1)OC2=CC=C(C=C2)NC(=O)NC3=CC(=C(C=C3)Cl)C(F)(F)F,0.615,1,-4.4991528725,-0.0206,6.7618814,0.13146960735321045,2.086057186126709,0.8895406126976013
temozolomide,sorafenib,NCIH1650,CN1C(=O)N2C=NC(=C2N=N1)C(=O)N,CNC(=O)C1=NC=CC(=C1)OC2=CC=C(C=C2)NC(=O)NC3=CC(=C(C=C3)Cl)C(F)(F)F,6.21,1,-36.34814,-0.0206,-4.778555,-0.13753342628479004,4.604704856872559,0.9900944828987122
temozolomide,sorafenib,NCIH2122,CN1C(=O)N2C=NC(=C2N=N1)C(=O)N,CNC(=O)C1=NC=CC(=C1)OC2=CC=C(C=C2)NC(=O)NC3=CC(=C(C=C3)Cl)C(F)(F)F,-2.475,0,-14.784002,-0.0206,0.39980593,-0.17568770051002502,0.6613369584083557,0.6595606803894043
temozolomide,sorafenib,NCIH23,CN1C(=O)N2C=NC(=C2N=N1)C(=O)N,CNC(=O)C1=NC=CC(=C1)OC2=CC=C(C=C2)NC(=O)NC3=CC(=C(C=C3)Cl)C(F)(F)F,-2.42,0,-8.610064,-0.0561,-4.3303137,-1.7473077774047852,0.5889308452606201,0.6431198120117188
temozolomide,sorafenib,NCIH520,CN1C(=O)N2C=NC(=C2N=N1)C(=O)N,CNC(=O)C1=NC=CC(=C1)OC2=CC=C(C=C2)NC(=O)NC3=CC(=C(C=C3)Cl)C(F)(F)F,6.23,1,-35.58434,-0.03035,1.0437006,-0.6377043724060059,4.767056941986084,0.9915663599967957
temozolomide,sorafenib,OV90,CN1C(=O)N2C=NC(=C2N=N1)C(=O)N,CNC(=O)C1=NC=CC(=C1)OC2=CC=C(C=C2)NC(=O)NC3=CC(=C(C=C3)Cl)C(F)(F)F,3.62,1,-26.171707,-0.0521,-0.23714878,0.9811227321624756,4.733946323394775,0.9912849068641663
temozolomide,sorafenib,RKO,CN1C(=O)N2C=NC(=C2N=N1)C(=O)N,CNC(=O)C1=NC=CC(=C1)OC2=CC=C(C=C2)NC(=O)NC3=CC(=C(C=C3)Cl)C(F)(F)F,5.705,1,-35.39805,-0.144,3.9821317,-0.22371655702590942,1.857266902923584,0.864978015422821
temozolomide,sorafenib,SKMES1,CN1C(=O)N2C=NC(=C2N=N1)C(=O)N,CNC(=O)C1=NC=CC(=C1)OC2=CC=C(C=C2)NC(=O)NC3=CC(=C(C=C3)Cl)C(F)(F)F,11.785,1,-23.061754,-0.345,3.01076,-0.06285613775253296,3.160731554031372,0.9593294858932495
temozolomide,sorafenib,SKOV3,CN1C(=O)N2C=NC(=C2N=N1)C(=O)N,CNC(=O)C1=NC=CC(=C1)OC2=CC=C(C=C2)NC(=O)NC3=CC(=C(C=C3)Cl)C(F)(F)F,17.19,1,-47.042988,-0.168,0.5402762,-0.12156221270561218,1.0186114311218262,0.7347020506858826
temozolomide,sorafenib,SW620,CN1C(=O)N2C=NC(=C2N=N1)C(=O)N,CNC(=O)C1=NC=CC(=C1)OC2=CC=C(C=C2)NC(=O)NC3=CC(=C(C=C3)Cl)C(F)(F)F,2.49,1,-7.3222985,-0.229,2.2496746,-0.3911662697792053,0.9103653430938721,0.7130748629570007
temozolomide,sorafenib,SW837,CN1C(=O)N2C=NC(=C2N=N1)C(=O)N,CNC(=O)C1=NC=CC(=C1)OC2=CC=C(C=C2)NC(=O)NC3=CC(=C(C=C3)Cl)C(F)(F)F,4.75,1,-39.205338,-0.2315,-6.6917505,-0.06443938612937927,3.136457920074463,0.9583717584609985
temozolomide,sorafenib,T47D,CN1C(=O)N2C=NC(=C2N=N1)C(=O)N,CNC(=O)C1=NC=CC(=C1)OC2=CC=C(C=C2)NC(=O)NC3=CC(=C(C=C3)Cl)C(F)(F)F,17.36,1,-11.427173345,-0.273,-2.9163523,0.39596807956695557,0.5564591884613037,0.6356328725814819
temozolomide,sunitinib,T47D,CN1C(=O)N2C=NC(=C2N=N1)C(=O)N,CCN(CC)CCNC(=O)C1=C(NC(=C1C)C=C2C3=C(C=CC(=C3)F)NC2=O)C,1.69,1,5.965275,-0.1438,-0.8395043,0.3964391350746155,0.8173285126686096,0.6936689615249634
vinblastine,bortezomib,A2058,CCC1(CC2CC(C3=C(CCN(C2)C1)C4=CC=CC=C4N3)(C5=C(C=C6C(=C5)C78CCN9C7C(C=CC9)(C(C(C8N6C)(C(=O)OC)O)OC(=O)C)CC)OC)C(=O)OC)O,B(C(CC(C)C)NC(=O)C(CC1=CC=CC=C1)NC(=O)C2=NC=CN=C2)(O)O,4.115,1,-0.73682183,-0.0233,-16.593563,-0.45995280146598816,1.2665635347366333,0.7801539301872253
vinblastine,bortezomib,A2780,CCC1(CC2CC(C3=C(CCN(C2)C1)C4=CC=CC=C4N3)(C5=C(C=C6C(=C5)C78CCN9C7C(C=CC9)(C(C(C8N6C)(C(=O)OC)O)OC(=O)C)CC)OC)C(=O)OC)O,B(C(CC(C)C)NC(=O)C(CC1=CC=CC=C1)NC(=O)C2=NC=CN=C2)(O)O,4.26,1,-1.7793217,-0.0337,-19.23356,0.2008037567138672,4.08959436416626,0.9835297465324402
vinblastine,bortezomib,A375,CCC1(CC2CC(C3=C(CCN(C2)C1)C4=CC=CC=C4N3)(C5=C(C=C6C(=C5)C78CCN9C7C(C=CC9)(C(C(C8N6C)(C(=O)OC)O)OC(=O)C)CC)OC)C(=O)OC)O,B(C(CC(C)C)NC(=O)C(CC1=CC=CC=C1)NC(=O)C2=NC=CN=C2)(O)O,1.54,1,-2.6862192,-0.0916,-10.444843,0.6882849335670471,-1.9044702053070068,0.12960337102413177
vinblastine,bortezomib,HCT116,CCC1(CC2CC(C3=C(CCN(C2)C1)C4=CC=CC=C4N3)(C5=C(C=C6C(=C5)C78CCN9C7C(C=CC9)(C(C(C8N6C)(C(=O)OC)O)OC(=O)C)CC)OC)C(=O)OC)O,B(C(CC(C)C)NC(=O)C(CC1=CC=CC=C1)NC(=O)C2=NC=CN=C2)(O)O,-0.45,0,-5.2020135,-0.0806,-21.876348,-0.37662506103515625,-0.24476411938667297,0.43911266326904297
vinblastine,bortezomib,HT144,CCC1(CC2CC(C3=C(CCN(C2)C1)C4=CC=CC=C4N3)(C5=C(C=C6C(=C5)C78CCN9C7C(C=CC9)(C(C(C8N6C)(C(=O)OC)O)OC(=O)C)CC)OC)C(=O)OC)O,B(C(CC(C)C)NC(=O)C(CC1=CC=CC=C1)NC(=O)C2=NC=CN=C2)(O)O,-1.34,0,-1.9684454,-0.1027,-18.116852,-0.7581620216369629,-0.14588212966918945,0.463593989610672
vinblastine,bortezomib,MDAMB436,CCC1(CC2CC(C3=C(CCN(C2)C1)C4=CC=CC=C4N3)(C5=C(C=C6C(=C5)C78CCN9C7C(C=CC9)(C(C(C8N6C)(C(=O)OC)O)OC(=O)C)CC)OC)C(=O)OC)O,B(C(CC(C)C)NC(=O)C(CC1=CC=CC=C1)NC(=O)C2=NC=CN=C2)(O)O,3.465,1,-3.7768786,-0.03615,-16.155087,-0.7532702088356018,2.353398561477661,0.9132040143013
vinblastine,bortezomib,NCIH1650,CCC1(CC2CC(C3=C(CCN(C2)C1)C4=CC=CC=C4N3)(C5=C(C=C6C(=C5)C78CCN9C7C(C=CC9)(C(C(C8N6C)(C(=O)OC)O)OC(=O)C)CC)OC)C(=O)OC)O,B(C(CC(C)C)NC(=O)C(CC1=CC=CC=C1)NC(=O)C2=NC=CN=C2)(O)O,-5.865,0,-10.119665,-0.037,-20.54944,0.12366235256195068,-5.910404682159424,0.002703759353607893
vinblastine,bortezomib,NCIH2122,CCC1(CC2CC(C3=C(CCN(C2)C1)C4=CC=CC=C4N3)(C5=C(C=C6C(=C5)C78CCN9C7C(C=CC9)(C(C(C8N6C)(C(=O)OC)O)OC(=O)C)CC)OC)C(=O)OC)O,B(C(CC(C)C)NC(=O)C(CC1=CC=CC=C1)NC(=O)C2=NC=CN=C2)(O)O,7.85,1,4.4293704,-0.09705,-34.93003,-0.6371609568595886,2.313105344772339,0.9099566340446472
vinblastine,bortezomib,NCIH23,CCC1(CC2CC(C3=C(CCN(C2)C1)C4=CC=CC=C4N3)(C5=C(C=C6C(=C5)C78CCN9C7C(C=CC9)(C(C(C8N6C)(C(=O)OC)O)OC(=O)C)CC)OC)C(=O)OC)O,B(C(CC(C)C)NC(=O)C(CC1=CC=CC=C1)NC(=O)C2=NC=CN=C2)(O)O,-0.585,0,-6.1040955,-0.046,-39.472942,-1.64117431640625,-1.132552146911621,0.24369041621685028
vinblastine,bortezomib,NCIH520,CCC1(CC2CC(C3=C(CCN(C2)C1)C4=CC=CC=C4N3)(C5=C(C=C6C(=C5)C78CCN9C7C(C=CC9)(C(C(C8N6C)(C(=O)OC)O)OC(=O)C)CC)OC)C(=O)OC)O,B(C(CC(C)C)NC(=O)C(CC1=CC=CC=C1)NC(=O)C2=NC=CN=C2)(O)O,1.145,1,-6.2016597,-0.0219,-23.47525,-0.8286459445953369,1.017343521118164,0.7344548106193542
vinblastine,bortezomib,RKO,CCC1(CC2CC(C3=C(CCN(C2)C1)C4=CC=CC=C4N3)(C5=C(C=C6C(=C5)C78CCN9C7C(C=CC9)(C(C(C8N6C)(C(=O)OC)O)OC(=O)C)CC)OC)C(=O)OC)O,B(C(CC(C)C)NC(=O)C(CC1=CC=CC=C1)NC(=O)C2=NC=CN=C2)(O)O,1.99,1,-1.7273399,-0.08095,-14.243904,0.012191057205200195,0.9955045580863953,0.7301737666130066
vinblastine,bortezomib,SKMES1,CCC1(CC2CC(C3=C(CCN(C2)C1)C4=CC=CC=C4N3)(C5=C(C=C6C(=C5)C78CCN9C7C(C=CC9)(C(C(C8N6C)(C(=O)OC)O)OC(=O)C)CC)OC)C(=O)OC)O,B(C(CC(C)C)NC(=O)C(CC1=CC=CC=C1)NC(=O)C2=NC=CN=C2)(O)O,-0.765,0,-1.8799033,-0.1535,-16.02237,0.3856939971446991,0.709456205368042,0.6702809929847717
vinblastine,bortezomib,SKOV3,CCC1(CC2CC(C3=C(CCN(C2)C1)C4=CC=CC=C4N3)(C5=C(C=C6C(=C5)C78CCN9C7C(C=CC9)(C(C(C8N6C)(C(=O)OC)O)OC(=O)C)CC)OC)C(=O)OC)O,B(C(CC(C)C)NC(=O)C(CC1=CC=CC=C1)NC(=O)C2=NC=CN=C2)(O)O,2.08,1,-2.5735545,-0.07785,-10.193235,0.19761568307876587,-0.8788208365440369,0.2934221923351288
vinblastine,bortezomib,SW620,CCC1(CC2CC(C3=C(CCN(C2)C1)C4=CC=CC=C4N3)(C5=C(C=C6C(=C5)C78CCN9C7C(C=CC9)(C(C(C8N6C)(C(=O)OC)O)OC(=O)C)CC)OC)C(=O)OC)O,B(C(CC(C)C)NC(=O)C(CC1=CC=CC=C1)NC(=O)C2=NC=CN=C2)(O)O,0.625,1,-2.1582882,-0.02645,-13.444793,0.1690622866153717,-0.7240487337112427,0.3265020549297333
vinblastine,bortezomib,T47D,CCC1(CC2CC(C3=C(CCN(C2)C1)C4=CC=CC=C4N3)(C5=C(C=C6C(=C5)C78CCN9C7C(C=CC9)(C(C(C8N6C)(C(=O)OC)O)OC(=O)C)CC)OC)C(=O)OC)O,B(C(CC(C)C)NC(=O)C(CC1=CC=CC=C1)NC(=O)C2=NC=CN=C2)(O)O,-8.63,0,-6.616282,-0.0388,-23.687286,0.373391717672348,-0.6145880818367004,0.35101333260536194
vinblastine,dasatinib,A2058,CCC1(CC2CC(C3=C(CCN(C2)C1)C4=CC=CC=C4N3)(C5=C(C=C6C(=C5)C78CCN9C7C(C=CC9)(C(C(C8N6C)(C(=O)OC)O)OC(=O)C)CC)OC)C(=O)OC)O,CC1=C(C(=CC=C1)Cl)NC(=O)C2=CN=C(S2)NC3=NC(=NC(=C3)N4CCN(CC4)CCO)C,-2.27,0,-5.85644,-0.0531,20.805912,-1.2318978309631348,0.06706416606903076,0.5167597532272339
vinblastine,dasatinib,A2780,CCC1(CC2CC(C3=C(CCN(C2)C1)C4=CC=CC=C4N3)(C5=C(C=C6C(=C5)C78CCN9C7C(C=CC9)(C(C(C8N6C)(C(=O)OC)O)OC(=O)C)CC)OC)C(=O)OC)O,CC1=C(C(=CC=C1)Cl)NC(=O)C2=CN=C(S2)NC3=NC(=NC(=C3)N4CCN(CC4)CCO)C,9.595,1,-7.0932283,-0.0219,23.880314,-0.7080382108688354,6.039556980133057,0.9976230263710022
vinblastine,dasatinib,A427,CCC1(CC2CC(C3=C(CCN(C2)C1)C4=CC=CC=C4N3)(C5=C(C=C6C(=C5)C78CCN9C7C(C=CC9)(C(C(C8N6C)(C(=O)OC)O)OC(=O)C)CC)OC)C(=O)OC)O,CC1=C(C(=CC=C1)Cl)NC(=O)C2=CN=C(S2)NC3=NC(=NC(=C3)N4CCN(CC4)CCO)C,-3.905,0,4.74796,-0.03385,18.544758,-0.78692227602005,-1.1937854290008545,0.23258259892463684
vinblastine,dasatinib,ES2,CCC1(CC2CC(C3=C(CCN(C2)C1)C4=CC=CC=C4N3)(C5=C(C=C6C(=C5)C78CCN9C7C(C=CC9)(C(C(C8N6C)(C(=O)OC)O)OC(=O)C)CC)OC)C(=O)OC)O,CC1=C(C(=CC=C1)Cl)NC(=O)C2=CN=C(S2)NC3=NC(=NC(=C3)N4CCN(CC4)CCO)C,0.5,1,-18.942564,-0.0212,21.58559,0.06696707010269165,1.739027976989746,0.8505635261535645
vinblastine,dasatinib,HCT116,CCC1(CC2CC(C3=C(CCN(C2)C1)C4=CC=CC=C4N3)(C5=C(C=C6C(=C5)C78CCN9C7C(C=CC9)(C(C(C8N6C)(C(=O)OC)O)OC(=O)C)CC)OC)C(=O)OC)O,CC1=C(C(=CC=C1)Cl)NC(=O)C2=CN=C(S2)NC3=NC(=NC(=C3)N4CCN(CC4)CCO)C,-0.33,0,-68.32813,-0.125,14.3923645,-0.7621282339096069,0.2546929717063904,0.5633312463760376
vinblastine,dasatinib,HT144,CCC1(CC2CC(C3=C(CCN(C2)C1)C4=CC=CC=C4N3)(C5=C(C=C6C(=C5)C78CCN9C7C(C=CC9)(C(C(C8N6C)(C(=O)OC)O)OC(=O)C)CC)OC)C(=O)OC)O,CC1=C(C(=CC=C1)Cl)NC(=O)C2=CN=C(S2)NC3=NC(=NC(=C3)N4CCN(CC4)CCO)C,8.045,1,-37.956146,-0.08335,14.625028,-0.8946422338485718,1.9716606140136719,0.8777893781661987
vinblastine,dasatinib,HT29,CCC1(CC2CC(C3=C(CCN(C2)C1)C4=CC=CC=C4N3)(C5=C(C=C6C(=C5)C78CCN9C7C(C=CC9)(C(C(C8N6C)(C(=O)OC)O)OC(=O)C)CC)OC)C(=O)OC)O,CC1=C(C(=CC=C1)Cl)NC(=O)C2=CN=C(S2)NC3=NC(=NC(=C3)N4CCN(CC4)CCO)C,-4.27,0,-2.1976113,-0.06895,18.89883,0.08590251207351685,-0.18753750622272491,0.45325255393981934
vinblastine,dasatinib,LOVO,CCC1(CC2CC(C3=C(CCN(C2)C1)C4=CC=CC=C4N3)(C5=C(C=C6C(=C5)C78CCN9C7C(C=CC9)(C(C(C8N6C)(C(=O)OC)O)OC(=O)C)CC)OC)C(=O)OC)O,CC1=C(C(=CC=C1)Cl)NC(=O)C2=CN=C(S2)NC3=NC(=NC(=C3)N4CCN(CC4)CCO)C,-2.955,0,5.3754826,-0.1715,24.806728,0.36739879846572876,-5.071030139923096,0.0062368097715079784
vinblastine,dasatinib,NCIH1650,CCC1(CC2CC(C3=C(CCN(C2)C1)C4=CC=CC=C4N3)(C5=C(C=C6C(=C5)C78CCN9C7C(C=CC9)(C(C(C8N6C)(C(=O)OC)O)OC(=O)C)CC)OC)C(=O)OC)O,CC1=C(C(=CC=C1)Cl)NC(=O)C2=CN=C(S2)NC3=NC(=NC(=C3)N4CCN(CC4)CCO)C,-4.485,0,2.5702605,-0.1227,24.60461,0.5160177946090698,-4.824179172515869,0.007969127967953682
vinblastine,dasatinib,NCIH2122,CCC1(CC2CC(C3=C(CCN(C2)C1)C4=CC=CC=C4N3)(C5=C(C=C6C(=C5)C78CCN9C7C(C=CC9)(C(C(C8N6C)(C(=O)OC)O)OC(=O)C)CC)OC)C(=O)OC)O,CC1=C(C(=CC=C1)Cl)NC(=O)C2=CN=C(S2)NC3=NC(=NC(=C3)N4CCN(CC4)CCO)C,8.46,1,-52.441864,-0.0537,-4.6879416,-1.0721337795257568,1.1988497972488403,0.7683200836181641
vinblastine,dasatinib,NCIH520,CCC1(CC2CC(C3=C(CCN(C2)C1)C4=CC=CC=C4N3)(C5=C(C=C6C(=C5)C78CCN9C7C(C=CC9)(C(C(C8N6C)(C(=O)OC)O)OC(=O)C)CC)OC)C(=O)OC)O,CC1=C(C(=CC=C1)Cl)NC(=O)C2=CN=C(S2)NC3=NC(=NC(=C3)N4CCN(CC4)CCO)C,-3.025,0,-8.36688,-0.037,19.194471,-0.9260709881782532,0.895692765712738,0.7100635766983032
vinblastine,dasatinib,OV90,CCC1(CC2CC(C3=C(CCN(C2)C1)C4=CC=CC=C4N3)(C5=C(C=C6C(=C5)C78CCN9C7C(C=CC9)(C(C(C8N6C)(C(=O)OC)O)OC(=O)C)CC)OC)C(=O)OC)O,CC1=C(C(=CC=C1)Cl)NC(=O)C2=CN=C(S2)NC3=NC(=NC(=C3)N4CCN(CC4)CCO)C,-0.875,0,2.7550614,-0.04965,21.049763,0.5304441452026367,0.34494549036026,0.5853913426399231
vinblastine,dasatinib,RKO,CCC1(CC2CC(C3=C(CCN(C2)C1)C4=CC=CC=C4N3)(C5=C(C=C6C(=C5)C78CCN9C7C(C=CC9)(C(C(C8N6C)(C(=O)OC)O)OC(=O)C)CC)OC)C(=O)OC)O,CC1=C(C(=CC=C1)Cl)NC(=O)C2=CN=C(S2)NC3=NC(=NC(=C3)N4CCN(CC4)CCO)C,-3.885,0,-1.7825489,-0.0206,22.153732,0.09104526042938232,-0.03046482428908348,0.4923843741416931
vinblastine,dasatinib,SKMES1,CCC1(CC2CC(C3=C(CCN(C2)C1)C4=CC=CC=C4N3)(C5=C(C=C6C(=C5)C78CCN9C7C(C=CC9)(C(C(C8N6C)(C(=O)OC)O)OC(=O)C)CC)OC)C(=O)OC)O,CC1=C(C(=CC=C1)Cl)NC(=O)C2=CN=C(S2)NC3=NC(=NC(=C3)N4CCN(CC4)CCO)C,-2.645,0,1.2884051,-0.02095,21.965725,-0.43916064500808716,-0.17223292589187622,0.4570479094982147
vinblastine,dasatinib,SW620,CCC1(CC2CC(C3=C(CCN(C2)C1)C4=CC=CC=C4N3)(C5=C(C=C6C(=C5)C78CCN9C7C(C=CC9)(C(C(C8N6C)(C(=O)OC)O)OC(=O)C)CC)OC)C(=O)OC)O,CC1=C(C(=CC=C1)Cl)NC(=O)C2=CN=C(S2)NC3=NC(=NC(=C3)N4CCN(CC4)CCO)C,-4.06,0,-38.697758,-0.10535,23.023449,-0.18582162261009216,-0.01656216010451317,0.4958595633506775
vinblastine,dasatinib,SW837,CCC1(CC2CC(C3=C(CCN(C2)C1)C4=CC=CC=C4N3)(C5=C(C=C6C(=C5)C78CCN9C7C(C=CC9)(C(C(C8N6C)(C(=O)OC)O)OC(=O)C)CC)OC)C(=O)OC)O,CC1=C(C(=CC=C1)Cl)NC(=O)C2=CN=C(S2)NC3=NC(=NC(=C3)N4CCN(CC4)CCO)C,5.275,1,9.564318,-0.0806,24.893951,1.1879550218582153,0.4338708519935608,0.6067976355552673
vinblastine,dasatinib,T47D,CCC1(CC2CC(C3=C(CCN(C2)C1)C4=CC=CC=C4N3)(C5=C(C=C6C(=C5)C78CCN9C7C(C=CC9)(C(C(C8N6C)(C(=O)OC)O)OC(=O)C)CC)OC)C(=O)OC)O,CC1=C(C(=CC=C1)Cl)NC(=O)C2=CN=C(S2)NC3=NC(=NC(=C3)N4CCN(CC4)CCO)C,-3.435,0,-4.544299,-0.0657,20.585407,0.5655978918075562,-0.27509915828704834,0.4316556751728058
vinblastine,dinaciclib,A2058,CCC1(CC2CC(C3=C(CCN(C2)C1)C4=CC=CC=C4N3)(C5=C(C=C6C(=C5)C78CCN9C7C(C=CC9)(C(C(C8N6C)(C(=O)OC)O)OC(=O)C)CC)OC)C(=O)OC)O,CCC1=C2N=C(C=C(N2N=C1)NCC3=C[N+](=CC=C3)[O-])N4CCCCC4CCO,1.045,1,-1.7122113,-0.172,-3.8047898,-0.852601945400238,2.015774726867676,0.8824434280395508
vinblastine,dinaciclib,A2780,CCC1(CC2CC(C3=C(CCN(C2)C1)C4=CC=CC=C4N3)(C5=C(C=C6C(=C5)C78CCN9C7C(C=CC9)(C(C(C8N6C)(C(=O)OC)O)OC(=O)C)CC)OC)C(=O)OC)O,CCC1=C2N=C(C=C(N2N=C1)NCC3=C[N+](=CC=C3)[O-])N4CCCCC4CCO,4.9,1,-3.4114904,-0.115,-5.363319,0.6595265865325928,5.880155086517334,0.9972134232521057
vinblastine,dinaciclib,A375,CCC1(CC2CC(C3=C(CCN(C2)C1)C4=CC=CC=C4N3)(C5=C(C=C6C(=C5)C78CCN9C7C(C=CC9)(C(C(C8N6C)(C(=O)OC)O)OC(=O)C)CC)OC)C(=O)OC)O,CCC1=C2N=C(C=C(N2N=C1)NCC3=C[N+](=CC=C3)[O-])N4CCCCC4CCO,4.625,1,-3.1776192,-0.279,1.4778574,-0.5180552005767822,4.3878560066223145,0.9877251982688904
vinblastine,dinaciclib,A427,CCC1(CC2CC(C3=C(CCN(C2)C1)C4=CC=CC=C4N3)(C5=C(C=C6C(=C5)C78CCN9C7C(C=CC9)(C(C(C8N6C)(C(=O)OC)O)OC(=O)C)CC)OC)C(=O)OC)O,CCC1=C2N=C(C=C(N2N=C1)NCC3=C[N+](=CC=C3)[O-])N4CCCCC4CCO,-2.895,0,-7.9441586,-0.18185,-10.008077,-0.5848069190979004,-1.502240777015686,0.18209154903888702
vinblastine,dinaciclib,HCT116,CCC1(CC2CC(C3=C(CCN(C2)C1)C4=CC=CC=C4N3)(C5=C(C=C6C(=C5)C78CCN9C7C(C=CC9)(C(C(C8N6C)(C(=O)OC)O)OC(=O)C)CC)OC)C(=O)OC)O,CCC1=C2N=C(C=C(N2N=C1)NCC3=C[N+](=CC=C3)[O-])N4CCCCC4CCO,-3.305,0,-3.1093478,-0.127,-11.584597,-0.596250057220459,0.21767285466194153,0.5542043447494507
vinblastine,dinaciclib,HT29,CCC1(CC2CC(C3=C(CCN(C2)C1)C4=CC=CC=C4N3)(C5=C(C=C6C(=C5)C78CCN9C7C(C=CC9)(C(C(C8N6C)(C(=O)OC)O)OC(=O)C)CC)OC)C(=O)OC)O,CCC1=C2N=C(C=C(N2N=C1)NCC3=C[N+](=CC=C3)[O-])N4CCCCC4CCO,-2.74,0,-5.318783,-0.1905,-9.052257,0.24409562349319458,0.46615421772003174,0.6144731044769287
vinblastine,dinaciclib,LOVO,CCC1(CC2CC(C3=C(CCN(C2)C1)C4=CC=CC=C4N3)(C5=C(C=C6C(=C5)C78CCN9C7C(C=CC9)(C(C(C8N6C)(C(=O)OC)O)OC(=O)C)CC)OC)C(=O)OC)O,CCC1=C2N=C(C=C(N2N=C1)NCC3=C[N+](=CC=C3)[O-])N4CCCCC4CCO,-3.5,0,-5.93841,-0.18375,-2.5791845,0.7899832725524902,-3.2627992630004883,0.036869678646326065
vinblastine,dinaciclib,MDAMB436,CCC1(CC2CC(C3=C(CCN(C2)C1)C4=CC=CC=C4N3)(C5=C(C=C6C(=C5)C78CCN9C7C(C=CC9)(C(C(C8N6C)(C(=O)OC)O)OC(=O)C)CC)OC)C(=O)OC)O,CCC1=C2N=C(C=C(N2N=C1)NCC3=C[N+](=CC=C3)[O-])N4CCCCC4CCO,0.915,1,-5.7570176,-0.174,-4.6349306,0.1822529137134552,1.3490755558013916,0.7939784526824951
vinblastine,dinaciclib,NCIH1650,CCC1(CC2CC(C3=C(CCN(C2)C1)C4=CC=CC=C4N3)(C5=C(C=C6C(=C5)C78CCN9C7C(C=CC9)(C(C(C8N6C)(C(=O)OC)O)OC(=O)C)CC)OC)C(=O)OC)O,CCC1=C2N=C(C=C(N2N=C1)NCC3=C[N+](=CC=C3)[O-])N4CCCCC4CCO,-1.225,0,-5.3077602,-0.206,-4.42322,1.45526123046875,-1.8281610012054443,0.1384574919939041
vinblastine,dinaciclib,NCIH2122,CCC1(CC2CC(C3=C(CCN(C2)C1)C4=CC=CC=C4N3)(C5=C(C=C6C(=C5)C78CCN9C7C(C=CC9)(C(C(C8N6C)(C(=O)OC)O)OC(=O)C)CC)OC)C(=O)OC)O,CCC1=C2N=C(C=C(N2N=C1)NCC3=C[N+](=CC=C3)[O-])N4CCCCC4CCO,1.555,1,2.583517,-0.2515,-24.512127,0.9837385416030884,2.4225692749023438,0.9185321927070618
vinblastine,dinaciclib,NCIH23,CCC1(CC2CC(C3=C(CCN(C2)C1)C4=CC=CC=C4N3)(C5=C(C=C6C(=C5)C78CCN9C7C(C=CC9)(C(C(C8N6C)(C(=O)OC)O)OC(=O)C)CC)OC)C(=O)OC)O,CCC1=C2N=C(C=C(N2N=C1)NCC3=C[N+](=CC=C3)[O-])N4CCCCC4CCO,-1.745,0,-2.9434414,-0.181,-26.929445,-1.7845114469528198,0.48555606603622437,0.6190589666366577
vinblastine,dinaciclib,NCIH520,CCC1(CC2CC(C3=C(CCN(C2)C1)C4=CC=CC=C4N3)(C5=C(C=C6C(=C5)C78CCN9C7C(C=CC9)(C(C(C8N6C)(C(=O)OC)O)OC(=O)C)CC)OC)C(=O)OC)O,CCC1=C2N=C(C=C(N2N=C1)NCC3=C[N+](=CC=C3)[O-])N4CCCCC4CCO,-2.995,0,-5.165394,-0.09195,-9.448584,-0.15938101708889008,-1.2577791213989258,0.22135645151138306
vinblastine,dinaciclib,OV90,CCC1(CC2CC(C3=C(CCN(C2)C1)C4=CC=CC=C4N3)(C5=C(C=C6C(=C5)C78CCN9C7C(C=CC9)(C(C(C8N6C)(C(=O)OC)O)OC(=O)C)CC)OC)C(=O)OC)O,CCC1=C2N=C(C=C(N2N=C1)NCC3=C[N+](=CC=C3)[O-])N4CCCCC4CCO,-4.58,0,-7.2266383,-0.06875,-4.6448946,1.2444108724594116,-2.929154872894287,0.05073101073503494
vinblastine,dinaciclib,RKO,CCC1(CC2CC(C3=C(CCN(C2)C1)C4=CC=CC=C4N3)(C5=C(C=C6C(=C5)C78CCN9C7C(C=CC9)(C(C(C8N6C)(C(=O)OC)O)OC(=O)C)CC)OC)C(=O)OC)O,CCC1=C2N=C(C=C(N2N=C1)NCC3=C[N+](=CC=C3)[O-])N4CCCCC4CCO,2.055,1,-1.8028171,-0.05975,-2.5885363,-0.005773037672042847,1.8225464820861816,0.8608713746070862
vinblastine,dinaciclib,SKMES1,CCC1(CC2CC(C3=C(CCN(C2)C1)C4=CC=CC=C4N3)(C5=C(C=C6C(=C5)C78CCN9C7C(C=CC9)(C(C(C8N6C)(C(=O)OC)O)OC(=O)C)CC)OC)C(=O)OC)O,CCC1=C2N=C(C=C(N2N=C1)NCC3=C[N+](=CC=C3)[O-])N4CCCCC4CCO,-3.285,0,-5.01964,-0.1158,-3.4143758,-0.3126208782196045,1.8628861904144287,0.8656330108642578
vinblastine,dinaciclib,SW620,CCC1(CC2CC(C3=C(CCN(C2)C1)C4=CC=CC=C4N3)(C5=C(C=C6C(=C5)C78CCN9C7C(C=CC9)(C(C(C8N6C)(C(=O)OC)O)OC(=O)C)CC)OC)C(=O)OC)O,CCC1=C2N=C(C=C(N2N=C1)NCC3=C[N+](=CC=C3)[O-])N4CCCCC4CCO,-1.44,0,-7.984933,-0.10785,-3.1935654,0.3239973783493042,1.0213767290115356,0.7352406978607178
vinblastine,dinaciclib,SW837,CCC1(CC2CC(C3=C(CCN(C2)C1)C4=CC=CC=C4N3)(C5=C(C=C6C(=C5)C78CCN9C7C(C=CC9)(C(C(C8N6C)(C(=O)OC)O)OC(=O)C)CC)OC)C(=O)OC)O,CCC1=C2N=C(C=C(N2N=C1)NCC3=C[N+](=CC=C3)[O-])N4CCCCC4CCO,7.42,1,-1.836893,-0.134,-5.642702,1.1119892597198486,1.8047666549682617,0.8587281703948975
vinblastine,dinaciclib,T47D,CCC1(CC2CC(C3=C(CCN(C2)C1)C4=CC=CC=C4N3)(C5=C(C=C6C(=C5)C78CCN9C7C(C=CC9)(C(C(C8N6C)(C(=O)OC)O)OC(=O)C)CC)OC)C(=O)OC)O,CCC1=C2N=C(C=C(N2N=C1)NCC3=C[N+](=CC=C3)[O-])N4CCCCC4CCO,-4.685,0,-7.1941743,-0.137,-9.473893,0.5813572406768799,0.2519161105155945,0.5626480579376221
vinblastine,erlotinib,A2058,CCC1(CC2CC(C3=C(CCN(C2)C1)C4=CC=CC=C4N3)(C5=C(C=C6C(=C5)C78CCN9C7C(C=CC9)(C(C(C8N6C)(C(=O)OC)O)OC(=O)C)CC)OC)C(=O)OC)O,COCCOC1=C(C=C2C(=C1)C(=NC=N2)NC3=CC=CC(=C3)C#C)OCCOC,9.12,1,5.244962,-0.234,12.663492,-0.7214800119400024,2.4269587993621826,0.9188600778579712
vinblastine,erlotinib,A2780,CCC1(CC2CC(C3=C(CCN(C2)C1)C4=CC=CC=C4N3)(C5=C(C=C6C(=C5)C78CCN9C7C(C=CC9)(C(C(C8N6C)(C(=O)OC)O)OC(=O)C)CC)OC)C(=O)OC)O,COCCOC1=C(C=C2C(=C1)C(=NC=N2)NC3=CC=CC(=C3)C#C)OCCOC,10.405,1,9.702448,-0.364,10.294861,1.1709356307983398,4.827471733093262,0.9920569062232971
vinblastine,erlotinib,A375,CCC1(CC2CC(C3=C(CCN(C2)C1)C4=CC=CC=C4N3)(C5=C(C=C6C(=C5)C78CCN9C7C(C=CC9)(C(C(C8N6C)(C(=O)OC)O)OC(=O)C)CC)OC)C(=O)OC)O,COCCOC1=C(C=C2C(=C1)C(=NC=N2)NC3=CC=CC(=C3)C#C)OCCOC,9.075,1,10.770452,-0.303,18.743816,-1.3558961153030396,4.1330485343933105,0.9842191338539124
vinblastine,erlotinib,ES2,CCC1(CC2CC(C3=C(CCN(C2)C1)C4=CC=CC=C4N3)(C5=C(C=C6C(=C5)C78CCN9C7C(C=CC9)(C(C(C8N6C)(C(=O)OC)O)OC(=O)C)CC)OC)C(=O)OC)O,COCCOC1=C(C=C2C(=C1)C(=NC=N2)NC3=CC=CC(=C3)C#C)OCCOC,14.105,1,2.6641002,-0.248,11.758565,-0.02757897973060608,3.900022268295288,0.980160117149353
vinblastine,erlotinib,HCT116,CCC1(CC2CC(C3=C(CCN(C2)C1)C4=CC=CC=C4N3)(C5=C(C=C6C(=C5)C78CCN9C7C(C=CC9)(C(C(C8N6C)(C(=O)OC)O)OC(=O)C)CC)OC)C(=O)OC)O,COCCOC1=C(C=C2C(=C1)C(=NC=N2)NC3=CC=CC(=C3)C#C)OCCOC,11.91,1,6.5946264,-0.2425,7.1746078,-0.6354902386665344,0.7564325928688049,0.6805787682533264
vinblastine,erlotinib,HT144,CCC1(CC2CC(C3=C(CCN(C2)C1)C4=CC=CC=C4N3)(C5=C(C=C6C(=C5)C78CCN9C7C(C=CC9)(C(C(C8N6C)(C(=O)OC)O)OC(=O)C)CC)OC)C(=O)OC)O,COCCOC1=C(C=C2C(=C1)C(=NC=N2)NC3=CC=CC(=C3)C#C)OCCOC,5.065,1,7.257468,-0.364,9.671729,-0.5042542219161987,0.5484419465065002,0.6337740421295166
vinblastine,erlotinib,HT29,CCC1(CC2CC(C3=C(CCN(C2)C1)C4=CC=CC=C4N3)(C5=C(C=C6C(=C5)C78CCN9C7C(C=CC9)(C(C(C8N6C)(C(=O)OC)O)OC(=O)C)CC)OC)C(=O)OC)O,COCCOC1=C(C=C2C(=C1)C(=NC=N2)NC3=CC=CC(=C3)C#C)OCCOC,2.42,1,6.1444397,-0.31975,10.874418,0.10623002797365189,0.7916461825370789,0.6881846785545349
vinblastine,erlotinib,LOVO,CCC1(CC2CC(C3=C(CCN(C2)C1)C4=CC=CC=C4N3)(C5=C(C=C6C(=C5)C78CCN9C7C(C=CC9)(C(C(C8N6C)(C(=O)OC)O)OC(=O)C)CC)OC)C(=O)OC)O,COCCOC1=C(C=C2C(=C1)C(=NC=N2)NC3=CC=CC(=C3)C#C)OCCOC,1.23,1,5.9670258,-0.2975,17.443047,-0.21160435676574707,-2.7893893718719482,0.05790025740861893
vinblastine,erlotinib,MDAMB436,CCC1(CC2CC(C3=C(CCN(C2)C1)C4=CC=CC=C4N3)(C5=C(C=C6C(=C5)C78CCN9C7C(C=CC9)(C(C(C8N6C)(C(=O)OC)O)OC(=O)C)CC)OC)C(=O)OC)O,COCCOC1=C(C=C2C(=C1)C(=NC=N2)NC3=CC=CC(=C3)C#C)OCCOC,6.49,1,7.3048325,-0.29,8.09599,-0.08212617039680481,1.3518472909927368,0.7944315075874329
vinblastine,erlotinib,NCIH1650,CCC1(CC2CC(C3=C(CCN(C2)C1)C4=CC=CC=C4N3)(C5=C(C=C6C(=C5)C78CCN9C7C(C=CC9)(C(C(C8N6C)(C(=O)OC)O)OC(=O)C)CC)OC)C(=O)OC)O,COCCOC1=C(C=C2C(=C1)C(=NC=N2)NC3=CC=CC(=C3)C#C)OCCOC,-3.575,0,4.6326156,-0.241,11.990246,-0.8238640427589417,-3.1974856853485107,0.03926045075058937
vinblastine,erlotinib,NCIH2122,CCC1(CC2CC(C3=C(CCN(C2)C1)C4=CC=CC=C4N3)(C5=C(C=C6C(=C5)C78CCN9C7C(C=CC9)(C(C(C8N6C)(C(=O)OC)O)OC(=O)C)CC)OC)C(=O)OC)O,COCCOC1=C(C=C2C(=C1)C(=NC=N2)NC3=CC=CC(=C3)C#C)OCCOC,10.545,1,13.76193,-0.3345,-7.827577,-0.6004867553710938,2.936569929122925,0.9496248364448547
vinblastine,erlotinib,NCIH23,CCC1(CC2CC(C3=C(CCN(C2)C1)C4=CC=CC=C4N3)(C5=C(C=C6C(=C5)C78CCN9C7C(C=CC9)(C(C(C8N6C)(C(=O)OC)O)OC(=O)C)CC)OC)C(=O)OC)O,COCCOC1=C(C=C2C(=C1)C(=NC=N2)NC3=CC=CC(=C3)C#C)OCCOC,4.72,1,10.669414,-0.12435,-14.339416,-1.8053920269012451,0.03770122304558754,0.5094242095947266
vinblastine,erlotinib,OV90,CCC1(CC2CC(C3=C(CCN(C2)C1)C4=CC=CC=C4N3)(C5=C(C=C6C(=C5)C78CCN9C7C(C=CC9)(C(C(C8N6C)(C(=O)OC)O)OC(=O)C)CC)OC)C(=O)OC)O,COCCOC1=C(C=C2C(=C1)C(=NC=N2)NC3=CC=CC(=C3)C#C)OCCOC,5.805,1,4.7579937,-0.0537,9.796511,0.06876692175865173,-1.9617637395858765,0.12327628582715988
vinblastine,erlotinib,RKO,CCC1(CC2CC(C3=C(CCN(C2)C1)C4=CC=CC=C4N3)(C5=C(C=C6C(=C5)C78CCN9C7C(C=CC9)(C(C(C8N6C)(C(=O)OC)O)OC(=O)C)CC)OC)C(=O)OC)O,COCCOC1=C(C=C2C(=C1)C(=NC=N2)NC3=CC=CC(=C3)C#C)OCCOC,13.485,1,0.3259258,-0.05295,12.310981,0.3903121054172516,-1.9619829654693604,0.12325260788202286
vinblastine,erlotinib,SKMES1,CCC1(CC2CC(C3=C(CCN(C2)C1)C4=CC=CC=C4N3)(C5=C(C=C6C(=C5)C78CCN9C7C(C=CC9)(C(C(C8N6C)(C(=O)OC)O)OC(=O)C)CC)OC)C(=O)OC)O,COCCOC1=C(C=C2C(=C1)C(=NC=N2)NC3=CC=CC(=C3)C#C)OCCOC,3.785,1,4.370167,-0.034,13.168566,-0.26683181524276733,1.052103042602539,0.7411785125732422
vinblastine,erlotinib,SKOV3,CCC1(CC2CC(C3=C(CCN(C2)C1)C4=CC=CC=C4N3)(C5=C(C=C6C(=C5)C78CCN9C7C(C=CC9)(C(C(C8N6C)(C(=O)OC)O)OC(=O)C)CC)OC)C(=O)OC)O,COCCOC1=C(C=C2C(=C1)C(=NC=N2)NC3=CC=CC(=C3)C#C)OCCOC,7.11,1,11.488761,-0.02095,18.906326,0.14429470896720886,0.2452213168144226,0.5609999895095825
vinblastine,erlotinib,SW620,CCC1(CC2CC(C3=C(CCN(C2)C1)C4=CC=CC=C4N3)(C5=C(C=C6C(=C5)C78CCN9C7C(C=CC9)(C(C(C8N6C)(C(=O)OC)O)OC(=O)C)CC)OC)C(=O)OC)O,COCCOC1=C(C=C2C(=C1)C(=NC=N2)NC3=CC=CC(=C3)C#C)OCCOC,9.915,1,-3.3494139,-0.08235,12.958887,-0.2489130198955536,0.81683748960495,0.6935646533966064
vinblastine,erlotinib,SW837,CCC1(CC2CC(C3=C(CCN(C2)C1)C4=CC=CC=C4N3)(C5=C(C=C6C(=C5)C78CCN9C7C(C=CC9)(C(C(C8N6C)(C(=O)OC)O)OC(=O)C)CC)OC)C(=O)OC)O,COCCOC1=C(C=C2C(=C1)C(=NC=N2)NC3=CC=CC(=C3)C#C)OCCOC,13.07,1,11.94315,-0.08335,15.6100445,0.40335938334465027,2.8173739910125732,0.9436074495315552
vinblastine,geldanamycin,A2780,CCC1(CC2CC(C3=C(CCN(C2)C1)C4=CC=CC=C4N3)(C5=C(C=C6C(=C5)C78CCN9C7C(C=CC9)(C(C(C8N6C)(C(=O)OC)O)OC(=O)C)CC)OC)C(=O)OC)O,CC1CC(C(C(C=C(C(C(C=CC=C(C(=O)NC2=CC(=O)C(=C(C1)C2=O)OC)C)OC)OC(=O)N)C)C)O)OC,2.79,1,-1.0687352,-0.0537,-6.5612006,0.1329965591430664,5.6208672523498535,0.9963915944099426
vinblastine,geldanamycin,A375,CCC1(CC2CC(C3=C(CCN(C2)C1)C4=CC=CC=C4N3)(C5=C(C=C6C(=C5)C78CCN9C7C(C=CC9)(C(C(C8N6C)(C(=O)OC)O)OC(=O)C)CC)OC)C(=O)OC)O,CC1CC(C(C(C=C(C(C(C=CC=C(C(=O)NC2=CC(=O)C(=C(C1)C2=O)OC)C)OC)OC(=O)N)C)C)O)OC,4.49,1,1.2242959,-0.037,2.7114482,0.7450752258300781,0.6113452911376953,0.6482475996017456
vinblastine,geldanamycin,A427,CCC1(CC2CC(C3=C(CCN(C2)C1)C4=CC=CC=C4N3)(C5=C(C=C6C(=C5)C78CCN9C7C(C=CC9)(C(C(C8N6C)(C(=O)OC)O)OC(=O)C)CC)OC)C(=O)OC)O,CC1CC(C(C(C=C(C(C(C=CC=C(C(=O)NC2=CC(=O)C(=C(C1)C2=O)OC)C)OC)OC(=O)N)C)C)O)OC,-2.1,0,-6.309447,-0.08505,-10.51739,-1.2669663429260254,0.6742504239082336,0.6624542474746704
vinblastine,geldanamycin,ES2,CCC1(CC2CC(C3=C(CCN(C2)C1)C4=CC=CC=C4N3)(C5=C(C=C6C(=C5)C78CCN9C7C(C=CC9)(C(C(C8N6C)(C(=O)OC)O)OC(=O)C)CC)OC)C(=O)OC)O,CC1CC(C(C(C=C(C(C(C=CC=C(C(=O)NC2=CC(=O)C(=C(C1)C2=O)OC)C)OC)OC(=O)N)C)C)O)OC,-2.81,0,-1.748419,-0.0538,-2.298382,0.01035396009683609,0.014095786958932877,0.5035238862037659
vinblastine,geldanamycin,HCT116,CCC1(CC2CC(C3=C(CCN(C2)C1)C4=CC=CC=C4N3)(C5=C(C=C6C(=C5)C78CCN9C7C(C=CC9)(C(C(C8N6C)(C(=O)OC)O)OC(=O)C)CC)OC)C(=O)OC)O,CC1CC(C(C(C=C(C(C(C=CC=C(C(=O)NC2=CC(=O)C(=C(C1)C2=O)OC)C)OC)OC(=O)N)C)C)O)OC,-2.705,0,-4.101577,-0.0219,-12.046964,-0.5678409337997437,0.36110103130340576,0.5893069505691528
vinblastine,geldanamycin,HT144,CCC1(CC2CC(C3=C(CCN(C2)C1)C4=CC=CC=C4N3)(C5=C(C=C6C(=C5)C78CCN9C7C(C=CC9)(C(C(C8N6C)(C(=O)OC)O)OC(=O)C)CC)OC)C(=O)OC)O,CC1CC(C(C(C=C(C(C(C=CC=C(C(=O)NC2=CC(=O)C(=C(C1)C2=O)OC)C)OC)OC(=O)N)C)C)O)OC,-1.325,0,-1.870944,-0.0233,-5.7320747,0.7039408683776855,1.111844539642334,0.7524728775024414
vinblastine,geldanamycin,HT29,CCC1(CC2CC(C3=C(CCN(C2)C1)C4=CC=CC=C4N3)(C5=C(C=C6C(=C5)C78CCN9C7C(C=CC9)(C(C(C8N6C)(C(=O)OC)O)OC(=O)C)CC)OC)C(=O)OC)O,CC1CC(C(C(C=C(C(C(C=CC=C(C(=O)NC2=CC(=O)C(=C(C1)C2=O)OC)C)OC)OC(=O)N)C)C)O)OC,-3.945,0,-7.698693,-0.05575,-12.126451,0.3528807461261749,0.2081134021282196,0.5518413782119751
vinblastine,geldanamycin,LOVO,CCC1(CC2CC(C3=C(CCN(C2)C1)C4=CC=CC=C4N3)(C5=C(C=C6C(=C5)C78CCN9C7C(C=CC9)(C(C(C8N6C)(C(=O)OC)O)OC(=O)C)CC)OC)C(=O)OC)O,CC1CC(C(C(C=C(C(C(C=CC=C(C(=O)NC2=CC(=O)C(=C(C1)C2=O)OC)C)OC)OC(=O)N)C)C)O)OC,-0.865,0,-6.742249,-0.0587,-4.039728,-0.06434381008148193,0.8125200271606445,0.6926462054252625
vinblastine,geldanamycin,NCIH1650,CCC1(CC2CC(C3=C(CCN(C2)C1)C4=CC=CC=C4N3)(C5=C(C=C6C(=C5)C78CCN9C7C(C=CC9)(C(C(C8N6C)(C(=O)OC)O)OC(=O)C)CC)OC)C(=O)OC)O,CC1CC(C(C(C=C(C(C(C=CC=C(C(=O)NC2=CC(=O)C(=C(C1)C2=O)OC)C)OC)OC(=O)N)C)C)O)OC,-3.455,0,-7.4183893,-0.1186,-7.8299766,-0.22195810079574585,-0.46695560216903687,0.38533708453178406
vinblastine,geldanamycin,NCIH2122,CCC1(CC2CC(C3=C(CCN(C2)C1)C4=CC=CC=C4N3)(C5=C(C=C6C(=C5)C78CCN9C7C(C=CC9)(C(C(C8N6C)(C(=O)OC)O)OC(=O)C)CC)OC)C(=O)OC)O,CC1CC(C(C(C=C(C(C(C=CC=C(C(=O)NC2=CC(=O)C(=C(C1)C2=O)OC)C)OC)OC(=O)N)C)C)O)OC,3.01,1,3.018166,-0.0668,-30.80456,-0.7192559838294983,2.4829611778259277,0.9229386448860168
vinblastine,geldanamycin,NCIH23,CCC1(CC2CC(C3=C(CCN(C2)C1)C4=CC=CC=C4N3)(C5=C(C=C6C(=C5)C78CCN9C7C(C=CC9)(C(C(C8N6C)(C(=O)OC)O)OC(=O)C)CC)OC)C(=O)OC)O,CC1CC(C(C(C=C(C(C(C=CC=C(C(=O)NC2=CC(=O)C(=C(C1)C2=O)OC)C)OC)OC(=O)N)C)C)O)OC,-0.215,0,-4.474452,-0.0573,-31.734034,-1.7907248735427856,-0.0917283147573471,0.4770840108394623
vinblastine,geldanamycin,NCIH520,CCC1(CC2CC(C3=C(CCN(C2)C1)C4=CC=CC=C4N3)(C5=C(C=C6C(=C5)C78CCN9C7C(C=CC9)(C(C(C8N6C)(C(=O)OC)O)OC(=O)C)CC)OC)C(=O)OC)O,CC1CC(C(C(C=C(C(C(C=CC=C(C(=O)NC2=CC(=O)C(=C(C1)C2=O)OC)C)OC)OC(=O)N)C)C)O)OC,-4.77,0,-10.178258,-0.184,-11.619719,0.048351459205150604,1.9919536113739014,0.879949688911438
vinblastine,geldanamycin,OV90,CCC1(CC2CC(C3=C(CCN(C2)C1)C4=CC=CC=C4N3)(C5=C(C=C6C(=C5)C78CCN9C7C(C=CC9)(C(C(C8N6C)(C(=O)OC)O)OC(=O)C)CC)OC)C(=O)OC)O,CC1CC(C(C(C=C(C(C(C=CC=C(C(=O)NC2=CC(=O)C(=C(C1)C2=O)OC)C)OC)OC(=O)N)C)C)O)OC,1.27,1,-2.9653234,-0.0802,-6.0847635,0.02808588743209839,3.0463268756866455,0.9546236991882324
vinblastine,geldanamycin,RKO,CCC1(CC2CC(C3=C(CCN(C2)C1)C4=CC=CC=C4N3)(C5=C(C=C6C(=C5)C78CCN9C7C(C=CC9)(C(C(C8N6C)(C(=O)OC)O)OC(=O)C)CC)OC)C(=O)OC)O,CC1CC(C(C(C=C(C(C(C=CC=C(C(=O)NC2=CC(=O)C(=C(C1)C2=O)OC)C)OC)OC(=O)N)C)C)O)OC,3.03,1,-1.732273,-0.1875,-3.9488583,0.017352163791656494,1.3034207820892334,0.7864101529121399
vinblastine,geldanamycin,SKOV3,CCC1(CC2CC(C3=C(CCN(C2)C1)C4=CC=CC=C4N3)(C5=C(C=C6C(=C5)C78CCN9C7C(C=CC9)(C(C(C8N6C)(C(=O)OC)O)OC(=O)C)CC)OC)C(=O)OC)O,CC1CC(C(C(C=C(C(C(C=CC=C(C(=O)NC2=CC(=O)C(=C(C1)C2=O)OC)C)OC)OC(=O)N)C)C)O)OC,2.1,1,0.45518103,-0.126,-0.8519607,0.4879973828792572,0.27482205629348755,0.5682763457298279
vinblastine,geldanamycin,SW620,CCC1(CC2CC(C3=C(CCN(C2)C1)C4=CC=CC=C4N3)(C5=C(C=C6C(=C5)C78CCN9C7C(C=CC9)(C(C(C8N6C)(C(=O)OC)O)OC(=O)C)CC)OC)C(=O)OC)O,CC1CC(C(C(C=C(C(C(C=CC=C(C(=O)NC2=CC(=O)C(=C(C1)C2=O)OC)C)OC)OC(=O)N)C)C)O)OC,-1.99,0,-7.7036796,-0.0693,-5.0677586,0.037081003189086914,0.811830997467041,0.6924995183944702
vinblastine,geldanamycin,T47D,CCC1(CC2CC(C3=C(CCN(C2)C1)C4=CC=CC=C4N3)(C5=C(C=C6C(=C5)C78CCN9C7C(C=CC9)(C(C(C8N6C)(C(=O)OC)O)OC(=O)C)CC)OC)C(=O)OC)O,CC1CC(C(C(C=C(C(C(C=CC=C(C(=O)NC2=CC(=O)C(=C(C1)C2=O)OC)C)OC)OC(=O)N)C)C)O)OC,-4.55,0,-29.387815,-0.1551,-10.1671715,0.7913362979888916,0.4432526230812073,0.6090338230133057
vinblastine,lapatinib,A2058,CCC1(CC2CC(C3=C(CCN(C2)C1)C4=CC=CC=C4N3)(C5=C(C=C6C(=C5)C78CCN9C7C(C=CC9)(C(C(C8N6C)(C(=O)OC)O)OC(=O)C)CC)OC)C(=O)OC)O,CS(=O)(=O)CCNCC1=CC=C(O1)C2=CC3=C(C=C2)N=CN=C3NC4=CC(=C(C=C4)OCC5=CC(=CC=C5)F)Cl,2.525,1,-10.058192,-0.238,11.193075,-0.37570104002952576,1.4471173286437988,0.8095543384552002
vinblastine,lapatinib,A2780,CCC1(CC2CC(C3=C(CCN(C2)C1)C4=CC=CC=C4N3)(C5=C(C=C6C(=C5)C78CCN9C7C(C=CC9)(C(C(C8N6C)(C(=O)OC)O)OC(=O)C)CC)OC)C(=O)OC)O,CS(=O)(=O)CCNCC1=CC=C(O1)C2=CC3=C(C=C2)N=CN=C3NC4=CC(=C(C=C4)OCC5=CC(=CC=C5)F)Cl,8.225,1,-10.00808,-0.11735,8.678849,0.35212746262550354,5.721060752868652,0.9967344403266907
vinblastine,lapatinib,A375,CCC1(CC2CC(C3=C(CCN(C2)C1)C4=CC=CC=C4N3)(C5=C(C=C6C(=C5)C78CCN9C7C(C=CC9)(C(C(C8N6C)(C(=O)OC)O)OC(=O)C)CC)OC)C(=O)OC)O,CS(=O)(=O)CCNCC1=CC=C(O1)C2=CC3=C(C=C2)N=CN=C3NC4=CC(=C(C=C4)OCC5=CC(=CC=C5)F)Cl,6.295,1,-41.204636,-0.116,19.03384,-0.3726368844509125,0.30043259263038635,0.5745482444763184
vinblastine,lapatinib,A427,CCC1(CC2CC(C3=C(CCN(C2)C1)C4=CC=CC=C4N3)(C5=C(C=C6C(=C5)C78CCN9C7C(C=CC9)(C(C(C8N6C)(C(=O)OC)O)OC(=O)C)CC)OC)C(=O)OC)O,CS(=O)(=O)CCNCC1=CC=C(O1)C2=CC3=C(C=C2)N=CN=C3NC4=CC(=C(C=C4)OCC5=CC(=CC=C5)F)Cl,-4.885,0,-6.911818,-0.0612,3.036477,-1.5629022121429443,-1.1475119590759277,0.24094383418560028
vinblastine,lapatinib,ES2,CCC1(CC2CC(C3=C(CCN(C2)C1)C4=CC=CC=C4N3)(C5=C(C=C6C(=C5)C78CCN9C7C(C=CC9)(C(C(C8N6C)(C(=O)OC)O)OC(=O)C)CC)OC)C(=O)OC)O,CS(=O)(=O)CCNCC1=CC=C(O1)C2=CC3=C(C=C2)N=CN=C3NC4=CC(=C(C=C4)OCC5=CC(=CC=C5)F)Cl,5.03,1,-22.768202,-0.0897,11.366529,-1.3019821643829346,-0.24283689260482788,0.43958738446235657
vinblastine,lapatinib,HCT116,CCC1(CC2CC(C3=C(CCN(C2)C1)C4=CC=CC=C4N3)(C5=C(C=C6C(=C5)C78CCN9C7C(C=CC9)(C(C(C8N6C)(C(=O)OC)O)OC(=O)C)CC)OC)C(=O)OC)O,CS(=O)(=O)CCNCC1=CC=C(O1)C2=CC3=C(C=C2)N=CN=C3NC4=CC(=C(C=C4)OCC5=CC(=CC=C5)F)Cl,-1.02,0,-16.8611,-0.1985,5.522375,-0.45623305439949036,0.658098042011261,0.6588330268859863
vinblastine,lapatinib,HT29,CCC1(CC2CC(C3=C(CCN(C2)C1)C4=CC=CC=C4N3)(C5=C(C=C6C(=C5)C78CCN9C7C(C=CC9)(C(C(C8N6C)(C(=O)OC)O)OC(=O)C)CC)OC)C(=O)OC)O,CS(=O)(=O)CCNCC1=CC=C(O1)C2=CC3=C(C=C2)N=CN=C3NC4=CC(=C(C=C4)OCC5=CC(=CC=C5)F)Cl,-1.495,0,-1.9269699,-0.1535,9.2636,-0.07840985804796219,0.8550035357475281,0.7016156911849976
vinblastine,lapatinib,LOVO,CCC1(CC2CC(C3=C(CCN(C2)C1)C4=CC=CC=C4N3)(C5=C(C=C6C(=C5)C78CCN9C7C(C=CC9)(C(C(C8N6C)(C(=O)OC)O)OC(=O)C)CC)OC)C(=O)OC)O,CS(=O)(=O)CCNCC1=CC=C(O1)C2=CC3=C(C=C2)N=CN=C3NC4=CC(=C(C=C4)OCC5=CC(=CC=C5)F)Cl,-1.16,0,2.9490767,-0.10145,18.693434,-0.19059589505195618,0.5438600182533264,0.6327098608016968
vinblastine,lapatinib,MDAMB436,CCC1(CC2CC(C3=C(CCN(C2)C1)C4=CC=CC=C4N3)(C5=C(C=C6C(=C5)C78CCN9C7C(C=CC9)(C(C(C8N6C)(C(=O)OC)O)OC(=O)C)CC)OC)C(=O)OC)O,CS(=O)(=O)CCNCC1=CC=C(O1)C2=CC3=C(C=C2)N=CN=C3NC4=CC(=C(C=C4)OCC5=CC(=CC=C5)F)Cl,3.665,1,-6.708841,-0.117,7.024453,0.2071095108985901,2.230409622192383,0.9029473066329956
vinblastine,lapatinib,NCIH1650,CCC1(CC2CC(C3=C(CCN(C2)C1)C4=CC=CC=C4N3)(C5=C(C=C6C(=C5)C78CCN9C7C(C=CC9)(C(C(C8N6C)(C(=O)OC)O)OC(=O)C)CC)OC)C(=O)OC)O,CS(=O)(=O)CCNCC1=CC=C(O1)C2=CC3=C(C=C2)N=CN=C3NC4=CC(=C(C=C4)OCC5=CC(=CC=C5)F)Cl,-9.025,0,-1.6660839,-0.0907,13.606737,-0.6874039173126221,-2.6737565994262695,0.06453979760408401
vinblastine,lapatinib,NCIH23,CCC1(CC2CC(C3=C(CCN(C2)C1)C4=CC=CC=C4N3)(C5=C(C=C6C(=C5)C78CCN9C7C(C=CC9)(C(C(C8N6C)(C(=O)OC)O)OC(=O)C)CC)OC)C(=O)OC)O,CS(=O)(=O)CCNCC1=CC=C(O1)C2=CC3=C(C=C2)N=CN=C3NC4=CC(=C(C=C4)OCC5=CC(=CC=C5)F)Cl,-0.615,0,-10.234395,-0.10665,-17.010143,-2.0975182056427,0.2547195553779602,0.5633378028869629
vinblastine,lapatinib,RKO,CCC1(CC2CC(C3=C(CCN(C2)C1)C4=CC=CC=C4N3)(C5=C(C=C6C(=C5)C78CCN9C7C(C=CC9)(C(C(C8N6C)(C(=O)OC)O)OC(=O)C)CC)OC)C(=O)OC)O,CS(=O)(=O)CCNCC1=CC=C(O1)C2=CC3=C(C=C2)N=CN=C3NC4=CC(=C(C=C4)OCC5=CC(=CC=C5)F)Cl,-0.145,0,-2.2898123,-0.12435,9.964821,-0.42303958535194397,-1.3378386497497559,0.20786571502685547
vinblastine,lapatinib,SKMES1,CCC1(CC2CC(C3=C(CCN(C2)C1)C4=CC=CC=C4N3)(C5=C(C=C6C(=C5)C78CCN9C7C(C=CC9)(C(C(C8N6C)(C(=O)OC)O)OC(=O)C)CC)OC)C(=O)OC)O,CS(=O)(=O)CCNCC1=CC=C(O1)C2=CC3=C(C=C2)N=CN=C3NC4=CC(=C(C=C4)OCC5=CC(=CC=C5)F)Cl,-0.1,0,0.31171098,-0.03705,13.410675,-1.3801765441894531,-1.9508329629898071,0.1244625523686409
vinblastine,lapatinib,SW620,CCC1(CC2CC(C3=C(CCN(C2)C1)C4=CC=CC=C4N3)(C5=C(C=C6C(=C5)C78CCN9C7C(C=CC9)(C(C(C8N6C)(C(=O)OC)O)OC(=O)C)CC)OC)C(=O)OC)O,CS(=O)(=O)CCNCC1=CC=C(O1)C2=CC3=C(C=C2)N=CN=C3NC4=CC(=C(C=C4)OCC5=CC(=CC=C5)F)Cl,1.83,1,-70.15595,-0.0206,11.183304,-0.4079776704311371,1.4414763450622559,0.8086831569671631
vinblastine,lapatinib,SW837,CCC1(CC2CC(C3=C(CCN(C2)C1)C4=CC=CC=C4N3)(C5=C(C=C6C(=C5)C78CCN9C7C(C=CC9)(C(C(C8N6C)(C(=O)OC)O)OC(=O)C)CC)OC)C(=O)OC)O,CS(=O)(=O)CCNCC1=CC=C(O1)C2=CC3=C(C=C2)N=CN=C3NC4=CC(=C(C=C4)OCC5=CC(=CC=C5)F)Cl,9.745,1,8.842028,-0.02685,17.818493,0.680002748966217,1.4521427154541016,0.8103280067443848
vinblastine,mk2206,A2058,CCC1(CC2CC(C3=C(CCN(C2)C1)C4=CC=CC=C4N3)(C5=C(C=C6C(=C5)C78CCN9C7C(C=CC9)(C(C(C8N6C)(C(=O)OC)O)OC(=O)C)CC)OC)C(=O)OC)O,C1CC(C1)(C2=CC=C(C=C2)C3=C(C=C4C(=N3)C=CN5C4=NNC5=O)C6=CC=CC=C6)N,-7.98,0,-3.7119944,-0.0271,17.358185,-0.22259634733200073,2.801805257797241,0.9427732825279236
vinblastine,mk2206,A2780,CCC1(CC2CC(C3=C(CCN(C2)C1)C4=CC=CC=C4N3)(C5=C(C=C6C(=C5)C78CCN9C7C(C=CC9)(C(C(C8N6C)(C(=O)OC)O)OC(=O)C)CC)OC)C(=O)OC)O,C1CC(C1)(C2=CC=C(C=C2)C3=C(C=C4C(=N3)C=CN5C4=NNC5=O)C6=CC=CC=C6)N,8.32,1,5.240649,-0.08235,15.671265,0.8741614818572998,4.884533405303955,0.9924941062927246
vinblastine,mk2206,A375,CCC1(CC2CC(C3=C(CCN(C2)C1)C4=CC=CC=C4N3)(C5=C(C=C6C(=C5)C78CCN9C7C(C=CC9)(C(C(C8N6C)(C(=O)OC)O)OC(=O)C)CC)OC)C(=O)OC)O,C1CC(C1)(C2=CC=C(C=C2)C3=C(C=C4C(=N3)C=CN5C4=NNC5=O)C6=CC=CC=C6)N,6.395,1,-51.848984,-0.0668,23.786404,-0.5114269852638245,0.5435423254966736,0.6326360702514648
vinblastine,mk2206,A427,CCC1(CC2CC(C3=C(CCN(C2)C1)C4=CC=CC=C4N3)(C5=C(C=C6C(=C5)C78CCN9C7C(C=CC9)(C(C(C8N6C)(C(=O)OC)O)OC(=O)C)CC)OC)C(=O)OC)O,C1CC(C1)(C2=CC=C(C=C2)C3=C(C=C4C(=N3)C=CN5C4=NNC5=O)C6=CC=CC=C6)N,-8.76,0,-4.5186186,-0.0573,10.6271,-1.1305938959121704,-0.4443976879119873,0.3906935751438141
vinblastine,mk2206,ES2,CCC1(CC2CC(C3=C(CCN(C2)C1)C4=CC=CC=C4N3)(C5=C(C=C6C(=C5)C78CCN9C7C(C=CC9)(C(C(C8N6C)(C(=O)OC)O)OC(=O)C)CC)OC)C(=O)OC)O,C1CC(C1)(C2=CC=C(C=C2)C3=C(C=C4C(=N3)C=CN5C4=NNC5=O)C6=CC=CC=C6)N,-1.295,0,-6.443261,-0.11515,15.724429,0.03424108028411865,0.8714929819107056,0.7050561904907227
vinblastine,mk2206,HCT116,CCC1(CC2CC(C3=C(CCN(C2)C1)C4=CC=CC=C4N3)(C5=C(C=C6C(=C5)C78CCN9C7C(C=CC9)(C(C(C8N6C)(C(=O)OC)O)OC(=O)C)CC)OC)C(=O)OC)O,C1CC(C1)(C2=CC=C(C=C2)C3=C(C=C4C(=N3)C=CN5C4=NNC5=O)C6=CC=CC=C6)N,-3.7,0,-6.758813,-0.13,9.435083,-0.6537398099899292,0.40409427881240845,0.599670946598053
vinblastine,mk2206,HT29,CCC1(CC2CC(C3=C(CCN(C2)C1)C4=CC=CC=C4N3)(C5=C(C=C6C(=C5)C78CCN9C7C(C=CC9)(C(C(C8N6C)(C(=O)OC)O)OC(=O)C)CC)OC)C(=O)OC)O,C1CC(C1)(C2=CC=C(C=C2)C3=C(C=C4C(=N3)C=CN5C4=NNC5=O)C6=CC=CC=C6)N,-2.635,0,0.3849456,-0.1494,11.604568,0.2171933948993683,0.5615835785865784,0.6368188858032227
vinblastine,mk2206,MDAMB436,CCC1(CC2CC(C3=C(CCN(C2)C1)C4=CC=CC=C4N3)(C5=C(C=C6C(=C5)C78CCN9C7C(C=CC9)(C(C(C8N6C)(C(=O)OC)O)OC(=O)C)CC)OC)C(=O)OC)O,C1CC(C1)(C2=CC=C(C=C2)C3=C(C=C4C(=N3)C=CN5C4=NNC5=O)C6=CC=CC=C6)N,-4.0,0,1.3863524,-0.0658,13.136221,-0.6659749746322632,2.7590713500976562,0.9404236078262329
vinblastine,mk2206,NCIH1650,CCC1(CC2CC(C3=C(CCN(C2)C1)C4=CC=CC=C4N3)(C5=C(C=C6C(=C5)C78CCN9C7C(C=CC9)(C(C(C8N6C)(C(=O)OC)O)OC(=O)C)CC)OC)C(=O)OC)O,C1CC(C1)(C2=CC=C(C=C2)C3=C(C=C4C(=N3)C=CN5C4=NNC5=O)C6=CC=CC=C6)N,-7.945,0,-0.9189008,-0.0987,16.641567,0.23480987548828125,-1.8488867282867432,0.13600365817546844
vinblastine,mk2206,NCIH2122,CCC1(CC2CC(C3=C(CCN(C2)C1)C4=CC=CC=C4N3)(C5=C(C=C6C(=C5)C78CCN9C7C(C=CC9)(C(C(C8N6C)(C(=O)OC)O)OC(=O)C)CC)OC)C(=O)OC)O,C1CC(C1)(C2=CC=C(C=C2)C3=C(C=C4C(=N3)C=CN5C4=NNC5=O)C6=CC=CC=C6)N,-8.14,0,1.974367,-0.1915,-5.459485,-0.010952472686767578,1.6516886949539185,0.8391191363334656
vinblastine,mk2206,NCIH23,CCC1(CC2CC(C3=C(CCN(C2)C1)C4=CC=CC=C4N3)(C5=C(C=C6C(=C5)C78CCN9C7C(C=CC9)(C(C(C8N6C)(C(=O)OC)O)OC(=O)C)CC)OC)C(=O)OC)O,C1CC(C1)(C2=CC=C(C=C2)C3=C(C=C4C(=N3)C=CN5C4=NNC5=O)C6=CC=CC=C6)N,-3.71,0,0.8209949,-0.1325,-9.088101,-1.3612622022628784,0.2543664574623108,0.5632509589195251
vinblastine,mk2206,NCIH520,CCC1(CC2CC(C3=C(CCN(C2)C1)C4=CC=CC=C4N3)(C5=C(C=C6C(=C5)C78CCN9C7C(C=CC9)(C(C(C8N6C)(C(=O)OC)O)OC(=O)C)CC)OC)C(=O)OC)O,C1CC(C1)(C2=CC=C(C=C2)C3=C(C=C4C(=N3)C=CN5C4=NNC5=O)C6=CC=CC=C6)N,-2.185,0,-1.0051683,-0.175,9.642944,-0.711749792098999,-0.25665706396102905,0.4361856281757355
vinblastine,mk2206,OV90,CCC1(CC2CC(C3=C(CCN(C2)C1)C4=CC=CC=C4N3)(C5=C(C=C6C(=C5)C78CCN9C7C(C=CC9)(C(C(C8N6C)(C(=O)OC)O)OC(=O)C)CC)OC)C(=O)OC)O,C1CC(C1)(C2=CC=C(C=C2)C3=C(C=C4C(=N3)C=CN5C4=NNC5=O)C6=CC=CC=C6)N,-2.94,0,-0.6715593,-0.07295,14.275404,-0.21731194853782654,2.3818318843841553,0.9154313206672668
vinblastine,mk2206,RKO,CCC1(CC2CC(C3=C(CCN(C2)C1)C4=CC=CC=C4N3)(C5=C(C=C6C(=C5)C78CCN9C7C(C=CC9)(C(C(C8N6C)(C(=O)OC)O)OC(=O)C)CC)OC)C(=O)OC)O,C1CC(C1)(C2=CC=C(C=C2)C3=C(C=C4C(=N3)C=CN5C4=NNC5=O)C6=CC=CC=C6)N,-4.165,0,-2.7737834,-0.2435,16.264755,-0.07133913040161133,0.24396604299545288,0.5606907606124878
vinblastine,mk2206,SKMES1,CCC1(CC2CC(C3=C(CCN(C2)C1)C4=CC=CC=C4N3)(C5=C(C=C6C(=C5)C78CCN9C7C(C=CC9)(C(C(C8N6C)(C(=O)OC)O)OC(=O)C)CC)OC)C(=O)OC)O,C1CC(C1)(C2=CC=C(C=C2)C3=C(C=C4C(=N3)C=CN5C4=NNC5=O)C6=CC=CC=C6)N,-4.57,0,0.40427783,-0.07735,18.22569,-1.0009249448776245,0.14428666234016418,0.5360091924667358
vinblastine,mk2206,SKOV3,CCC1(CC2CC(C3=C(CCN(C2)C1)C4=CC=CC=C4N3)(C5=C(C=C6C(=C5)C78CCN9C7C(C=CC9)(C(C(C8N6C)(C(=O)OC)O)OC(=O)C)CC)OC)C(=O)OC)O,C1CC(C1)(C2=CC=C(C=C2)C3=C(C=C4C(=N3)C=CN5C4=NNC5=O)C6=CC=CC=C6)N,-2.69,0,5.3321123,-0.1227,21.735231,0.021321535110473633,-0.0777646154165268,0.48056861758232117
vinblastine,mk2206,SW620,CCC1(CC2CC(C3=C(CCN(C2)C1)C4=CC=CC=C4N3)(C5=C(C=C6C(=C5)C78CCN9C7C(C=CC9)(C(C(C8N6C)(C(=O)OC)O)OC(=O)C)CC)OC)C(=O)OC)O,C1CC(C1)(C2=CC=C(C=C2)C3=C(C=C4C(=N3)C=CN5C4=NNC5=O)C6=CC=CC=C6)N,-7.99,0,-25.286371,-0.0537,15.428968,-0.25440114736557007,-0.10740703344345093,0.4731740355491638
vinblastine,mk2206,T47D,CCC1(CC2CC(C3=C(CCN(C2)C1)C4=CC=CC=C4N3)(C5=C(C=C6C(=C5)C78CCN9C7C(C=CC9)(C(C(C8N6C)(C(=O)OC)O)OC(=O)C)CC)OC)C(=O)OC)O,C1CC(C1)(C2=CC=C(C=C2)C3=C(C=C4C(=N3)C=CN5C4=NNC5=O)C6=CC=CC=C6)N,-0.71,0,-1.9534719,-0.0286,13.553093,0.5322177410125732,-0.3171703815460205,0.4213654696941376
vinblastine,mk5108,A2058,CCC1(CC2CC(C3=C(CCN(C2)C1)C4=CC=CC=C4N3)(C5=C(C=C6C(=C5)C78CCN9C7C(C=CC9)(C(C(C8N6C)(C(=O)OC)O)OC(=O)C)CC)OC)C(=O)OC)O,C1CC(CCC1OC2=C(C(=CC=C2)Cl)F)(CC3=NC(=CC=C3)NC4=NC=CS4)C(=O)O,3.59,1,-0.26362416,-0.0206,2.7170656,-0.25086918473243713,-0.890182375907898,0.29107218980789185
vinblastine,mk5108,A2780,CCC1(CC2CC(C3=C(CCN(C2)C1)C4=CC=CC=C4N3)(C5=C(C=C6C(=C5)C78CCN9C7C(C=CC9)(C(C(C8N6C)(C(=O)OC)O)OC(=O)C)CC)OC)C(=O)OC)O,C1CC(CCC1OC2=C(C(=CC=C2)Cl)F)(CC3=NC(=CC=C3)NC4=NC=CS4)C(=O)O,8.705,1,4.054355,-0.0233,1.2840282,0.7780594229698181,4.473674297332764,0.9887232780456543
vinblastine,mk5108,A375,CCC1(CC2CC(C3=C(CCN(C2)C1)C4=CC=CC=C4N3)(C5=C(C=C6C(=C5)C78CCN9C7C(C=CC9)(C(C(C8N6C)(C(=O)OC)O)OC(=O)C)CC)OC)C(=O)OC)O,C1CC(CCC1OC2=C(C(=CC=C2)Cl)F)(CC3=NC(=CC=C3)NC4=NC=CS4)C(=O)O,4.355,1,-22.479597,-0.02095,8.474897,-0.35077768564224243,1.2355760335922241,0.7747930288314819
vinblastine,mk5108,A427,CCC1(CC2CC(C3=C(CCN(C2)C1)C4=CC=CC=C4N3)(C5=C(C=C6C(=C5)C78CCN9C7C(C=CC9)(C(C(C8N6C)(C(=O)OC)O)OC(=O)C)CC)OC)C(=O)OC)O,C1CC(CCC1OC2=C(C(=CC=C2)Cl)F)(CC3=NC(=CC=C3)NC4=NC=CS4)C(=O)O,-3.615,0,-2.3144002,-0.08235,-2.788278,-0.7938803434371948,0.25188973546028137,0.5626415610313416
vinblastine,mk5108,ES2,CCC1(CC2CC(C3=C(CCN(C2)C1)C4=CC=CC=C4N3)(C5=C(C=C6C(=C5)C78CCN9C7C(C=CC9)(C(C(C8N6C)(C(=O)OC)O)OC(=O)C)CC)OC)C(=O)OC)O,C1CC(CCC1OC2=C(C(=CC=C2)Cl)F)(CC3=NC(=CC=C3)NC4=NC=CS4)C(=O)O,1.635,1,-11.623532,-0.10535,4.126356,0.2753896415233612,-0.3951442241668701,0.4024795591831207
vinblastine,mk5108,HCT116,CCC1(CC2CC(C3=C(CCN(C2)C1)C4=CC=CC=C4N3)(C5=C(C=C6C(=C5)C78CCN9C7C(C=CC9)(C(C(C8N6C)(C(=O)OC)O)OC(=O)C)CC)OC)C(=O)OC)O,C1CC(CCC1OC2=C(C(=CC=C2)Cl)F)(CC3=NC(=CC=C3)NC4=NC=CS4)C(=O)O,4.235,1,-14.186239,-0.0806,-1.9198776,-0.7696425914764404,0.293082594871521,0.5727506279945374
vinblastine,mk5108,HT29,CCC1(CC2CC(C3=C(CCN(C2)C1)C4=CC=CC=C4N3)(C5=C(C=C6C(=C5)C78CCN9C7C(C=CC9)(C(C(C8N6C)(C(=O)OC)O)OC(=O)C)CC)OC)C(=O)OC)O,C1CC(CCC1OC2=C(C(=CC=C2)Cl)F)(CC3=NC(=CC=C3)NC4=NC=CS4)C(=O)O,3.71,1,-11.386952,-0.12065,0.5440791,0.07503959536552429,0.41364604234695435,0.6019617915153503
vinblastine,mk5108,LOVO,CCC1(CC2CC(C3=C(CCN(C2)C1)C4=CC=CC=C4N3)(C5=C(C=C6C(=C5)C78CCN9C7C(C=CC9)(C(C(C8N6C)(C(=O)OC)O)OC(=O)C)CC)OC)C(=O)OC)O,C1CC(CCC1OC2=C(C(=CC=C2)Cl)F)(CC3=NC(=CC=C3)NC4=NC=CS4)C(=O)O,-2.59,0,-1.2033178,-0.12435,5.6049657,0.6521848440170288,-2.2425377368927,0.09599508345127106
vinblastine,mk5108,MDAMB436,CCC1(CC2CC(C3=C(CCN(C2)C1)C4=CC=CC=C4N3)(C5=C(C=C6C(=C5)C78CCN9C7C(C=CC9)(C(C(C8N6C)(C(=O)OC)O)OC(=O)C)CC)OC)C(=O)OC)O,C1CC(CCC1OC2=C(C(=CC=C2)Cl)F)(CC3=NC(=CC=C3)NC4=NC=CS4)C(=O)O,10.85,1,-9.512961,-0.03615,1.1384913,-0.6365220546722412,1.4130703210830688,0.8042497634887695
vinblastine,mk5108,NCIH1650,CCC1(CC2CC(C3=C(CCN(C2)C1)C4=CC=CC=C4N3)(C5=C(C=C6C(=C5)C78CCN9C7C(C=CC9)(C(C(C8N6C)(C(=O)OC)O)OC(=O)C)CC)OC)C(=O)OC)O,C1CC(CCC1OC2=C(C(=CC=C2)Cl)F)(CC3=NC(=CC=C3)NC4=NC=CS4)C(=O)O,-4.765,0,-5.587127,-0.0206,2.9539342,-0.5982546806335449,-3.1252846717834473,0.04207624867558479
vinblastine,mk5108,NCIH2122,CCC1(CC2CC(C3=C(CCN(C2)C1)C4=CC=CC=C4N3)(C5=C(C=C6C(=C5)C78CCN9C7C(C=CC9)(C(C(C8N6C)(C(=O)OC)O)OC(=O)C)CC)OC)C(=O)OC)O,C1CC(CCC1OC2=C(C(=CC=C2)Cl)F)(CC3=NC(=CC=C3)NC4=NC=CS4)C(=O)O,7.825,1,-11.503777,-0.0669,-19.435314,0.1963394582271576,0.5543104410171509,0.6351350545883179
vinblastine,mk5108,OV90,CCC1(CC2CC(C3=C(CCN(C2)C1)C4=CC=CC=C4N3)(C5=C(C=C6C(=C5)C78CCN9C7C(C=CC9)(C(C(C8N6C)(C(=O)OC)O)OC(=O)C)CC)OC)C(=O)OC)O,C1CC(CCC1OC2=C(C(=CC=C2)Cl)F)(CC3=NC(=CC=C3)NC4=NC=CS4)C(=O)O,-0.99,0,-15.444648,-0.0219,1.5565886,0.17866197228431702,-2.9590861797332764,0.04930882528424263
vinblastine,mk5108,RKO,CCC1(CC2CC(C3=C(CCN(C2)C1)C4=CC=CC=C4N3)(C5=C(C=C6C(=C5)C78CCN9C7C(C=CC9)(C(C(C8N6C)(C(=O)OC)O)OC(=O)C)CC)OC)C(=O)OC)O,C1CC(CCC1OC2=C(C(=CC=C2)Cl)F)(CC3=NC(=CC=C3)NC4=NC=CS4)C(=O)O,11.77,1,-55.57884,-0.0687,4.5791264,-0.09821000695228577,-0.2639493942260742,0.43439310789108276
vinblastine,mk5108,SKMES1,CCC1(CC2CC(C3=C(CCN(C2)C1)C4=CC=CC=C4N3)(C5=C(C=C6C(=C5)C78CCN9C7C(C=CC9)(C(C(C8N6C)(C(=O)OC)O)OC(=O)C)CC)OC)C(=O)OC)O,C1CC(CCC1OC2=C(C(=CC=C2)Cl)F)(CC3=NC(=CC=C3)NC4=NC=CS4)C(=O)O,3.165,1,-0.8585558,-0.07985,2.7982438,-0.6175390481948853,-0.6412663459777832,0.34496036171913147
vinblastine,mk5108,SKOV3,CCC1(CC2CC(C3=C(CCN(C2)C1)C4=CC=CC=C4N3)(C5=C(C=C6C(=C5)C78CCN9C7C(C=CC9)(C(C(C8N6C)(C(=O)OC)O)OC(=O)C)CC)OC)C(=O)OC)O,C1CC(CCC1OC2=C(C(=CC=C2)Cl)F)(CC3=NC(=CC=C3)NC4=NC=CS4)C(=O)O,8.045,1,-7.45541,-0.0573,8.251441,0.16260239481925964,0.40668272972106934,0.6002922058105469
vinblastine,mk5108,SW837,CCC1(CC2CC(C3=C(CCN(C2)C1)C4=CC=CC=C4N3)(C5=C(C=C6C(=C5)C78CCN9C7C(C=CC9)(C(C(C8N6C)(C(=O)OC)O)OC(=O)C)CC)OC)C(=O)OC)O,C1CC(CCC1OC2=C(C(=CC=C2)Cl)F)(CC3=NC(=CC=C3)NC4=NC=CS4)C(=O)O,16.08,1,-4.9107485,-0.12435,5.378724,0.6719116568565369,1.5124090909957886,0.8194179534912109
vinblastine,sorafenib,A2058,CCC1(CC2CC(C3=C(CCN(C2)C1)C4=CC=CC=C4N3)(C5=C(C=C6C(=C5)C78CCN9C7C(C=CC9)(C(C(C8N6C)(C(=O)OC)O)OC(=O)C)CC)OC)C(=O)OC)O,CNC(=O)C1=NC=CC(=C1)OC2=CC=C(C=C2)NC(=O)NC3=CC(=C(C=C3)Cl)C(F)(F)F,15.415,1,-2.410633,-0.0668,-1.7312306,-0.6539496183395386,0.17749318480491638,0.5442571640014648
vinblastine,sorafenib,A2780,CCC1(CC2CC(C3=C(CCN(C2)C1)C4=CC=CC=C4N3)(C5=C(C=C6C(=C5)C78CCN9C7C(C=CC9)(C(C(C8N6C)(C(=O)OC)O)OC(=O)C)CC)OC)C(=O)OC)O,CNC(=O)C1=NC=CC(=C1)OC2=CC=C(C=C2)NC(=O)NC3=CC(=C(C=C3)Cl)C(F)(F)F,5.065,1,4.0295825,-0.0573,-3.2678716,1.2738268375396729,4.405659198760986,0.9879391193389893
vinblastine,sorafenib,A375,CCC1(CC2CC(C3=C(CCN(C2)C1)C4=CC=CC=C4N3)(C5=C(C=C6C(=C5)C78CCN9C7C(C=CC9)(C(C(C8N6C)(C(=O)OC)O)OC(=O)C)CC)OC)C(=O)OC)O,CNC(=O)C1=NC=CC(=C1)OC2=CC=C(C=C2)NC(=O)NC3=CC(=C(C=C3)Cl)C(F)(F)F,11.115,1,6.172336,-0.11515,4.5144186,-0.3576700687408447,2.3172242641448975,0.9102935194969177
vinblastine,sorafenib,A427,CCC1(CC2CC(C3=C(CCN(C2)C1)C4=CC=CC=C4N3)(C5=C(C=C6C(=C5)C78CCN9C7C(C=CC9)(C(C(C8N6C)(C(=O)OC)O)OC(=O)C)CC)OC)C(=O)OC)O,CNC(=O)C1=NC=CC(=C1)OC2=CC=C(C=C2)NC(=O)NC3=CC(=C(C=C3)Cl)C(F)(F)F,1.4,1,1.45658,-0.314,-6.3845406,0.0876966118812561,2.937699317932129,0.9496789574623108
vinblastine,sorafenib,ES2,CCC1(CC2CC(C3=C(CCN(C2)C1)C4=CC=CC=C4N3)(C5=C(C=C6C(=C5)C78CCN9C7C(C=CC9)(C(C(C8N6C)(C(=O)OC)O)OC(=O)C)CC)OC)C(=O)OC)O,CNC(=O)C1=NC=CC(=C1)OC2=CC=C(C=C2)NC(=O)NC3=CC(=C(C=C3)Cl)C(F)(F)F,11.08,1,3.520577,-0.329,-1.2167196,0.4456574320793152,3.449122905731201,0.9692050218582153
vinblastine,sorafenib,HCT116,CCC1(CC2CC(C3=C(CCN(C2)C1)C4=CC=CC=C4N3)(C5=C(C=C6C(=C5)C78CCN9C7C(C=CC9)(C(C(C8N6C)(C(=O)OC)O)OC(=O)C)CC)OC)C(=O)OC)O,CNC(=O)C1=NC=CC(=C1)OC2=CC=C(C=C2)NC(=O)NC3=CC(=C(C=C3)Cl)C(F)(F)F,9.49,1,3.80004,-0.2565,-6.839875,-0.6845313906669617,0.5567197203636169,0.6356932520866394
vinblastine,sorafenib,HT144,CCC1(CC2CC(C3=C(CCN(C2)C1)C4=CC=CC=C4N3)(C5=C(C=C6C(=C5)C78CCN9C7C(C=CC9)(C(C(C8N6C)(C(=O)OC)O)OC(=O)C)CC)OC)C(=O)OC)O,CNC(=O)C1=NC=CC(=C1)OC2=CC=C(C=C2)NC(=O)NC3=CC(=C(C=C3)Cl)C(F)(F)F,8.38,1,7.409938,-0.346,-4.047904,-0.18225812911987305,2.6134989261627197,0.9317253232002258
vinblastine,sorafenib,HT29,CCC1(CC2CC(C3=C(CCN(C2)C1)C4=CC=CC=C4N3)(C5=C(C=C6C(=C5)C78CCN9C7C(C=CC9)(C(C(C8N6C)(C(=O)OC)O)OC(=O)C)CC)OC)C(=O)OC)O,CNC(=O)C1=NC=CC(=C1)OC2=CC=C(C=C2)NC(=O)NC3=CC(=C(C=C3)Cl)C(F)(F)F,0.77,1,-0.64630216,-0.492,-6.1786237,0.29139652848243713,0.4724581837654114,0.6159654259681702
vinblastine,sorafenib,LOVO,CCC1(CC2CC(C3=C(CCN(C2)C1)C4=CC=CC=C4N3)(C5=C(C=C6C(=C5)C78CCN9C7C(C=CC9)(C(C(C8N6C)(C(=O)OC)O)OC(=O)C)CC)OC)C(=O)OC)O,CNC(=O)C1=NC=CC(=C1)OC2=CC=C(C=C2)NC(=O)NC3=CC(=C(C=C3)Cl)C(F)(F)F,2.895,1,-3.924852,-0.355,-0.81200594,0.8409873247146606,0.0436098612844944,0.5109007358551025
vinblastine,sorafenib,MDAMB436,CCC1(CC2CC(C3=C(CCN(C2)C1)C4=CC=CC=C4N3)(C5=C(C=C6C(=C5)C78CCN9C7C(C=CC9)(C(C(C8N6C)(C(=O)OC)O)OC(=O)C)CC)OC)C(=O)OC)O,CNC(=O)C1=NC=CC(=C1)OC2=CC=C(C=C2)NC(=O)NC3=CC(=C(C=C3)Cl)C(F)(F)F,6.225,1,-8.76633,-0.3125,-4.0837893,-0.05373254418373108,1.7909015417099,0.8570377826690674
vinblastine,sorafenib,NCIH2122,CCC1(CC2CC(C3=C(CCN(C2)C1)C4=CC=CC=C4N3)(C5=C(C=C6C(=C5)C78CCN9C7C(C=CC9)(C(C(C8N6C)(C(=O)OC)O)OC(=O)C)CC)OC)C(=O)OC)O,CNC(=O)C1=NC=CC(=C1)OC2=CC=C(C=C2)NC(=O)NC3=CC(=C(C=C3)Cl)C(F)(F)F,9.565,1,1.6454196,-0.3545,-23.344894,0.30912211537361145,1.382333517074585,0.7993655204772949
vinblastine,sorafenib,NCIH520,CCC1(CC2CC(C3=C(CCN(C2)C1)C4=CC=CC=C4N3)(C5=C(C=C6C(=C5)C78CCN9C7C(C=CC9)(C(C(C8N6C)(C(=O)OC)O)OC(=O)C)CC)OC)C(=O)OC)O,CNC(=O)C1=NC=CC(=C1)OC2=CC=C(C=C2)NC(=O)NC3=CC(=C(C=C3)Cl)C(F)(F)F,4.96,1,2.1004996,-0.3725,-7.9810076,-0.08512163907289505,0.514345109462738,0.625824511051178
vinblastine,sorafenib,OV90,CCC1(CC2CC(C3=C(CCN(C2)C1)C4=CC=CC=C4N3)(C5=C(C=C6C(=C5)C78CCN9C7C(C=CC9)(C(C(C8N6C)(C(=O)OC)O)OC(=O)C)CC)OC)C(=O)OC)O,CNC(=O)C1=NC=CC(=C1)OC2=CC=C(C=C2)NC(=O)NC3=CC(=C(C=C3)Cl)C(F)(F)F,4.87,1,2.6328714,-0.4845,-3.8471892,0.9828512668609619,0.8043102025985718,0.6908957362174988
vinblastine,sorafenib,RKO,CCC1(CC2CC(C3=C(CCN(C2)C1)C4=CC=CC=C4N3)(C5=C(C=C6C(=C5)C78CCN9C7C(C=CC9)(C(C(C8N6C)(C(=O)OC)O)OC(=O)C)CC)OC)C(=O)OC)O,CNC(=O)C1=NC=CC(=C1)OC2=CC=C(C=C2)NC(=O)NC3=CC(=C(C=C3)Cl)C(F)(F)F,15.39,1,3.110515,-0.13765,-1.0232335,-0.012639284133911133,1.9374432563781738,0.8740710020065308
vinblastine,sorafenib,SKMES1,CCC1(CC2CC(C3=C(CCN(C2)C1)C4=CC=CC=C4N3)(C5=C(C=C6C(=C5)C78CCN9C7C(C=CC9)(C(C(C8N6C)(C(=O)OC)O)OC(=O)C)CC)OC)C(=O)OC)O,CNC(=O)C1=NC=CC(=C1)OC2=CC=C(C=C2)NC(=O)NC3=CC(=C(C=C3)Cl)C(F)(F)F,12.225,1,1.3704268,-0.0662,-1.8539935,0.3074653744697571,5.5207743644714355,0.9960132837295532
vinblastine,sorafenib,SKOV3,CCC1(CC2CC(C3=C(CCN(C2)C1)C4=CC=CC=C4N3)(C5=C(C=C6C(=C5)C78CCN9C7C(C=CC9)(C(C(C8N6C)(C(=O)OC)O)OC(=O)C)CC)OC)C(=O)OC)O,CNC(=O)C1=NC=CC(=C1)OC2=CC=C(C=C2)NC(=O)NC3=CC(=C(C=C3)Cl)C(F)(F)F,21.405,1,5.5689917,-0.1865,2.8354685,0.3790760338306427,0.05312027409672737,0.5132769346237183
vinblastine,sorafenib,SW620,CCC1(CC2CC(C3=C(CCN(C2)C1)C4=CC=CC=C4N3)(C5=C(C=C6C(=C5)C78CCN9C7C(C=CC9)(C(C(C8N6C)(C(=O)OC)O)OC(=O)C)CC)OC)C(=O)OC)O,CNC(=O)C1=NC=CC(=C1)OC2=CC=C(C=C2)NC(=O)NC3=CC(=C(C=C3)Cl)C(F)(F)F,9.615,1,3.03938,-0.183,-0.89161426,-0.36105868220329285,0.6390005946159363,0.6545275449752808
vinblastine,sorafenib,SW837,CCC1(CC2CC(C3=C(CCN(C2)C1)C4=CC=CC=C4N3)(C5=C(C=C6C(=C5)C78CCN9C7C(C=CC9)(C(C(C8N6C)(C(=O)OC)O)OC(=O)C)CC)OC)C(=O)OC)O,CNC(=O)C1=NC=CC(=C1)OC2=CC=C(C=C2)NC(=O)NC3=CC(=C(C=C3)Cl)C(F)(F)F,10.75,1,1.2571285,-0.11445,-1.4913616,1.1005600690841675,1.5435209274291992,0.8239759802818298
vinblastine,sorafenib,T47D,CCC1(CC2CC(C3=C(CCN(C2)C1)C4=CC=CC=C4N3)(C5=C(C=C6C(=C5)C78CCN9C7C(C=CC9)(C(C(C8N6C)(C(=O)OC)O)OC(=O)C)CC)OC)C(=O)OC)O,CNC(=O)C1=NC=CC(=C1)OC2=CC=C(C=C2)NC(=O)NC3=CC(=C(C=C3)Cl)C(F)(F)F,4.985,1,0.341611,-0.04915,-6.5216494,0.5927240252494812,-0.1263127624988556,0.4684637486934662
vinblastine,sunitinib,A2058,CCC1(CC2CC(C3=C(CCN(C2)C1)C4=CC=CC=C4N3)(C5=C(C=C6C(=C5)C78CCN9C7C(C=CC9)(C(C(C8N6C)(C(=O)OC)O)OC(=O)C)CC)OC)C(=O)OC)O,CCN(CC)CCNC(=O)C1=C(NC(=C1C)C=C2C3=C(C=CC(=C3)F)NC2=O)C,7.89,1,1.1095732,-0.1635,2.8195477,-0.3329414427280426,1.6051485538482666,0.8327366709709167
vinblastine,sunitinib,A2780,CCC1(CC2CC(C3=C(CCN(C2)C1)C4=CC=CC=C4N3)(C5=C(C=C6C(=C5)C78CCN9C7C(C=CC9)(C(C(C8N6C)(C(=O)OC)O)OC(=O)C)CC)OC)C(=O)OC)O,CCN(CC)CCNC(=O)C1=C(NC(=C1C)C=C2C3=C(C=CC(=C3)F)NC2=O)C,6.5,1,7.062657,-0.127,1.832493,0.7720844745635986,6.02938985824585,0.9975988268852234
vinblastine,sunitinib,A427,CCC1(CC2CC(C3=C(CCN(C2)C1)C4=CC=CC=C4N3)(C5=C(C=C6C(=C5)C78CCN9C7C(C=CC9)(C(C(C8N6C)(C(=O)OC)O)OC(=O)C)CC)OC)C(=O)OC)O,CCN(CC)CCNC(=O)C1=C(NC(=C1C)C=C2C3=C(C=CC(=C3)F)NC2=O)C,3.49,1,3.7938445,-0.863,-2.4680026,-0.7020834684371948,2.0528690814971924,0.8862372040748596
vinblastine,sunitinib,HT29,CCC1(CC2CC(C3=C(CCN(C2)C1)C4=CC=CC=C4N3)(C5=C(C=C6C(=C5)C78CCN9C7C(C=CC9)(C(C(C8N6C)(C(=O)OC)O)OC(=O)C)CC)OC)C(=O)OC)O,CCN(CC)CCNC(=O)C1=C(NC(=C1C)C=C2C3=C(C=CC(=C3)F)NC2=O)C,2.81,1,0.27704147,-0.845,-2.1558733,0.1911362111568451,0.4610045552253723,0.6132524609565735
vinblastine,sunitinib,LOVO,CCC1(CC2CC(C3=C(CCN(C2)C1)C4=CC=CC=C4N3)(C5=C(C=C6C(=C5)C78CCN9C7C(C=CC9)(C(C(C8N6C)(C(=O)OC)O)OC(=O)C)CC)OC)C(=O)OC)O,CCN(CC)CCNC(=O)C1=C(NC(=C1C)C=C2C3=C(C=CC(=C3)F)NC2=O)C,-1.745,0,2.0375028,-1.027,4.2908072,-0.9124759435653687,-0.5004647970199585,0.3774314522743225
vinblastine,sunitinib,MDAMB436,CCC1(CC2CC(C3=C(CCN(C2)C1)C4=CC=CC=C4N3)(C5=C(C=C6C(=C5)C78CCN9C7C(C=CC9)(C(C(C8N6C)(C(=O)OC)O)OC(=O)C)CC)OC)C(=O)OC)O,CCN(CC)CCNC(=O)C1=C(NC(=C1C)C=C2C3=C(C=CC(=C3)F)NC2=O)C,2.095,1,-1.270531,-0.835,0.72184163,-0.0684346854686737,0.9614350199699402,0.7234090566635132
vinblastine,sunitinib,NCIH2122,CCC1(CC2CC(C3=C(CCN(C2)C1)C4=CC=CC=C4N3)(C5=C(C=C6C(=C5)C78CCN9C7C(C=CC9)(C(C(C8N6C)(C(=O)OC)O)OC(=O)C)CC)OC)C(=O)OC)O,CCN(CC)CCNC(=O)C1=C(NC(=C1C)C=C2C3=C(C=CC(=C3)F)NC2=O)C,17.045,1,5.1152387,-1.0005,-18.840233,0.004447638988494873,2.822528600692749,0.9438811540603638
vinblastine,sunitinib,NCIH23,CCC1(CC2CC(C3=C(CCN(C2)C1)C4=CC=CC=C4N3)(C5=C(C=C6C(=C5)C78CCN9C7C(C=CC9)(C(C(C8N6C)(C(=O)OC)O)OC(=O)C)CC)OC)C(=O)OC)O,CCN(CC)CCNC(=O)C1=C(NC(=C1C)C=C2C3=C(C=CC(=C3)F)NC2=O)C,-1.25,0,-2.2684326,-1.195,-20.76889,-1.5281790494918823,0.2654898762702942,0.5659853219985962
vinblastine,sunitinib,NCIH520,CCC1(CC2CC(C3=C(CCN(C2)C1)C4=CC=CC=C4N3)(C5=C(C=C6C(=C5)C78CCN9C7C(C=CC9)(C(C(C8N6C)(C(=O)OC)O)OC(=O)C)CC)OC)C(=O)OC)O,CCN(CC)CCNC(=O)C1=C(NC(=C1C)C=C2C3=C(C=CC(=C3)F)NC2=O)C,4.17,1,2.7638528,-0.9335,-3.0830042,0.1662120521068573,2.488406181335449,0.9233250021934509
vinblastine,sunitinib,OV90,CCC1(CC2CC(C3=C(CCN(C2)C1)C4=CC=CC=C4N3)(C5=C(C=C6C(=C5)C78CCN9C7C(C=CC9)(C(C(C8N6C)(C(=O)OC)O)OC(=O)C)CC)OC)C(=O)OC)O,CCN(CC)CCNC(=O)C1=C(NC(=C1C)C=C2C3=C(C=CC(=C3)F)NC2=O)C,-2.205,0,-66.37204,-0.745,1.4892042,0.9864740371704102,-1.2073547840118408,0.23016943037509918
vinblastine,sunitinib,RKO,CCC1(CC2CC(C3=C(CCN(C2)C1)C4=CC=CC=C4N3)(C5=C(C=C6C(=C5)C78CCN9C7C(C=CC9)(C(C(C8N6C)(C(=O)OC)O)OC(=O)C)CC)OC)C(=O)OC)O,CCN(CC)CCNC(=O)C1=C(NC(=C1C)C=C2C3=C(C=CC(=C3)F)NC2=O)C,4.0,1,-0.45116225,-1.001,2.5012007,0.2634050250053406,1.3381028175354004,0.7921777367591858
vinblastine,sunitinib,SKMES1,CCC1(CC2CC(C3=C(CCN(C2)C1)C4=CC=CC=C4N3)(C5=C(C=C6C(=C5)C78CCN9C7C(C=CC9)(C(C(C8N6C)(C(=O)OC)O)OC(=O)C)CC)OC)C(=O)OC)O,CCN(CC)CCNC(=O)C1=C(NC(=C1C)C=C2C3=C(C=CC(=C3)F)NC2=O)C,-1.405,0,0.62242657,-0.3665,3.3725572,-1.0114896297454834,3.6276068687438965,0.9741084575653076
vinblastine,sunitinib,SKOV3,CCC1(CC2CC(C3=C(CCN(C2)C1)C4=CC=CC=C4N3)(C5=C(C=C6C(=C5)C78CCN9C7C(C=CC9)(C(C(C8N6C)(C(=O)OC)O)OC(=O)C)CC)OC)C(=O)OC)O,CCN(CC)CCNC(=O)C1=C(NC(=C1C)C=C2C3=C(C=CC(=C3)F)NC2=O)C,2.75,1,3.0050163,-0.2095,7.3697615,0.4004855453968048,0.21342521905899048,0.553154706954956
vinblastine,sunitinib,SW620,CCC1(CC2CC(C3=C(CCN(C2)C1)C4=CC=CC=C4N3)(C5=C(C=C6C(=C5)C78CCN9C7C(C=CC9)(C(C(C8N6C)(C(=O)OC)O)OC(=O)C)CC)OC)C(=O)OC)O,CCN(CC)CCNC(=O)C1=C(NC(=C1C)C=C2C3=C(C=CC(=C3)F)NC2=O)C,2.965,1,-0.018500406,-0.1083,3.4800825,-0.18761983513832092,0.01677096262574196,0.5041926503181458
vinblastine,sunitinib,T47D,CCC1(CC2CC(C3=C(CCN(C2)C1)C4=CC=CC=C4N3)(C5=C(C=C6C(=C5)C78CCN9C7C(C=CC9)(C(C(C8N6C)(C(=O)OC)O)OC(=O)C)CC)OC)C(=O)OC)O,CCN(CC)CCNC(=O)C1=C(NC(=C1C)C=C2C3=C(C=CC(=C3)F)NC2=O)C,4.32,1,-32.024567,-0.325,-2.6247394,0.5858381390571594,0.1358700841665268,0.5339153409004211
vinblastine,temozolomide,A2058,CCC1(CC2CC(C3=C(CCN(C2)C1)C4=CC=CC=C4N3)(C5=C(C=C6C(=C5)C78CCN9C7C(C=CC9)(C(C(C8N6C)(C(=O)OC)O)OC(=O)C)CC)OC)C(=O)OC)O,CN1C(=O)N2C=NC(=C2N=N1)C(=O)N,-6.385,0,-9.592472,-0.416,-5.5896673,-0.5086009502410889,-0.4914973974227905,0.37954089045524597
vinblastine,temozolomide,A2780,CCC1(CC2CC(C3=C(CCN(C2)C1)C4=CC=CC=C4N3)(C5=C(C=C6C(=C5)C78CCN9C7C(C=CC9)(C(C(C8N6C)(C(=O)OC)O)OC(=O)C)CC)OC)C(=O)OC)O,CN1C(=O)N2C=NC(=C2N=N1)C(=O)N,-0.5,0,-48.060066,-0.2375,-7.856915,2.0719199180603027,5.318496227264404,0.9951238036155701
vinblastine,temozolomide,A375,CCC1(CC2CC(C3=C(CCN(C2)C1)C4=CC=CC=C4N3)(C5=C(C=C6C(=C5)C78CCN9C7C(C=CC9)(C(C(C8N6C)(C(=O)OC)O)OC(=O)C)CC)OC)C(=O)OC)O,CN1C(=O)N2C=NC(=C2N=N1)C(=O)N,-6.505,0,-22.481207,-0.395,-4.0859866,0.11880069971084595,0.1814640760421753,0.5452418923377991
vinblastine,temozolomide,A427,CCC1(CC2CC(C3=C(CCN(C2)C1)C4=CC=CC=C4N3)(C5=C(C=C6C(=C5)C78CCN9C7C(C=CC9)(C(C(C8N6C)(C(=O)OC)O)OC(=O)C)CC)OC)C(=O)OC)O,CN1C(=O)N2C=NC(=C2N=N1)C(=O)N,-11.965,0,-0.977598,-0.4525,-10.494141,-0.7205528020858765,-2.487887382507324,0.07671169191598892
vinblastine,temozolomide,ES2,CCC1(CC2CC(C3=C(CCN(C2)C1)C4=CC=CC=C4N3)(C5=C(C=C6C(=C5)C78CCN9C7C(C=CC9)(C(C(C8N6C)(C(=O)OC)O)OC(=O)C)CC)OC)C(=O)OC)O,CN1C(=O)N2C=NC(=C2N=N1)C(=O)N,-7.02,0,-13.589789,-0.401,-5.2313395,0.2717878222465515,0.8598530888557434,0.7026299834251404
vinblastine,temozolomide,HCT116,CCC1(CC2CC(C3=C(CCN(C2)C1)C4=CC=CC=C4N3)(C5=C(C=C6C(=C5)C78CCN9C7C(C=CC9)(C(C(C8N6C)(C(=O)OC)O)OC(=O)C)CC)OC)C(=O)OC)O,CN1C(=O)N2C=NC(=C2N=N1)C(=O)N,-8.65,0,-95.661255,-0.12435,-11.471581,-0.5097618699073792,0.31830650568008423,0.5789114832878113
vinblastine,temozolomide,HT144,CCC1(CC2CC(C3=C(CCN(C2)C1)C4=CC=CC=C4N3)(C5=C(C=C6C(=C5)C78CCN9C7C(C=CC9)(C(C(C8N6C)(C(=O)OC)O)OC(=O)C)CC)OC)C(=O)OC)O,CN1C(=O)N2C=NC(=C2N=N1)C(=O)N,-5.365,0,-52.164623,-0.026,-12.261537,0.3044922649860382,0.36029118299484253,0.5891109108924866
vinblastine,temozolomide,HT29,CCC1(CC2CC(C3=C(CCN(C2)C1)C4=CC=CC=C4N3)(C5=C(C=C6C(=C5)C78CCN9C7C(C=CC9)(C(C(C8N6C)(C(=O)OC)O)OC(=O)C)CC)OC)C(=O)OC)O,CN1C(=O)N2C=NC(=C2N=N1)C(=O)N,-9.175,0,-70.30338,-0.03075,-11.715219,0.20836052298545837,0.46162915229797363,0.6134005784988403
vinblastine,temozolomide,LOVO,CCC1(CC2CC(C3=C(CCN(C2)C1)C4=CC=CC=C4N3)(C5=C(C=C6C(=C5)C78CCN9C7C(C=CC9)(C(C(C8N6C)(C(=O)OC)O)OC(=O)C)CC)OC)C(=O)OC)O,CN1C(=O)N2C=NC(=C2N=N1)C(=O)N,-6.105,0,-40.715942,-0.05425,-8.8094015,-1.1143019199371338,-1.2261384725570679,0.226857990026474
vinblastine,temozolomide,MDAMB436,CCC1(CC2CC(C3=C(CCN(C2)C1)C4=CC=CC=C4N3)(C5=C(C=C6C(=C5)C78CCN9C7C(C=CC9)(C(C(C8N6C)(C(=O)OC)O)OC(=O)C)CC)OC)C(=O)OC)O,CN1C(=O)N2C=NC(=C2N=N1)C(=O)N,-4.89,0,-10.91444,-0.04065,-6.4188824,0.6650427579879761,1.2529124021530151,0.7778035998344421
vinblastine,temozolomide,NCIH1650,CCC1(CC2CC(C3=C(CCN(C2)C1)C4=CC=CC=C4N3)(C5=C(C=C6C(=C5)C78CCN9C7C(C=CC9)(C(C(C8N6C)(C(=O)OC)O)OC(=O)C)CC)OC)C(=O)OC)O,CN1C(=O)N2C=NC(=C2N=N1)C(=O)N,-6.03,0,-71.99753,-0.02685,-13.763761,0.5198227167129517,-0.32078680396080017,0.4204840064048767
vinblastine,temozolomide,NCIH2122,CCC1(CC2CC(C3=C(CCN(C2)C1)C4=CC=CC=C4N3)(C5=C(C=C6C(=C5)C78CCN9C7C(C=CC9)(C(C(C8N6C)(C(=O)OC)O)OC(=O)C)CC)OC)C(=O)OC)O,CN1C(=O)N2C=NC(=C2N=N1)C(=O)N,-7.15,0,-10.010545,-0.0219,-21.622395,-0.5720447897911072,-0.5422794222831726,0.36765748262405396
vinblastine,temozolomide,NCIH23,CCC1(CC2CC(C3=C(CCN(C2)C1)C4=CC=CC=C4N3)(C5=C(C=C6C(=C5)C78CCN9C7C(C=CC9)(C(C(C8N6C)(C(=O)OC)O)OC(=O)C)CC)OC)C(=O)OC)O,CN1C(=O)N2C=NC(=C2N=N1)C(=O)N,-9.305,0,-16.505043,-0.0233,-24.967892,-1.5605872869491577,-0.17767208814620972,0.4556984305381775
vinblastine,temozolomide,NCIH520,CCC1(CC2CC(C3=C(CCN(C2)C1)C4=CC=CC=C4N3)(C5=C(C=C6C(=C5)C78CCN9C7C(C=CC9)(C(C(C8N6C)(C(=O)OC)O)OC(=O)C)CC)OC)C(=O)OC)O,CN1C(=O)N2C=NC(=C2N=N1)C(=O)N,-8.79,0,-46.473927,-0.02095,-12.914934,-0.664505660533905,1.0849227905273438,0.7474244236946106
vinblastine,temozolomide,OV90,CCC1(CC2CC(C3=C(CCN(C2)C1)C4=CC=CC=C4N3)(C5=C(C=C6C(=C5)C78CCN9C7C(C=CC9)(C(C(C8N6C)(C(=O)OC)O)OC(=O)C)CC)OC)C(=O)OC)O,CN1C(=O)N2C=NC(=C2N=N1)C(=O)N,-6.0,0,-21.97815,-0.08335,-9.07602,0.7955580949783325,-1.196601152420044,0.23208041489124298
vinblastine,temozolomide,RKO,CCC1(CC2CC(C3=C(CCN(C2)C1)C4=CC=CC=C4N3)(C5=C(C=C6C(=C5)C78CCN9C7C(C=CC9)(C(C(C8N6C)(C(=O)OC)O)OC(=O)C)CC)OC)C(=O)OC)O,CN1C(=O)N2C=NC(=C2N=N1)C(=O)N,-5.865,0,-88.12458,-0.05045,-5.5921373,0.3077456057071686,0.3082687258720398,0.5764626264572144
vinblastine,temozolomide,SKMES1,CCC1(CC2CC(C3=C(CCN(C2)C1)C4=CC=CC=C4N3)(C5=C(C=C6C(=C5)C78CCN9C7C(C=CC9)(C(C(C8N6C)(C(=O)OC)O)OC(=O)C)CC)OC)C(=O)OC)O,CN1C(=O)N2C=NC(=C2N=N1)C(=O)N,-8.98,0,-38.348576,-0.127,-7.3971815,0.5792347192764282,0.8548757433891296,0.7015889286994934
vinblastine,temozolomide,SKOV3,CCC1(CC2CC(C3=C(CCN(C2)C1)C4=CC=CC=C4N3)(C5=C(C=C6C(=C5)C78CCN9C7C(C=CC9)(C(C(C8N6C)(C(=O)OC)O)OC(=O)C)CC)OC)C(=O)OC)O,CN1C(=O)N2C=NC(=C2N=N1)C(=O)N,-2.52,0,-70.01641,-0.0945,-5.953596,0.22284555435180664,0.3737533986568451,0.5923656225204468
vinblastine,temozolomide,SW620,CCC1(CC2CC(C3=C(CCN(C2)C1)C4=CC=CC=C4N3)(C5=C(C=C6C(=C5)C78CCN9C7C(C=CC9)(C(C(C8N6C)(C(=O)OC)O)OC(=O)C)CC)OC)C(=O)OC)O,CN1C(=O)N2C=NC(=C2N=N1)C(=O)N,-6.755,0,-33.249588,-0.10575,-4.7380137,0.028949439525604248,-0.34664344787597656,0.41419661045074463
vinblastine,temozolomide,SW837,CCC1(CC2CC(C3=C(CCN(C2)C1)C4=CC=CC=C4N3)(C5=C(C=C6C(=C5)C78CCN9C7C(C=CC9)(C(C(C8N6C)(C(=O)OC)O)OC(=O)C)CC)OC)C(=O)OC)O,CN1C(=O)N2C=NC(=C2N=N1)C(=O)N,2.225,1,-71.42217,-0.252,-13.2193165,0.9242185354232788,1.8118634223937988,0.8595868945121765
vinblastine,temozolomide,T47D,CCC1(CC2CC(C3=C(CCN(C2)C1)C4=CC=CC=C4N3)(C5=C(C=C6C(=C5)C78CCN9C7C(C=CC9)(C(C(C8N6C)(C(=O)OC)O)OC(=O)C)CC)OC)C(=O)OC)O,CN1C(=O)N2C=NC(=C2N=N1)C(=O)N,4.91,1,-99.12157,-0.158,-17.333902,0.6872415542602539,0.19715458154678345,0.5491296052932739
vinorelbine,bortezomib,A2780,CCC1=CC2CC(C3=C(CN(C2)C1)C4=CC=CC=C4N3)(C5=C(C=C6C(=C5)C78CCN9C7C(C=CC9)(C(C(C8N6C)(C(=O)OC)O)OC(=O)C)CC)OC)C(=O)OC,B(C(CC(C)C)NC(=O)C(CC1=CC=CC=C1)NC(=O)C2=NC=CN=C2)(O)O,1.68,1,-2.499219,-0.2845,-25.358252,0.24627307057380676,5.068563938140869,0.9937479496002197
vinorelbine,bortezomib,A375,CCC1=CC2CC(C3=C(CN(C2)C1)C4=CC=CC=C4N3)(C5=C(C=C6C(=C5)C78CCN9C7C(C=CC9)(C(C(C8N6C)(C(=O)OC)O)OC(=O)C)CC)OC)C(=O)OC,B(C(CC(C)C)NC(=O)C(CC1=CC=CC=C1)NC(=O)C2=NC=CN=C2)(O)O,1.545,1,0.4108154,-0.197,-16.938732,0.19783194363117218,0.8264724612236023,0.6956085562705994
vinorelbine,bortezomib,A427,CCC1=CC2CC(C3=C(CN(C2)C1)C4=CC=CC=C4N3)(C5=C(C=C6C(=C5)C78CCN9C7C(C=CC9)(C(C(C8N6C)(C(=O)OC)O)OC(=O)C)CC)OC)C(=O)OC,B(C(CC(C)C)NC(=O)C(CC1=CC=CC=C1)NC(=O)C2=NC=CN=C2)(O)O,0.71,1,-4.853048,-0.3505,-29.008305,-1.6640822887420654,-1.5071420669555664,0.18136273324489594
vinorelbine,bortezomib,ES2,CCC1=CC2CC(C3=C(CN(C2)C1)C4=CC=CC=C4N3)(C5=C(C=C6C(=C5)C78CCN9C7C(C=CC9)(C(C(C8N6C)(C(=O)OC)O)OC(=O)C)CC)OC)C(=O)OC,B(C(CC(C)C)NC(=O)C(CC1=CC=CC=C1)NC(=O)C2=NC=CN=C2)(O)O,5.13,1,0.49953166,-0.2665,-18.03774,-0.7629696726799011,2.7258458137512207,0.9385345578193665
vinorelbine,bortezomib,HCT116,CCC1=CC2CC(C3=C(CN(C2)C1)C4=CC=CC=C4N3)(C5=C(C=C6C(=C5)C78CCN9C7C(C=CC9)(C(C(C8N6C)(C(=O)OC)O)OC(=O)C)CC)OC)C(=O)OC,B(C(CC(C)C)NC(=O)C(CC1=CC=CC=C1)NC(=O)C2=NC=CN=C2)(O)O,1.29,1,-3.2505894,-0.0645,-27.988068,-0.3910812437534332,0.06834663450717926,0.5170800089836121
vinorelbine,bortezomib,HT144,CCC1=CC2CC(C3=C(CN(C2)C1)C4=CC=CC=C4N3)(C5=C(C=C6C(=C5)C78CCN9C7C(C=CC9)(C(C(C8N6C)(C(=O)OC)O)OC(=O)C)CC)OC)C(=O)OC,B(C(CC(C)C)NC(=O)C(CC1=CC=CC=C1)NC(=O)C2=NC=CN=C2)(O)O,-0.79,0,-2.5208697,-0.204,-23.847279,-0.47987812757492065,0.5049209594726562,0.6236150860786438
vinorelbine,bortezomib,HT29,CCC1=CC2CC(C3=C(CN(C2)C1)C4=CC=CC=C4N3)(C5=C(C=C6C(=C5)C78CCN9C7C(C=CC9)(C(C(C8N6C)(C(=O)OC)O)OC(=O)C)CC)OC)C(=O)OC,B(C(CC(C)C)NC(=O)C(CC1=CC=CC=C1)NC(=O)C2=NC=CN=C2)(O)O,0.84,1,-3.4187977,-0.2505,-27.254154,-0.15854540467262268,0.44803112745285034,0.6101710200309753
vinorelbine,bortezomib,LOVO,CCC1=CC2CC(C3=C(CN(C2)C1)C4=CC=CC=C4N3)(C5=C(C=C6C(=C5)C78CCN9C7C(C=CC9)(C(C(C8N6C)(C(=O)OC)O)OC(=O)C)CC)OC)C(=O)OC,B(C(CC(C)C)NC(=O)C(CC1=CC=CC=C1)NC(=O)C2=NC=CN=C2)(O)O,-0.15,0,-0.7953808,-0.2505,-19.001377,-0.5994884967803955,-0.7347704172134399,0.3241487741470337
vinorelbine,bortezomib,MDAMB436,CCC1=CC2CC(C3=C(CN(C2)C1)C4=CC=CC=C4N3)(C5=C(C=C6C(=C5)C78CCN9C7C(C=CC9)(C(C(C8N6C)(C(=O)OC)O)OC(=O)C)CC)OC)C(=O)OC,B(C(CC(C)C)NC(=O)C(CC1=CC=CC=C1)NC(=O)C2=NC=CN=C2)(O)O,2.11,1,-4.737831,-0.306,-21.242659,-0.607975423336029,3.1401078701019287,0.9585171937942505
vinorelbine,bortezomib,NCIH1650,CCC1=CC2CC(C3=C(CN(C2)C1)C4=CC=CC=C4N3)(C5=C(C=C6C(=C5)C78CCN9C7C(C=CC9)(C(C(C8N6C)(C(=O)OC)O)OC(=O)C)CC)OC)C(=O)OC,B(C(CC(C)C)NC(=O)C(CC1=CC=CC=C1)NC(=O)C2=NC=CN=C2)(O)O,-1.885,0,-5.6695843,-0.2335,-26.028908,-0.10442599654197693,-5.224452495574951,0.005354481749236584
vinorelbine,bortezomib,NCIH2122,CCC1=CC2CC(C3=C(CN(C2)C1)C4=CC=CC=C4N3)(C5=C(C=C6C(=C5)C78CCN9C7C(C=CC9)(C(C(C8N6C)(C(=O)OC)O)OC(=O)C)CC)OC)C(=O)OC,B(C(CC(C)C)NC(=O)C(CC1=CC=CC=C1)NC(=O)C2=NC=CN=C2)(O)O,2.415,1,-6.101926,-0.2945,-39.56415,-0.2825084328651428,3.3277809619903564,0.965369701385498
vinorelbine,bortezomib,NCIH23,CCC1=CC2CC(C3=C(CN(C2)C1)C4=CC=CC=C4N3)(C5=C(C=C6C(=C5)C78CCN9C7C(C=CC9)(C(C(C8N6C)(C(=O)OC)O)OC(=O)C)CC)OC)C(=O)OC,B(C(CC(C)C)NC(=O)C(CC1=CC=CC=C1)NC(=O)C2=NC=CN=C2)(O)O,-23.62,0,-61.080467,-0.31,-45.680794,-1.8259329795837402,-0.5136961936950684,0.3743274509906769
vinorelbine,bortezomib,OV90,CCC1=CC2CC(C3=C(CN(C2)C1)C4=CC=CC=C4N3)(C5=C(C=C6C(=C5)C78CCN9C7C(C=CC9)(C(C(C8N6C)(C(=O)OC)O)OC(=O)C)CC)OC)C(=O)OC,B(C(CC(C)C)NC(=O)C(CC1=CC=CC=C1)NC(=O)C2=NC=CN=C2)(O)O,-1.07,0,-3.9738743,-0.3415,-20.62344,0.8370864391326904,-2.171861171722412,0.10230597853660583
vinorelbine,bortezomib,RKO,CCC1=CC2CC(C3=C(CN(C2)C1)C4=CC=CC=C4N3)(C5=C(C=C6C(=C5)C78CCN9C7C(C=CC9)(C(C(C8N6C)(C(=O)OC)O)OC(=O)C)CC)OC)C(=O)OC,B(C(CC(C)C)NC(=O)C(CC1=CC=CC=C1)NC(=O)C2=NC=CN=C2)(O)O,0.65,1,-3.8360608,-0.3055,-20.948801,0.3057878017425537,2.4625766277313232,0.9214763045310974
vinorelbine,bortezomib,SKMES1,CCC1=CC2CC(C3=C(CN(C2)C1)C4=CC=CC=C4N3)(C5=C(C=C6C(=C5)C78CCN9C7C(C=CC9)(C(C(C8N6C)(C(=O)OC)O)OC(=O)C)CC)OC)C(=O)OC,B(C(CC(C)C)NC(=O)C(CC1=CC=CC=C1)NC(=O)C2=NC=CN=C2)(O)O,0.925,1,-1.8979553,-0.4045,-21.425625,0.08456741273403168,1.6716488599777222,0.8417955636978149
vinorelbine,bortezomib,SKOV3,CCC1=CC2CC(C3=C(CN(C2)C1)C4=CC=CC=C4N3)(C5=C(C=C6C(=C5)C78CCN9C7C(C=CC9)(C(C(C8N6C)(C(=O)OC)O)OC(=O)C)CC)OC)C(=O)OC,B(C(CC(C)C)NC(=O)C(CC1=CC=CC=C1)NC(=O)C2=NC=CN=C2)(O)O,-2.235,0,-3.147927,-0.379,-15.938047,0.35861507058143616,-0.19947105646133423,0.45029690861701965
vinorelbine,bortezomib,SW620,CCC1=CC2CC(C3=C(CN(C2)C1)C4=CC=CC=C4N3)(C5=C(C=C6C(=C5)C78CCN9C7C(C=CC9)(C(C(C8N6C)(C(=O)OC)O)OC(=O)C)CC)OC)C(=O)OC,B(C(CC(C)C)NC(=O)C(CC1=CC=CC=C1)NC(=O)C2=NC=CN=C2)(O)O,2.7,1,-0.42985183,-0.3085,-19.093962,0.06018489599227905,-0.09878811240196228,0.4753230810165405
vinorelbine,bortezomib,T47D,CCC1=CC2CC(C3=C(CN(C2)C1)C4=CC=CC=C4N3)(C5=C(C=C6C(=C5)C78CCN9C7C(C=CC9)(C(C(C8N6C)(C(=O)OC)O)OC(=O)C)CC)OC)C(=O)OC,B(C(CC(C)C)NC(=O)C(CC1=CC=CC=C1)NC(=O)C2=NC=CN=C2)(O)O,-1.84,0,-2.6863809,-0.4135,-30.754753,0.3625285029411316,-0.2287229597568512,0.4430672526359558
vinorelbine,dasatinib,A2058,CCC1=CC2CC(C3=C(CN(C2)C1)C4=CC=CC=C4N3)(C5=C(C=C6C(=C5)C78CCN9C7C(C=CC9)(C(C(C8N6C)(C(=O)OC)O)OC(=O)C)CC)OC)C(=O)OC,CC1=C(C(=CC=C1)Cl)NC(=O)C2=CN=C(S2)NC3=NC(=NC(=C3)N4CCN(CC4)CCO)C,-1.42,0,-7.6149507,-0.173,12.633511,-0.7149462699890137,-0.2781093120574951,0.430917352437973
vinorelbine,dasatinib,A2780,CCC1=CC2CC(C3=C(CN(C2)C1)C4=CC=CC=C4N3)(C5=C(C=C6C(=C5)C78CCN9C7C(C=CC9)(C(C(C8N6C)(C(=O)OC)O)OC(=O)C)CC)OC)C(=O)OC,CC1=C(C(=CC=C1)Cl)NC(=O)C2=CN=C(S2)NC3=NC(=NC(=C3)N4CCN(CC4)CCO)C,7.32,1,3.0736084,-0.174,15.839655,-0.057827092707157135,6.19430685043335,0.9979631900787354
vinorelbine,dasatinib,A375,CCC1=CC2CC(C3=C(CN(C2)C1)C4=CC=CC=C4N3)(C5=C(C=C6C(=C5)C78CCN9C7C(C=CC9)(C(C(C8N6C)(C(=O)OC)O)OC(=O)C)CC)OC)C(=O)OC,CC1=C(C(=CC=C1)Cl)NC(=O)C2=CN=C(S2)NC3=NC(=NC(=C3)N4CCN(CC4)CCO)C,6.56,1,6.5622835,-0.1065,19.431808,-0.6387673616409302,-0.07437282800674438,0.481415331363678
vinorelbine,dasatinib,A427,CCC1=CC2CC(C3=C(CN(C2)C1)C4=CC=CC=C4N3)(C5=C(C=C6C(=C5)C78CCN9C7C(C=CC9)(C(C(C8N6C)(C(=O)OC)O)OC(=O)C)CC)OC)C(=O)OC,CC1=C(C(=CC=C1)Cl)NC(=O)C2=CN=C(S2)NC3=NC(=NC(=C3)N4CCN(CC4)CCO)C,1.015,1,5.3018694,-0.0902,10.849768,-0.7479231357574463,0.6546847820281982,0.6580653786659241
vinorelbine,dasatinib,ES2,CCC1=CC2CC(C3=C(CN(C2)C1)C4=CC=CC=C4N3)(C5=C(C=C6C(=C5)C78CCN9C7C(C=CC9)(C(C(C8N6C)(C(=O)OC)O)OC(=O)C)CC)OC)C(=O)OC,CC1=C(C(=CC=C1)Cl)NC(=O)C2=CN=C(S2)NC3=NC(=NC(=C3)N4CCN(CC4)CCO)C,7.67,1,-11.140995,-0.05595,14.532505,-0.07525467872619629,1.5449496507644653,0.8241831064224243
vinorelbine,dasatinib,HCT116,CCC1=CC2CC(C3=C(CN(C2)C1)C4=CC=CC=C4N3)(C5=C(C=C6C(=C5)C78CCN9C7C(C=CC9)(C(C(C8N6C)(C(=O)OC)O)OC(=O)C)CC)OC)C(=O)OC,CC1=C(C(=CC=C1)Cl)NC(=O)C2=CN=C(S2)NC3=NC(=NC(=C3)N4CCN(CC4)CCO)C,6.105,1,-21.884014,-0.0498,5.868433,-0.7471649646759033,0.35599732398986816,0.5880711674690247
vinorelbine,dasatinib,HT144,CCC1=CC2CC(C3=C(CN(C2)C1)C4=CC=CC=C4N3)(C5=C(C=C6C(=C5)C78CCN9C7C(C=CC9)(C(C(C8N6C)(C(=O)OC)O)OC(=O)C)CC)OC)C(=O)OC,CC1=C(C(=CC=C1)Cl)NC(=O)C2=CN=C(S2)NC3=NC(=NC(=C3)N4CCN(CC4)CCO)C,6.215,1,-33.23663,-0.2505,6.325453,0.12707030773162842,0.1532953381538391,0.5382489562034607
vinorelbine,dasatinib,HT29,CCC1=CC2CC(C3=C(CN(C2)C1)C4=CC=CC=C4N3)(C5=C(C=C6C(=C5)C78CCN9C7C(C=CC9)(C(C(C8N6C)(C(=O)OC)O)OC(=O)C)CC)OC)C(=O)OC,CC1=C(C(=CC=C1)Cl)NC(=O)C2=CN=C(S2)NC3=NC(=NC(=C3)N4CCN(CC4)CCO)C,1.395,1,6.372306,-0.33,9.959944,0.13318806886672974,0.15972568094730377,0.5398467779159546
vinorelbine,dasatinib,LOVO,CCC1=CC2CC(C3=C(CN(C2)C1)C4=CC=CC=C4N3)(C5=C(C=C6C(=C5)C78CCN9C7C(C=CC9)(C(C(C8N6C)(C(=O)OC)O)OC(=O)C)CC)OC)C(=O)OC,CC1=C(C(=CC=C1)Cl)NC(=O)C2=CN=C(S2)NC3=NC(=NC(=C3)N4CCN(CC4)CCO)C,-0.865,0,7.890943,-0.2065,17.568504,0.22218430042266846,-2.8446362018585205,0.054959237575531006
vinorelbine,dasatinib,MDAMB436,CCC1=CC2CC(C3=C(CN(C2)C1)C4=CC=CC=C4N3)(C5=C(C=C6C(=C5)C78CCN9C7C(C=CC9)(C(C(C8N6C)(C(=O)OC)O)OC(=O)C)CC)OC)C(=O)OC,CC1=C(C(=CC=C1)Cl)NC(=O)C2=CN=C(S2)NC3=NC(=NC(=C3)N4CCN(CC4)CCO)C,1.85,1,-0.9205666,-0.17,12.298774,-0.08698689937591553,3.1327927112579346,0.9582253098487854
vinorelbine,dasatinib,NCIH1650,CCC1=CC2CC(C3=C(CN(C2)C1)C4=CC=CC=C4N3)(C5=C(C=C6C(=C5)C78CCN9C7C(C=CC9)(C(C(C8N6C)(C(=O)OC)O)OC(=O)C)CC)OC)C(=O)OC,CC1=C(C(=CC=C1)Cl)NC(=O)C2=CN=C(S2)NC3=NC(=NC(=C3)N4CCN(CC4)CCO)C,-1.38,0,8.447852,-0.157,16.581861,0.8924165964126587,-3.962714433670044,0.018656745553016663
vinorelbine,dasatinib,NCIH2122,CCC1=CC2CC(C3=C(CN(C2)C1)C4=CC=CC=C4N3)(C5=C(C=C6C(=C5)C78CCN9C7C(C=CC9)(C(C(C8N6C)(C(=O)OC)O)OC(=O)C)CC)OC)C(=O)OC,CC1=C(C(=CC=C1)Cl)NC(=O)C2=CN=C(S2)NC3=NC(=NC(=C3)N4CCN(CC4)CCO)C,9.35,1,-49.656174,-0.1978,-11.742828,-1.1336190700531006,2.631514310836792,0.9328624606132507
vinorelbine,dasatinib,NCIH23,CCC1=CC2CC(C3=C(CN(C2)C1)C4=CC=CC=C4N3)(C5=C(C=C6C(=C5)C78CCN9C7C(C=CC9)(C(C(C8N6C)(C(=O)OC)O)OC(=O)C)CC)OC)C(=O)OC,CC1=C(C(=CC=C1)Cl)NC(=O)C2=CN=C(S2)NC3=NC(=NC(=C3)N4CCN(CC4)CCO)C,-2.385,0,-23.99832,-0.1032,-12.140114,-1.9245610237121582,-0.02650802955031395,0.4933733344078064
vinorelbine,dasatinib,NCIH520,CCC1=CC2CC(C3=C(CN(C2)C1)C4=CC=CC=C4N3)(C5=C(C=C6C(=C5)C78CCN9C7C(C=CC9)(C(C(C8N6C)(C(=O)OC)O)OC(=O)C)CC)OC)C(=O)OC,CC1=C(C(=CC=C1)Cl)NC(=O)C2=CN=C(S2)NC3=NC(=NC(=C3)N4CCN(CC4)CCO)C,-3.57,0,0.7817288,-0.145,11.97008,-0.8441994786262512,1.0898228883743286,0.7483483552932739
vinorelbine,dasatinib,RKO,CCC1=CC2CC(C3=C(CN(C2)C1)C4=CC=CC=C4N3)(C5=C(C=C6C(=C5)C78CCN9C7C(C=CC9)(C(C(C8N6C)(C(=O)OC)O)OC(=O)C)CC)OC)C(=O)OC,CC1=C(C(=CC=C1)Cl)NC(=O)C2=CN=C(S2)NC3=NC(=NC(=C3)N4CCN(CC4)CCO)C,0.63,1,3.3796215,-0.0713,13.989732,0.01680459827184677,-0.47638440132141113,0.3831062614917755
vinorelbine,dasatinib,SKMES1,CCC1=CC2CC(C3=C(CN(C2)C1)C4=CC=CC=C4N3)(C5=C(C=C6C(=C5)C78CCN9C7C(C=CC9)(C(C(C8N6C)(C(=O)OC)O)OC(=O)C)CC)OC)C(=O)OC,CC1=C(C(=CC=C1)Cl)NC(=O)C2=CN=C(S2)NC3=NC(=NC(=C3)N4CCN(CC4)CCO)C,-0.76,0,5.3187747,-0.0547,14.130904,-0.4014752209186554,0.6397886872291565,0.6547057032585144
vinorelbine,dasatinib,SKOV3,CCC1=CC2CC(C3=C(CN(C2)C1)C4=CC=CC=C4N3)(C5=C(C=C6C(=C5)C78CCN9C7C(C=CC9)(C(C(C8N6C)(C(=O)OC)O)OC(=O)C)CC)OC)C(=O)OC,CC1=C(C(=CC=C1)Cl)NC(=O)C2=CN=C(S2)NC3=NC(=NC(=C3)N4CCN(CC4)CCO)C,-0.685,0,3.847661,-0.2505,17.38374,0.16760683059692383,-0.27803945541381836,0.43093445897102356
vinorelbine,dasatinib,SW620,CCC1=CC2CC(C3=C(CN(C2)C1)C4=CC=CC=C4N3)(C5=C(C=C6C(=C5)C78CCN9C7C(C=CC9)(C(C(C8N6C)(C(=O)OC)O)OC(=O)C)CC)OC)C(=O)OC,CC1=C(C(=CC=C1)Cl)NC(=O)C2=CN=C(S2)NC3=NC(=NC(=C3)N4CCN(CC4)CCO)C,3.495,1,-7.5650034,-0.33,15.227725,-0.36393794417381287,0.35536882281303406,0.5879188776016235
vinorelbine,dasatinib,SW837,CCC1=CC2CC(C3=C(CN(C2)C1)C4=CC=CC=C4N3)(C5=C(C=C6C(=C5)C78CCN9C7C(C=CC9)(C(C(C8N6C)(C(=O)OC)O)OC(=O)C)CC)OC)C(=O)OC,CC1=C(C(=CC=C1)Cl)NC(=O)C2=CN=C(S2)NC3=NC(=NC(=C3)N4CCN(CC4)CCO)C,-3.005,0,9.41606,-0.23,16.592323,1.2833768129348755,0.9464796185493469,0.7204066514968872
vinorelbine,dasatinib,T47D,CCC1=CC2CC(C3=C(CN(C2)C1)C4=CC=CC=C4N3)(C5=C(C=C6C(=C5)C78CCN9C7C(C=CC9)(C(C(C8N6C)(C(=O)OC)O)OC(=O)C)CC)OC)C(=O)OC,CC1=C(C(=CC=C1)Cl)NC(=O)C2=CN=C(S2)NC3=NC(=NC(=C3)N4CCN(CC4)CCO)C,3.875,1,2.1402645,-0.2455,12.652758,0.468343585729599,-0.17986245453357697,0.45515522360801697
vinorelbine,dinaciclib,A2780,CCC1=CC2CC(C3=C(CN(C2)C1)C4=CC=CC=C4N3)(C5=C(C=C6C(=C5)C78CCN9C7C(C=CC9)(C(C(C8N6C)(C(=O)OC)O)OC(=O)C)CC)OC)C(=O)OC,CCC1=C2N=C(C=C(N2N=C1)NCC3=C[N+](=CC=C3)[O-])N4CCCCC4CCO,2.53,1,-0.71664137,-0.176,-12.389822,0.7560133337974548,6.647284507751465,0.9987040758132935
vinorelbine,dinaciclib,A375,CCC1=CC2CC(C3=C(CN(C2)C1)C4=CC=CC=C4N3)(C5=C(C=C6C(=C5)C78CCN9C7C(C=CC9)(C(C(C8N6C)(C(=O)OC)O)OC(=O)C)CC)OC)C(=O)OC,CCC1=C2N=C(C=C(N2N=C1)NCC3=C[N+](=CC=C3)[O-])N4CCCCC4CCO,-16.675,0,-2.023621,-0.243,-5.8965983,-0.30620989203453064,3.0302011966705322,0.9539200663566589
vinorelbine,dinaciclib,ES2,CCC1=CC2CC(C3=C(CN(C2)C1)C4=CC=CC=C4N3)(C5=C(C=C6C(=C5)C78CCN9C7C(C=CC9)(C(C(C8N6C)(C(=O)OC)O)OC(=O)C)CC)OC)C(=O)OC,CCC1=C2N=C(C=C(N2N=C1)NCC3=C[N+](=CC=C3)[O-])N4CCCCC4CCO,5.695,1,-0.28691462,-0.2485,-7.8214836,0.7627525329589844,1.046230673789978,0.7400504350662231
vinorelbine,dinaciclib,HCT116,CCC1=CC2CC(C3=C(CN(C2)C1)C4=CC=CC=C4N3)(C5=C(C=C6C(=C5)C78CCN9C7C(C=CC9)(C(C(C8N6C)(C(=O)OC)O)OC(=O)C)CC)OC)C(=O)OC,CCC1=C2N=C(C=C(N2N=C1)NCC3=C[N+](=CC=C3)[O-])N4CCCCC4CCO,0.57,1,-1.8010427,-0.1895,-18.373922,-0.4357561469078064,0.3407493233680725,0.5843725204467773
vinorelbine,dinaciclib,HT144,CCC1=CC2CC(C3=C(CN(C2)C1)C4=CC=CC=C4N3)(C5=C(C=C6C(=C5)C78CCN9C7C(C=CC9)(C(C(C8N6C)(C(=O)OC)O)OC(=O)C)CC)OC)C(=O)OC,CCC1=C2N=C(C=C(N2N=C1)NCC3=C[N+](=CC=C3)[O-])N4CCCCC4CCO,-2.405,0,0.088593885,-0.2475,-13.457762,-0.8970853090286255,-1.3797518014907837,0.2010488659143448
vinorelbine,dinaciclib,HT29,CCC1=CC2CC(C3=C(CN(C2)C1)C4=CC=CC=C4N3)(C5=C(C=C6C(=C5)C78CCN9C7C(C=CC9)(C(C(C8N6C)(C(=O)OC)O)OC(=O)C)CC)OC)C(=O)OC,CCC1=C2N=C(C=C(N2N=C1)NCC3=C[N+](=CC=C3)[O-])N4CCCCC4CCO,0.555,1,-2.375496,-0.2645,-16.970657,0.5282442569732666,0.775913655757904,0.6847987771034241
vinorelbine,dinaciclib,NCIH2122,CCC1=CC2CC(C3=C(CN(C2)C1)C4=CC=CC=C4N3)(C5=C(C=C6C(=C5)C78CCN9C7C(C=CC9)(C(C(C8N6C)(C(=O)OC)O)OC(=O)C)CC)OC)C(=O)OC,CCC1=C2N=C(C=C(N2N=C1)NCC3=C[N+](=CC=C3)[O-])N4CCCCC4CCO,2.915,1,2.736608,-0.2535,-29.88504,0.926519513130188,1.9350968599319458,0.8738124966621399
vinorelbine,dinaciclib,NCIH23,CCC1=CC2CC(C3=C(CN(C2)C1)C4=CC=CC=C4N3)(C5=C(C=C6C(=C5)C78CCN9C7C(C=CC9)(C(C(C8N6C)(C(=O)OC)O)OC(=O)C)CC)OC)C(=O)OC,CCC1=C2N=C(C=C(N2N=C1)NCC3=C[N+](=CC=C3)[O-])N4CCCCC4CCO,-0.21,0,-7.743265,-0.2995,-34.171513,-1.6684963703155518,0.7251312136650085,0.6737359166145325
vinorelbine,dinaciclib,RKO,CCC1=CC2CC(C3=C(CN(C2)C1)C4=CC=CC=C4N3)(C5=C(C=C6C(=C5)C78CCN9C7C(C=CC9)(C(C(C8N6C)(C(=O)OC)O)OC(=O)C)CC)OC)C(=O)OC,CCC1=C2N=C(C=C(N2N=C1)NCC3=C[N+](=CC=C3)[O-])N4CCCCC4CCO,4.855,1,-0.6927763,-0.19,-10.001432,0.16686588525772095,1.547405481338501,0.8245387077331543
vinorelbine,dinaciclib,SKOV3,CCC1=CC2CC(C3=C(CN(C2)C1)C4=CC=CC=C4N3)(C5=C(C=C6C(=C5)C78CCN9C7C(C=CC9)(C(C(C8N6C)(C(=O)OC)O)OC(=O)C)CC)OC)C(=O)OC,CCC1=C2N=C(C=C(N2N=C1)NCC3=C[N+](=CC=C3)[O-])N4CCCCC4CCO,3.5,1,-3.5365517,-0.23,-7.1024275,0.3909533619880676,0.4185021221637726,0.6031247973442078
vinorelbine,dinaciclib,SW620,CCC1=CC2CC(C3=C(CN(C2)C1)C4=CC=CC=C4N3)(C5=C(C=C6C(=C5)C78CCN9C7C(C=CC9)(C(C(C8N6C)(C(=O)OC)O)OC(=O)C)CC)OC)C(=O)OC,CCC1=C2N=C(C=C(N2N=C1)NCC3=C[N+](=CC=C3)[O-])N4CCCCC4CCO,2.885,1,-1.4873402,-0.09085,-9.498432,0.3541833162307739,1.4552078247070312,0.8107986450195312
vinorelbine,dinaciclib,SW837,CCC1=CC2CC(C3=C(CN(C2)C1)C4=CC=CC=C4N3)(C5=C(C=C6C(=C5)C78CCN9C7C(C=CC9)(C(C(C8N6C)(C(=O)OC)O)OC(=O)C)CC)OC)C(=O)OC,CCC1=C2N=C(C=C(N2N=C1)NCC3=C[N+](=CC=C3)[O-])N4CCCCC4CCO,-2.59,0,-0.57261336,-0.1758,-13.437849,1.224197268486023,1.5367329120635986,0.822989284992218
vinorelbine,dinaciclib,T47D,CCC1=CC2CC(C3=C(CN(C2)C1)C4=CC=CC=C4N3)(C5=C(C=C6C(=C5)C78CCN9C7C(C=CC9)(C(C(C8N6C)(C(=O)OC)O)OC(=O)C)CC)OC)C(=O)OC,CCC1=C2N=C(C=C(N2N=C1)NCC3=C[N+](=CC=C3)[O-])N4CCCCC4CCO,2.825,1,-0.48247585,-0.16905,-17.256966,0.9482237100601196,0.3616796135902405,0.5894469618797302
vinorelbine,erlotinib,A2058,CCC1=CC2CC(C3=C(CN(C2)C1)C4=CC=CC=C4N3)(C5=C(C=C6C(=C5)C78CCN9C7C(C=CC9)(C(C(C8N6C)(C(=O)OC)O)OC(=O)C)CC)OC)C(=O)OC,COCCOC1=C(C=C2C(=C1)C(=NC=N2)NC3=CC=CC(=C3)C#C)OCCOC,4.575,1,-2.1247265,-0.0235,3.8456163,-0.4722725749015808,1.3775885105133057,0.7986034154891968
vinorelbine,erlotinib,A2780,CCC1=CC2CC(C3=C(CN(C2)C1)C4=CC=CC=C4N3)(C5=C(C=C6C(=C5)C78CCN9C7C(C=CC9)(C(C(C8N6C)(C(=O)OC)O)OC(=O)C)CC)OC)C(=O)OC,COCCOC1=C(C=C2C(=C1)C(=NC=N2)NC3=CC=CC(=C3)C#C)OCCOC,5.435,1,5.0217085,-0.1611,1.9464613,1.1322046518325806,4.336743354797363,0.9870898127555847
vinorelbine,erlotinib,A375,CCC1=CC2CC(C3=C(CN(C2)C1)C4=CC=CC=C4N3)(C5=C(C=C6C(=C5)C78CCN9C7C(C=CC9)(C(C(C8N6C)(C(=O)OC)O)OC(=O)C)CC)OC)C(=O)OC,COCCOC1=C(C=C2C(=C1)C(=NC=N2)NC3=CC=CC(=C3)C#C)OCCOC,13.475,1,7.3278074,-0.1426,10.273023,-1.0775247812271118,2.417353391647339,0.9181410670280457
vinorelbine,erlotinib,A427,CCC1=CC2CC(C3=C(CN(C2)C1)C4=CC=CC=C4N3)(C5=C(C=C6C(=C5)C78CCN9C7C(C=CC9)(C(C(C8N6C)(C(=O)OC)O)OC(=O)C)CC)OC)C(=O)OC,COCCOC1=C(C=C2C(=C1)C(=NC=N2)NC3=CC=CC(=C3)C#C)OCCOC,2.1,1,1.32061,-0.36,-2.169971,-1.1614806652069092,2.131565809249878,0.8939335346221924
vinorelbine,erlotinib,HCT116,CCC1=CC2CC(C3=C(CN(C2)C1)C4=CC=CC=C4N3)(C5=C(C=C6C(=C5)C78CCN9C7C(C=CC9)(C(C(C8N6C)(C(=O)OC)O)OC(=O)C)CC)OC)C(=O)OC,COCCOC1=C(C=C2C(=C1)C(=NC=N2)NC3=CC=CC(=C3)C#C)OCCOC,6.22,1,3.305063,-0.2065,-0.8662403,-0.5865954160690308,0.7542447447776794,0.6801028847694397
vinorelbine,erlotinib,HT144,CCC1=CC2CC(C3=C(CN(C2)C1)C4=CC=CC=C4N3)(C5=C(C=C6C(=C5)C78CCN9C7C(C=CC9)(C(C(C8N6C)(C(=O)OC)O)OC(=O)C)CC)OC)C(=O)OC,COCCOC1=C(C=C2C(=C1)C(=NC=N2)NC3=CC=CC(=C3)C#C)OCCOC,2.855,1,4.0958104,-0.2805,1.3923553,-0.926233172416687,-0.2829068601131439,0.4297412633895874
vinorelbine,erlotinib,LOVO,CCC1=CC2CC(C3=C(CN(C2)C1)C4=CC=CC=C4N3)(C5=C(C=C6C(=C5)C78CCN9C7C(C=CC9)(C(C(C8N6C)(C(=O)OC)O)OC(=O)C)CC)OC)C(=O)OC,COCCOC1=C(C=C2C(=C1)C(=NC=N2)NC3=CC=CC(=C3)C#C)OCCOC,-0.895,0,5.331072,-0.313,9.58153,-0.3167066276073456,-2.757819890975952,0.05964653193950653
vinorelbine,erlotinib,MDAMB436,CCC1=CC2CC(C3=C(CN(C2)C1)C4=CC=CC=C4N3)(C5=C(C=C6C(=C5)C78CCN9C7C(C=CC9)(C(C(C8N6C)(C(=O)OC)O)OC(=O)C)CC)OC)C(=O)OC,COCCOC1=C(C=C2C(=C1)C(=NC=N2)NC3=CC=CC(=C3)C#C)OCCOC,3.645,1,0.22893183,-0.12835,0.84320027,-0.208830326795578,1.3801848888397217,0.7990206480026245
vinorelbine,erlotinib,NCIH1650,CCC1=CC2CC(C3=C(CN(C2)C1)C4=CC=CC=C4N3)(C5=C(C=C6C(=C5)C78CCN9C7C(C=CC9)(C(C(C8N6C)(C(=O)OC)O)OC(=O)C)CC)OC)C(=O)OC,COCCOC1=C(C=C2C(=C1)C(=NC=N2)NC3=CC=CC(=C3)C#C)OCCOC,-2.1,0,5.1809807,-0.1008,3.6379166,-0.5597010850906372,-3.868263006210327,0.020466983318328857
vinorelbine,erlotinib,NCIH2122,CCC1=CC2CC(C3=C(CN(C2)C1)C4=CC=CC=C4N3)(C5=C(C=C6C(=C5)C78CCN9C7C(C=CC9)(C(C(C8N6C)(C(=O)OC)O)OC(=O)C)CC)OC)C(=O)OC,COCCOC1=C(C=C2C(=C1)C(=NC=N2)NC3=CC=CC(=C3)C#C)OCCOC,2.435,1,4.3257055,-0.2175,-15.187635,-0.8539148569107056,3.527439832687378,0.9714584946632385
vinorelbine,erlotinib,NCIH23,CCC1=CC2CC(C3=C(CN(C2)C1)C4=CC=CC=C4N3)(C5=C(C=C6C(=C5)C78CCN9C7C(C=CC9)(C(C(C8N6C)(C(=O)OC)O)OC(=O)C)CC)OC)C(=O)OC,COCCOC1=C(C=C2C(=C1)C(=NC=N2)NC3=CC=CC(=C3)C#C)OCCOC,-1.3,0,-3.5597777,-0.167,-23.47424,-1.8770664930343628,-0.011427309364080429,0.4971432387828827
vinorelbine,erlotinib,OV90,CCC1=CC2CC(C3=C(CN(C2)C1)C4=CC=CC=C4N3)(C5=C(C=C6C(=C5)C78CCN9C7C(C=CC9)(C(C(C8N6C)(C(=O)OC)O)OC(=O)C)CC)OC)C(=O)OC,COCCOC1=C(C=C2C(=C1)C(=NC=N2)NC3=CC=CC(=C3)C#C)OCCOC,2.075,1,3.0148134,-0.1605,3.5662706,-0.10907995700836182,-2.105679512023926,0.10854602605104446
vinorelbine,erlotinib,RKO,CCC1=CC2CC(C3=C(CN(C2)C1)C4=CC=CC=C4N3)(C5=C(C=C6C(=C5)C78CCN9C7C(C=CC9)(C(C(C8N6C)(C(=O)OC)O)OC(=O)C)CC)OC)C(=O)OC,COCCOC1=C(C=C2C(=C1)C(=NC=N2)NC3=CC=CC(=C3)C#C)OCCOC,1.935,1,-7.143711,-0.0614,3.5197563,0.19128718972206116,-1.5273385047912598,0.17838343977928162
vinorelbine,erlotinib,SKMES1,CCC1=CC2CC(C3=C(CN(C2)C1)C4=CC=CC=C4N3)(C5=C(C=C6C(=C5)C78CCN9C7C(C=CC9)(C(C(C8N6C)(C(=O)OC)O)OC(=O)C)CC)OC)C(=O)OC,COCCOC1=C(C=C2C(=C1)C(=NC=N2)NC3=CC=CC(=C3)C#C)OCCOC,4.61,1,3.3127768,-0.2505,5.418018,-0.41913893818855286,1.476198673248291,0.813997745513916
vinorelbine,erlotinib,SKOV3,CCC1=CC2CC(C3=C(CN(C2)C1)C4=CC=CC=C4N3)(C5=C(C=C6C(=C5)C78CCN9C7C(C=CC9)(C(C(C8N6C)(C(=O)OC)O)OC(=O)C)CC)OC)C(=O)OC,COCCOC1=C(C=C2C(=C1)C(=NC=N2)NC3=CC=CC(=C3)C#C)OCCOC,4.76,1,5.962165,-0.3345,10.934314,0.14630961418151855,0.23603177070617676,0.5587354898452759
vinorelbine,erlotinib,SW620,CCC1=CC2CC(C3=C(CN(C2)C1)C4=CC=CC=C4N3)(C5=C(C=C6C(=C5)C78CCN9C7C(C=CC9)(C(C(C8N6C)(C(=O)OC)O)OC(=O)C)CC)OC)C(=O)OC,COCCOC1=C(C=C2C(=C1)C(=NC=N2)NC3=CC=CC(=C3)C#C)OCCOC,9.96,1,-2.7461038,-0.2065,5.301227,-0.2561779320240021,0.728104829788208,0.6743892431259155
vinorelbine,erlotinib,SW837,CCC1=CC2CC(C3=C(CN(C2)C1)C4=CC=CC=C4N3)(C5=C(C=C6C(=C5)C78CCN9C7C(C=CC9)(C(C(C8N6C)(C(=O)OC)O)OC(=O)C)CC)OC)C(=O)OC,COCCOC1=C(C=C2C(=C1)C(=NC=N2)NC3=CC=CC(=C3)C#C)OCCOC,3.345,1,6.6729774,-0.2805,7.371384,0.2480354905128479,2.401411771774292,0.9169348478317261
vinorelbine,erlotinib,T47D,CCC1=CC2CC(C3=C(CN(C2)C1)C4=CC=CC=C4N3)(C5=C(C=C6C(=C5)C78CCN9C7C(C=CC9)(C(C(C8N6C)(C(=O)OC)O)OC(=O)C)CC)OC)C(=O)OC,COCCOC1=C(C=C2C(=C1)C(=NC=N2)NC3=CC=CC(=C3)C#C)OCCOC,-4.61,0,5.6603403,-0.313,-0.5153144,0.38785284757614136,-0.015490468591451645,0.4961274266242981
vinorelbine,geldanamycin,A2058,CCC1=CC2CC(C3=C(CN(C2)C1)C4=CC=CC=C4N3)(C5=C(C=C6C(=C5)C78CCN9C7C(C=CC9)(C(C(C8N6C)(C(=O)OC)O)OC(=O)C)CC)OC)C(=O)OC,CC1CC(C(C(C=C(C(C(C=CC=C(C(=O)NC2=CC(=O)C(=C(C1)C2=O)OC)C)OC)OC(=O)N)C)C)O)OC,2.445,1,-1.1051638,-0.1595,-10.643187,-0.23120757937431335,2.0280635356903076,0.8837121725082397
vinorelbine,geldanamycin,A2780,CCC1=CC2CC(C3=C(CN(C2)C1)C4=CC=CC=C4N3)(C5=C(C=C6C(=C5)C78CCN9C7C(C=CC9)(C(C(C8N6C)(C(=O)OC)O)OC(=O)C)CC)OC)C(=O)OC,CC1CC(C(C(C=C(C(C(C=CC=C(C(=O)NC2=CC(=O)C(=C(C1)C2=O)OC)C)OC)OC(=O)N)C)C)O)OC,1.685,1,1.5221999,-0.1065,-13.70332,0.010561913251876831,5.648074626922607,0.996488094329834
vinorelbine,geldanamycin,A375,CCC1=CC2CC(C3=C(CN(C2)C1)C4=CC=CC=C4N3)(C5=C(C=C6C(=C5)C78CCN9C7C(C=CC9)(C(C(C8N6C)(C(=O)OC)O)OC(=O)C)CC)OC)C(=O)OC,CC1CC(C(C(C=C(C(C(C=CC=C(C(=O)NC2=CC(=O)C(=C(C1)C2=O)OC)C)OC)OC(=O)N)C)C)O)OC,8.365,1,7.2346025,-0.1162,-4.352586,0.6735213994979858,-0.9056808948516846,0.2878844738006592
vinorelbine,geldanamycin,A427,CCC1=CC2CC(C3=C(CN(C2)C1)C4=CC=CC=C4N3)(C5=C(C=C6C(=C5)C78CCN9C7C(C=CC9)(C(C(C8N6C)(C(=O)OC)O)OC(=O)C)CC)OC)C(=O)OC,CC1CC(C(C(C=C(C(C(C=CC=C(C(=O)NC2=CC(=O)C(=C(C1)C2=O)OC)C)OC)OC(=O)N)C)C)O)OC,0.495,1,-0.9503916,-0.05595,-16.708498,-1.372056007385254,-0.09204408526420593,0.4770052134990692
vinorelbine,geldanamycin,ES2,CCC1=CC2CC(C3=C(CN(C2)C1)C4=CC=CC=C4N3)(C5=C(C=C6C(=C5)C78CCN9C7C(C=CC9)(C(C(C8N6C)(C(=O)OC)O)OC(=O)C)CC)OC)C(=O)OC,CC1CC(C(C(C=C(C(C(C=CC=C(C(=O)NC2=CC(=O)C(=C(C1)C2=O)OC)C)OC)OC(=O)N)C)C)O)OC,1.59,1,2.471235,-0.0405,-8.531052,-0.023429885506629944,0.09231960773468018,0.5230634808540344
vinorelbine,geldanamycin,HCT116,CCC1=CC2CC(C3=C(CN(C2)C1)C4=CC=CC=C4N3)(C5=C(C=C6C(=C5)C78CCN9C7C(C=CC9)(C(C(C8N6C)(C(=O)OC)O)OC(=O)C)CC)OC)C(=O)OC,CC1CC(C(C(C=C(C(C(C=CC=C(C(=O)NC2=CC(=O)C(=C(C1)C2=O)OC)C)OC)OC(=O)N)C)C)O)OC,2.345,1,0.87279415,-0.2515,-19.265652,-0.5290422439575195,0.42799171805381775,0.6053940057754517
vinorelbine,geldanamycin,HT29,CCC1=CC2CC(C3=C(CN(C2)C1)C4=CC=CC=C4N3)(C5=C(C=C6C(=C5)C78CCN9C7C(C=CC9)(C(C(C8N6C)(C(=O)OC)O)OC(=O)C)CC)OC)C(=O)OC,CC1CC(C(C(C=C(C(C(C=CC=C(C(=O)NC2=CC(=O)C(=C(C1)C2=O)OC)C)OC)OC(=O)N)C)C)O)OC,-1.67,0,-2.6139617,-0.2065,-19.423403,0.339470237493515,0.08892641961574554,0.5222169756889343
vinorelbine,geldanamycin,MDAMB436,CCC1=CC2CC(C3=C(CN(C2)C1)C4=CC=CC=C4N3)(C5=C(C=C6C(=C5)C78CCN9C7C(C=CC9)(C(C(C8N6C)(C(=O)OC)O)OC(=O)C)CC)OC)C(=O)OC,CC1CC(C(C(C=C(C(C(C=CC=C(C(=O)NC2=CC(=O)C(=C(C1)C2=O)OC)C)OC)OC(=O)N)C)C)O)OC,0.535,1,-2.525042,-0.313,-12.094582,-0.30493253469467163,2.0125043392181396,0.8821037411689758
vinorelbine,geldanamycin,NCIH2122,CCC1=CC2CC(C3=C(CN(C2)C1)C4=CC=CC=C4N3)(C5=C(C=C6C(=C5)C78CCN9C7C(C=CC9)(C(C(C8N6C)(C(=O)OC)O)OC(=O)C)CC)OC)C(=O)OC,CC1CC(C(C(C=C(C(C(C=CC=C(C(=O)NC2=CC(=O)C(=C(C1)C2=O)OC)C)OC)OC(=O)N)C)C)O)OC,2.235,1,0.7542281,-0.29,-36.46931,-0.885582447052002,2.6267433166503906,0.932563066482544
vinorelbine,geldanamycin,NCIH23,CCC1=CC2CC(C3=C(CN(C2)C1)C4=CC=CC=C4N3)(C5=C(C=C6C(=C5)C78CCN9C7C(C=CC9)(C(C(C8N6C)(C(=O)OC)O)OC(=O)C)CC)OC)C(=O)OC,CC1CC(C(C(C=C(C(C(C=CC=C(C(=O)NC2=CC(=O)C(=C(C1)C2=O)OC)C)OC)OC(=O)N)C)C)O)OC,-26.01,0,-54.56928,-0.388,-39.94965,-1.8673031330108643,-0.20117387175559998,0.44987544417381287
vinorelbine,geldanamycin,NCIH520,CCC1=CC2CC(C3=C(CN(C2)C1)C4=CC=CC=C4N3)(C5=C(C=C6C(=C5)C78CCN9C7C(C=CC9)(C(C(C8N6C)(C(=O)OC)O)OC(=O)C)CC)OC)C(=O)OC,CC1CC(C(C(C=C(C(C(C=CC=C(C(=O)NC2=CC(=O)C(=C(C1)C2=O)OC)C)OC)OC(=O)N)C)C)O)OC,-5.24,0,-6.3119707,-0.2595,-18.609919,-0.09103710204362869,1.6500298976898193,0.8388950824737549
vinorelbine,geldanamycin,OV90,CCC1=CC2CC(C3=C(CN(C2)C1)C4=CC=CC=C4N3)(C5=C(C=C6C(=C5)C78CCN9C7C(C=CC9)(C(C(C8N6C)(C(=O)OC)O)OC(=O)C)CC)OC)C(=O)OC,CC1CC(C(C(C=C(C(C(C=CC=C(C(=O)NC2=CC(=O)C(=C(C1)C2=O)OC)C)OC)OC(=O)N)C)C)O)OC,4.83,1,-0.0055448,-0.3835,-11.519501,-0.05115007609128952,2.64669132232666,0.9338067173957825
vinorelbine,geldanamycin,RKO,CCC1=CC2CC(C3=C(CN(C2)C1)C4=CC=CC=C4N3)(C5=C(C=C6C(=C5)C78CCN9C7C(C=CC9)(C(C(C8N6C)(C(=O)OC)O)OC(=O)C)CC)OC)C(=O)OC,CC1CC(C(C(C=C(C(C(C=CC=C(C(=O)NC2=CC(=O)C(=C(C1)C2=O)OC)C)OC)OC(=O)N)C)C)O)OC,1.51,1,-0.78249186,-0.344,-11.8118105,0.000903785228729248,0.4402416944503784,0.6083166003227234
vinorelbine,geldanamycin,SKMES1,CCC1=CC2CC(C3=C(CN(C2)C1)C4=CC=CC=C4N3)(C5=C(C=C6C(=C5)C78CCN9C7C(C=CC9)(C(C(C8N6C)(C(=O)OC)O)OC(=O)C)CC)OC)C(=O)OC,CC1CC(C(C(C=C(C(C(C=CC=C(C(=O)NC2=CC(=O)C(=C(C1)C2=O)OC)C)OC)OC(=O)N)C)C)O)OC,2.205,1,-0.2808846,-0.3705,-10.552808,-0.26942765712738037,1.957431435585022,0.876254677772522
vinorelbine,geldanamycin,T47D,CCC1=CC2CC(C3=C(CN(C2)C1)C4=CC=CC=C4N3)(C5=C(C=C6C(=C5)C78CCN9C7C(C=CC9)(C(C(C8N6C)(C(=O)OC)O)OC(=O)C)CC)OC)C(=O)OC,CC1CC(C(C(C=C(C(C(C=CC=C(C(=O)NC2=CC(=O)C(=C(C1)C2=O)OC)C)OC)OC(=O)N)C)C)O)OC,6.99,1,-2.7103124,-0.4705,-17.725857,0.7403732538223267,0.32705381512641907,0.5810423493385315
vinorelbine,lapatinib,A2058,CCC1=CC2CC(C3=C(CN(C2)C1)C4=CC=CC=C4N3)(C5=C(C=C6C(=C5)C78CCN9C7C(C=CC9)(C(C(C8N6C)(C(=O)OC)O)OC(=O)C)CC)OC)C(=O)OC,CS(=O)(=O)CCNCC1=CC=C(O1)C2=CC3=C(C=C2)N=CN=C3NC4=CC(=C(C=C4)OCC5=CC(=CC=C5)F)Cl,1.475,1,-11.034522,-0.3465,2.6878605,-0.6116459965705872,0.9836933016777039,0.7278403639793396
vinorelbine,lapatinib,A2780,CCC1=CC2CC(C3=C(CN(C2)C1)C4=CC=CC=C4N3)(C5=C(C=C6C(=C5)C78CCN9C7C(C=CC9)(C(C(C8N6C)(C(=O)OC)O)OC(=O)C)CC)OC)C(=O)OC,CS(=O)(=O)CCNCC1=CC=C(O1)C2=CC3=C(C=C2)N=CN=C3NC4=CC(=C(C=C4)OCC5=CC(=CC=C5)F)Cl,5.91,1,-5.775883,-0.406,0.67308646,0.11052867770195007,5.328196048736572,0.9951706528663635
vinorelbine,lapatinib,A375,CCC1=CC2CC(C3=C(CN(C2)C1)C4=CC=CC=C4N3)(C5=C(C=C6C(=C5)C78CCN9C7C(C=CC9)(C(C(C8N6C)(C(=O)OC)O)OC(=O)C)CC)OC)C(=O)OC,CS(=O)(=O)CCNCC1=CC=C(O1)C2=CC3=C(C=C2)N=CN=C3NC4=CC(=C(C=C4)OCC5=CC(=CC=C5)F)Cl,14.375,1,-18.294552,-0.56,10.81593,-0.38154277205467224,-0.04463525488972664,0.48884302377700806
vinorelbine,lapatinib,ES2,CCC1=CC2CC(C3=C(CN(C2)C1)C4=CC=CC=C4N3)(C5=C(C=C6C(=C5)C78CCN9C7C(C=CC9)(C(C(C8N6C)(C(=O)OC)O)OC(=O)C)CC)OC)C(=O)OC,CS(=O)(=O)CCNCC1=CC=C(O1)C2=CC3=C(C=C2)N=CN=C3NC4=CC(=C(C=C4)OCC5=CC(=CC=C5)F)Cl,12.43,1,-16.256516,-0.359,4.0536766,-1.2938320636749268,-0.27987998723983765,0.43048322200775146
vinorelbine,lapatinib,HCT116,CCC1=CC2CC(C3=C(CN(C2)C1)C4=CC=CC=C4N3)(C5=C(C=C6C(=C5)C78CCN9C7C(C=CC9)(C(C(C8N6C)(C(=O)OC)O)OC(=O)C)CC)OC)C(=O)OC,CS(=O)(=O)CCNCC1=CC=C(O1)C2=CC3=C(C=C2)N=CN=C3NC4=CC(=C(C=C4)OCC5=CC(=CC=C5)F)Cl,2.185,1,-4.4527235,-0.4505,-2.6486886,-0.4431225061416626,0.6185432076454163,0.6498871445655823
vinorelbine,lapatinib,HT144,CCC1=CC2CC(C3=C(CN(C2)C1)C4=CC=CC=C4N3)(C5=C(C=C6C(=C5)C78CCN9C7C(C=CC9)(C(C(C8N6C)(C(=O)OC)O)OC(=O)C)CC)OC)C(=O)OC,CS(=O)(=O)CCNCC1=CC=C(O1)C2=CC3=C(C=C2)N=CN=C3NC4=CC(=C(C=C4)OCC5=CC(=CC=C5)F)Cl,1.02,1,2.7810268,-0.4475,2.6807714,-0.6200046539306641,1.6244523525238037,0.8354082107543945
vinorelbine,lapatinib,LOVO,CCC1=CC2CC(C3=C(CN(C2)C1)C4=CC=CC=C4N3)(C5=C(C=C6C(=C5)C78CCN9C7C(C=CC9)(C(C(C8N6C)(C(=O)OC)O)OC(=O)C)CC)OC)C(=O)OC,CS(=O)(=O)CCNCC1=CC=C(O1)C2=CC3=C(C=C2)N=CN=C3NC4=CC(=C(C=C4)OCC5=CC(=CC=C5)F)Cl,1.37,1,5.9822655,-0.4405,10.945238,-0.12690329551696777,0.2826784551143646,0.5702027678489685
vinorelbine,lapatinib,MDAMB436,CCC1=CC2CC(C3=C(CN(C2)C1)C4=CC=CC=C4N3)(C5=C(C=C6C(=C5)C78CCN9C7C(C=CC9)(C(C(C8N6C)(C(=O)OC)O)OC(=O)C)CC)OC)C(=O)OC,CS(=O)(=O)CCNCC1=CC=C(O1)C2=CC3=C(C=C2)N=CN=C3NC4=CC(=C(C=C4)OCC5=CC(=CC=C5)F)Cl,0.785,1,-8.396541,-0.3985,0.18989907,0.2445792853832245,2.18756103515625,0.8991269469261169
vinorelbine,lapatinib,NCIH1650,CCC1=CC2CC(C3=C(CN(C2)C1)C4=CC=CC=C4N3)(C5=C(C=C6C(=C5)C78CCN9C7C(C=CC9)(C(C(C8N6C)(C(=O)OC)O)OC(=O)C)CC)OC)C(=O)OC,CS(=O)(=O)CCNCC1=CC=C(O1)C2=CC3=C(C=C2)N=CN=C3NC4=CC(=C(C=C4)OCC5=CC(=CC=C5)F)Cl,-2.58,0,3.716299,-0.501,5.1020823,-0.5912816524505615,-3.097844123840332,0.04319626837968826
vinorelbine,lapatinib,NCIH23,CCC1=CC2CC(C3=C(CN(C2)C1)C4=CC=CC=C4N3)(C5=C(C=C6C(=C5)C78CCN9C7C(C=CC9)(C(C(C8N6C)(C(=O)OC)O)OC(=O)C)CC)OC)C(=O)OC,CS(=O)(=O)CCNCC1=CC=C(O1)C2=CC3=C(C=C2)N=CN=C3NC4=CC(=C(C=C4)OCC5=CC(=CC=C5)F)Cl,0.63,1,-14.84739,-0.5915,-25.739227,-2.1985254287719727,0.2506067752838135,0.5623258352279663
vinorelbine,lapatinib,NCIH520,CCC1=CC2CC(C3=C(CN(C2)C1)C4=CC=CC=C4N3)(C5=C(C=C6C(=C5)C78CCN9C7C(C=CC9)(C(C(C8N6C)(C(=O)OC)O)OC(=O)C)CC)OC)C(=O)OC,CS(=O)(=O)CCNCC1=CC=C(O1)C2=CC3=C(C=C2)N=CN=C3NC4=CC(=C(C=C4)OCC5=CC(=CC=C5)F)Cl,-1.545,0,-13.81815,-0.16125,-1.5324289,-0.7680460810661316,0.8870858550071716,0.7082883715629578
vinorelbine,lapatinib,OV90,CCC1=CC2CC(C3=C(CN(C2)C1)C4=CC=CC=C4N3)(C5=C(C=C6C(=C5)C78CCN9C7C(C=CC9)(C(C(C8N6C)(C(=O)OC)O)OC(=O)C)CC)OC)C(=O)OC,CS(=O)(=O)CCNCC1=CC=C(O1)C2=CC3=C(C=C2)N=CN=C3NC4=CC(=C(C=C4)OCC5=CC(=CC=C5)F)Cl,-3.05,0,0.54452276,-0.213,2.634102,0.12499642372131348,-4.049837589263916,0.017126766964793205
vinorelbine,lapatinib,RKO,CCC1=CC2CC(C3=C(CN(C2)C1)C4=CC=CC=C4N3)(C5=C(C=C6C(=C5)C78CCN9C7C(C=CC9)(C(C(C8N6C)(C(=O)OC)O)OC(=O)C)CC)OC)C(=O)OC,CS(=O)(=O)CCNCC1=CC=C(O1)C2=CC3=C(C=C2)N=CN=C3NC4=CC(=C(C=C4)OCC5=CC(=CC=C5)F)Cl,-1.25,0,-2.1992955,-0.373,1.7523708,-0.4873065948486328,-0.8738420009613037,0.29445549845695496
vinorelbine,lapatinib,SKMES1,CCC1=CC2CC(C3=C(CN(C2)C1)C4=CC=CC=C4N3)(C5=C(C=C6C(=C5)C78CCN9C7C(C=CC9)(C(C(C8N6C)(C(=O)OC)O)OC(=O)C)CC)OC)C(=O)OC,CS(=O)(=O)CCNCC1=CC=C(O1)C2=CC3=C(C=C2)N=CN=C3NC4=CC(=C(C=C4)OCC5=CC(=CC=C5)F)Cl,4.135,1,3.1502497,-0.0874,5.653446,-1.4439151287078857,-1.9083685874938965,0.12916424870491028
vinorelbine,lapatinib,SW620,CCC1=CC2CC(C3=C(CN(C2)C1)C4=CC=CC=C4N3)(C5=C(C=C6C(=C5)C78CCN9C7C(C=CC9)(C(C(C8N6C)(C(=O)OC)O)OC(=O)C)CC)OC)C(=O)OC,CS(=O)(=O)CCNCC1=CC=C(O1)C2=CC3=C(C=C2)N=CN=C3NC4=CC(=C(C=C4)OCC5=CC(=CC=C5)F)Cl,4.78,1,-44.01727,-0.278,3.5885313,-0.42482390999794006,1.5719115734100342,0.8280559778213501
vinorelbine,lapatinib,SW837,CCC1=CC2CC(C3=C(CN(C2)C1)C4=CC=CC=C4N3)(C5=C(C=C6C(=C5)C78CCN9C7C(C=CC9)(C(C(C8N6C)(C(=O)OC)O)OC(=O)C)CC)OC)C(=O)OC,CS(=O)(=O)CCNCC1=CC=C(O1)C2=CC3=C(C=C2)N=CN=C3NC4=CC(=C(C=C4)OCC5=CC(=CC=C5)F)Cl,-2.72,0,6.8339806,-0.3225,9.346166,0.2853417694568634,0.8406736254692078,0.6986070275306702
vinorelbine,lapatinib,T47D,CCC1=CC2CC(C3=C(CN(C2)C1)C4=CC=CC=C4N3)(C5=C(C=C6C(=C5)C78CCN9C7C(C=CC9)(C(C(C8N6C)(C(=O)OC)O)OC(=O)C)CC)OC)C(=O)OC,CS(=O)(=O)CCNCC1=CC=C(O1)C2=CC3=C(C=C2)N=CN=C3NC4=CC(=C(C=C4)OCC5=CC(=CC=C5)F)Cl,-3.705,0,3.1608424,-0.2775,0.9253287,0.48625823855400085,-0.01339929923415184,0.49665021896362305
vinorelbine,mk2206,A2780,CCC1=CC2CC(C3=C(CN(C2)C1)C4=CC=CC=C4N3)(C5=C(C=C6C(=C5)C78CCN9C7C(C=CC9)(C(C(C8N6C)(C(=O)OC)O)OC(=O)C)CC)OC)C(=O)OC,C1CC(C1)(C2=CC=C(C=C2)C3=C(C=C4C(=N3)C=CN5C4=NNC5=O)C6=CC=CC=C6)N,3.695,1,5.153804,-0.892,7.953186,0.8096218109130859,5.319691181182861,0.9951295852661133
vinorelbine,mk2206,A375,CCC1=CC2CC(C3=C(CN(C2)C1)C4=CC=CC=C4N3)(C5=C(C=C6C(=C5)C78CCN9C7C(C=CC9)(C(C(C8N6C)(C(=O)OC)O)OC(=O)C)CC)OC)C(=O)OC,C1CC(C1)(C2=CC=C(C=C2)C3=C(C=C4C(=N3)C=CN5C4=NNC5=O)C6=CC=CC=C6)N,13.62,1,-26.624332,-0.9445,15.742676,-0.45741328597068787,1.5455931425094604,0.824276328086853
vinorelbine,mk2206,A427,CCC1=CC2CC(C3=C(CN(C2)C1)C4=CC=CC=C4N3)(C5=C(C=C6C(=C5)C78CCN9C7C(C=CC9)(C(C(C8N6C)(C(=O)OC)O)OC(=O)C)CC)OC)C(=O)OC,C1CC(C1)(C2=CC=C(C=C2)C3=C(C=C4C(=N3)C=CN5C4=NNC5=O)C6=CC=CC=C6)N,-1.35,0,1.0996083,-1.09,3.2400181,-1.0942009687423706,0.015414122492074966,0.503853440284729
vinorelbine,mk2206,ES2,CCC1=CC2CC(C3=C(CN(C2)C1)C4=CC=CC=C4N3)(C5=C(C=C6C(=C5)C78CCN9C7C(C=CC9)(C(C(C8N6C)(C(=O)OC)O)OC(=O)C)CC)OC)C(=O)OC,C1CC(C1)(C2=CC=C(C=C2)C3=C(C=C4C(=N3)C=CN5C4=NNC5=O)C6=CC=CC=C6)N,7.895,1,-1.0932811,-0.982,8.942809,-0.06923234462738037,1.0334103107452393,0.7375764846801758
vinorelbine,mk2206,HCT116,CCC1=CC2CC(C3=C(CN(C2)C1)C4=CC=CC=C4N3)(C5=C(C=C6C(=C5)C78CCN9C7C(C=CC9)(C(C(C8N6C)(C(=O)OC)O)OC(=O)C)CC)OC)C(=O)OC,C1CC(C1)(C2=CC=C(C=C2)C3=C(C=C4C(=N3)C=CN5C4=NNC5=O)C6=CC=CC=C6)N,5.055,1,0.79915515,-0.865,1.7360528,-0.6412312984466553,0.39283013343811035,0.5969637632369995
vinorelbine,mk2206,HT144,CCC1=CC2CC(C3=C(CN(C2)C1)C4=CC=CC=C4N3)(C5=C(C=C6C(=C5)C78CCN9C7C(C=CC9)(C(C(C8N6C)(C(=O)OC)O)OC(=O)C)CC)OC)C(=O)OC,C1CC(C1)(C2=CC=C(C=C2)C3=C(C=C4C(=N3)C=CN5C4=NNC5=O)C6=CC=CC=C6)N,1.375,1,-1.1767584,-1.23,6.6318703,-0.8270084857940674,0.995461642742157,0.7301653027534485
vinorelbine,mk2206,LOVO,CCC1=CC2CC(C3=C(CN(C2)C1)C4=CC=CC=C4N3)(C5=C(C=C6C(=C5)C78CCN9C7C(C=CC9)(C(C(C8N6C)(C(=O)OC)O)OC(=O)C)CC)OC)C(=O)OC,C1CC(C1)(C2=CC=C(C=C2)C3=C(C=C4C(=N3)C=CN5C4=NNC5=O)C6=CC=CC=C6)N,-2.075,0,2.343013144,-1.035,10.571231,0.3271886706352234,-4.585377216339111,0.010096914134919643
vinorelbine,mk2206,MDAMB436,CCC1=CC2CC(C3=C(CN(C2)C1)C4=CC=CC=C4N3)(C5=C(C=C6C(=C5)C78CCN9C7C(C=CC9)(C(C(C8N6C)(C(=O)OC)O)OC(=O)C)CC)OC)C(=O)OC,C1CC(C1)(C2=CC=C(C=C2)C3=C(C=C4C(=N3)C=CN5C4=NNC5=O)C6=CC=CC=C6)N,-0.815,0,2.1419384,-1.1315,6.1819515,-0.7359110116958618,2.5137031078338623,0.925096869468689
vinorelbine,mk2206,NCIH1650,CCC1=CC2CC(C3=C(CN(C2)C1)C4=CC=CC=C4N3)(C5=C(C=C6C(=C5)C78CCN9C7C(C=CC9)(C(C(C8N6C)(C(=O)OC)O)OC(=O)C)CC)OC)C(=O)OC,C1CC(C1)(C2=CC=C(C=C2)C3=C(C=C4C(=N3)C=CN5C4=NNC5=O)C6=CC=CC=C6)N,-1.135,0,3.3930767,-0.8575,8.96799,0.5007972717285156,-1.5353120565414429,0.17721779644489288
vinorelbine,mk2206,NCIH23,CCC1=CC2CC(C3=C(CN(C2)C1)C4=CC=CC=C4N3)(C5=C(C=C6C(=C5)C78CCN9C7C(C=CC9)(C(C(C8N6C)(C(=O)OC)O)OC(=O)C)CC)OC)C(=O)OC,C1CC(C1)(C2=CC=C(C=C2)C3=C(C=C4C(=N3)C=CN5C4=NNC5=O)C6=CC=CC=C6)N,-1.23,0,-4.6440034,-1.105,-17.927242,-1.3473024368286133,0.3493536710739136,0.5864608287811279
vinorelbine,mk2206,NCIH520,CCC1=CC2CC(C3=C(CN(C2)C1)C4=CC=CC=C4N3)(C5=C(C=C6C(=C5)C78CCN9C7C(C=CC9)(C(C(C8N6C)(C(=O)OC)O)OC(=O)C)CC)OC)C(=O)OC,C1CC(C1)(C2=CC=C(C=C2)C3=C(C=C4C(=N3)C=CN5C4=NNC5=O)C6=CC=CC=C6)N,-2.535,0,2.6894984,-1.16,2.0161796,-0.6695111989974976,0.47027766704559326,0.6154494285583496
vinorelbine,mk2206,OV90,CCC1=CC2CC(C3=C(CN(C2)C1)C4=CC=CC=C4N3)(C5=C(C=C6C(=C5)C78CCN9C7C(C=CC9)(C(C(C8N6C)(C(=O)OC)O)OC(=O)C)CC)OC)C(=O)OC,C1CC(C1)(C2=CC=C(C=C2)C3=C(C=C4C(=N3)C=CN5C4=NNC5=O)C6=CC=CC=C6)N,-3.14,0,3.9563484,-0.2001,8.26306,-0.5007027387619019,2.3433139324188232,0.9124013781547546
vinorelbine,mk2206,SKMES1,CCC1=CC2CC(C3=C(CN(C2)C1)C4=CC=CC=C4N3)(C5=C(C=C6C(=C5)C78CCN9C7C(C=CC9)(C(C(C8N6C)(C(=O)OC)O)OC(=O)C)CC)OC)C(=O)OC,C1CC(C1)(C2=CC=C(C=C2)C3=C(C=C4C(=N3)C=CN5C4=NNC5=O)C6=CC=CC=C6)N,0.965,1,2.290083,-0.2225,11.012337,-1.002344012260437,-0.38708391785621643,0.404419481754303
vinorelbine,mk2206,SKOV3,CCC1=CC2CC(C3=C(CN(C2)C1)C4=CC=CC=C4N3)(C5=C(C=C6C(=C5)C78CCN9C7C(C=CC9)(C(C(C8N6C)(C(=O)OC)O)OC(=O)C)CC)OC)C(=O)OC,C1CC(C1)(C2=CC=C(C=C2)C3=C(C=C4C(=N3)C=CN5C4=NNC5=O)C6=CC=CC=C6)N,0.6,1,6.3709,-0.224,14.10988,0.04524774104356766,-0.19977901875972748,0.4502207338809967
vinorelbine,mk2206,SW620,CCC1=CC2CC(C3=C(CN(C2)C1)C4=CC=CC=C4N3)(C5=C(C=C6C(=C5)C78CCN9C7C(C=CC9)(C(C(C8N6C)(C(=O)OC)O)OC(=O)C)CC)OC)C(=O)OC,C1CC(C1)(C2=CC=C(C=C2)C3=C(C=C4C(=N3)C=CN5C4=NNC5=O)C6=CC=CC=C6)N,-0.89,0,-3.997417435,-0.2515,8.074747,-0.2302115559577942,-0.16920912265777588,0.45779839158058167
vinorelbine,mk2206,T47D,CCC1=CC2CC(C3=C(CN(C2)C1)C4=CC=CC=C4N3)(C5=C(C=C6C(=C5)C78CCN9C7C(C=CC9)(C(C(C8N6C)(C(=O)OC)O)OC(=O)C)CC)OC)C(=O)OC,C1CC(C1)(C2=CC=C(C=C2)C3=C(C=C4C(=N3)C=CN5C4=NNC5=O)C6=CC=CC=C6)N,-2.805,0,3.3486867,-0.0843,5.297557,0.51027911901474,-0.38962286710739136,0.4038081169128418
vinorelbine,mk5108,A2058,CCC1=CC2CC(C3=C(CN(C2)C1)C4=CC=CC=C4N3)(C5=C(C=C6C(=C5)C78CCN9C7C(C=CC9)(C(C(C8N6C)(C(=O)OC)O)OC(=O)C)CC)OC)C(=O)OC,C1CC(CCC1OC2=C(C(=CC=C2)Cl)F)(CC3=NC(=CC=C3)NC4=NC=CS4)C(=O)O,-5.535,0,-3.8110406,-0.13385,-5.4446087,0.06291152536869049,-0.8025875687599182,0.30947229266166687
vinorelbine,mk5108,A2780,CCC1=CC2CC(C3=C(CN(C2)C1)C4=CC=CC=C4N3)(C5=C(C=C6C(=C5)C78CCN9C7C(C=CC9)(C(C(C8N6C)(C(=O)OC)O)OC(=O)C)CC)OC)C(=O)OC,C1CC(CCC1OC2=C(C(=CC=C2)Cl)F)(CC3=NC(=CC=C3)NC4=NC=CS4)C(=O)O,1.25,1,3.0358458,-0.252,-6.1493826,0.5778418183326721,4.226304054260254,0.9856040477752686
vinorelbine,mk5108,A427,CCC1=CC2CC(C3=C(CN(C2)C1)C4=CC=CC=C4N3)(C5=C(C=C6C(=C5)C78CCN9C7C(C=CC9)(C(C(C8N6C)(C(=O)OC)O)OC(=O)C)CC)OC)C(=O)OC,C1CC(CCC1OC2=C(C(=CC=C2)Cl)F)(CC3=NC(=CC=C3)NC4=NC=CS4)C(=O)O,-2.66,0,1.4052185,-0.10295,-9.912614,-0.7249331474304199,-0.04488068446516991,0.4887816905975342
vinorelbine,mk5108,HCT116,CCC1=CC2CC(C3=C(CN(C2)C1)C4=CC=CC=C4N3)(C5=C(C=C6C(=C5)C78CCN9C7C(C=CC9)(C(C(C8N6C)(C(=O)OC)O)OC(=O)C)CC)OC)C(=O)OC,C1CC(CCC1OC2=C(C(=CC=C2)Cl)F)(CC3=NC(=CC=C3)NC4=NC=CS4)C(=O)O,2.225,1,-2.0039797,-0.172,-9.604915,-0.7036689519882202,0.5644932389259338,0.6374915242195129
vinorelbine,mk5108,HT144,CCC1=CC2CC(C3=C(CN(C2)C1)C4=CC=CC=C4N3)(C5=C(C=C6C(=C5)C78CCN9C7C(C=CC9)(C(C(C8N6C)(C(=O)OC)O)OC(=O)C)CC)OC)C(=O)OC,C1CC(CCC1OC2=C(C(=CC=C2)Cl)F)(CC3=NC(=CC=C3)NC4=NC=CS4)C(=O)O,-5.05,0,-0.22495086,-0.0235,-8.744617,-0.34381282329559326,-2.547065496444702,0.07262387126684189
vinorelbine,mk5108,HT29,CCC1=CC2CC(C3=C(CN(C2)C1)C4=CC=CC=C4N3)(C5=C(C=C6C(=C5)C78CCN9C7C(C=CC9)(C(C(C8N6C)(C(=O)OC)O)OC(=O)C)CC)OC)C(=O)OC,C1CC(CCC1OC2=C(C(=CC=C2)Cl)F)(CC3=NC(=CC=C3)NC4=NC=CS4)C(=O)O,3.155,1,-9.045343,-0.0713,-8.287259,0.25115111470222473,0.1652766466140747,0.5412253737449646
vinorelbine,mk5108,LOVO,CCC1=CC2CC(C3=C(CN(C2)C1)C4=CC=CC=C4N3)(C5=C(C=C6C(=C5)C78CCN9C7C(C=CC9)(C(C(C8N6C)(C(=O)OC)O)OC(=O)C)CC)OC)C(=O)OC,C1CC(CCC1OC2=C(C(=CC=C2)Cl)F)(CC3=NC(=CC=C3)NC4=NC=CS4)C(=O)O,-3.915,0,1.0250226,-0.09535,-1.1527728,0.476958304643631,-4.012163162231445,0.017772631719708443
vinorelbine,mk5108,NCIH2122,CCC1=CC2CC(C3=C(CN(C2)C1)C4=CC=CC=C4N3)(C5=C(C=C6C(=C5)C78CCN9C7C(C=CC9)(C(C(C8N6C)(C(=O)OC)O)OC(=O)C)CC)OC)C(=O)OC,C1CC(CCC1OC2=C(C(=CC=C2)Cl)F)(CC3=NC(=CC=C3)NC4=NC=CS4)C(=O)O,0.875,1,-2.3634987,-0.3345,-25.736221,0.17359915375709534,0.3240242004394531,0.5803046822547913
vinorelbine,mk5108,NCIH23,CCC1=CC2CC(C3=C(CN(C2)C1)C4=CC=CC=C4N3)(C5=C(C=C6C(=C5)C78CCN9C7C(C=CC9)(C(C(C8N6C)(C(=O)OC)O)OC(=O)C)CC)OC)C(=O)OC,C1CC(CCC1OC2=C(C(=CC=C2)Cl)F)(CC3=NC(=CC=C3)NC4=NC=CS4)C(=O)O,-3.825,0,-2.8534603,-0.2065,-28.074604,-1.7521369457244873,0.5440861582756042,0.6327624917030334
vinorelbine,mk5108,NCIH520,CCC1=CC2CC(C3=C(CN(C2)C1)C4=CC=CC=C4N3)(C5=C(C=C6C(=C5)C78CCN9C7C(C=CC9)(C(C(C8N6C)(C(=O)OC)O)OC(=O)C)CC)OC)C(=O)OC,C1CC(CCC1OC2=C(C(=CC=C2)Cl)F)(CC3=NC(=CC=C3)NC4=NC=CS4)C(=O)O,-4.075,0,-0.6014961,-0.1855,-10.594528,0.010132253170013428,0.5191981196403503,0.6269602179527283
vinorelbine,mk5108,OV90,CCC1=CC2CC(C3=C(CN(C2)C1)C4=CC=CC=C4N3)(C5=C(C=C6C(=C5)C78CCN9C7C(C=CC9)(C(C(C8N6C)(C(=O)OC)O)OC(=O)C)CC)OC)C(=O)OC,C1CC(CCC1OC2=C(C(=CC=C2)Cl)F)(CC3=NC(=CC=C3)NC4=NC=CS4)C(=O)O,-2.73,0,-0.25132683,-0.05565,-3.7967994,0.6664074063301086,-2.509530782699585,0.07519272714853287
vinorelbine,mk5108,SKOV3,CCC1=CC2CC(C3=C(CN(C2)C1)C4=CC=CC=C4N3)(C5=C(C=C6C(=C5)C78CCN9C7C(C=CC9)(C(C(C8N6C)(C(=O)OC)O)OC(=O)C)CC)OC)C(=O)OC,C1CC(CCC1OC2=C(C(=CC=C2)Cl)F)(CC3=NC(=CC=C3)NC4=NC=CS4)C(=O)O,1.55,1,1.2436558,-0.1104,1.0155686,-0.1016816571354866,0.37825652956962585,0.593452513217926
vinorelbine,mk5108,SW620,CCC1=CC2CC(C3=C(CN(C2)C1)C4=CC=CC=C4N3)(C5=C(C=C6C(=C5)C78CCN9C7C(C=CC9)(C(C(C8N6C)(C(=O)OC)O)OC(=O)C)CC)OC)C(=O)OC,C1CC(CCC1OC2=C(C(=CC=C2)Cl)F)(CC3=NC(=CC=C3)NC4=NC=CS4)C(=O)O,-1.94,0,2.6327252,-0.07005,-2.9795268,0.10465505719184875,0.3366307318210602,0.5833718180656433
vinorelbine,mk5108,SW837,CCC1=CC2CC(C3=C(CN(C2)C1)C4=CC=CC=C4N3)(C5=C(C=C6C(=C5)C78CCN9C7C(C=CC9)(C(C(C8N6C)(C(=O)OC)O)OC(=O)C)CC)OC)C(=O)OC,C1CC(CCC1OC2=C(C(=CC=C2)Cl)F)(CC3=NC(=CC=C3)NC4=NC=CS4)C(=O)O,4.555,1,-5.3267293,-0.03155,-2.9240136,0.12858185172080994,1.0246236324310303,0.7358722686767578
vinorelbine,sorafenib,A2058,CCC1=CC2CC(C3=C(CN(C2)C1)C4=CC=CC=C4N3)(C5=C(C=C6C(=C5)C78CCN9C7C(C=CC9)(C(C(C8N6C)(C(=O)OC)O)OC(=O)C)CC)OC)C(=O)OC,CNC(=O)C1=NC=CC(=C1)OC2=CC=C(C=C2)NC(=O)NC3=CC(=C(C=C3)Cl)C(F)(F)F,5.34,1,-4.532043,-0.08765,-9.059502,-1.0166290998458862,0.6463775038719177,0.6561936736106873
vinorelbine,sorafenib,A375,CCC1=CC2CC(C3=C(CN(C2)C1)C4=CC=CC=C4N3)(C5=C(C=C6C(=C5)C78CCN9C7C(C=CC9)(C(C(C8N6C)(C(=O)OC)O)OC(=O)C)CC)OC)C(=O)OC,CNC(=O)C1=NC=CC(=C1)OC2=CC=C(C=C2)NC(=O)NC3=CC(=C(C=C3)Cl)C(F)(F)F,8.69,1,4.6089907,-0.04665,-2.489771,-0.6534975171089172,4.499599456787109,0.9890087246894836
vinorelbine,sorafenib,A427,CCC1=CC2CC(C3=C(CN(C2)C1)C4=CC=CC=C4N3)(C5=C(C=C6C(=C5)C78CCN9C7C(C=CC9)(C(C(C8N6C)(C(=O)OC)O)OC(=O)C)CC)OC)C(=O)OC,CNC(=O)C1=NC=CC(=C1)OC2=CC=C(C=C2)NC(=O)NC3=CC(=C(C=C3)Cl)C(F)(F)F,1.315,1,2.6729436,-0.041,-12.649904,0.1036144495010376,2.237844705581665,0.9035969376564026
vinorelbine,sorafenib,ES2,CCC1=CC2CC(C3=C(CN(C2)C1)C4=CC=CC=C4N3)(C5=C(C=C6C(=C5)C78CCN9C7C(C=CC9)(C(C(C8N6C)(C(=O)OC)O)OC(=O)C)CC)OC)C(=O)OC,CNC(=O)C1=NC=CC(=C1)OC2=CC=C(C=C2)NC(=O)NC3=CC(=C(C=C3)Cl)C(F)(F)F,7.68,1,4.3151264,-0.02825,-7.11367,0.6409144401550293,4.497256278991699,0.9889832139015198
vinorelbine,sorafenib,HCT116,CCC1=CC2CC(C3=C(CN(C2)C1)C4=CC=CC=C4N3)(C5=C(C=C6C(=C5)C78CCN9C7C(C=CC9)(C(C(C8N6C)(C(=O)OC)O)OC(=O)C)CC)OC)C(=O)OC,CNC(=O)C1=NC=CC(=C1)OC2=CC=C(C=C2)NC(=O)NC3=CC(=C(C=C3)Cl)C(F)(F)F,4.465,1,2.0472503,-0.04985,-13.796132,-0.5960707664489746,0.7468069195747375,0.6784825325012207
vinorelbine,sorafenib,HT144,CCC1=CC2CC(C3=C(CN(C2)C1)C4=CC=CC=C4N3)(C5=C(C=C6C(=C5)C78CCN9C7C(C=CC9)(C(C(C8N6C)(C(=O)OC)O)OC(=O)C)CC)OC)C(=O)OC,CNC(=O)C1=NC=CC(=C1)OC2=CC=C(C=C2)NC(=O)NC3=CC(=C(C=C3)Cl)C(F)(F)F,2.15,1,4.2035065,-0.0645,-10.389111,-0.24172157049179077,2.3809969425201416,0.9153667092323303
vinorelbine,sorafenib,MDAMB436,CCC1=CC2CC(C3=C(CN(C2)C1)C4=CC=CC=C4N3)(C5=C(C=C6C(=C5)C78CCN9C7C(C=CC9)(C(C(C8N6C)(C(=O)OC)O)OC(=O)C)CC)OC)C(=O)OC,CNC(=O)C1=NC=CC(=C1)OC2=CC=C(C=C2)NC(=O)NC3=CC(=C(C=C3)Cl)C(F)(F)F,-1.6,0,-8.1644,-0.1457,-10.095974,0.1488356590270996,2.431483745574951,0.9191967844963074
vinorelbine,sorafenib,NCIH1650,CCC1=CC2CC(C3=C(CN(C2)C1)C4=CC=CC=C4N3)(C5=C(C=C6C(=C5)C78CCN9C7C(C=CC9)(C(C(C8N6C)(C(=O)OC)O)OC(=O)C)CC)OC)C(=O)OC,CNC(=O)C1=NC=CC(=C1)OC2=CC=C(C=C2)NC(=O)NC3=CC(=C(C=C3)Cl)C(F)(F)F,-3.385,0,-5.1598153,-0.0942,-10.186509,0.5119575262069702,0.7481735348701477,0.6787805557250977
vinorelbine,sorafenib,NCIH2122,CCC1=CC2CC(C3=C(CN(C2)C1)C4=CC=CC=C4N3)(C5=C(C=C6C(=C5)C78CCN9C7C(C=CC9)(C(C(C8N6C)(C(=O)OC)O)OC(=O)C)CC)OC)C(=O)OC,CNC(=O)C1=NC=CC(=C1)OC2=CC=C(C=C2)NC(=O)NC3=CC(=C(C=C3)Cl)C(F)(F)F,-1.035,0,-5.3142185,-0.03555,-28.429827,0.16911396384239197,0.8952972292900085,0.70998215675354
vinorelbine,sorafenib,NCIH520,CCC1=CC2CC(C3=C(CN(C2)C1)C4=CC=CC=C4N3)(C5=C(C=C6C(=C5)C78CCN9C7C(C=CC9)(C(C(C8N6C)(C(=O)OC)O)OC(=O)C)CC)OC)C(=O)OC,CNC(=O)C1=NC=CC(=C1)OC2=CC=C(C=C2)NC(=O)NC3=CC(=C(C=C3)Cl)C(F)(F)F,-0.24,0,0.26437238,-0.0466,-14.161547,-0.384520560503006,1.402963399887085,0.8026537299156189
vinorelbine,sorafenib,OV90,CCC1=CC2CC(C3=C(CN(C2)C1)C4=CC=CC=C4N3)(C5=C(C=C6C(=C5)C78CCN9C7C(C=CC9)(C(C(C8N6C)(C(=O)OC)O)OC(=O)C)CC)OC)C(=O)OC,CNC(=O)C1=NC=CC(=C1)OC2=CC=C(C=C2)NC(=O)NC3=CC(=C(C=C3)Cl)C(F)(F)F,2.34,1,3.3033037,-0.028,-9.065195,1.0229886770248413,1.3846936225891113,0.7997437119483948
vinorelbine,sorafenib,RKO,CCC1=CC2CC(C3=C(CN(C2)C1)C4=CC=CC=C4N3)(C5=C(C=C6C(=C5)C78CCN9C7C(C=CC9)(C(C(C8N6C)(C(=O)OC)O)OC(=O)C)CC)OC)C(=O)OC,CNC(=O)C1=NC=CC(=C1)OC2=CC=C(C=C2)NC(=O)NC3=CC(=C(C=C3)Cl)C(F)(F)F,2.64,1,0.7848522,-0.0716,-8.386346,-0.19645032286643982,2.1130917072296143,0.892169177532196
vinorelbine,sorafenib,SKMES1,CCC1=CC2CC(C3=C(CN(C2)C1)C4=CC=CC=C4N3)(C5=C(C=C6C(=C5)C78CCN9C7C(C=CC9)(C(C(C8N6C)(C(=O)OC)O)OC(=O)C)CC)OC)C(=O)OC,CNC(=O)C1=NC=CC(=C1)OC2=CC=C(C=C2)NC(=O)NC3=CC(=C(C=C3)Cl)C(F)(F)F,6.24,1,-0.08332373,-0.06485,-8.625488,0.54784095287323,5.351175308227539,0.9952797889709473
vinorelbine,sorafenib,SKOV3,CCC1=CC2CC(C3=C(CN(C2)C1)C4=CC=CC=C4N3)(C5=C(C=C6C(=C5)C78CCN9C7C(C=CC9)(C(C(C8N6C)(C(=O)OC)O)OC(=O)C)CC)OC)C(=O)OC,CNC(=O)C1=NC=CC(=C1)OC2=CC=C(C=C2)NC(=O)NC3=CC(=C(C=C3)Cl)C(F)(F)F,11.29,1,2.5073285,-0.11625,-3.6799061,0.2498307228088379,-0.012230481952428818,0.4969424307346344
vinorelbine,sorafenib,SW620,CCC1=CC2CC(C3=C(CN(C2)C1)C4=CC=CC=C4N3)(C5=C(C=C6C(=C5)C78CCN9C7C(C=CC9)(C(C(C8N6C)(C(=O)OC)O)OC(=O)C)CC)OC)C(=O)OC,CNC(=O)C1=NC=CC(=C1)OC2=CC=C(C=C2)NC(=O)NC3=CC(=C(C=C3)Cl)C(F)(F)F,3.93,1,2.1759675,-0.1027,-7.71576,-0.26888635754585266,0.9652082324028015,0.724163293838501
vinorelbine,sorafenib,SW837,CCC1=CC2CC(C3=C(CN(C2)C1)C4=CC=CC=C4N3)(C5=C(C=C6C(=C5)C78CCN9C7C(C=CC9)(C(C(C8N6C)(C(=O)OC)O)OC(=O)C)CC)OC)C(=O)OC,CNC(=O)C1=NC=CC(=C1)OC2=CC=C(C=C2)NC(=O)NC3=CC(=C(C=C3)Cl)C(F)(F)F,-1.51,0,-3.0492845,-0.456,-9.386368,1.0544519424438477,0.3908191919326782,0.5964798927307129
vinorelbine,sorafenib,T47D,CCC1=CC2CC(C3=C(CN(C2)C1)C4=CC=CC=C4N3)(C5=C(C=C6C(=C5)C78CCN9C7C(C=CC9)(C(C(C8N6C)(C(=O)OC)O)OC(=O)C)CC)OC)C(=O)OC,CNC(=O)C1=NC=CC(=C1)OC2=CC=C(C=C2)NC(=O)NC3=CC(=C(C=C3)Cl)C(F)(F)F,5.5,1,3.7843325,-0.1755,-13.706406,0.423538476228714,-0.17250210046768188,0.4569810926914215
vinorelbine,sunitinib,A2058,CCC1=CC2CC(C3=C(CN(C2)C1)C4=CC=CC=C4N3)(C5=C(C=C6C(=C5)C78CCN9C7C(C=CC9)(C(C(C8N6C)(C(=O)OC)O)OC(=O)C)CC)OC)C(=O)OC,CCN(CC)CCNC(=O)C1=C(NC(=C1C)C=C2C3=C(C=CC(=C3)F)NC2=O)C,3.825,1,-4.1278343,-0.39,-4.1525717,-0.24507248401641846,2.0463078022003174,0.8855740427970886
vinorelbine,sunitinib,A2780,CCC1=CC2CC(C3=C(CN(C2)C1)C4=CC=CC=C4N3)(C5=C(C=C6C(=C5)C78CCN9C7C(C=CC9)(C(C(C8N6C)(C(=O)OC)O)OC(=O)C)CC)OC)C(=O)OC,CCN(CC)CCNC(=O)C1=C(NC(=C1C)C=C2C3=C(C=CC(=C3)F)NC2=O)C,5.115,1,4.074943,-0.278,-5.2224193,0.3977324068546295,6.761702537536621,0.9988440275192261
vinorelbine,sunitinib,A375,CCC1=CC2CC(C3=C(CN(C2)C1)C4=CC=CC=C4N3)(C5=C(C=C6C(=C5)C78CCN9C7C(C=CC9)(C(C(C8N6C)(C(=O)OC)O)OC(=O)C)CC)OC)C(=O)OC,CCN(CC)CCNC(=O)C1=C(NC(=C1C)C=C2C3=C(C=CC(=C3)F)NC2=O)C,4.335,1,4.877942,-0.2985,1.2213929,0.15542569756507874,4.200348377227783,0.9852310419082642
vinorelbine,sunitinib,A427,CCC1=CC2CC(C3=C(CN(C2)C1)C4=CC=CC=C4N3)(C5=C(C=C6C(=C5)C78CCN9C7C(C=CC9)(C(C(C8N6C)(C(=O)OC)O)OC(=O)C)CC)OC)C(=O)OC,CCN(CC)CCNC(=O)C1=C(NC(=C1C)C=C2C3=C(C=CC(=C3)F)NC2=O)C,5.08,1,5.60603,-0.359,-8.925701,-0.5674244165420532,1.7506215572357178,0.8520311713218689
vinorelbine,sunitinib,ES2,CCC1=CC2CC(C3=C(CN(C2)C1)C4=CC=CC=C4N3)(C5=C(C=C6C(=C5)C78CCN9C7C(C=CC9)(C(C(C8N6C)(C(=O)OC)O)OC(=O)C)CC)OC)C(=O)OC,CCN(CC)CCNC(=O)C1=C(NC(=C1C)C=C2C3=C(C=CC(=C3)F)NC2=O)C,9.355,1,4.0420384,-0.32,-1.6051668,0.025481820106506348,2.0094308853149414,0.8817837238311768
vinorelbine,sunitinib,HCT116,CCC1=CC2CC(C3=C(CN(C2)C1)C4=CC=CC=C4N3)(C5=C(C=C6C(=C5)C78CCN9C7C(C=CC9)(C(C(C8N6C)(C(=O)OC)O)OC(=O)C)CC)OC)C(=O)OC,CCN(CC)CCNC(=O)C1=C(NC(=C1C)C=C2C3=C(C=CC(=C3)F)NC2=O)C,8.45,1,4.9862065,-0.2555,-10.694578,-0.40001004934310913,0.6426551938056946,0.6553534269332886
vinorelbine,sunitinib,HT144,CCC1=CC2CC(C3=C(CN(C2)C1)C4=CC=CC=C4N3)(C5=C(C=C6C(=C5)C78CCN9C7C(C=CC9)(C(C(C8N6C)(C(=O)OC)O)OC(=O)C)CC)OC)C(=O)OC,CCN(CC)CCNC(=O)C1=C(NC(=C1C)C=C2C3=C(C=CC(=C3)F)NC2=O)C,2.285,1,1.9656974,-0.5105,-7.658703,-0.40763190388679504,-0.2801249623298645,0.43042314052581787
vinorelbine,sunitinib,LOVO,CCC1=CC2CC(C3=C(CN(C2)C1)C4=CC=CC=C4N3)(C5=C(C=C6C(=C5)C78CCN9C7C(C=CC9)(C(C(C8N6C)(C(=O)OC)O)OC(=O)C)CC)OC)C(=O)OC,CCN(CC)CCNC(=O)C1=C(NC(=C1C)C=C2C3=C(C=CC(=C3)F)NC2=O)C,-2.26,0,4.20199,-0.3855,-2.3157642,-0.6622794270515442,-0.5387348532676697,0.36848193407058716
vinorelbine,sunitinib,MDAMB436,CCC1=CC2CC(C3=C(CN(C2)C1)C4=CC=CC=C4N3)(C5=C(C=C6C(=C5)C78CCN9C7C(C=CC9)(C(C(C8N6C)(C(=O)OC)O)OC(=O)C)CC)OC)C(=O)OC,CCN(CC)CCNC(=O)C1=C(NC(=C1C)C=C2C3=C(C=CC(=C3)F)NC2=O)C,-1.49,0,-4.2631464,-0.3915,-5.4793196,0.40981441736221313,0.6586452126502991,0.658955991268158
vinorelbine,sunitinib,NCIH2122,CCC1=CC2CC(C3=C(CN(C2)C1)C4=CC=CC=C4N3)(C5=C(C=C6C(=C5)C78CCN9C7C(C=CC9)(C(C(C8N6C)(C(=O)OC)O)OC(=O)C)CC)OC)C(=O)OC,CCN(CC)CCNC(=O)C1=C(NC(=C1C)C=C2C3=C(C=CC(=C3)F)NC2=O)C,10.53,1,-0.8478954,-0.356,-24.313732,-0.3537934720516205,3.2289302349090576,0.9619085192680359
vinorelbine,sunitinib,NCIH23,CCC1=CC2CC(C3=C(CN(C2)C1)C4=CC=CC=C4N3)(C5=C(C=C6C(=C5)C78CCN9C7C(C=CC9)(C(C(C8N6C)(C(=O)OC)O)OC(=O)C)CC)OC)C(=O)OC,CCN(CC)CCNC(=O)C1=C(NC(=C1C)C=C2C3=C(C=CC(=C3)F)NC2=O)C,3.33,1,-3.2294495,-0.485,-28.549763,-1.5271992683410645,0.4998226761817932,0.622417688369751
vinorelbine,sunitinib,NCIH520,CCC1=CC2CC(C3=C(CN(C2)C1)C4=CC=CC=C4N3)(C5=C(C=C6C(=C5)C78CCN9C7C(C=CC9)(C(C(C8N6C)(C(=O)OC)O)OC(=O)C)CC)OC)C(=O)OC,CCN(CC)CCNC(=O)C1=C(NC(=C1C)C=C2C3=C(C=CC(=C3)F)NC2=O)C,6.09,1,0.04202388,-0.4275,-9.4019165,-0.09143399447202682,2.7658534049987793,0.9408025145530701
vinorelbine,sunitinib,SKMES1,CCC1=CC2CC(C3=C(CN(C2)C1)C4=CC=CC=C4N3)(C5=C(C=C6C(=C5)C78CCN9C7C(C=CC9)(C(C(C8N6C)(C(=O)OC)O)OC(=O)C)CC)OC)C(=O)OC,CCN(CC)CCNC(=O)C1=C(NC(=C1C)C=C2C3=C(C=CC(=C3)F)NC2=O)C,4.37,1,-0.13310911,-0.0206,-3.2886918,-0.1920439898967743,3.199810266494751,0.960827112197876
vinorelbine,sunitinib,SW620,CCC1=CC2CC(C3=C(CN(C2)C1)C4=CC=CC=C4N3)(C5=C(C=C6C(=C5)C78CCN9C7C(C=CC9)(C(C(C8N6C)(C(=O)OC)O)OC(=O)C)CC)OC)C(=O)OC,CCN(CC)CCNC(=O)C1=C(NC(=C1C)C=C2C3=C(C=CC(=C3)F)NC2=O)C,5.285,1,6.994871,-0.0261,-2.5861604,0.05712208151817322,0.7892887592315674,0.6876785755157471
vinorelbine,sunitinib,SW837,CCC1=CC2CC(C3=C(CN(C2)C1)C4=CC=CC=C4N3)(C5=C(C=C6C(=C5)C78CCN9C7C(C=CC9)(C(C(C8N6C)(C(=O)OC)O)OC(=O)C)CC)OC)C(=O)OC,CCN(CC)CCNC(=O)C1=C(NC(=C1C)C=C2C3=C(C=CC(=C3)F)NC2=O)C,-4.005,0,1.1810508,-0.0326,-6.841071,0.8709738850593567,-0.8750687837600708,0.29420068860054016
vinorelbine,sunitinib,T47D,CCC1=CC2CC(C3=C(CN(C2)C1)C4=CC=CC=C4N3)(C5=C(C=C6C(=C5)C78CCN9C7C(C=CC9)(C(C(C8N6C)(C(=O)OC)O)OC(=O)C)CC)OC)C(=O)OC,CCN(CC)CCNC(=O)C1=C(NC(=C1C)C=C2C3=C(C=CC(=C3)F)NC2=O)C,5.73,1,-8.655519,-0.028,-10.287163,0.5469310283660889,0.1970878690481186,0.5491130948066711
vinorelbine,temozolomide,A2058,CCC1=CC2CC(C3=C(CN(C2)C1)C4=CC=CC=C4N3)(C5=C(C=C6C(=C5)C78CCN9C7C(C=CC9)(C(C(C8N6C)(C(=O)OC)O)OC(=O)C)CC)OC)C(=O)OC,CN1C(=O)N2C=NC(=C2N=N1)C(=O)N,-4.05,0,-4.223317,-0.07115,-9.701674,-1.037663221359253,-0.11951678991317749,0.47015631198883057
vinorelbine,temozolomide,A2780,CCC1=CC2CC(C3=C(CN(C2)C1)C4=CC=CC=C4N3)(C5=C(C=C6C(=C5)C78CCN9C7C(C=CC9)(C(C(C8N6C)(C(=O)OC)O)OC(=O)C)CC)OC)C(=O)OC,CN1C(=O)N2C=NC(=C2N=N1)C(=O)N,2.395,1,-16.02616,-0.0291,-12.157913,1.29442298412323,4.533008098602295,0.9893660545349121
vinorelbine,temozolomide,A375,CCC1=CC2CC(C3=C(CN(C2)C1)C4=CC=CC=C4N3)(C5=C(C=C6C(=C5)C78CCN9C7C(C=CC9)(C(C(C8N6C)(C(=O)OC)O)OC(=O)C)CC)OC)C(=O)OC,CN1C(=O)N2C=NC(=C2N=N1)C(=O)N,-11.88,0,-34.323467,-0.028,-8.468639,-0.5890482664108276,1.1804200410842896,0.7650233507156372
vinorelbine,temozolomide,ES2,CCC1=CC2CC(C3=C(CN(C2)C1)C4=CC=CC=C4N3)(C5=C(C=C6C(=C5)C78CCN9C7C(C=CC9)(C(C(C8N6C)(C(=O)OC)O)OC(=O)C)CC)OC)C(=O)OC,CN1C(=O)N2C=NC(=C2N=N1)C(=O)N,-1.585,0,-3.8690388,-0.04665,-8.750325,0.18044257164001465,1.0980457067489624,0.7498937845230103
vinorelbine,temozolomide,HCT116,CCC1=CC2CC(C3=C(CN(C2)C1)C4=CC=CC=C4N3)(C5=C(C=C6C(=C5)C78CCN9C7C(C=CC9)(C(C(C8N6C)(C(=O)OC)O)OC(=O)C)CC)OC)C(=O)OC,CN1C(=O)N2C=NC(=C2N=N1)C(=O)N,2.35,1,-52.34227,-0.0226,-16.020905,-0.2965564727783203,0.3372931480407715,0.5835328698158264
vinorelbine,temozolomide,HT144,CCC1=CC2CC(C3=C(CN(C2)C1)C4=CC=CC=C4N3)(C5=C(C=C6C(=C5)C78CCN9C7C(C=CC9)(C(C(C8N6C)(C(=O)OC)O)OC(=O)C)CC)OC)C(=O)OC,CN1C(=O)N2C=NC(=C2N=N1)C(=O)N,-1.745,0,-51.54459,-0.0716,-16.698767,-0.23428797721862793,0.7682693004608154,0.6831464171409607
vinorelbine,temozolomide,HT29,CCC1=CC2CC(C3=C(CN(C2)C1)C4=CC=CC=C4N3)(C5=C(C=C6C(=C5)C78CCN9C7C(C=CC9)(C(C(C8N6C)(C(=O)OC)O)OC(=O)C)CC)OC)C(=O)OC,CN1C(=O)N2C=NC(=C2N=N1)C(=O)N,2.46,1,-52.86991,-0.06695,-16.363916,0.18982458114624023,0.8395901322364807,0.69837886095047
vinorelbine,temozolomide,LOVO,CCC1=CC2CC(C3=C(CN(C2)C1)C4=CC=CC=C4N3)(C5=C(C=C6C(=C5)C78CCN9C7C(C=CC9)(C(C(C8N6C)(C(=O)OC)O)OC(=O)C)CC)OC)C(=O)OC,CN1C(=O)N2C=NC(=C2N=N1)C(=O)N,2.25,1,-33.02963,-0.0929,-13.387641,-0.8987525701522827,-2.4826786518096924,0.07708142697811127
vinorelbine,temozolomide,NCIH1650,CCC1=CC2CC(C3=C(CN(C2)C1)C4=CC=CC=C4N3)(C5=C(C=C6C(=C5)C78CCN9C7C(C=CC9)(C(C(C8N6C)(C(=O)OC)O)OC(=O)C)CC)OC)C(=O)OC,CN1C(=O)N2C=NC(=C2N=N1)C(=O)N,4.425,1,-40.998524,-0.1267,-18.231056,-0.0007891654968261719,-0.9258304834365845,0.2837713956832886
vinorelbine,temozolomide,NCIH2122,CCC1=CC2CC(C3=C(CN(C2)C1)C4=CC=CC=C4N3)(C5=C(C=C6C(=C5)C78CCN9C7C(C=CC9)(C(C(C8N6C)(C(=O)OC)O)OC(=O)C)CC)OC)C(=O)OC,CN1C(=O)N2C=NC(=C2N=N1)C(=O)N,2.0,1,-16.106888,-0.04815,-24.58142,-0.7343875765800476,-0.6489138007164001,0.3432343602180481
vinorelbine,temozolomide,NCIH23,CCC1=CC2CC(C3=C(CN(C2)C1)C4=CC=CC=C4N3)(C5=C(C=C6C(=C5)C78CCN9C7C(C=CC9)(C(C(C8N6C)(C(=O)OC)O)OC(=O)C)CC)OC)C(=O)OC,CN1C(=O)N2C=NC(=C2N=N1)C(=O)N,-2.57,0,-4.2457423,-0.11105,-29.941626,-1.4315744638442993,-0.3241491913795471,0.4196649193763733
vinorelbine,temozolomide,NCIH520,CCC1=CC2CC(C3=C(CN(C2)C1)C4=CC=CC=C4N3)(C5=C(C=C6C(=C5)C78CCN9C7C(C=CC9)(C(C(C8N6C)(C(=O)OC)O)OC(=O)C)CC)OC)C(=O)OC,CN1C(=O)N2C=NC(=C2N=N1)C(=O)N,-3.22,0,-19.787724,-0.05435,-16.779408,-1.011897087097168,-0.2402169555425644,0.44023290276527405
vinorelbine,temozolomide,OV90,CCC1=CC2CC(C3=C(CN(C2)C1)C4=CC=CC=C4N3)(C5=C(C=C6C(=C5)C78CCN9C7C(C=CC9)(C(C(C8N6C)(C(=O)OC)O)OC(=O)C)CC)OC)C(=O)OC,CN1C(=O)N2C=NC(=C2N=N1)C(=O)N,-2.31,0,-6.3695703,-0.0466,-12.311506,0.7454872727394104,-1.4613453149795532,0.18826165795326233
vinorelbine,temozolomide,RKO,CCC1=CC2CC(C3=C(CN(C2)C1)C4=CC=CC=C4N3)(C5=C(C=C6C(=C5)C78CCN9C7C(C=CC9)(C(C(C8N6C)(C(=O)OC)O)OC(=O)C)CC)OC)C(=O)OC,CN1C(=O)N2C=NC(=C2N=N1)C(=O)N,1.85,1,-48.62599,-0.0272,-10.920255,0.01055029034614563,0.6151648163795471,0.6491180658340454
vinorelbine,temozolomide,SKOV3,CCC1=CC2CC(C3=C(CN(C2)C1)C4=CC=CC=C4N3)(C5=C(C=C6C(=C5)C78CCN9C7C(C=CC9)(C(C(C8N6C)(C(=O)OC)O)OC(=O)C)CC)OC)C(=O)OC,CN1C(=O)N2C=NC(=C2N=N1)C(=O)N,7.31,1,-50.7054,-0.05505,-9.82184,0.1394738256931305,-0.06009231135249138,0.4849814772605896
vinorelbine,temozolomide,SW620,CCC1=CC2CC(C3=C(CN(C2)C1)C4=CC=CC=C4N3)(C5=C(C=C6C(=C5)C78CCN9C7C(C=CC9)(C(C(C8N6C)(C(=O)OC)O)OC(=O)C)CC)OC)C(=O)OC,CN1C(=O)N2C=NC(=C2N=N1)C(=O)N,-3.035,0,-3.5196052,-0.06655,-9.420971,0.33320561051368713,-0.10247600078582764,0.47440341114997864
vinorelbine,temozolomide,SW837,CCC1=CC2CC(C3=C(CN(C2)C1)C4=CC=CC=C4N3)(C5=C(C=C6C(=C5)C78CCN9C7C(C=CC9)(C(C(C8N6C)(C(=O)OC)O)OC(=O)C)CC)OC)C(=O)OC,CN1C(=O)N2C=NC(=C2N=N1)C(=O)N,3.78,1,-24.04892,-0.09765,-18.329845,0.7529840469360352,1.2302268743515015,0.7738582491874695
vinorelbine,temozolomide,T47D,CCC1=CC2CC(C3=C(CN(C2)C1)C4=CC=CC=C4N3)(C5=C(C=C6C(=C5)C78CCN9C7C(C=CC9)(C(C(C8N6C)(C(=O)OC)O)OC(=O)C)CC)OC)C(=O)OC,CN1C(=O)N2C=NC(=C2N=N1)C(=O)N,11.36,1,-19.628157,-0.1098,-22.387077,0.6431972980499268,0.2088739573955536,0.5520294308662415
